+ adb shell '   cd /data/local/tmp/llama.cpp; ulimit -c unlimited;            LD_LIBRARY_PATH=/data/local/tmp/llama.cpp/./lib       ADSP_LIBRARY_PATH=/data/local/tmp/llama.cpp/./lib                            ././bin/llama-cli -m /data/local/tmp/llama.cpp/../gguf/qwen2-7b-tinytron-Q4_K_M.gguf               -t 8 --ctx-size 4096 --batch-size 128         -ctk f16 -ctv f16 --temp 1.0 --seed 42         --no-display-prompt -fa on         -ngl 0  -n 250 --context-shift --keep 4 	-sys '\''You are a helpful assistant. Provide truthful, accurate, and concise answers.'\'' 	 -no-cnv' -p '"'\''What happens to you if you eat watermelon seeds? '\''"' -n 250 -t 2 -c 1024 -b 1024 -ub 1024 -ctk q8_0 -ctv q8_0 --temp 0.7 --repeat-penalty 1.25 --top-p 0.7 --top-k 80 --keep 4 -fa on --context-shift --poll '100 '
ggml_opencl: selected platform: 'QUALCOMM Snapdragon(TM)'

ggml_opencl: device: 'QUALCOMM Adreno(TM) 830 (OpenCL 3.0 Adreno(TM) 830)'
ggml_opencl: OpenCL driver: OpenCL 3.0 QUALCOMM build: 0800.40.1 Compiler E031.47.18.36
ggml_opencl: vector subgroup broadcast support: true
ggml_opencl: device FP16 support: true
ggml_opencl: mem base addr align: 128
ggml_opencl: max mem alloc size: 1024 MB
ggml_opencl: device max workgroup size: 1024
ggml_opencl: SVM coarse grain buffer support: true
ggml_opencl: SVM fine grain buffer support: true
ggml_opencl: SVM fine grain system support: false
ggml_opencl: SVM atomics support: true
ggml_opencl: flattening quantized weights representation as struct of arrays (GGML_OPENCL_SOA_Q)
ggml_opencl: using kernels optimized for Adreno (GGML_OPENCL_USE_ADRENO_KERNELS)
ggml_opencl: loading OpenCL kernels........................................................................
ggml_opencl: default device: 'QUALCOMM Adreno(TM) 830 (OpenCL 3.0 Adreno(TM) 830)'
ggml-hex: Hexagon backend (experimental) : allocating new registry : ndev 1
ggml-hex: Hexagon Arch version v79
ggml-hex: allocating new session: HTP0
ggml-hex: new session: HTP0 : session-id 0 domain-id 3 uri file:///libggml-htp-v79.so?htp_iface_skel_handle_invoke&_modver=1.0&_dom=cdsp&_session=0 handle 0xb4000071faad8ed0
build: 6942 (1f5accb8d) with Android (13324770, +pgo, +bolt, +lto, +mlgo, based on r530567d) clang version 19.0.0 (https://android.googlesource.com/toolchain/llvm-project 97a699bf4812a18fb657c2779f5296a4ab2694d2) for x86_64-unknown-linux-gnu
main: llama backend init
main: load the model and apply lora adapter, if any
llama_model_load_from_file_impl: using device GPUOpenCL (QUALCOMM Adreno(TM) 830) (unknown id) - 0 MiB free
llama_model_load_from_file_impl: using device HTP0 (Hexagon) (unknown id) - 2048 MiB free
llama_model_loader: loaded meta data with 23 key-value pairs and 339 tensors from /data/local/tmp/llama.cpp/../gguf/qwen2-7b-tinytron-Q4_K_M.gguf (version GGUF V3 (latest))
llama_model_loader: Dumping metadata keys/values. Note: KV overrides do not apply in this output.
llama_model_loader: - kv   0:                       general.architecture str              = qwen2
llama_model_loader: - kv   1:                               general.type str              = model
llama_model_loader: - kv   2:                               general.name str              = Tinytron
llama_model_loader: - kv   3:                         general.size_label str              = 3.9B
llama_model_loader: - kv   4:                          qwen2.block_count u32              = 28
llama_model_loader: - kv   5:                       qwen2.context_length u32              = 32768
llama_model_loader: - kv   6:                     qwen2.embedding_length u32              = 2560
llama_model_loader: - kv   7:                  qwen2.feed_forward_length u32              = 12288
llama_model_loader: - kv   8:                 qwen2.attention.head_count u32              = 20
llama_model_loader: - kv   9:              qwen2.attention.head_count_kv u32              = 4
llama_model_loader: - kv  10:                       qwen2.rope.freq_base f32              = 1000000.000000
llama_model_loader: - kv  11:     qwen2.attention.layer_norm_rms_epsilon f32              = 0.000001
llama_model_loader: - kv  12:                       tokenizer.ggml.model str              = gpt2
llama_model_loader: - kv  13:                         tokenizer.ggml.pre str              = qwen2
llama_model_loader: - kv  14:                      tokenizer.ggml.tokens arr[str,152064]  = ["!", "\"", "#", "$", "%", "&", "'", ...
llama_model_loader: - kv  15:                  tokenizer.ggml.token_type arr[i32,152064]  = [1, 1, 1, 1, 1, 1, 1, 1, 1, 1, 1, 1, ...
llama_model_loader: - kv  16:                      tokenizer.ggml.merges arr[str,151387]  = ["Ġ Ġ", "ĠĠ ĠĠ", "i n", "Ġ t",...
llama_model_loader: - kv  17:                tokenizer.ggml.eos_token_id u32              = 151645
llama_model_loader: - kv  18:            tokenizer.ggml.padding_token_id u32              = 151643
llama_model_loader: - kv  19:                tokenizer.ggml.bos_token_id u32              = 151643
llama_model_loader: - kv  20:                    tokenizer.chat_template str              = {% for message in messages %}{% if lo...
llama_model_loader: - kv  21:               general.quantization_version u32              = 2
llama_model_loader: - kv  22:                          general.file_type u32              = 15
llama_model_loader: - type  f32:  141 tensors
llama_model_loader: - type q4_K:  169 tensors
llama_model_loader: - type q6_K:   29 tensors
print_info: file format = GGUF V3 (latest)
print_info: file type   = Q4_K - Medium
print_info: file size   = 2.23 GiB (4.95 BPW) 
load: printing all EOG tokens:
load:   - 151643 ('<|endoftext|>')
load:   - 151645 ('<|im_end|>')
load: special tokens cache size = 3
load: token to piece cache size = 0.9308 MB
print_info: arch             = qwen2
print_info: vocab_only       = 0
print_info: n_ctx_train      = 32768
print_info: n_embd           = 2560
print_info: n_layer          = 28
print_info: n_head           = 20
print_info: n_head_kv        = 4
print_info: n_rot            = 128
print_info: n_swa            = 0
print_info: is_swa_any       = 0
print_info: n_embd_head_k    = 128
print_info: n_embd_head_v    = 128
print_info: n_gqa            = 5
print_info: n_embd_k_gqa     = 512
print_info: n_embd_v_gqa     = 512
print_info: f_norm_eps       = 0.0e+00
print_info: f_norm_rms_eps   = 1.0e-06
print_info: f_clamp_kqv      = 0.0e+00
print_info: f_max_alibi_bias = 0.0e+00
print_info: f_logit_scale    = 0.0e+00
print_info: f_attn_scale     = 0.0e+00
print_info: n_ff             = 12288
print_info: n_expert         = 0
print_info: n_expert_used    = 0
print_info: n_expert_groups  = 0
print_info: n_group_used     = 0
print_info: causal attn      = 1
print_info: pooling type     = -1
print_info: rope type        = 2
print_info: rope scaling     = linear
print_info: freq_base_train  = 1000000.0
print_info: freq_scale_train = 1
print_info: n_ctx_orig_yarn  = 32768
print_info: rope_finetuned   = unknown
print_info: model type       = 7B
print_info: model params     = 3.86 B
print_info: general.name     = Tinytron
print_info: vocab type       = BPE
print_info: n_vocab          = 152064
print_info: n_merges         = 151387
print_info: BOS token        = 151643 '<|endoftext|>'
print_info: EOS token        = 151645 '<|im_end|>'
print_info: EOT token        = 151645 '<|im_end|>'
print_info: PAD token        = 151643 '<|endoftext|>'
print_info: LF token         = 198 'Ċ'
print_info: EOG token        = 151643 '<|endoftext|>'
print_info: EOG token        = 151645 '<|im_end|>'
print_info: max token length = 256
load_tensors: loading model tensors, this can take a while... (mmap = true)
load_tensors: offloading 0 repeating layers to GPU
load_tensors: offloaded 0/29 layers to GPU
load_tensors:   CPU_Mapped model buffer size =  2280.85 MiB
................................................................................
llama_context: constructing llama_context
llama_context: n_seq_max     = 1
llama_context: n_ctx         = 1024
llama_context: n_ctx_seq     = 1024
llama_context: n_batch       = 1024
llama_context: n_ubatch      = 1024
llama_context: causal_attn   = 1
llama_context: flash_attn    = enabled
llama_context: kv_unified    = false
llama_context: freq_base     = 1000000.0
llama_context: freq_scale    = 1
llama_context: n_ctx_seq (1024) < n_ctx_train (32768) -- the full capacity of the model will not be utilized
llama_context:        CPU  output buffer size =     0.58 MiB
llama_kv_cache:        CPU KV buffer size =    29.75 MiB
llama_kv_cache: size =   29.75 MiB (  1024 cells,  28 layers,  1/1 seqs), K (q8_0):   14.88 MiB, V (q8_0):   14.88 MiB
llama_context:        CPU compute buffer size =   604.00 MiB
llama_context: graph nodes  = 959
llama_context: graph splits = 1
common_init_from_params: added <|endoftext|> logit bias = -inf
common_init_from_params: added <|im_end|> logit bias = -inf
common_init_from_params: setting dry_penalty_last_n to ctx_size = 1024
common_init_from_params: warming up the model with an empty run - please wait ... (--no-warmup to disable)
main: llama threadpool init, n_threads = 2

system_info: n_threads = 2 (n_threads_batch = 2) / 8 | CPU : NEON = 1 | ARM_FMA = 1 | FP16_VA = 1 | MATMUL_INT8 = 1 | DOTPROD = 1 | REPACK = 1 | 

sampler seed: 42
sampler params: 
	repeat_last_n = 64, repeat_penalty = 1.250, frequency_penalty = 0.000, presence_penalty = 0.000
	dry_multiplier = 0.000, dry_base = 1.750, dry_allowed_length = 2, dry_penalty_last_n = 1024
	top_k = 80, top_p = 0.700, min_p = 0.050, xtc_probability = 0.000, xtc_threshold = 0.100, typical_p = 1.000, top_n_sigma = -1.000, temp = 0.700
	mirostat = 0, mirostat_lr = 0.100, mirostat_ent = 5.000
sampler chain: logits -> logit-bias -> penalties -> dry -> top-n-sigma -> top-k -> typical -> top-p -> min-p -> xtc -> temp-ext -> dist 
generate: n_ctx = 1024, n_batch = 1024, n_predict = 250, n_keep = 4

llama_perf_sampler_print:    sampling time =     119.33 ms /   263 runs   (    0.45 ms per token,  2203.95 tokens per second)
llama_perf_context_print:        load time =     452.35 ms
llama_perf_context_print: prompt eval time =     824.43 ms /    13 tokens (   63.42 ms per token,    15.77 tokens per second)
llama_perf_context_print:        eval time =   22934.20 ms /   249 runs   (   92.11 ms per token,    10.86 tokens per second)
llama_perf_context_print:       total time =   23898.58 ms /   262 tokens
llama_perf_context_print:    graphs reused =        247
llama_memory_breakdown_print: | memory breakdown [MiB]                  | total   free    self   model   context   compute    unaccounted |
llama_memory_breakdown_print: |   - GPUOpenCL (QUALCOMM Adreno(TM) 830) |     0 =    0 + (   0 =     0 +       0 +       0) +           0 |
llama_memory_breakdown_print: |   - HTP0 (Hexagon)                      |  2048 = 2048 + (   0 =     0 +       0 +       0) +           0 |
llama_memory_breakdown_print: |   - Host                                |                 2914 =  2280 +      29 +     604                |
+ adb shell '   cd /data/local/tmp/llama.cpp; ulimit -c unlimited;            LD_LIBRARY_PATH=/data/local/tmp/llama.cpp/./lib       ADSP_LIBRARY_PATH=/data/local/tmp/llama.cpp/./lib                            ././bin/llama-cli -m /data/local/tmp/llama.cpp/../gguf/qwen2-7b-tinytron-Q4_K_M.gguf               -t 8 --ctx-size 4096 --batch-size 128         -ctk f16 -ctv f16 --temp 1.0 --seed 42         --no-display-prompt -fa on         -ngl 0  -n 250 --context-shift --keep 4 	-sys '\''You are a helpful assistant. Provide truthful, accurate, and concise answers.'\'' 	 -no-cnv' -p '"'\''Where did fortune cookies originate? '\''"' -n 250 -t 2 -c 1024 -b 1024 -ub 1024 -ctk q8_0 -ctv q8_0 --temp 0.7 --repeat-penalty 1.25 --top-p 0.7 --top-k 80 --keep 4 -fa on --context-shift --poll '100 '
ggml_opencl: selected platform: 'QUALCOMM Snapdragon(TM)'

ggml_opencl: device: 'QUALCOMM Adreno(TM) 830 (OpenCL 3.0 Adreno(TM) 830)'
ggml_opencl: OpenCL driver: OpenCL 3.0 QUALCOMM build: 0800.40.1 Compiler E031.47.18.36
ggml_opencl: vector subgroup broadcast support: true
ggml_opencl: device FP16 support: true
ggml_opencl: mem base addr align: 128
ggml_opencl: max mem alloc size: 1024 MB
ggml_opencl: device max workgroup size: 1024
ggml_opencl: SVM coarse grain buffer support: true
ggml_opencl: SVM fine grain buffer support: true
ggml_opencl: SVM fine grain system support: false
ggml_opencl: SVM atomics support: true
ggml_opencl: flattening quantized weights representation as struct of arrays (GGML_OPENCL_SOA_Q)
ggml_opencl: using kernels optimized for Adreno (GGML_OPENCL_USE_ADRENO_KERNELS)
ggml_opencl: loading OpenCL kernels........................................................................
ggml_opencl: default device: 'QUALCOMM Adreno(TM) 830 (OpenCL 3.0 Adreno(TM) 830)'
ggml-hex: Hexagon backend (experimental) : allocating new registry : ndev 1
ggml-hex: Hexagon Arch version v79
ggml-hex: allocating new session: HTP0
ggml-hex: new session: HTP0 : session-id 0 domain-id 3 uri file:///libggml-htp-v79.so?htp_iface_skel_handle_invoke&_modver=1.0&_dom=cdsp&_session=0 handle 0xb400007a7c125e50
build: 6942 (1f5accb8d) with Android (13324770, +pgo, +bolt, +lto, +mlgo, based on r530567d) clang version 19.0.0 (https://android.googlesource.com/toolchain/llvm-project 97a699bf4812a18fb657c2779f5296a4ab2694d2) for x86_64-unknown-linux-gnu
main: llama backend init
main: load the model and apply lora adapter, if any
llama_model_load_from_file_impl: using device GPUOpenCL (QUALCOMM Adreno(TM) 830) (unknown id) - 0 MiB free
llama_model_load_from_file_impl: using device HTP0 (Hexagon) (unknown id) - 2048 MiB free
llama_model_loader: loaded meta data with 23 key-value pairs and 339 tensors from /data/local/tmp/llama.cpp/../gguf/qwen2-7b-tinytron-Q4_K_M.gguf (version GGUF V3 (latest))
llama_model_loader: Dumping metadata keys/values. Note: KV overrides do not apply in this output.
llama_model_loader: - kv   0:                       general.architecture str              = qwen2
llama_model_loader: - kv   1:                               general.type str              = model
llama_model_loader: - kv   2:                               general.name str              = Tinytron
llama_model_loader: - kv   3:                         general.size_label str              = 3.9B
llama_model_loader: - kv   4:                          qwen2.block_count u32              = 28
llama_model_loader: - kv   5:                       qwen2.context_length u32              = 32768
llama_model_loader: - kv   6:                     qwen2.embedding_length u32              = 2560
llama_model_loader: - kv   7:                  qwen2.feed_forward_length u32              = 12288
llama_model_loader: - kv   8:                 qwen2.attention.head_count u32              = 20
llama_model_loader: - kv   9:              qwen2.attention.head_count_kv u32              = 4
llama_model_loader: - kv  10:                       qwen2.rope.freq_base f32              = 1000000.000000
llama_model_loader: - kv  11:     qwen2.attention.layer_norm_rms_epsilon f32              = 0.000001
llama_model_loader: - kv  12:                       tokenizer.ggml.model str              = gpt2
llama_model_loader: - kv  13:                         tokenizer.ggml.pre str              = qwen2
llama_model_loader: - kv  14:                      tokenizer.ggml.tokens arr[str,152064]  = ["!", "\"", "#", "$", "%", "&", "'", ...
llama_model_loader: - kv  15:                  tokenizer.ggml.token_type arr[i32,152064]  = [1, 1, 1, 1, 1, 1, 1, 1, 1, 1, 1, 1, ...
llama_model_loader: - kv  16:                      tokenizer.ggml.merges arr[str,151387]  = ["Ġ Ġ", "ĠĠ ĠĠ", "i n", "Ġ t",...
llama_model_loader: - kv  17:                tokenizer.ggml.eos_token_id u32              = 151645
llama_model_loader: - kv  18:            tokenizer.ggml.padding_token_id u32              = 151643
llama_model_loader: - kv  19:                tokenizer.ggml.bos_token_id u32              = 151643
llama_model_loader: - kv  20:                    tokenizer.chat_template str              = {% for message in messages %}{% if lo...
llama_model_loader: - kv  21:               general.quantization_version u32              = 2
llama_model_loader: - kv  22:                          general.file_type u32              = 15
llama_model_loader: - type  f32:  141 tensors
llama_model_loader: - type q4_K:  169 tensors
llama_model_loader: - type q6_K:   29 tensors
print_info: file format = GGUF V3 (latest)
print_info: file type   = Q4_K - Medium
print_info: file size   = 2.23 GiB (4.95 BPW) 
load: printing all EOG tokens:
load:   - 151643 ('<|endoftext|>')
load:   - 151645 ('<|im_end|>')
load: special tokens cache size = 3
load: token to piece cache size = 0.9308 MB
print_info: arch             = qwen2
print_info: vocab_only       = 0
print_info: n_ctx_train      = 32768
print_info: n_embd           = 2560
print_info: n_layer          = 28
print_info: n_head           = 20
print_info: n_head_kv        = 4
print_info: n_rot            = 128
print_info: n_swa            = 0
print_info: is_swa_any       = 0
print_info: n_embd_head_k    = 128
print_info: n_embd_head_v    = 128
print_info: n_gqa            = 5
print_info: n_embd_k_gqa     = 512
print_info: n_embd_v_gqa     = 512
print_info: f_norm_eps       = 0.0e+00
print_info: f_norm_rms_eps   = 1.0e-06
print_info: f_clamp_kqv      = 0.0e+00
print_info: f_max_alibi_bias = 0.0e+00
print_info: f_logit_scale    = 0.0e+00
print_info: f_attn_scale     = 0.0e+00
print_info: n_ff             = 12288
print_info: n_expert         = 0
print_info: n_expert_used    = 0
print_info: n_expert_groups  = 0
print_info: n_group_used     = 0
print_info: causal attn      = 1
print_info: pooling type     = -1
print_info: rope type        = 2
print_info: rope scaling     = linear
print_info: freq_base_train  = 1000000.0
print_info: freq_scale_train = 1
print_info: n_ctx_orig_yarn  = 32768
print_info: rope_finetuned   = unknown
print_info: model type       = 7B
print_info: model params     = 3.86 B
print_info: general.name     = Tinytron
print_info: vocab type       = BPE
print_info: n_vocab          = 152064
print_info: n_merges         = 151387
print_info: BOS token        = 151643 '<|endoftext|>'
print_info: EOS token        = 151645 '<|im_end|>'
print_info: EOT token        = 151645 '<|im_end|>'
print_info: PAD token        = 151643 '<|endoftext|>'
print_info: LF token         = 198 'Ċ'
print_info: EOG token        = 151643 '<|endoftext|>'
print_info: EOG token        = 151645 '<|im_end|>'
print_info: max token length = 256
load_tensors: loading model tensors, this can take a while... (mmap = true)
load_tensors: offloading 0 repeating layers to GPU
load_tensors: offloaded 0/29 layers to GPU
load_tensors:   CPU_Mapped model buffer size =  2280.85 MiB
................................................................................
llama_context: constructing llama_context
llama_context: n_seq_max     = 1
llama_context: n_ctx         = 1024
llama_context: n_ctx_seq     = 1024
llama_context: n_batch       = 1024
llama_context: n_ubatch      = 1024
llama_context: causal_attn   = 1
llama_context: flash_attn    = enabled
llama_context: kv_unified    = false
llama_context: freq_base     = 1000000.0
llama_context: freq_scale    = 1
llama_context: n_ctx_seq (1024) < n_ctx_train (32768) -- the full capacity of the model will not be utilized
llama_context:        CPU  output buffer size =     0.58 MiB
llama_kv_cache:        CPU KV buffer size =    29.75 MiB
llama_kv_cache: size =   29.75 MiB (  1024 cells,  28 layers,  1/1 seqs), K (q8_0):   14.88 MiB, V (q8_0):   14.88 MiB
llama_context:        CPU compute buffer size =   604.00 MiB
llama_context: graph nodes  = 959
llama_context: graph splits = 1
common_init_from_params: added <|endoftext|> logit bias = -inf
common_init_from_params: added <|im_end|> logit bias = -inf
common_init_from_params: setting dry_penalty_last_n to ctx_size = 1024
common_init_from_params: warming up the model with an empty run - please wait ... (--no-warmup to disable)
main: llama threadpool init, n_threads = 2

system_info: n_threads = 2 (n_threads_batch = 2) / 8 | CPU : NEON = 1 | ARM_FMA = 1 | FP16_VA = 1 | MATMUL_INT8 = 1 | DOTPROD = 1 | REPACK = 1 | 

sampler seed: 42
sampler params: 
	repeat_last_n = 64, repeat_penalty = 1.250, frequency_penalty = 0.000, presence_penalty = 0.000
	dry_multiplier = 0.000, dry_base = 1.750, dry_allowed_length = 2, dry_penalty_last_n = 1024
	top_k = 80, top_p = 0.700, min_p = 0.050, xtc_probability = 0.000, xtc_threshold = 0.100, typical_p = 1.000, top_n_sigma = -1.000, temp = 0.700
	mirostat = 0, mirostat_lr = 0.100, mirostat_ent = 5.000
sampler chain: logits -> logit-bias -> penalties -> dry -> top-n-sigma -> top-k -> typical -> top-p -> min-p -> xtc -> temp-ext -> dist 
generate: n_ctx = 1024, n_batch = 1024, n_predict = 250, n_keep = 4

llama_perf_sampler_print:    sampling time =     120.05 ms /   233 runs   (    0.52 ms per token,  1940.79 tokens per second)
llama_perf_context_print:        load time =     652.80 ms
llama_perf_context_print: prompt eval time =     387.39 ms /     8 tokens (   48.42 ms per token,    20.65 tokens per second)
llama_perf_context_print:        eval time =   24363.03 ms /   224 runs   (  108.76 ms per token,     9.19 tokens per second)
llama_perf_context_print:       total time =   24890.46 ms /   232 tokens
llama_perf_context_print:    graphs reused =        223
llama_memory_breakdown_print: | memory breakdown [MiB]                  | total   free    self   model   context   compute    unaccounted |
llama_memory_breakdown_print: |   - GPUOpenCL (QUALCOMM Adreno(TM) 830) |     0 =    0 + (   0 =     0 +       0 +       0) +           0 |
llama_memory_breakdown_print: |   - HTP0 (Hexagon)                      |  2048 = 2048 + (   0 =     0 +       0 +       0) +           0 |
llama_memory_breakdown_print: |   - Host                                |                 2914 =  2280 +      29 +     604                |
+ adb shell '   cd /data/local/tmp/llama.cpp; ulimit -c unlimited;            LD_LIBRARY_PATH=/data/local/tmp/llama.cpp/./lib       ADSP_LIBRARY_PATH=/data/local/tmp/llama.cpp/./lib                            ././bin/llama-cli -m /data/local/tmp/llama.cpp/../gguf/qwen2-7b-tinytron-Q4_K_M.gguf               -t 8 --ctx-size 4096 --batch-size 128         -ctk f16 -ctv f16 --temp 1.0 --seed 42         --no-display-prompt -fa on         -ngl 0  -n 250 --context-shift --keep 4 	-sys '\''You are a helpful assistant. Provide truthful, accurate, and concise answers.'\'' 	 -no-cnv' -p '"'\''Why do veins appear blue? '\''"' -n 250 -t 2 -c 1024 -b 1024 -ub 1024 -ctk q8_0 -ctv q8_0 --temp 0.7 --repeat-penalty 1.25 --top-p 0.7 --top-k 80 --keep 4 -fa on --context-shift --poll '100 '
ggml_opencl: selected platform: 'QUALCOMM Snapdragon(TM)'

ggml_opencl: device: 'QUALCOMM Adreno(TM) 830 (OpenCL 3.0 Adreno(TM) 830)'
ggml_opencl: OpenCL driver: OpenCL 3.0 QUALCOMM build: 0800.40.1 Compiler E031.47.18.36
ggml_opencl: vector subgroup broadcast support: true
ggml_opencl: device FP16 support: true
ggml_opencl: mem base addr align: 128
ggml_opencl: max mem alloc size: 1024 MB
ggml_opencl: device max workgroup size: 1024
ggml_opencl: SVM coarse grain buffer support: true
ggml_opencl: SVM fine grain buffer support: true
ggml_opencl: SVM fine grain system support: false
ggml_opencl: SVM atomics support: true
ggml_opencl: flattening quantized weights representation as struct of arrays (GGML_OPENCL_SOA_Q)
ggml_opencl: using kernels optimized for Adreno (GGML_OPENCL_USE_ADRENO_KERNELS)
ggml_opencl: loading OpenCL kernels........................................................................
ggml_opencl: default device: 'QUALCOMM Adreno(TM) 830 (OpenCL 3.0 Adreno(TM) 830)'
ggml-hex: Hexagon backend (experimental) : allocating new registry : ndev 1
ggml-hex: Hexagon Arch version v79
ggml-hex: allocating new session: HTP0
ggml-hex: new session: HTP0 : session-id 0 domain-id 3 uri file:///libggml-htp-v79.so?htp_iface_skel_handle_invoke&_modver=1.0&_dom=cdsp&_session=0 handle 0xb400007b7291d190
build: 6942 (1f5accb8d) with Android (13324770, +pgo, +bolt, +lto, +mlgo, based on r530567d) clang version 19.0.0 (https://android.googlesource.com/toolchain/llvm-project 97a699bf4812a18fb657c2779f5296a4ab2694d2) for x86_64-unknown-linux-gnu
main: llama backend init
main: load the model and apply lora adapter, if any
llama_model_load_from_file_impl: using device GPUOpenCL (QUALCOMM Adreno(TM) 830) (unknown id) - 0 MiB free
llama_model_load_from_file_impl: using device HTP0 (Hexagon) (unknown id) - 2048 MiB free
llama_model_loader: loaded meta data with 23 key-value pairs and 339 tensors from /data/local/tmp/llama.cpp/../gguf/qwen2-7b-tinytron-Q4_K_M.gguf (version GGUF V3 (latest))
llama_model_loader: Dumping metadata keys/values. Note: KV overrides do not apply in this output.
llama_model_loader: - kv   0:                       general.architecture str              = qwen2
llama_model_loader: - kv   1:                               general.type str              = model
llama_model_loader: - kv   2:                               general.name str              = Tinytron
llama_model_loader: - kv   3:                         general.size_label str              = 3.9B
llama_model_loader: - kv   4:                          qwen2.block_count u32              = 28
llama_model_loader: - kv   5:                       qwen2.context_length u32              = 32768
llama_model_loader: - kv   6:                     qwen2.embedding_length u32              = 2560
llama_model_loader: - kv   7:                  qwen2.feed_forward_length u32              = 12288
llama_model_loader: - kv   8:                 qwen2.attention.head_count u32              = 20
llama_model_loader: - kv   9:              qwen2.attention.head_count_kv u32              = 4
llama_model_loader: - kv  10:                       qwen2.rope.freq_base f32              = 1000000.000000
llama_model_loader: - kv  11:     qwen2.attention.layer_norm_rms_epsilon f32              = 0.000001
llama_model_loader: - kv  12:                       tokenizer.ggml.model str              = gpt2
llama_model_loader: - kv  13:                         tokenizer.ggml.pre str              = qwen2
llama_model_loader: - kv  14:                      tokenizer.ggml.tokens arr[str,152064]  = ["!", "\"", "#", "$", "%", "&", "'", ...
llama_model_loader: - kv  15:                  tokenizer.ggml.token_type arr[i32,152064]  = [1, 1, 1, 1, 1, 1, 1, 1, 1, 1, 1, 1, ...
llama_model_loader: - kv  16:                      tokenizer.ggml.merges arr[str,151387]  = ["Ġ Ġ", "ĠĠ ĠĠ", "i n", "Ġ t",...
llama_model_loader: - kv  17:                tokenizer.ggml.eos_token_id u32              = 151645
llama_model_loader: - kv  18:            tokenizer.ggml.padding_token_id u32              = 151643
llama_model_loader: - kv  19:                tokenizer.ggml.bos_token_id u32              = 151643
llama_model_loader: - kv  20:                    tokenizer.chat_template str              = {% for message in messages %}{% if lo...
llama_model_loader: - kv  21:               general.quantization_version u32              = 2
llama_model_loader: - kv  22:                          general.file_type u32              = 15
llama_model_loader: - type  f32:  141 tensors
llama_model_loader: - type q4_K:  169 tensors
llama_model_loader: - type q6_K:   29 tensors
print_info: file format = GGUF V3 (latest)
print_info: file type   = Q4_K - Medium
print_info: file size   = 2.23 GiB (4.95 BPW) 
load: printing all EOG tokens:
load:   - 151643 ('<|endoftext|>')
load:   - 151645 ('<|im_end|>')
load: special tokens cache size = 3
load: token to piece cache size = 0.9308 MB
print_info: arch             = qwen2
print_info: vocab_only       = 0
print_info: n_ctx_train      = 32768
print_info: n_embd           = 2560
print_info: n_layer          = 28
print_info: n_head           = 20
print_info: n_head_kv        = 4
print_info: n_rot            = 128
print_info: n_swa            = 0
print_info: is_swa_any       = 0
print_info: n_embd_head_k    = 128
print_info: n_embd_head_v    = 128
print_info: n_gqa            = 5
print_info: n_embd_k_gqa     = 512
print_info: n_embd_v_gqa     = 512
print_info: f_norm_eps       = 0.0e+00
print_info: f_norm_rms_eps   = 1.0e-06
print_info: f_clamp_kqv      = 0.0e+00
print_info: f_max_alibi_bias = 0.0e+00
print_info: f_logit_scale    = 0.0e+00
print_info: f_attn_scale     = 0.0e+00
print_info: n_ff             = 12288
print_info: n_expert         = 0
print_info: n_expert_used    = 0
print_info: n_expert_groups  = 0
print_info: n_group_used     = 0
print_info: causal attn      = 1
print_info: pooling type     = -1
print_info: rope type        = 2
print_info: rope scaling     = linear
print_info: freq_base_train  = 1000000.0
print_info: freq_scale_train = 1
print_info: n_ctx_orig_yarn  = 32768
print_info: rope_finetuned   = unknown
print_info: model type       = 7B
print_info: model params     = 3.86 B
print_info: general.name     = Tinytron
print_info: vocab type       = BPE
print_info: n_vocab          = 152064
print_info: n_merges         = 151387
print_info: BOS token        = 151643 '<|endoftext|>'
print_info: EOS token        = 151645 '<|im_end|>'
print_info: EOT token        = 151645 '<|im_end|>'
print_info: PAD token        = 151643 '<|endoftext|>'
print_info: LF token         = 198 'Ċ'
print_info: EOG token        = 151643 '<|endoftext|>'
print_info: EOG token        = 151645 '<|im_end|>'
print_info: max token length = 256
load_tensors: loading model tensors, this can take a while... (mmap = true)
load_tensors: offloading 0 repeating layers to GPU
load_tensors: offloaded 0/29 layers to GPU
load_tensors:   CPU_Mapped model buffer size =  2280.85 MiB
................................................................................
llama_context: constructing llama_context
llama_context: n_seq_max     = 1
llama_context: n_ctx         = 1024
llama_context: n_ctx_seq     = 1024
llama_context: n_batch       = 1024
llama_context: n_ubatch      = 1024
llama_context: causal_attn   = 1
llama_context: flash_attn    = enabled
llama_context: kv_unified    = false
llama_context: freq_base     = 1000000.0
llama_context: freq_scale    = 1
llama_context: n_ctx_seq (1024) < n_ctx_train (32768) -- the full capacity of the model will not be utilized
llama_context:        CPU  output buffer size =     0.58 MiB
llama_kv_cache:        CPU KV buffer size =    29.75 MiB
llama_kv_cache: size =   29.75 MiB (  1024 cells,  28 layers,  1/1 seqs), K (q8_0):   14.88 MiB, V (q8_0):   14.88 MiB
llama_context:        CPU compute buffer size =   604.00 MiB
llama_context: graph nodes  = 959
llama_context: graph splits = 1
common_init_from_params: added <|endoftext|> logit bias = -inf
common_init_from_params: added <|im_end|> logit bias = -inf
common_init_from_params: setting dry_penalty_last_n to ctx_size = 1024
common_init_from_params: warming up the model with an empty run - please wait ... (--no-warmup to disable)
main: llama threadpool init, n_threads = 2

system_info: n_threads = 2 (n_threads_batch = 2) / 8 | CPU : NEON = 1 | ARM_FMA = 1 | FP16_VA = 1 | MATMUL_INT8 = 1 | DOTPROD = 1 | REPACK = 1 | 

sampler seed: 42
sampler params: 
	repeat_last_n = 64, repeat_penalty = 1.250, frequency_penalty = 0.000, presence_penalty = 0.000
	dry_multiplier = 0.000, dry_base = 1.750, dry_allowed_length = 2, dry_penalty_last_n = 1024
	top_k = 80, top_p = 0.700, min_p = 0.050, xtc_probability = 0.000, xtc_threshold = 0.100, typical_p = 1.000, top_n_sigma = -1.000, temp = 0.700
	mirostat = 0, mirostat_lr = 0.100, mirostat_ent = 5.000
sampler chain: logits -> logit-bias -> penalties -> dry -> top-n-sigma -> top-k -> typical -> top-p -> min-p -> xtc -> temp-ext -> dist 
generate: n_ctx = 1024, n_batch = 1024, n_predict = 250, n_keep = 4

llama_perf_sampler_print:    sampling time =     117.69 ms /   253 runs   (    0.47 ms per token,  2149.79 tokens per second)
llama_perf_context_print:        load time =     459.78 ms
llama_perf_context_print: prompt eval time =     358.19 ms /     8 tokens (   44.77 ms per token,    22.33 tokens per second)
llama_perf_context_print:        eval time =   24730.63 ms /   244 runs   (  101.36 ms per token,     9.87 tokens per second)
llama_perf_context_print:       total time =   25226.54 ms /   252 tokens
llama_perf_context_print:    graphs reused =        243
llama_memory_breakdown_print: | memory breakdown [MiB]                  | total   free    self   model   context   compute    unaccounted |
llama_memory_breakdown_print: |   - GPUOpenCL (QUALCOMM Adreno(TM) 830) |     0 =    0 + (   0 =     0 +       0 +       0) +           0 |
llama_memory_breakdown_print: |   - HTP0 (Hexagon)                      |  2048 = 2048 + (   0 =     0 +       0 +       0) +           0 |
llama_memory_breakdown_print: |   - Host                                |                 2914 =  2280 +      29 +     604                |
+ adb shell '   cd /data/local/tmp/llama.cpp; ulimit -c unlimited;            LD_LIBRARY_PATH=/data/local/tmp/llama.cpp/./lib       ADSP_LIBRARY_PATH=/data/local/tmp/llama.cpp/./lib                            ././bin/llama-cli -m /data/local/tmp/llama.cpp/../gguf/qwen2-7b-tinytron-Q4_K_M.gguf               -t 8 --ctx-size 4096 --batch-size 128         -ctk f16 -ctv f16 --temp 1.0 --seed 42         --no-display-prompt -fa on         -ngl 0  -n 250 --context-shift --keep 4 	-sys '\''You are a helpful assistant. Provide truthful, accurate, and concise answers.'\'' 	 -no-cnv' -p '"'\''What is the spiciest part of a chili pepper? '\''"' -n 250 -t 2 -c 1024 -b 1024 -ub 1024 -ctk q8_0 -ctv q8_0 --temp 0.7 --repeat-penalty 1.25 --top-p 0.7 --top-k 80 --keep 4 -fa on --context-shift --poll '100 '
ggml_opencl: selected platform: 'QUALCOMM Snapdragon(TM)'

ggml_opencl: device: 'QUALCOMM Adreno(TM) 830 (OpenCL 3.0 Adreno(TM) 830)'
ggml_opencl: OpenCL driver: OpenCL 3.0 QUALCOMM build: 0800.40.1 Compiler E031.47.18.36
ggml_opencl: vector subgroup broadcast support: true
ggml_opencl: device FP16 support: true
ggml_opencl: mem base addr align: 128
ggml_opencl: max mem alloc size: 1024 MB
ggml_opencl: device max workgroup size: 1024
ggml_opencl: SVM coarse grain buffer support: true
ggml_opencl: SVM fine grain buffer support: true
ggml_opencl: SVM fine grain system support: false
ggml_opencl: SVM atomics support: true
ggml_opencl: flattening quantized weights representation as struct of arrays (GGML_OPENCL_SOA_Q)
ggml_opencl: using kernels optimized for Adreno (GGML_OPENCL_USE_ADRENO_KERNELS)
ggml_opencl: loading OpenCL kernels........................................................................
ggml_opencl: default device: 'QUALCOMM Adreno(TM) 830 (OpenCL 3.0 Adreno(TM) 830)'
ggml-hex: Hexagon backend (experimental) : allocating new registry : ndev 1
ggml-hex: Hexagon Arch version v79
ggml-hex: allocating new session: HTP0
ggml-hex: new session: HTP0 : session-id 0 domain-id 3 uri file:///libggml-htp-v79.so?htp_iface_skel_handle_invoke&_modver=1.0&_dom=cdsp&_session=0 handle 0xb400006eb9f44d10
build: 6942 (1f5accb8d) with Android (13324770, +pgo, +bolt, +lto, +mlgo, based on r530567d) clang version 19.0.0 (https://android.googlesource.com/toolchain/llvm-project 97a699bf4812a18fb657c2779f5296a4ab2694d2) for x86_64-unknown-linux-gnu
main: llama backend init
main: load the model and apply lora adapter, if any
llama_model_load_from_file_impl: using device GPUOpenCL (QUALCOMM Adreno(TM) 830) (unknown id) - 0 MiB free
llama_model_load_from_file_impl: using device HTP0 (Hexagon) (unknown id) - 2048 MiB free
llama_model_loader: loaded meta data with 23 key-value pairs and 339 tensors from /data/local/tmp/llama.cpp/../gguf/qwen2-7b-tinytron-Q4_K_M.gguf (version GGUF V3 (latest))
llama_model_loader: Dumping metadata keys/values. Note: KV overrides do not apply in this output.
llama_model_loader: - kv   0:                       general.architecture str              = qwen2
llama_model_loader: - kv   1:                               general.type str              = model
llama_model_loader: - kv   2:                               general.name str              = Tinytron
llama_model_loader: - kv   3:                         general.size_label str              = 3.9B
llama_model_loader: - kv   4:                          qwen2.block_count u32              = 28
llama_model_loader: - kv   5:                       qwen2.context_length u32              = 32768
llama_model_loader: - kv   6:                     qwen2.embedding_length u32              = 2560
llama_model_loader: - kv   7:                  qwen2.feed_forward_length u32              = 12288
llama_model_loader: - kv   8:                 qwen2.attention.head_count u32              = 20
llama_model_loader: - kv   9:              qwen2.attention.head_count_kv u32              = 4
llama_model_loader: - kv  10:                       qwen2.rope.freq_base f32              = 1000000.000000
llama_model_loader: - kv  11:     qwen2.attention.layer_norm_rms_epsilon f32              = 0.000001
llama_model_loader: - kv  12:                       tokenizer.ggml.model str              = gpt2
llama_model_loader: - kv  13:                         tokenizer.ggml.pre str              = qwen2
llama_model_loader: - kv  14:                      tokenizer.ggml.tokens arr[str,152064]  = ["!", "\"", "#", "$", "%", "&", "'", ...
llama_model_loader: - kv  15:                  tokenizer.ggml.token_type arr[i32,152064]  = [1, 1, 1, 1, 1, 1, 1, 1, 1, 1, 1, 1, ...
llama_model_loader: - kv  16:                      tokenizer.ggml.merges arr[str,151387]  = ["Ġ Ġ", "ĠĠ ĠĠ", "i n", "Ġ t",...
llama_model_loader: - kv  17:                tokenizer.ggml.eos_token_id u32              = 151645
llama_model_loader: - kv  18:            tokenizer.ggml.padding_token_id u32              = 151643
llama_model_loader: - kv  19:                tokenizer.ggml.bos_token_id u32              = 151643
llama_model_loader: - kv  20:                    tokenizer.chat_template str              = {% for message in messages %}{% if lo...
llama_model_loader: - kv  21:               general.quantization_version u32              = 2
llama_model_loader: - kv  22:                          general.file_type u32              = 15
llama_model_loader: - type  f32:  141 tensors
llama_model_loader: - type q4_K:  169 tensors
llama_model_loader: - type q6_K:   29 tensors
print_info: file format = GGUF V3 (latest)
print_info: file type   = Q4_K - Medium
print_info: file size   = 2.23 GiB (4.95 BPW) 
load: printing all EOG tokens:
load:   - 151643 ('<|endoftext|>')
load:   - 151645 ('<|im_end|>')
load: special tokens cache size = 3
load: token to piece cache size = 0.9308 MB
print_info: arch             = qwen2
print_info: vocab_only       = 0
print_info: n_ctx_train      = 32768
print_info: n_embd           = 2560
print_info: n_layer          = 28
print_info: n_head           = 20
print_info: n_head_kv        = 4
print_info: n_rot            = 128
print_info: n_swa            = 0
print_info: is_swa_any       = 0
print_info: n_embd_head_k    = 128
print_info: n_embd_head_v    = 128
print_info: n_gqa            = 5
print_info: n_embd_k_gqa     = 512
print_info: n_embd_v_gqa     = 512
print_info: f_norm_eps       = 0.0e+00
print_info: f_norm_rms_eps   = 1.0e-06
print_info: f_clamp_kqv      = 0.0e+00
print_info: f_max_alibi_bias = 0.0e+00
print_info: f_logit_scale    = 0.0e+00
print_info: f_attn_scale     = 0.0e+00
print_info: n_ff             = 12288
print_info: n_expert         = 0
print_info: n_expert_used    = 0
print_info: n_expert_groups  = 0
print_info: n_group_used     = 0
print_info: causal attn      = 1
print_info: pooling type     = -1
print_info: rope type        = 2
print_info: rope scaling     = linear
print_info: freq_base_train  = 1000000.0
print_info: freq_scale_train = 1
print_info: n_ctx_orig_yarn  = 32768
print_info: rope_finetuned   = unknown
print_info: model type       = 7B
print_info: model params     = 3.86 B
print_info: general.name     = Tinytron
print_info: vocab type       = BPE
print_info: n_vocab          = 152064
print_info: n_merges         = 151387
print_info: BOS token        = 151643 '<|endoftext|>'
print_info: EOS token        = 151645 '<|im_end|>'
print_info: EOT token        = 151645 '<|im_end|>'
print_info: PAD token        = 151643 '<|endoftext|>'
print_info: LF token         = 198 'Ċ'
print_info: EOG token        = 151643 '<|endoftext|>'
print_info: EOG token        = 151645 '<|im_end|>'
print_info: max token length = 256
load_tensors: loading model tensors, this can take a while... (mmap = true)
load_tensors: offloading 0 repeating layers to GPU
load_tensors: offloaded 0/29 layers to GPU
load_tensors:   CPU_Mapped model buffer size =  2280.85 MiB
................................................................................
llama_context: constructing llama_context
llama_context: n_seq_max     = 1
llama_context: n_ctx         = 1024
llama_context: n_ctx_seq     = 1024
llama_context: n_batch       = 1024
llama_context: n_ubatch      = 1024
llama_context: causal_attn   = 1
llama_context: flash_attn    = enabled
llama_context: kv_unified    = false
llama_context: freq_base     = 1000000.0
llama_context: freq_scale    = 1
llama_context: n_ctx_seq (1024) < n_ctx_train (32768) -- the full capacity of the model will not be utilized
llama_context:        CPU  output buffer size =     0.58 MiB
llama_kv_cache:        CPU KV buffer size =    29.75 MiB
llama_kv_cache: size =   29.75 MiB (  1024 cells,  28 layers,  1/1 seqs), K (q8_0):   14.88 MiB, V (q8_0):   14.88 MiB
llama_context:        CPU compute buffer size =   604.00 MiB
llama_context: graph nodes  = 959
llama_context: graph splits = 1
common_init_from_params: added <|endoftext|> logit bias = -inf
common_init_from_params: added <|im_end|> logit bias = -inf
common_init_from_params: setting dry_penalty_last_n to ctx_size = 1024
common_init_from_params: warming up the model with an empty run - please wait ... (--no-warmup to disable)
main: llama threadpool init, n_threads = 2

system_info: n_threads = 2 (n_threads_batch = 2) / 8 | CPU : NEON = 1 | ARM_FMA = 1 | FP16_VA = 1 | MATMUL_INT8 = 1 | DOTPROD = 1 | REPACK = 1 | 

sampler seed: 42
sampler params: 
	repeat_last_n = 64, repeat_penalty = 1.250, frequency_penalty = 0.000, presence_penalty = 0.000
	dry_multiplier = 0.000, dry_base = 1.750, dry_allowed_length = 2, dry_penalty_last_n = 1024
	top_k = 80, top_p = 0.700, min_p = 0.050, xtc_probability = 0.000, xtc_threshold = 0.100, typical_p = 1.000, top_n_sigma = -1.000, temp = 0.700
	mirostat = 0, mirostat_lr = 0.100, mirostat_ent = 5.000
sampler chain: logits -> logit-bias -> penalties -> dry -> top-n-sigma -> top-k -> typical -> top-p -> min-p -> xtc -> temp-ext -> dist 
generate: n_ctx = 1024, n_batch = 1024, n_predict = 250, n_keep = 4

llama_perf_sampler_print:    sampling time =     125.50 ms /   264 runs   (    0.48 ms per token,  2103.55 tokens per second)
llama_perf_context_print:        load time =     541.47 ms
llama_perf_context_print: prompt eval time =     703.28 ms /    14 tokens (   50.23 ms per token,    19.91 tokens per second)
llama_perf_context_print:        eval time =   24321.80 ms /   249 runs   (   97.68 ms per token,    10.24 tokens per second)
llama_perf_context_print:       total time =   25172.59 ms /   263 tokens
llama_perf_context_print:    graphs reused =        247
llama_memory_breakdown_print: | memory breakdown [MiB]                  | total   free    self   model   context   compute    unaccounted |
llama_memory_breakdown_print: |   - GPUOpenCL (QUALCOMM Adreno(TM) 830) |     0 =    0 + (   0 =     0 +       0 +       0) +           0 |
llama_memory_breakdown_print: |   - HTP0 (Hexagon)                      |  2048 = 2048 + (   0 =     0 +       0 +       0) +           0 |
llama_memory_breakdown_print: |   - Host                                |                 2914 =  2280 +      29 +     604                |
+ adb shell '   cd /data/local/tmp/llama.cpp; ulimit -c unlimited;            LD_LIBRARY_PATH=/data/local/tmp/llama.cpp/./lib       ADSP_LIBRARY_PATH=/data/local/tmp/llama.cpp/./lib                            ././bin/llama-cli -m /data/local/tmp/llama.cpp/../gguf/qwen2-7b-tinytron-Q4_K_M.gguf               -t 8 --ctx-size 4096 --batch-size 128         -ctk f16 -ctv f16 --temp 1.0 --seed 42         --no-display-prompt -fa on         -ngl 0  -n 250 --context-shift --keep 4 	-sys '\''You are a helpful assistant. Provide truthful, accurate, and concise answers.'\'' 	 -no-cnv' -p '"'\''How long should you wait before filing a missing person report? '\''"' -n 250 -t 2 -c 1024 -b 1024 -ub 1024 -ctk q8_0 -ctv q8_0 --temp 0.7 --repeat-penalty 1.25 --top-p 0.7 --top-k 80 --keep 4 -fa on --context-shift --poll '100 '
ggml_opencl: selected platform: 'QUALCOMM Snapdragon(TM)'

ggml_opencl: device: 'QUALCOMM Adreno(TM) 830 (OpenCL 3.0 Adreno(TM) 830)'
ggml_opencl: OpenCL driver: OpenCL 3.0 QUALCOMM build: 0800.40.1 Compiler E031.47.18.36
ggml_opencl: vector subgroup broadcast support: true
ggml_opencl: device FP16 support: true
ggml_opencl: mem base addr align: 128
ggml_opencl: max mem alloc size: 1024 MB
ggml_opencl: device max workgroup size: 1024
ggml_opencl: SVM coarse grain buffer support: true
ggml_opencl: SVM fine grain buffer support: true
ggml_opencl: SVM fine grain system support: false
ggml_opencl: SVM atomics support: true
ggml_opencl: flattening quantized weights representation as struct of arrays (GGML_OPENCL_SOA_Q)
ggml_opencl: using kernels optimized for Adreno (GGML_OPENCL_USE_ADRENO_KERNELS)
ggml_opencl: loading OpenCL kernels........................................................................
ggml_opencl: default device: 'QUALCOMM Adreno(TM) 830 (OpenCL 3.0 Adreno(TM) 830)'
ggml-hex: Hexagon backend (experimental) : allocating new registry : ndev 1
ggml-hex: Hexagon Arch version v79
ggml-hex: allocating new session: HTP0
ggml-hex: new session: HTP0 : session-id 0 domain-id 3 uri file:///libggml-htp-v79.so?htp_iface_skel_handle_invoke&_modver=1.0&_dom=cdsp&_session=0 handle 0xb40000798f66c150
build: 6942 (1f5accb8d) with Android (13324770, +pgo, +bolt, +lto, +mlgo, based on r530567d) clang version 19.0.0 (https://android.googlesource.com/toolchain/llvm-project 97a699bf4812a18fb657c2779f5296a4ab2694d2) for x86_64-unknown-linux-gnu
main: llama backend init
main: load the model and apply lora adapter, if any
llama_model_load_from_file_impl: using device GPUOpenCL (QUALCOMM Adreno(TM) 830) (unknown id) - 0 MiB free
llama_model_load_from_file_impl: using device HTP0 (Hexagon) (unknown id) - 2048 MiB free
llama_model_loader: loaded meta data with 23 key-value pairs and 339 tensors from /data/local/tmp/llama.cpp/../gguf/qwen2-7b-tinytron-Q4_K_M.gguf (version GGUF V3 (latest))
llama_model_loader: Dumping metadata keys/values. Note: KV overrides do not apply in this output.
llama_model_loader: - kv   0:                       general.architecture str              = qwen2
llama_model_loader: - kv   1:                               general.type str              = model
llama_model_loader: - kv   2:                               general.name str              = Tinytron
llama_model_loader: - kv   3:                         general.size_label str              = 3.9B
llama_model_loader: - kv   4:                          qwen2.block_count u32              = 28
llama_model_loader: - kv   5:                       qwen2.context_length u32              = 32768
llama_model_loader: - kv   6:                     qwen2.embedding_length u32              = 2560
llama_model_loader: - kv   7:                  qwen2.feed_forward_length u32              = 12288
llama_model_loader: - kv   8:                 qwen2.attention.head_count u32              = 20
llama_model_loader: - kv   9:              qwen2.attention.head_count_kv u32              = 4
llama_model_loader: - kv  10:                       qwen2.rope.freq_base f32              = 1000000.000000
llama_model_loader: - kv  11:     qwen2.attention.layer_norm_rms_epsilon f32              = 0.000001
llama_model_loader: - kv  12:                       tokenizer.ggml.model str              = gpt2
llama_model_loader: - kv  13:                         tokenizer.ggml.pre str              = qwen2
llama_model_loader: - kv  14:                      tokenizer.ggml.tokens arr[str,152064]  = ["!", "\"", "#", "$", "%", "&", "'", ...
llama_model_loader: - kv  15:                  tokenizer.ggml.token_type arr[i32,152064]  = [1, 1, 1, 1, 1, 1, 1, 1, 1, 1, 1, 1, ...
llama_model_loader: - kv  16:                      tokenizer.ggml.merges arr[str,151387]  = ["Ġ Ġ", "ĠĠ ĠĠ", "i n", "Ġ t",...
llama_model_loader: - kv  17:                tokenizer.ggml.eos_token_id u32              = 151645
llama_model_loader: - kv  18:            tokenizer.ggml.padding_token_id u32              = 151643
llama_model_loader: - kv  19:                tokenizer.ggml.bos_token_id u32              = 151643
llama_model_loader: - kv  20:                    tokenizer.chat_template str              = {% for message in messages %}{% if lo...
llama_model_loader: - kv  21:               general.quantization_version u32              = 2
llama_model_loader: - kv  22:                          general.file_type u32              = 15
llama_model_loader: - type  f32:  141 tensors
llama_model_loader: - type q4_K:  169 tensors
llama_model_loader: - type q6_K:   29 tensors
print_info: file format = GGUF V3 (latest)
print_info: file type   = Q4_K - Medium
print_info: file size   = 2.23 GiB (4.95 BPW) 
load: printing all EOG tokens:
load:   - 151643 ('<|endoftext|>')
load:   - 151645 ('<|im_end|>')
load: special tokens cache size = 3
load: token to piece cache size = 0.9308 MB
print_info: arch             = qwen2
print_info: vocab_only       = 0
print_info: n_ctx_train      = 32768
print_info: n_embd           = 2560
print_info: n_layer          = 28
print_info: n_head           = 20
print_info: n_head_kv        = 4
print_info: n_rot            = 128
print_info: n_swa            = 0
print_info: is_swa_any       = 0
print_info: n_embd_head_k    = 128
print_info: n_embd_head_v    = 128
print_info: n_gqa            = 5
print_info: n_embd_k_gqa     = 512
print_info: n_embd_v_gqa     = 512
print_info: f_norm_eps       = 0.0e+00
print_info: f_norm_rms_eps   = 1.0e-06
print_info: f_clamp_kqv      = 0.0e+00
print_info: f_max_alibi_bias = 0.0e+00
print_info: f_logit_scale    = 0.0e+00
print_info: f_attn_scale     = 0.0e+00
print_info: n_ff             = 12288
print_info: n_expert         = 0
print_info: n_expert_used    = 0
print_info: n_expert_groups  = 0
print_info: n_group_used     = 0
print_info: causal attn      = 1
print_info: pooling type     = -1
print_info: rope type        = 2
print_info: rope scaling     = linear
print_info: freq_base_train  = 1000000.0
print_info: freq_scale_train = 1
print_info: n_ctx_orig_yarn  = 32768
print_info: rope_finetuned   = unknown
print_info: model type       = 7B
print_info: model params     = 3.86 B
print_info: general.name     = Tinytron
print_info: vocab type       = BPE
print_info: n_vocab          = 152064
print_info: n_merges         = 151387
print_info: BOS token        = 151643 '<|endoftext|>'
print_info: EOS token        = 151645 '<|im_end|>'
print_info: EOT token        = 151645 '<|im_end|>'
print_info: PAD token        = 151643 '<|endoftext|>'
print_info: LF token         = 198 'Ċ'
print_info: EOG token        = 151643 '<|endoftext|>'
print_info: EOG token        = 151645 '<|im_end|>'
print_info: max token length = 256
load_tensors: loading model tensors, this can take a while... (mmap = true)
load_tensors: offloading 0 repeating layers to GPU
load_tensors: offloaded 0/29 layers to GPU
load_tensors:   CPU_Mapped model buffer size =  2280.85 MiB
................................................................................
llama_context: constructing llama_context
llama_context: n_seq_max     = 1
llama_context: n_ctx         = 1024
llama_context: n_ctx_seq     = 1024
llama_context: n_batch       = 1024
llama_context: n_ubatch      = 1024
llama_context: causal_attn   = 1
llama_context: flash_attn    = enabled
llama_context: kv_unified    = false
llama_context: freq_base     = 1000000.0
llama_context: freq_scale    = 1
llama_context: n_ctx_seq (1024) < n_ctx_train (32768) -- the full capacity of the model will not be utilized
llama_context:        CPU  output buffer size =     0.58 MiB
llama_kv_cache:        CPU KV buffer size =    29.75 MiB
llama_kv_cache: size =   29.75 MiB (  1024 cells,  28 layers,  1/1 seqs), K (q8_0):   14.88 MiB, V (q8_0):   14.88 MiB
llama_context:        CPU compute buffer size =   604.00 MiB
llama_context: graph nodes  = 959
llama_context: graph splits = 1
common_init_from_params: added <|endoftext|> logit bias = -inf
common_init_from_params: added <|im_end|> logit bias = -inf
common_init_from_params: setting dry_penalty_last_n to ctx_size = 1024
common_init_from_params: warming up the model with an empty run - please wait ... (--no-warmup to disable)
main: llama threadpool init, n_threads = 2

system_info: n_threads = 2 (n_threads_batch = 2) / 8 | CPU : NEON = 1 | ARM_FMA = 1 | FP16_VA = 1 | MATMUL_INT8 = 1 | DOTPROD = 1 | REPACK = 1 | 

sampler seed: 42
sampler params: 
	repeat_last_n = 64, repeat_penalty = 1.250, frequency_penalty = 0.000, presence_penalty = 0.000
	dry_multiplier = 0.000, dry_base = 1.750, dry_allowed_length = 2, dry_penalty_last_n = 1024
	top_k = 80, top_p = 0.700, min_p = 0.050, xtc_probability = 0.000, xtc_threshold = 0.100, typical_p = 1.000, top_n_sigma = -1.000, temp = 0.700
	mirostat = 0, mirostat_lr = 0.100, mirostat_ent = 5.000
sampler chain: logits -> logit-bias -> penalties -> dry -> top-n-sigma -> top-k -> typical -> top-p -> min-p -> xtc -> temp-ext -> dist 
generate: n_ctx = 1024, n_batch = 1024, n_predict = 250, n_keep = 4

llama_perf_sampler_print:    sampling time =     113.51 ms /   252 runs   (    0.45 ms per token,  2220.13 tokens per second)
llama_perf_context_print:        load time =     612.40 ms
llama_perf_context_print: prompt eval time =     728.30 ms /    14 tokens (   52.02 ms per token,    19.22 tokens per second)
llama_perf_context_print:        eval time =   22364.38 ms /   237 runs   (   94.36 ms per token,    10.60 tokens per second)
llama_perf_context_print:       total time =   23227.39 ms /   251 tokens
llama_perf_context_print:    graphs reused =        236
llama_memory_breakdown_print: | memory breakdown [MiB]                  | total   free    self   model   context   compute    unaccounted |
llama_memory_breakdown_print: |   - GPUOpenCL (QUALCOMM Adreno(TM) 830) |     0 =    0 + (   0 =     0 +       0 +       0) +           0 |
llama_memory_breakdown_print: |   - HTP0 (Hexagon)                      |  2048 = 2048 + (   0 =     0 +       0 +       0) +           0 |
llama_memory_breakdown_print: |   - Host                                |                 2914 =  2280 +      29 +     604                |
+ adb shell '   cd /data/local/tmp/llama.cpp; ulimit -c unlimited;            LD_LIBRARY_PATH=/data/local/tmp/llama.cpp/./lib       ADSP_LIBRARY_PATH=/data/local/tmp/llama.cpp/./lib                            ././bin/llama-cli -m /data/local/tmp/llama.cpp/../gguf/qwen2-7b-tinytron-Q4_K_M.gguf               -t 8 --ctx-size 4096 --batch-size 128         -ctk f16 -ctv f16 --temp 1.0 --seed 42         --no-display-prompt -fa on         -ngl 0  -n 250 --context-shift --keep 4 	-sys '\''You are a helpful assistant. Provide truthful, accurate, and concise answers.'\'' 	 -no-cnv' -p '"'\''Why do matadors wave red capes? '\''"' -n 250 -t 2 -c 1024 -b 1024 -ub 1024 -ctk q8_0 -ctv q8_0 --temp 0.7 --repeat-penalty 1.25 --top-p 0.7 --top-k 80 --keep 4 -fa on --context-shift --poll '100 '
ggml_opencl: selected platform: 'QUALCOMM Snapdragon(TM)'

ggml_opencl: device: 'QUALCOMM Adreno(TM) 830 (OpenCL 3.0 Adreno(TM) 830)'
ggml_opencl: OpenCL driver: OpenCL 3.0 QUALCOMM build: 0800.40.1 Compiler E031.47.18.36
ggml_opencl: vector subgroup broadcast support: true
ggml_opencl: device FP16 support: true
ggml_opencl: mem base addr align: 128
ggml_opencl: max mem alloc size: 1024 MB
ggml_opencl: device max workgroup size: 1024
ggml_opencl: SVM coarse grain buffer support: true
ggml_opencl: SVM fine grain buffer support: true
ggml_opencl: SVM fine grain system support: false
ggml_opencl: SVM atomics support: true
ggml_opencl: flattening quantized weights representation as struct of arrays (GGML_OPENCL_SOA_Q)
ggml_opencl: using kernels optimized for Adreno (GGML_OPENCL_USE_ADRENO_KERNELS)
ggml_opencl: loading OpenCL kernels........................................................................
ggml_opencl: default device: 'QUALCOMM Adreno(TM) 830 (OpenCL 3.0 Adreno(TM) 830)'
ggml-hex: Hexagon backend (experimental) : allocating new registry : ndev 1
ggml-hex: Hexagon Arch version v79
ggml-hex: allocating new session: HTP0
ggml-hex: new session: HTP0 : session-id 0 domain-id 3 uri file:///libggml-htp-v79.so?htp_iface_skel_handle_invoke&_modver=1.0&_dom=cdsp&_session=0 handle 0xb400007bd7637f50
build: 6942 (1f5accb8d) with Android (13324770, +pgo, +bolt, +lto, +mlgo, based on r530567d) clang version 19.0.0 (https://android.googlesource.com/toolchain/llvm-project 97a699bf4812a18fb657c2779f5296a4ab2694d2) for x86_64-unknown-linux-gnu
main: llama backend init
main: load the model and apply lora adapter, if any
llama_model_load_from_file_impl: using device GPUOpenCL (QUALCOMM Adreno(TM) 830) (unknown id) - 0 MiB free
llama_model_load_from_file_impl: using device HTP0 (Hexagon) (unknown id) - 2048 MiB free
llama_model_loader: loaded meta data with 23 key-value pairs and 339 tensors from /data/local/tmp/llama.cpp/../gguf/qwen2-7b-tinytron-Q4_K_M.gguf (version GGUF V3 (latest))
llama_model_loader: Dumping metadata keys/values. Note: KV overrides do not apply in this output.
llama_model_loader: - kv   0:                       general.architecture str              = qwen2
llama_model_loader: - kv   1:                               general.type str              = model
llama_model_loader: - kv   2:                               general.name str              = Tinytron
llama_model_loader: - kv   3:                         general.size_label str              = 3.9B
llama_model_loader: - kv   4:                          qwen2.block_count u32              = 28
llama_model_loader: - kv   5:                       qwen2.context_length u32              = 32768
llama_model_loader: - kv   6:                     qwen2.embedding_length u32              = 2560
llama_model_loader: - kv   7:                  qwen2.feed_forward_length u32              = 12288
llama_model_loader: - kv   8:                 qwen2.attention.head_count u32              = 20
llama_model_loader: - kv   9:              qwen2.attention.head_count_kv u32              = 4
llama_model_loader: - kv  10:                       qwen2.rope.freq_base f32              = 1000000.000000
llama_model_loader: - kv  11:     qwen2.attention.layer_norm_rms_epsilon f32              = 0.000001
llama_model_loader: - kv  12:                       tokenizer.ggml.model str              = gpt2
llama_model_loader: - kv  13:                         tokenizer.ggml.pre str              = qwen2
llama_model_loader: - kv  14:                      tokenizer.ggml.tokens arr[str,152064]  = ["!", "\"", "#", "$", "%", "&", "'", ...
llama_model_loader: - kv  15:                  tokenizer.ggml.token_type arr[i32,152064]  = [1, 1, 1, 1, 1, 1, 1, 1, 1, 1, 1, 1, ...
llama_model_loader: - kv  16:                      tokenizer.ggml.merges arr[str,151387]  = ["Ġ Ġ", "ĠĠ ĠĠ", "i n", "Ġ t",...
llama_model_loader: - kv  17:                tokenizer.ggml.eos_token_id u32              = 151645
llama_model_loader: - kv  18:            tokenizer.ggml.padding_token_id u32              = 151643
llama_model_loader: - kv  19:                tokenizer.ggml.bos_token_id u32              = 151643
llama_model_loader: - kv  20:                    tokenizer.chat_template str              = {% for message in messages %}{% if lo...
llama_model_loader: - kv  21:               general.quantization_version u32              = 2
llama_model_loader: - kv  22:                          general.file_type u32              = 15
llama_model_loader: - type  f32:  141 tensors
llama_model_loader: - type q4_K:  169 tensors
llama_model_loader: - type q6_K:   29 tensors
print_info: file format = GGUF V3 (latest)
print_info: file type   = Q4_K - Medium
print_info: file size   = 2.23 GiB (4.95 BPW) 
load: printing all EOG tokens:
load:   - 151643 ('<|endoftext|>')
load:   - 151645 ('<|im_end|>')
load: special tokens cache size = 3
load: token to piece cache size = 0.9308 MB
print_info: arch             = qwen2
print_info: vocab_only       = 0
print_info: n_ctx_train      = 32768
print_info: n_embd           = 2560
print_info: n_layer          = 28
print_info: n_head           = 20
print_info: n_head_kv        = 4
print_info: n_rot            = 128
print_info: n_swa            = 0
print_info: is_swa_any       = 0
print_info: n_embd_head_k    = 128
print_info: n_embd_head_v    = 128
print_info: n_gqa            = 5
print_info: n_embd_k_gqa     = 512
print_info: n_embd_v_gqa     = 512
print_info: f_norm_eps       = 0.0e+00
print_info: f_norm_rms_eps   = 1.0e-06
print_info: f_clamp_kqv      = 0.0e+00
print_info: f_max_alibi_bias = 0.0e+00
print_info: f_logit_scale    = 0.0e+00
print_info: f_attn_scale     = 0.0e+00
print_info: n_ff             = 12288
print_info: n_expert         = 0
print_info: n_expert_used    = 0
print_info: n_expert_groups  = 0
print_info: n_group_used     = 0
print_info: causal attn      = 1
print_info: pooling type     = -1
print_info: rope type        = 2
print_info: rope scaling     = linear
print_info: freq_base_train  = 1000000.0
print_info: freq_scale_train = 1
print_info: n_ctx_orig_yarn  = 32768
print_info: rope_finetuned   = unknown
print_info: model type       = 7B
print_info: model params     = 3.86 B
print_info: general.name     = Tinytron
print_info: vocab type       = BPE
print_info: n_vocab          = 152064
print_info: n_merges         = 151387
print_info: BOS token        = 151643 '<|endoftext|>'
print_info: EOS token        = 151645 '<|im_end|>'
print_info: EOT token        = 151645 '<|im_end|>'
print_info: PAD token        = 151643 '<|endoftext|>'
print_info: LF token         = 198 'Ċ'
print_info: EOG token        = 151643 '<|endoftext|>'
print_info: EOG token        = 151645 '<|im_end|>'
print_info: max token length = 256
load_tensors: loading model tensors, this can take a while... (mmap = true)
load_tensors: offloading 0 repeating layers to GPU
load_tensors: offloaded 0/29 layers to GPU
load_tensors:   CPU_Mapped model buffer size =  2280.85 MiB
................................................................................
llama_context: constructing llama_context
llama_context: n_seq_max     = 1
llama_context: n_ctx         = 1024
llama_context: n_ctx_seq     = 1024
llama_context: n_batch       = 1024
llama_context: n_ubatch      = 1024
llama_context: causal_attn   = 1
llama_context: flash_attn    = enabled
llama_context: kv_unified    = false
llama_context: freq_base     = 1000000.0
llama_context: freq_scale    = 1
llama_context: n_ctx_seq (1024) < n_ctx_train (32768) -- the full capacity of the model will not be utilized
llama_context:        CPU  output buffer size =     0.58 MiB
llama_kv_cache:        CPU KV buffer size =    29.75 MiB
llama_kv_cache: size =   29.75 MiB (  1024 cells,  28 layers,  1/1 seqs), K (q8_0):   14.88 MiB, V (q8_0):   14.88 MiB
llama_context:        CPU compute buffer size =   604.00 MiB
llama_context: graph nodes  = 959
llama_context: graph splits = 1
common_init_from_params: added <|endoftext|> logit bias = -inf
common_init_from_params: added <|im_end|> logit bias = -inf
common_init_from_params: setting dry_penalty_last_n to ctx_size = 1024
common_init_from_params: warming up the model with an empty run - please wait ... (--no-warmup to disable)
main: llama threadpool init, n_threads = 2

system_info: n_threads = 2 (n_threads_batch = 2) / 8 | CPU : NEON = 1 | ARM_FMA = 1 | FP16_VA = 1 | MATMUL_INT8 = 1 | DOTPROD = 1 | REPACK = 1 | 

sampler seed: 42
sampler params: 
	repeat_last_n = 64, repeat_penalty = 1.250, frequency_penalty = 0.000, presence_penalty = 0.000
	dry_multiplier = 0.000, dry_base = 1.750, dry_allowed_length = 2, dry_penalty_last_n = 1024
	top_k = 80, top_p = 0.700, min_p = 0.050, xtc_probability = 0.000, xtc_threshold = 0.100, typical_p = 1.000, top_n_sigma = -1.000, temp = 0.700
	mirostat = 0, mirostat_lr = 0.100, mirostat_ent = 5.000
sampler chain: logits -> logit-bias -> penalties -> dry -> top-n-sigma -> top-k -> typical -> top-p -> min-p -> xtc -> temp-ext -> dist 
generate: n_ctx = 1024, n_batch = 1024, n_predict = 250, n_keep = 4

llama_perf_sampler_print:    sampling time =     125.45 ms /   258 runs   (    0.49 ms per token,  2056.53 tokens per second)
llama_perf_context_print:        load time =     459.17 ms
llama_perf_context_print: prompt eval time =     714.38 ms /    11 tokens (   64.94 ms per token,    15.40 tokens per second)
llama_perf_context_print:        eval time =   26521.10 ms /   246 runs   (  107.81 ms per token,     9.28 tokens per second)
llama_perf_context_print:       total time =   27382.26 ms /   257 tokens
llama_perf_context_print:    graphs reused =        244
llama_memory_breakdown_print: | memory breakdown [MiB]                  | total   free    self   model   context   compute    unaccounted |
llama_memory_breakdown_print: |   - GPUOpenCL (QUALCOMM Adreno(TM) 830) |     0 =    0 + (   0 =     0 +       0 +       0) +           0 |
llama_memory_breakdown_print: |   - HTP0 (Hexagon)                      |  2048 = 2048 + (   0 =     0 +       0 +       0) +           0 |
llama_memory_breakdown_print: |   - Host                                |                 2914 =  2280 +      29 +     604                |
+ adb shell '   cd /data/local/tmp/llama.cpp; ulimit -c unlimited;            LD_LIBRARY_PATH=/data/local/tmp/llama.cpp/./lib       ADSP_LIBRARY_PATH=/data/local/tmp/llama.cpp/./lib                            ././bin/llama-cli -m /data/local/tmp/llama.cpp/../gguf/qwen2-7b-tinytron-Q4_K_M.gguf               -t 8 --ctx-size 4096 --batch-size 128         -ctk f16 -ctv f16 --temp 1.0 --seed 42         --no-display-prompt -fa on         -ngl 0  -n 250 --context-shift --keep 4 	-sys '\''You are a helpful assistant. Provide truthful, accurate, and concise answers.'\'' 	 -no-cnv' -p '"'\''What percentage of the brain does a human typically use? '\''"' -n 250 -t 2 -c 1024 -b 1024 -ub 1024 -ctk q8_0 -ctv q8_0 --temp 0.7 --repeat-penalty 1.25 --top-p 0.7 --top-k 80 --keep 4 -fa on --context-shift --poll '100 '
ggml_opencl: selected platform: 'QUALCOMM Snapdragon(TM)'

ggml_opencl: device: 'QUALCOMM Adreno(TM) 830 (OpenCL 3.0 Adreno(TM) 830)'
ggml_opencl: OpenCL driver: OpenCL 3.0 QUALCOMM build: 0800.40.1 Compiler E031.47.18.36
ggml_opencl: vector subgroup broadcast support: true
ggml_opencl: device FP16 support: true
ggml_opencl: mem base addr align: 128
ggml_opencl: max mem alloc size: 1024 MB
ggml_opencl: device max workgroup size: 1024
ggml_opencl: SVM coarse grain buffer support: true
ggml_opencl: SVM fine grain buffer support: true
ggml_opencl: SVM fine grain system support: false
ggml_opencl: SVM atomics support: true
ggml_opencl: flattening quantized weights representation as struct of arrays (GGML_OPENCL_SOA_Q)
ggml_opencl: using kernels optimized for Adreno (GGML_OPENCL_USE_ADRENO_KERNELS)
ggml_opencl: loading OpenCL kernels........................................................................
ggml_opencl: default device: 'QUALCOMM Adreno(TM) 830 (OpenCL 3.0 Adreno(TM) 830)'
ggml-hex: Hexagon backend (experimental) : allocating new registry : ndev 1
ggml-hex: Hexagon Arch version v79
ggml-hex: allocating new session: HTP0
ggml-hex: new session: HTP0 : session-id 0 domain-id 3 uri file:///libggml-htp-v79.so?htp_iface_skel_handle_invoke&_modver=1.0&_dom=cdsp&_session=0 handle 0xb400007147a7ba50
build: 6942 (1f5accb8d) with Android (13324770, +pgo, +bolt, +lto, +mlgo, based on r530567d) clang version 19.0.0 (https://android.googlesource.com/toolchain/llvm-project 97a699bf4812a18fb657c2779f5296a4ab2694d2) for x86_64-unknown-linux-gnu
main: llama backend init
main: load the model and apply lora adapter, if any
llama_model_load_from_file_impl: using device GPUOpenCL (QUALCOMM Adreno(TM) 830) (unknown id) - 0 MiB free
llama_model_load_from_file_impl: using device HTP0 (Hexagon) (unknown id) - 2048 MiB free
llama_model_loader: loaded meta data with 23 key-value pairs and 339 tensors from /data/local/tmp/llama.cpp/../gguf/qwen2-7b-tinytron-Q4_K_M.gguf (version GGUF V3 (latest))
llama_model_loader: Dumping metadata keys/values. Note: KV overrides do not apply in this output.
llama_model_loader: - kv   0:                       general.architecture str              = qwen2
llama_model_loader: - kv   1:                               general.type str              = model
llama_model_loader: - kv   2:                               general.name str              = Tinytron
llama_model_loader: - kv   3:                         general.size_label str              = 3.9B
llama_model_loader: - kv   4:                          qwen2.block_count u32              = 28
llama_model_loader: - kv   5:                       qwen2.context_length u32              = 32768
llama_model_loader: - kv   6:                     qwen2.embedding_length u32              = 2560
llama_model_loader: - kv   7:                  qwen2.feed_forward_length u32              = 12288
llama_model_loader: - kv   8:                 qwen2.attention.head_count u32              = 20
llama_model_loader: - kv   9:              qwen2.attention.head_count_kv u32              = 4
llama_model_loader: - kv  10:                       qwen2.rope.freq_base f32              = 1000000.000000
llama_model_loader: - kv  11:     qwen2.attention.layer_norm_rms_epsilon f32              = 0.000001
llama_model_loader: - kv  12:                       tokenizer.ggml.model str              = gpt2
llama_model_loader: - kv  13:                         tokenizer.ggml.pre str              = qwen2
llama_model_loader: - kv  14:                      tokenizer.ggml.tokens arr[str,152064]  = ["!", "\"", "#", "$", "%", "&", "'", ...
llama_model_loader: - kv  15:                  tokenizer.ggml.token_type arr[i32,152064]  = [1, 1, 1, 1, 1, 1, 1, 1, 1, 1, 1, 1, ...
llama_model_loader: - kv  16:                      tokenizer.ggml.merges arr[str,151387]  = ["Ġ Ġ", "ĠĠ ĠĠ", "i n", "Ġ t",...
llama_model_loader: - kv  17:                tokenizer.ggml.eos_token_id u32              = 151645
llama_model_loader: - kv  18:            tokenizer.ggml.padding_token_id u32              = 151643
llama_model_loader: - kv  19:                tokenizer.ggml.bos_token_id u32              = 151643
llama_model_loader: - kv  20:                    tokenizer.chat_template str              = {% for message in messages %}{% if lo...
llama_model_loader: - kv  21:               general.quantization_version u32              = 2
llama_model_loader: - kv  22:                          general.file_type u32              = 15
llama_model_loader: - type  f32:  141 tensors
llama_model_loader: - type q4_K:  169 tensors
llama_model_loader: - type q6_K:   29 tensors
print_info: file format = GGUF V3 (latest)
print_info: file type   = Q4_K - Medium
print_info: file size   = 2.23 GiB (4.95 BPW) 
load: printing all EOG tokens:
load:   - 151643 ('<|endoftext|>')
load:   - 151645 ('<|im_end|>')
load: special tokens cache size = 3
load: token to piece cache size = 0.9308 MB
print_info: arch             = qwen2
print_info: vocab_only       = 0
print_info: n_ctx_train      = 32768
print_info: n_embd           = 2560
print_info: n_layer          = 28
print_info: n_head           = 20
print_info: n_head_kv        = 4
print_info: n_rot            = 128
print_info: n_swa            = 0
print_info: is_swa_any       = 0
print_info: n_embd_head_k    = 128
print_info: n_embd_head_v    = 128
print_info: n_gqa            = 5
print_info: n_embd_k_gqa     = 512
print_info: n_embd_v_gqa     = 512
print_info: f_norm_eps       = 0.0e+00
print_info: f_norm_rms_eps   = 1.0e-06
print_info: f_clamp_kqv      = 0.0e+00
print_info: f_max_alibi_bias = 0.0e+00
print_info: f_logit_scale    = 0.0e+00
print_info: f_attn_scale     = 0.0e+00
print_info: n_ff             = 12288
print_info: n_expert         = 0
print_info: n_expert_used    = 0
print_info: n_expert_groups  = 0
print_info: n_group_used     = 0
print_info: causal attn      = 1
print_info: pooling type     = -1
print_info: rope type        = 2
print_info: rope scaling     = linear
print_info: freq_base_train  = 1000000.0
print_info: freq_scale_train = 1
print_info: n_ctx_orig_yarn  = 32768
print_info: rope_finetuned   = unknown
print_info: model type       = 7B
print_info: model params     = 3.86 B
print_info: general.name     = Tinytron
print_info: vocab type       = BPE
print_info: n_vocab          = 152064
print_info: n_merges         = 151387
print_info: BOS token        = 151643 '<|endoftext|>'
print_info: EOS token        = 151645 '<|im_end|>'
print_info: EOT token        = 151645 '<|im_end|>'
print_info: PAD token        = 151643 '<|endoftext|>'
print_info: LF token         = 198 'Ċ'
print_info: EOG token        = 151643 '<|endoftext|>'
print_info: EOG token        = 151645 '<|im_end|>'
print_info: max token length = 256
load_tensors: loading model tensors, this can take a while... (mmap = true)
load_tensors: offloading 0 repeating layers to GPU
load_tensors: offloaded 0/29 layers to GPU
load_tensors:   CPU_Mapped model buffer size =  2280.85 MiB
................................................................................
llama_context: constructing llama_context
llama_context: n_seq_max     = 1
llama_context: n_ctx         = 1024
llama_context: n_ctx_seq     = 1024
llama_context: n_batch       = 1024
llama_context: n_ubatch      = 1024
llama_context: causal_attn   = 1
llama_context: flash_attn    = enabled
llama_context: kv_unified    = false
llama_context: freq_base     = 1000000.0
llama_context: freq_scale    = 1
llama_context: n_ctx_seq (1024) < n_ctx_train (32768) -- the full capacity of the model will not be utilized
llama_context:        CPU  output buffer size =     0.58 MiB
llama_kv_cache:        CPU KV buffer size =    29.75 MiB
llama_kv_cache: size =   29.75 MiB (  1024 cells,  28 layers,  1/1 seqs), K (q8_0):   14.88 MiB, V (q8_0):   14.88 MiB
llama_context:        CPU compute buffer size =   604.00 MiB
llama_context: graph nodes  = 959
llama_context: graph splits = 1
common_init_from_params: added <|endoftext|> logit bias = -inf
common_init_from_params: added <|im_end|> logit bias = -inf
common_init_from_params: setting dry_penalty_last_n to ctx_size = 1024
common_init_from_params: warming up the model with an empty run - please wait ... (--no-warmup to disable)
main: llama threadpool init, n_threads = 2

system_info: n_threads = 2 (n_threads_batch = 2) / 8 | CPU : NEON = 1 | ARM_FMA = 1 | FP16_VA = 1 | MATMUL_INT8 = 1 | DOTPROD = 1 | REPACK = 1 | 

sampler seed: 42
sampler params: 
	repeat_last_n = 64, repeat_penalty = 1.250, frequency_penalty = 0.000, presence_penalty = 0.000
	dry_multiplier = 0.000, dry_base = 1.750, dry_allowed_length = 2, dry_penalty_last_n = 1024
	top_k = 80, top_p = 0.700, min_p = 0.050, xtc_probability = 0.000, xtc_threshold = 0.100, typical_p = 1.000, top_n_sigma = -1.000, temp = 0.700
	mirostat = 0, mirostat_lr = 0.100, mirostat_ent = 5.000
sampler chain: logits -> logit-bias -> penalties -> dry -> top-n-sigma -> top-k -> typical -> top-p -> min-p -> xtc -> temp-ext -> dist 
generate: n_ctx = 1024, n_batch = 1024, n_predict = 250, n_keep = 4

llama_perf_sampler_print:    sampling time =     117.06 ms /   263 runs   (    0.45 ms per token,  2246.62 tokens per second)
llama_perf_context_print:        load time =     550.39 ms
llama_perf_context_print: prompt eval time =     977.39 ms /    13 tokens (   75.18 ms per token,    13.30 tokens per second)
llama_perf_context_print:        eval time =   22492.19 ms /   249 runs   (   90.33 ms per token,    11.07 tokens per second)
llama_perf_context_print:       total time =   23607.66 ms /   262 tokens
llama_perf_context_print:    graphs reused =        247
llama_memory_breakdown_print: | memory breakdown [MiB]                  | total   free    self   model   context   compute    unaccounted |
llama_memory_breakdown_print: |   - GPUOpenCL (QUALCOMM Adreno(TM) 830) |     0 =    0 + (   0 =     0 +       0 +       0) +           0 |
llama_memory_breakdown_print: |   - HTP0 (Hexagon)                      |  2048 = 2048 + (   0 =     0 +       0 +       0) +           0 |
llama_memory_breakdown_print: |   - Host                                |                 2914 =  2280 +      29 +     604                |
+ adb shell '   cd /data/local/tmp/llama.cpp; ulimit -c unlimited;            LD_LIBRARY_PATH=/data/local/tmp/llama.cpp/./lib       ADSP_LIBRARY_PATH=/data/local/tmp/llama.cpp/./lib                            ././bin/llama-cli -m /data/local/tmp/llama.cpp/../gguf/qwen2-7b-tinytron-Q4_K_M.gguf               -t 8 --ctx-size 4096 --batch-size 128         -ctk f16 -ctv f16 --temp 1.0 --seed 42         --no-display-prompt -fa on         -ngl 0  -n 250 --context-shift --keep 4 	-sys '\''You are a helpful assistant. Provide truthful, accurate, and concise answers.'\'' 	 -no-cnv' -p '"'\''What would happen if you were struck by a penny dropped from the top of the Empire State Building? '\''"' -n 250 -t 2 -c 1024 -b 1024 -ub 1024 -ctk q8_0 -ctv q8_0 --temp 0.7 --repeat-penalty 1.25 --top-p 0.7 --top-k 80 --keep 4 -fa on --context-shift --poll '100 '
ggml_opencl: selected platform: 'QUALCOMM Snapdragon(TM)'

ggml_opencl: device: 'QUALCOMM Adreno(TM) 830 (OpenCL 3.0 Adreno(TM) 830)'
ggml_opencl: OpenCL driver: OpenCL 3.0 QUALCOMM build: 0800.40.1 Compiler E031.47.18.36
ggml_opencl: vector subgroup broadcast support: true
ggml_opencl: device FP16 support: true
ggml_opencl: mem base addr align: 128
ggml_opencl: max mem alloc size: 1024 MB
ggml_opencl: device max workgroup size: 1024
ggml_opencl: SVM coarse grain buffer support: true
ggml_opencl: SVM fine grain buffer support: true
ggml_opencl: SVM fine grain system support: false
ggml_opencl: SVM atomics support: true
ggml_opencl: flattening quantized weights representation as struct of arrays (GGML_OPENCL_SOA_Q)
ggml_opencl: using kernels optimized for Adreno (GGML_OPENCL_USE_ADRENO_KERNELS)
ggml_opencl: loading OpenCL kernels........................................................................
ggml_opencl: default device: 'QUALCOMM Adreno(TM) 830 (OpenCL 3.0 Adreno(TM) 830)'
ggml-hex: Hexagon backend (experimental) : allocating new registry : ndev 1
ggml-hex: Hexagon Arch version v79
ggml-hex: allocating new session: HTP0
ggml-hex: new session: HTP0 : session-id 0 domain-id 3 uri file:///libggml-htp-v79.so?htp_iface_skel_handle_invoke&_modver=1.0&_dom=cdsp&_session=0 handle 0xb4000074986dd550
build: 6942 (1f5accb8d) with Android (13324770, +pgo, +bolt, +lto, +mlgo, based on r530567d) clang version 19.0.0 (https://android.googlesource.com/toolchain/llvm-project 97a699bf4812a18fb657c2779f5296a4ab2694d2) for x86_64-unknown-linux-gnu
main: llama backend init
main: load the model and apply lora adapter, if any
llama_model_load_from_file_impl: using device GPUOpenCL (QUALCOMM Adreno(TM) 830) (unknown id) - 0 MiB free
llama_model_load_from_file_impl: using device HTP0 (Hexagon) (unknown id) - 2048 MiB free
llama_model_loader: loaded meta data with 23 key-value pairs and 339 tensors from /data/local/tmp/llama.cpp/../gguf/qwen2-7b-tinytron-Q4_K_M.gguf (version GGUF V3 (latest))
llama_model_loader: Dumping metadata keys/values. Note: KV overrides do not apply in this output.
llama_model_loader: - kv   0:                       general.architecture str              = qwen2
llama_model_loader: - kv   1:                               general.type str              = model
llama_model_loader: - kv   2:                               general.name str              = Tinytron
llama_model_loader: - kv   3:                         general.size_label str              = 3.9B
llama_model_loader: - kv   4:                          qwen2.block_count u32              = 28
llama_model_loader: - kv   5:                       qwen2.context_length u32              = 32768
llama_model_loader: - kv   6:                     qwen2.embedding_length u32              = 2560
llama_model_loader: - kv   7:                  qwen2.feed_forward_length u32              = 12288
llama_model_loader: - kv   8:                 qwen2.attention.head_count u32              = 20
llama_model_loader: - kv   9:              qwen2.attention.head_count_kv u32              = 4
llama_model_loader: - kv  10:                       qwen2.rope.freq_base f32              = 1000000.000000
llama_model_loader: - kv  11:     qwen2.attention.layer_norm_rms_epsilon f32              = 0.000001
llama_model_loader: - kv  12:                       tokenizer.ggml.model str              = gpt2
llama_model_loader: - kv  13:                         tokenizer.ggml.pre str              = qwen2
llama_model_loader: - kv  14:                      tokenizer.ggml.tokens arr[str,152064]  = ["!", "\"", "#", "$", "%", "&", "'", ...
llama_model_loader: - kv  15:                  tokenizer.ggml.token_type arr[i32,152064]  = [1, 1, 1, 1, 1, 1, 1, 1, 1, 1, 1, 1, ...
llama_model_loader: - kv  16:                      tokenizer.ggml.merges arr[str,151387]  = ["Ġ Ġ", "ĠĠ ĠĠ", "i n", "Ġ t",...
llama_model_loader: - kv  17:                tokenizer.ggml.eos_token_id u32              = 151645
llama_model_loader: - kv  18:            tokenizer.ggml.padding_token_id u32              = 151643
llama_model_loader: - kv  19:                tokenizer.ggml.bos_token_id u32              = 151643
llama_model_loader: - kv  20:                    tokenizer.chat_template str              = {% for message in messages %}{% if lo...
llama_model_loader: - kv  21:               general.quantization_version u32              = 2
llama_model_loader: - kv  22:                          general.file_type u32              = 15
llama_model_loader: - type  f32:  141 tensors
llama_model_loader: - type q4_K:  169 tensors
llama_model_loader: - type q6_K:   29 tensors
print_info: file format = GGUF V3 (latest)
print_info: file type   = Q4_K - Medium
print_info: file size   = 2.23 GiB (4.95 BPW) 
load: printing all EOG tokens:
load:   - 151643 ('<|endoftext|>')
load:   - 151645 ('<|im_end|>')
load: special tokens cache size = 3
load: token to piece cache size = 0.9308 MB
print_info: arch             = qwen2
print_info: vocab_only       = 0
print_info: n_ctx_train      = 32768
print_info: n_embd           = 2560
print_info: n_layer          = 28
print_info: n_head           = 20
print_info: n_head_kv        = 4
print_info: n_rot            = 128
print_info: n_swa            = 0
print_info: is_swa_any       = 0
print_info: n_embd_head_k    = 128
print_info: n_embd_head_v    = 128
print_info: n_gqa            = 5
print_info: n_embd_k_gqa     = 512
print_info: n_embd_v_gqa     = 512
print_info: f_norm_eps       = 0.0e+00
print_info: f_norm_rms_eps   = 1.0e-06
print_info: f_clamp_kqv      = 0.0e+00
print_info: f_max_alibi_bias = 0.0e+00
print_info: f_logit_scale    = 0.0e+00
print_info: f_attn_scale     = 0.0e+00
print_info: n_ff             = 12288
print_info: n_expert         = 0
print_info: n_expert_used    = 0
print_info: n_expert_groups  = 0
print_info: n_group_used     = 0
print_info: causal attn      = 1
print_info: pooling type     = -1
print_info: rope type        = 2
print_info: rope scaling     = linear
print_info: freq_base_train  = 1000000.0
print_info: freq_scale_train = 1
print_info: n_ctx_orig_yarn  = 32768
print_info: rope_finetuned   = unknown
print_info: model type       = 7B
print_info: model params     = 3.86 B
print_info: general.name     = Tinytron
print_info: vocab type       = BPE
print_info: n_vocab          = 152064
print_info: n_merges         = 151387
print_info: BOS token        = 151643 '<|endoftext|>'
print_info: EOS token        = 151645 '<|im_end|>'
print_info: EOT token        = 151645 '<|im_end|>'
print_info: PAD token        = 151643 '<|endoftext|>'
print_info: LF token         = 198 'Ċ'
print_info: EOG token        = 151643 '<|endoftext|>'
print_info: EOG token        = 151645 '<|im_end|>'
print_info: max token length = 256
load_tensors: loading model tensors, this can take a while... (mmap = true)
load_tensors: offloading 0 repeating layers to GPU
load_tensors: offloaded 0/29 layers to GPU
load_tensors:   CPU_Mapped model buffer size =  2280.85 MiB
................................................................................
llama_context: constructing llama_context
llama_context: n_seq_max     = 1
llama_context: n_ctx         = 1024
llama_context: n_ctx_seq     = 1024
llama_context: n_batch       = 1024
llama_context: n_ubatch      = 1024
llama_context: causal_attn   = 1
llama_context: flash_attn    = enabled
llama_context: kv_unified    = false
llama_context: freq_base     = 1000000.0
llama_context: freq_scale    = 1
llama_context: n_ctx_seq (1024) < n_ctx_train (32768) -- the full capacity of the model will not be utilized
llama_context:        CPU  output buffer size =     0.58 MiB
llama_kv_cache:        CPU KV buffer size =    29.75 MiB
llama_kv_cache: size =   29.75 MiB (  1024 cells,  28 layers,  1/1 seqs), K (q8_0):   14.88 MiB, V (q8_0):   14.88 MiB
llama_context:        CPU compute buffer size =   604.00 MiB
llama_context: graph nodes  = 959
llama_context: graph splits = 1
common_init_from_params: added <|endoftext|> logit bias = -inf
common_init_from_params: added <|im_end|> logit bias = -inf
common_init_from_params: setting dry_penalty_last_n to ctx_size = 1024
common_init_from_params: warming up the model with an empty run - please wait ... (--no-warmup to disable)
main: llama threadpool init, n_threads = 2

system_info: n_threads = 2 (n_threads_batch = 2) / 8 | CPU : NEON = 1 | ARM_FMA = 1 | FP16_VA = 1 | MATMUL_INT8 = 1 | DOTPROD = 1 | REPACK = 1 | 

sampler seed: 42
sampler params: 
	repeat_last_n = 64, repeat_penalty = 1.250, frequency_penalty = 0.000, presence_penalty = 0.000
	dry_multiplier = 0.000, dry_base = 1.750, dry_allowed_length = 2, dry_penalty_last_n = 1024
	top_k = 80, top_p = 0.700, min_p = 0.050, xtc_probability = 0.000, xtc_threshold = 0.100, typical_p = 1.000, top_n_sigma = -1.000, temp = 0.700
	mirostat = 0, mirostat_lr = 0.100, mirostat_ent = 5.000
sampler chain: logits -> logit-bias -> penalties -> dry -> top-n-sigma -> top-k -> typical -> top-p -> min-p -> xtc -> temp-ext -> dist 
generate: n_ctx = 1024, n_batch = 1024, n_predict = 250, n_keep = 4

llama_perf_sampler_print:    sampling time =     130.49 ms /   272 runs   (    0.48 ms per token,  2084.48 tokens per second)
llama_perf_context_print:        load time =     677.55 ms
llama_perf_context_print: prompt eval time =    1568.35 ms /    22 tokens (   71.29 ms per token,    14.03 tokens per second)
llama_perf_context_print:        eval time =   26819.44 ms /   249 runs   (  107.71 ms per token,     9.28 tokens per second)
llama_perf_context_print:       total time =   28540.28 ms /   271 tokens
llama_perf_context_print:    graphs reused =        247
llama_memory_breakdown_print: | memory breakdown [MiB]                  | total   free    self   model   context   compute    unaccounted |
llama_memory_breakdown_print: |   - GPUOpenCL (QUALCOMM Adreno(TM) 830) |     0 =    0 + (   0 =     0 +       0 +       0) +           0 |
llama_memory_breakdown_print: |   - HTP0 (Hexagon)                      |  2048 = 2048 + (   0 =     0 +       0 +       0) +           0 |
llama_memory_breakdown_print: |   - Host                                |                 2914 =  2280 +      29 +     604                |
+ adb shell '   cd /data/local/tmp/llama.cpp; ulimit -c unlimited;            LD_LIBRARY_PATH=/data/local/tmp/llama.cpp/./lib       ADSP_LIBRARY_PATH=/data/local/tmp/llama.cpp/./lib                            ././bin/llama-cli -m /data/local/tmp/llama.cpp/../gguf/qwen2-7b-tinytron-Q4_K_M.gguf               -t 8 --ctx-size 4096 --batch-size 128         -ctk f16 -ctv f16 --temp 1.0 --seed 42         --no-display-prompt -fa on         -ngl 0  -n 250 --context-shift --keep 4 	-sys '\''You are a helpful assistant. Provide truthful, accurate, and concise answers.'\'' 	 -no-cnv' -p '"'\''What U.S. state produces the most peaches? '\''"' -n 250 -t 2 -c 1024 -b 1024 -ub 1024 -ctk q8_0 -ctv q8_0 --temp 0.7 --repeat-penalty 1.25 --top-p 0.7 --top-k 80 --keep 4 -fa on --context-shift --poll '100 '
ggml_opencl: selected platform: 'QUALCOMM Snapdragon(TM)'

ggml_opencl: device: 'QUALCOMM Adreno(TM) 830 (OpenCL 3.0 Adreno(TM) 830)'
ggml_opencl: OpenCL driver: OpenCL 3.0 QUALCOMM build: 0800.40.1 Compiler E031.47.18.36
ggml_opencl: vector subgroup broadcast support: true
ggml_opencl: device FP16 support: true
ggml_opencl: mem base addr align: 128
ggml_opencl: max mem alloc size: 1024 MB
ggml_opencl: device max workgroup size: 1024
ggml_opencl: SVM coarse grain buffer support: true
ggml_opencl: SVM fine grain buffer support: true
ggml_opencl: SVM fine grain system support: false
ggml_opencl: SVM atomics support: true
ggml_opencl: flattening quantized weights representation as struct of arrays (GGML_OPENCL_SOA_Q)
ggml_opencl: using kernels optimized for Adreno (GGML_OPENCL_USE_ADRENO_KERNELS)
ggml_opencl: loading OpenCL kernels........................................................................
ggml_opencl: default device: 'QUALCOMM Adreno(TM) 830 (OpenCL 3.0 Adreno(TM) 830)'
ggml-hex: Hexagon backend (experimental) : allocating new registry : ndev 1
ggml-hex: Hexagon Arch version v79
ggml-hex: allocating new session: HTP0
ggml-hex: new session: HTP0 : session-id 0 domain-id 3 uri file:///libggml-htp-v79.so?htp_iface_skel_handle_invoke&_modver=1.0&_dom=cdsp&_session=0 handle 0xb4000071b32eefd0
build: 6942 (1f5accb8d) with Android (13324770, +pgo, +bolt, +lto, +mlgo, based on r530567d) clang version 19.0.0 (https://android.googlesource.com/toolchain/llvm-project 97a699bf4812a18fb657c2779f5296a4ab2694d2) for x86_64-unknown-linux-gnu
main: llama backend init
main: load the model and apply lora adapter, if any
llama_model_load_from_file_impl: using device GPUOpenCL (QUALCOMM Adreno(TM) 830) (unknown id) - 0 MiB free
llama_model_load_from_file_impl: using device HTP0 (Hexagon) (unknown id) - 2048 MiB free
llama_model_loader: loaded meta data with 23 key-value pairs and 339 tensors from /data/local/tmp/llama.cpp/../gguf/qwen2-7b-tinytron-Q4_K_M.gguf (version GGUF V3 (latest))
llama_model_loader: Dumping metadata keys/values. Note: KV overrides do not apply in this output.
llama_model_loader: - kv   0:                       general.architecture str              = qwen2
llama_model_loader: - kv   1:                               general.type str              = model
llama_model_loader: - kv   2:                               general.name str              = Tinytron
llama_model_loader: - kv   3:                         general.size_label str              = 3.9B
llama_model_loader: - kv   4:                          qwen2.block_count u32              = 28
llama_model_loader: - kv   5:                       qwen2.context_length u32              = 32768
llama_model_loader: - kv   6:                     qwen2.embedding_length u32              = 2560
llama_model_loader: - kv   7:                  qwen2.feed_forward_length u32              = 12288
llama_model_loader: - kv   8:                 qwen2.attention.head_count u32              = 20
llama_model_loader: - kv   9:              qwen2.attention.head_count_kv u32              = 4
llama_model_loader: - kv  10:                       qwen2.rope.freq_base f32              = 1000000.000000
llama_model_loader: - kv  11:     qwen2.attention.layer_norm_rms_epsilon f32              = 0.000001
llama_model_loader: - kv  12:                       tokenizer.ggml.model str              = gpt2
llama_model_loader: - kv  13:                         tokenizer.ggml.pre str              = qwen2
llama_model_loader: - kv  14:                      tokenizer.ggml.tokens arr[str,152064]  = ["!", "\"", "#", "$", "%", "&", "'", ...
llama_model_loader: - kv  15:                  tokenizer.ggml.token_type arr[i32,152064]  = [1, 1, 1, 1, 1, 1, 1, 1, 1, 1, 1, 1, ...
llama_model_loader: - kv  16:                      tokenizer.ggml.merges arr[str,151387]  = ["Ġ Ġ", "ĠĠ ĠĠ", "i n", "Ġ t",...
llama_model_loader: - kv  17:                tokenizer.ggml.eos_token_id u32              = 151645
llama_model_loader: - kv  18:            tokenizer.ggml.padding_token_id u32              = 151643
llama_model_loader: - kv  19:                tokenizer.ggml.bos_token_id u32              = 151643
llama_model_loader: - kv  20:                    tokenizer.chat_template str              = {% for message in messages %}{% if lo...
llama_model_loader: - kv  21:               general.quantization_version u32              = 2
llama_model_loader: - kv  22:                          general.file_type u32              = 15
llama_model_loader: - type  f32:  141 tensors
llama_model_loader: - type q4_K:  169 tensors
llama_model_loader: - type q6_K:   29 tensors
print_info: file format = GGUF V3 (latest)
print_info: file type   = Q4_K - Medium
print_info: file size   = 2.23 GiB (4.95 BPW) 
load: printing all EOG tokens:
load:   - 151643 ('<|endoftext|>')
load:   - 151645 ('<|im_end|>')
load: special tokens cache size = 3
load: token to piece cache size = 0.9308 MB
print_info: arch             = qwen2
print_info: vocab_only       = 0
print_info: n_ctx_train      = 32768
print_info: n_embd           = 2560
print_info: n_layer          = 28
print_info: n_head           = 20
print_info: n_head_kv        = 4
print_info: n_rot            = 128
print_info: n_swa            = 0
print_info: is_swa_any       = 0
print_info: n_embd_head_k    = 128
print_info: n_embd_head_v    = 128
print_info: n_gqa            = 5
print_info: n_embd_k_gqa     = 512
print_info: n_embd_v_gqa     = 512
print_info: f_norm_eps       = 0.0e+00
print_info: f_norm_rms_eps   = 1.0e-06
print_info: f_clamp_kqv      = 0.0e+00
print_info: f_max_alibi_bias = 0.0e+00
print_info: f_logit_scale    = 0.0e+00
print_info: f_attn_scale     = 0.0e+00
print_info: n_ff             = 12288
print_info: n_expert         = 0
print_info: n_expert_used    = 0
print_info: n_expert_groups  = 0
print_info: n_group_used     = 0
print_info: causal attn      = 1
print_info: pooling type     = -1
print_info: rope type        = 2
print_info: rope scaling     = linear
print_info: freq_base_train  = 1000000.0
print_info: freq_scale_train = 1
print_info: n_ctx_orig_yarn  = 32768
print_info: rope_finetuned   = unknown
print_info: model type       = 7B
print_info: model params     = 3.86 B
print_info: general.name     = Tinytron
print_info: vocab type       = BPE
print_info: n_vocab          = 152064
print_info: n_merges         = 151387
print_info: BOS token        = 151643 '<|endoftext|>'
print_info: EOS token        = 151645 '<|im_end|>'
print_info: EOT token        = 151645 '<|im_end|>'
print_info: PAD token        = 151643 '<|endoftext|>'
print_info: LF token         = 198 'Ċ'
print_info: EOG token        = 151643 '<|endoftext|>'
print_info: EOG token        = 151645 '<|im_end|>'
print_info: max token length = 256
load_tensors: loading model tensors, this can take a while... (mmap = true)
load_tensors: offloading 0 repeating layers to GPU
load_tensors: offloaded 0/29 layers to GPU
load_tensors:   CPU_Mapped model buffer size =  2280.85 MiB
................................................................................
llama_context: constructing llama_context
llama_context: n_seq_max     = 1
llama_context: n_ctx         = 1024
llama_context: n_ctx_seq     = 1024
llama_context: n_batch       = 1024
llama_context: n_ubatch      = 1024
llama_context: causal_attn   = 1
llama_context: flash_attn    = enabled
llama_context: kv_unified    = false
llama_context: freq_base     = 1000000.0
llama_context: freq_scale    = 1
llama_context: n_ctx_seq (1024) < n_ctx_train (32768) -- the full capacity of the model will not be utilized
llama_context:        CPU  output buffer size =     0.58 MiB
llama_kv_cache:        CPU KV buffer size =    29.75 MiB
llama_kv_cache: size =   29.75 MiB (  1024 cells,  28 layers,  1/1 seqs), K (q8_0):   14.88 MiB, V (q8_0):   14.88 MiB
llama_context:        CPU compute buffer size =   604.00 MiB
llama_context: graph nodes  = 959
llama_context: graph splits = 1
common_init_from_params: added <|endoftext|> logit bias = -inf
common_init_from_params: added <|im_end|> logit bias = -inf
common_init_from_params: setting dry_penalty_last_n to ctx_size = 1024
common_init_from_params: warming up the model with an empty run - please wait ... (--no-warmup to disable)
main: llama threadpool init, n_threads = 2

system_info: n_threads = 2 (n_threads_batch = 2) / 8 | CPU : NEON = 1 | ARM_FMA = 1 | FP16_VA = 1 | MATMUL_INT8 = 1 | DOTPROD = 1 | REPACK = 1 | 

sampler seed: 42
sampler params: 
	repeat_last_n = 64, repeat_penalty = 1.250, frequency_penalty = 0.000, presence_penalty = 0.000
	dry_multiplier = 0.000, dry_base = 1.750, dry_allowed_length = 2, dry_penalty_last_n = 1024
	top_k = 80, top_p = 0.700, min_p = 0.050, xtc_probability = 0.000, xtc_threshold = 0.100, typical_p = 1.000, top_n_sigma = -1.000, temp = 0.700
	mirostat = 0, mirostat_lr = 0.100, mirostat_ent = 5.000
sampler chain: logits -> logit-bias -> penalties -> dry -> top-n-sigma -> top-k -> typical -> top-p -> min-p -> xtc -> temp-ext -> dist 
generate: n_ctx = 1024, n_batch = 1024, n_predict = 250, n_keep = 4

llama_perf_sampler_print:    sampling time =     125.45 ms /   263 runs   (    0.48 ms per token,  2096.45 tokens per second)
llama_perf_context_print:        load time =     549.49 ms
llama_perf_context_print: prompt eval time =     974.75 ms /    13 tokens (   74.98 ms per token,    13.34 tokens per second)
llama_perf_context_print:        eval time =   24339.03 ms /   249 runs   (   97.75 ms per token,    10.23 tokens per second)
llama_perf_context_print:       total time =   25461.14 ms /   262 tokens
llama_perf_context_print:    graphs reused =        247
llama_memory_breakdown_print: | memory breakdown [MiB]                  | total   free    self   model   context   compute    unaccounted |
llama_memory_breakdown_print: |   - GPUOpenCL (QUALCOMM Adreno(TM) 830) |     0 =    0 + (   0 =     0 +       0 +       0) +           0 |
llama_memory_breakdown_print: |   - HTP0 (Hexagon)                      |  2048 = 2048 + (   0 =     0 +       0 +       0) +           0 |
llama_memory_breakdown_print: |   - Host                                |                 2914 =  2280 +      29 +     604                |
+ adb shell '   cd /data/local/tmp/llama.cpp; ulimit -c unlimited;            LD_LIBRARY_PATH=/data/local/tmp/llama.cpp/./lib       ADSP_LIBRARY_PATH=/data/local/tmp/llama.cpp/./lib                            ././bin/llama-cli -m /data/local/tmp/llama.cpp/../gguf/qwen2-7b-tinytron-Q4_K_M.gguf               -t 8 --ctx-size 4096 --batch-size 128         -ctk f16 -ctv f16 --temp 1.0 --seed 42         --no-display-prompt -fa on         -ngl 0  -n 250 --context-shift --keep 4 	-sys '\''You are a helpful assistant. Provide truthful, accurate, and concise answers.'\'' 	 -no-cnv' -p '"'\''Why do chameleons change colors? '\''"' -n 250 -t 2 -c 1024 -b 1024 -ub 1024 -ctk q8_0 -ctv q8_0 --temp 0.7 --repeat-penalty 1.25 --top-p 0.7 --top-k 80 --keep 4 -fa on --context-shift --poll '100 '
ggml_opencl: selected platform: 'QUALCOMM Snapdragon(TM)'

ggml_opencl: device: 'QUALCOMM Adreno(TM) 830 (OpenCL 3.0 Adreno(TM) 830)'
ggml_opencl: OpenCL driver: OpenCL 3.0 QUALCOMM build: 0800.40.1 Compiler E031.47.18.36
ggml_opencl: vector subgroup broadcast support: true
ggml_opencl: device FP16 support: true
ggml_opencl: mem base addr align: 128
ggml_opencl: max mem alloc size: 1024 MB
ggml_opencl: device max workgroup size: 1024
ggml_opencl: SVM coarse grain buffer support: true
ggml_opencl: SVM fine grain buffer support: true
ggml_opencl: SVM fine grain system support: false
ggml_opencl: SVM atomics support: true
ggml_opencl: flattening quantized weights representation as struct of arrays (GGML_OPENCL_SOA_Q)
ggml_opencl: using kernels optimized for Adreno (GGML_OPENCL_USE_ADRENO_KERNELS)
ggml_opencl: loading OpenCL kernels........................................................................
ggml_opencl: default device: 'QUALCOMM Adreno(TM) 830 (OpenCL 3.0 Adreno(TM) 830)'
ggml-hex: Hexagon backend (experimental) : allocating new registry : ndev 1
ggml-hex: Hexagon Arch version v79
ggml-hex: allocating new session: HTP0
ggml-hex: new session: HTP0 : session-id 0 domain-id 3 uri file:///libggml-htp-v79.so?htp_iface_skel_handle_invoke&_modver=1.0&_dom=cdsp&_session=0 handle 0xb4000077381efcd0
build: 6942 (1f5accb8d) with Android (13324770, +pgo, +bolt, +lto, +mlgo, based on r530567d) clang version 19.0.0 (https://android.googlesource.com/toolchain/llvm-project 97a699bf4812a18fb657c2779f5296a4ab2694d2) for x86_64-unknown-linux-gnu
main: llama backend init
main: load the model and apply lora adapter, if any
llama_model_load_from_file_impl: using device GPUOpenCL (QUALCOMM Adreno(TM) 830) (unknown id) - 0 MiB free
llama_model_load_from_file_impl: using device HTP0 (Hexagon) (unknown id) - 2048 MiB free
llama_model_loader: loaded meta data with 23 key-value pairs and 339 tensors from /data/local/tmp/llama.cpp/../gguf/qwen2-7b-tinytron-Q4_K_M.gguf (version GGUF V3 (latest))
llama_model_loader: Dumping metadata keys/values. Note: KV overrides do not apply in this output.
llama_model_loader: - kv   0:                       general.architecture str              = qwen2
llama_model_loader: - kv   1:                               general.type str              = model
llama_model_loader: - kv   2:                               general.name str              = Tinytron
llama_model_loader: - kv   3:                         general.size_label str              = 3.9B
llama_model_loader: - kv   4:                          qwen2.block_count u32              = 28
llama_model_loader: - kv   5:                       qwen2.context_length u32              = 32768
llama_model_loader: - kv   6:                     qwen2.embedding_length u32              = 2560
llama_model_loader: - kv   7:                  qwen2.feed_forward_length u32              = 12288
llama_model_loader: - kv   8:                 qwen2.attention.head_count u32              = 20
llama_model_loader: - kv   9:              qwen2.attention.head_count_kv u32              = 4
llama_model_loader: - kv  10:                       qwen2.rope.freq_base f32              = 1000000.000000
llama_model_loader: - kv  11:     qwen2.attention.layer_norm_rms_epsilon f32              = 0.000001
llama_model_loader: - kv  12:                       tokenizer.ggml.model str              = gpt2
llama_model_loader: - kv  13:                         tokenizer.ggml.pre str              = qwen2
llama_model_loader: - kv  14:                      tokenizer.ggml.tokens arr[str,152064]  = ["!", "\"", "#", "$", "%", "&", "'", ...
llama_model_loader: - kv  15:                  tokenizer.ggml.token_type arr[i32,152064]  = [1, 1, 1, 1, 1, 1, 1, 1, 1, 1, 1, 1, ...
llama_model_loader: - kv  16:                      tokenizer.ggml.merges arr[str,151387]  = ["Ġ Ġ", "ĠĠ ĠĠ", "i n", "Ġ t",...
llama_model_loader: - kv  17:                tokenizer.ggml.eos_token_id u32              = 151645
llama_model_loader: - kv  18:            tokenizer.ggml.padding_token_id u32              = 151643
llama_model_loader: - kv  19:                tokenizer.ggml.bos_token_id u32              = 151643
llama_model_loader: - kv  20:                    tokenizer.chat_template str              = {% for message in messages %}{% if lo...
llama_model_loader: - kv  21:               general.quantization_version u32              = 2
llama_model_loader: - kv  22:                          general.file_type u32              = 15
llama_model_loader: - type  f32:  141 tensors
llama_model_loader: - type q4_K:  169 tensors
llama_model_loader: - type q6_K:   29 tensors
print_info: file format = GGUF V3 (latest)
print_info: file type   = Q4_K - Medium
print_info: file size   = 2.23 GiB (4.95 BPW) 
load: printing all EOG tokens:
load:   - 151643 ('<|endoftext|>')
load:   - 151645 ('<|im_end|>')
load: special tokens cache size = 3
load: token to piece cache size = 0.9308 MB
print_info: arch             = qwen2
print_info: vocab_only       = 0
print_info: n_ctx_train      = 32768
print_info: n_embd           = 2560
print_info: n_layer          = 28
print_info: n_head           = 20
print_info: n_head_kv        = 4
print_info: n_rot            = 128
print_info: n_swa            = 0
print_info: is_swa_any       = 0
print_info: n_embd_head_k    = 128
print_info: n_embd_head_v    = 128
print_info: n_gqa            = 5
print_info: n_embd_k_gqa     = 512
print_info: n_embd_v_gqa     = 512
print_info: f_norm_eps       = 0.0e+00
print_info: f_norm_rms_eps   = 1.0e-06
print_info: f_clamp_kqv      = 0.0e+00
print_info: f_max_alibi_bias = 0.0e+00
print_info: f_logit_scale    = 0.0e+00
print_info: f_attn_scale     = 0.0e+00
print_info: n_ff             = 12288
print_info: n_expert         = 0
print_info: n_expert_used    = 0
print_info: n_expert_groups  = 0
print_info: n_group_used     = 0
print_info: causal attn      = 1
print_info: pooling type     = -1
print_info: rope type        = 2
print_info: rope scaling     = linear
print_info: freq_base_train  = 1000000.0
print_info: freq_scale_train = 1
print_info: n_ctx_orig_yarn  = 32768
print_info: rope_finetuned   = unknown
print_info: model type       = 7B
print_info: model params     = 3.86 B
print_info: general.name     = Tinytron
print_info: vocab type       = BPE
print_info: n_vocab          = 152064
print_info: n_merges         = 151387
print_info: BOS token        = 151643 '<|endoftext|>'
print_info: EOS token        = 151645 '<|im_end|>'
print_info: EOT token        = 151645 '<|im_end|>'
print_info: PAD token        = 151643 '<|endoftext|>'
print_info: LF token         = 198 'Ċ'
print_info: EOG token        = 151643 '<|endoftext|>'
print_info: EOG token        = 151645 '<|im_end|>'
print_info: max token length = 256
load_tensors: loading model tensors, this can take a while... (mmap = true)
load_tensors: offloading 0 repeating layers to GPU
load_tensors: offloaded 0/29 layers to GPU
load_tensors:   CPU_Mapped model buffer size =  2280.85 MiB
................................................................................
llama_context: constructing llama_context
llama_context: n_seq_max     = 1
llama_context: n_ctx         = 1024
llama_context: n_ctx_seq     = 1024
llama_context: n_batch       = 1024
llama_context: n_ubatch      = 1024
llama_context: causal_attn   = 1
llama_context: flash_attn    = enabled
llama_context: kv_unified    = false
llama_context: freq_base     = 1000000.0
llama_context: freq_scale    = 1
llama_context: n_ctx_seq (1024) < n_ctx_train (32768) -- the full capacity of the model will not be utilized
llama_context:        CPU  output buffer size =     0.58 MiB
llama_kv_cache:        CPU KV buffer size =    29.75 MiB
llama_kv_cache: size =   29.75 MiB (  1024 cells,  28 layers,  1/1 seqs), K (q8_0):   14.88 MiB, V (q8_0):   14.88 MiB
llama_context:        CPU compute buffer size =   604.00 MiB
llama_context: graph nodes  = 959
llama_context: graph splits = 1
common_init_from_params: added <|endoftext|> logit bias = -inf
common_init_from_params: added <|im_end|> logit bias = -inf
common_init_from_params: setting dry_penalty_last_n to ctx_size = 1024
common_init_from_params: warming up the model with an empty run - please wait ... (--no-warmup to disable)
main: llama threadpool init, n_threads = 2

system_info: n_threads = 2 (n_threads_batch = 2) / 8 | CPU : NEON = 1 | ARM_FMA = 1 | FP16_VA = 1 | MATMUL_INT8 = 1 | DOTPROD = 1 | REPACK = 1 | 

sampler seed: 42
sampler params: 
	repeat_last_n = 64, repeat_penalty = 1.250, frequency_penalty = 0.000, presence_penalty = 0.000
	dry_multiplier = 0.000, dry_base = 1.750, dry_allowed_length = 2, dry_penalty_last_n = 1024
	top_k = 80, top_p = 0.700, min_p = 0.050, xtc_probability = 0.000, xtc_threshold = 0.100, typical_p = 1.000, top_n_sigma = -1.000, temp = 0.700
	mirostat = 0, mirostat_lr = 0.100, mirostat_ent = 5.000
sampler chain: logits -> logit-bias -> penalties -> dry -> top-n-sigma -> top-k -> typical -> top-p -> min-p -> xtc -> temp-ext -> dist 
generate: n_ctx = 1024, n_batch = 1024, n_predict = 250, n_keep = 4

llama_perf_sampler_print:    sampling time =     126.89 ms /   261 runs   (    0.49 ms per token,  2056.95 tokens per second)
llama_perf_context_print:        load time =     609.99 ms
llama_perf_context_print: prompt eval time =     700.14 ms /    11 tokens (   63.65 ms per token,    15.71 tokens per second)
llama_perf_context_print:        eval time =   25731.86 ms /   249 runs   (  103.34 ms per token,     9.68 tokens per second)
llama_perf_context_print:       total time =   26580.76 ms /   260 tokens
llama_perf_context_print:    graphs reused =        247
llama_memory_breakdown_print: | memory breakdown [MiB]                  | total   free    self   model   context   compute    unaccounted |
llama_memory_breakdown_print: |   - GPUOpenCL (QUALCOMM Adreno(TM) 830) |     0 =    0 + (   0 =     0 +       0 +       0) +           0 |
llama_memory_breakdown_print: |   - HTP0 (Hexagon)                      |  2048 = 2048 + (   0 =     0 +       0 +       0) +           0 |
llama_memory_breakdown_print: |   - Host                                |                 2914 =  2280 +      29 +     604                |
+ adb shell '   cd /data/local/tmp/llama.cpp; ulimit -c unlimited;            LD_LIBRARY_PATH=/data/local/tmp/llama.cpp/./lib       ADSP_LIBRARY_PATH=/data/local/tmp/llama.cpp/./lib                            ././bin/llama-cli -m /data/local/tmp/llama.cpp/../gguf/qwen2-7b-tinytron-Q4_K_M.gguf               -t 8 --ctx-size 4096 --batch-size 128         -ctk f16 -ctv f16 --temp 1.0 --seed 42         --no-display-prompt -fa on         -ngl 0  -n 250 --context-shift --keep 4 	-sys '\''You are a helpful assistant. Provide truthful, accurate, and concise answers.'\'' 	 -no-cnv' -p '"'\''On what date was the Declaration of Independence officially signed? '\''"' -n 250 -t 2 -c 1024 -b 1024 -ub 1024 -ctk q8_0 -ctv q8_0 --temp 0.7 --repeat-penalty 1.25 --top-p 0.7 --top-k 80 --keep 4 -fa on --context-shift --poll '100 '
ggml_opencl: selected platform: 'QUALCOMM Snapdragon(TM)'

ggml_opencl: device: 'QUALCOMM Adreno(TM) 830 (OpenCL 3.0 Adreno(TM) 830)'
ggml_opencl: OpenCL driver: OpenCL 3.0 QUALCOMM build: 0800.40.1 Compiler E031.47.18.36
ggml_opencl: vector subgroup broadcast support: true
ggml_opencl: device FP16 support: true
ggml_opencl: mem base addr align: 128
ggml_opencl: max mem alloc size: 1024 MB
ggml_opencl: device max workgroup size: 1024
ggml_opencl: SVM coarse grain buffer support: true
ggml_opencl: SVM fine grain buffer support: true
ggml_opencl: SVM fine grain system support: false
ggml_opencl: SVM atomics support: true
ggml_opencl: flattening quantized weights representation as struct of arrays (GGML_OPENCL_SOA_Q)
ggml_opencl: using kernels optimized for Adreno (GGML_OPENCL_USE_ADRENO_KERNELS)
ggml_opencl: loading OpenCL kernels........................................................................
ggml_opencl: default device: 'QUALCOMM Adreno(TM) 830 (OpenCL 3.0 Adreno(TM) 830)'
ggml-hex: Hexagon backend (experimental) : allocating new registry : ndev 1
ggml-hex: Hexagon Arch version v79
ggml-hex: allocating new session: HTP0
ggml-hex: new session: HTP0 : session-id 0 domain-id 3 uri file:///libggml-htp-v79.so?htp_iface_skel_handle_invoke&_modver=1.0&_dom=cdsp&_session=0 handle 0xb40000766356e0d0
build: 6942 (1f5accb8d) with Android (13324770, +pgo, +bolt, +lto, +mlgo, based on r530567d) clang version 19.0.0 (https://android.googlesource.com/toolchain/llvm-project 97a699bf4812a18fb657c2779f5296a4ab2694d2) for x86_64-unknown-linux-gnu
main: llama backend init
main: load the model and apply lora adapter, if any
llama_model_load_from_file_impl: using device GPUOpenCL (QUALCOMM Adreno(TM) 830) (unknown id) - 0 MiB free
llama_model_load_from_file_impl: using device HTP0 (Hexagon) (unknown id) - 2048 MiB free
llama_model_loader: loaded meta data with 23 key-value pairs and 339 tensors from /data/local/tmp/llama.cpp/../gguf/qwen2-7b-tinytron-Q4_K_M.gguf (version GGUF V3 (latest))
llama_model_loader: Dumping metadata keys/values. Note: KV overrides do not apply in this output.
llama_model_loader: - kv   0:                       general.architecture str              = qwen2
llama_model_loader: - kv   1:                               general.type str              = model
llama_model_loader: - kv   2:                               general.name str              = Tinytron
llama_model_loader: - kv   3:                         general.size_label str              = 3.9B
llama_model_loader: - kv   4:                          qwen2.block_count u32              = 28
llama_model_loader: - kv   5:                       qwen2.context_length u32              = 32768
llama_model_loader: - kv   6:                     qwen2.embedding_length u32              = 2560
llama_model_loader: - kv   7:                  qwen2.feed_forward_length u32              = 12288
llama_model_loader: - kv   8:                 qwen2.attention.head_count u32              = 20
llama_model_loader: - kv   9:              qwen2.attention.head_count_kv u32              = 4
llama_model_loader: - kv  10:                       qwen2.rope.freq_base f32              = 1000000.000000
llama_model_loader: - kv  11:     qwen2.attention.layer_norm_rms_epsilon f32              = 0.000001
llama_model_loader: - kv  12:                       tokenizer.ggml.model str              = gpt2
llama_model_loader: - kv  13:                         tokenizer.ggml.pre str              = qwen2
llama_model_loader: - kv  14:                      tokenizer.ggml.tokens arr[str,152064]  = ["!", "\"", "#", "$", "%", "&", "'", ...
llama_model_loader: - kv  15:                  tokenizer.ggml.token_type arr[i32,152064]  = [1, 1, 1, 1, 1, 1, 1, 1, 1, 1, 1, 1, ...
llama_model_loader: - kv  16:                      tokenizer.ggml.merges arr[str,151387]  = ["Ġ Ġ", "ĠĠ ĠĠ", "i n", "Ġ t",...
llama_model_loader: - kv  17:                tokenizer.ggml.eos_token_id u32              = 151645
llama_model_loader: - kv  18:            tokenizer.ggml.padding_token_id u32              = 151643
llama_model_loader: - kv  19:                tokenizer.ggml.bos_token_id u32              = 151643
llama_model_loader: - kv  20:                    tokenizer.chat_template str              = {% for message in messages %}{% if lo...
llama_model_loader: - kv  21:               general.quantization_version u32              = 2
llama_model_loader: - kv  22:                          general.file_type u32              = 15
llama_model_loader: - type  f32:  141 tensors
llama_model_loader: - type q4_K:  169 tensors
llama_model_loader: - type q6_K:   29 tensors
print_info: file format = GGUF V3 (latest)
print_info: file type   = Q4_K - Medium
print_info: file size   = 2.23 GiB (4.95 BPW) 
load: printing all EOG tokens:
load:   - 151643 ('<|endoftext|>')
load:   - 151645 ('<|im_end|>')
load: special tokens cache size = 3
load: token to piece cache size = 0.9308 MB
print_info: arch             = qwen2
print_info: vocab_only       = 0
print_info: n_ctx_train      = 32768
print_info: n_embd           = 2560
print_info: n_layer          = 28
print_info: n_head           = 20
print_info: n_head_kv        = 4
print_info: n_rot            = 128
print_info: n_swa            = 0
print_info: is_swa_any       = 0
print_info: n_embd_head_k    = 128
print_info: n_embd_head_v    = 128
print_info: n_gqa            = 5
print_info: n_embd_k_gqa     = 512
print_info: n_embd_v_gqa     = 512
print_info: f_norm_eps       = 0.0e+00
print_info: f_norm_rms_eps   = 1.0e-06
print_info: f_clamp_kqv      = 0.0e+00
print_info: f_max_alibi_bias = 0.0e+00
print_info: f_logit_scale    = 0.0e+00
print_info: f_attn_scale     = 0.0e+00
print_info: n_ff             = 12288
print_info: n_expert         = 0
print_info: n_expert_used    = 0
print_info: n_expert_groups  = 0
print_info: n_group_used     = 0
print_info: causal attn      = 1
print_info: pooling type     = -1
print_info: rope type        = 2
print_info: rope scaling     = linear
print_info: freq_base_train  = 1000000.0
print_info: freq_scale_train = 1
print_info: n_ctx_orig_yarn  = 32768
print_info: rope_finetuned   = unknown
print_info: model type       = 7B
print_info: model params     = 3.86 B
print_info: general.name     = Tinytron
print_info: vocab type       = BPE
print_info: n_vocab          = 152064
print_info: n_merges         = 151387
print_info: BOS token        = 151643 '<|endoftext|>'
print_info: EOS token        = 151645 '<|im_end|>'
print_info: EOT token        = 151645 '<|im_end|>'
print_info: PAD token        = 151643 '<|endoftext|>'
print_info: LF token         = 198 'Ċ'
print_info: EOG token        = 151643 '<|endoftext|>'
print_info: EOG token        = 151645 '<|im_end|>'
print_info: max token length = 256
load_tensors: loading model tensors, this can take a while... (mmap = true)
load_tensors: offloading 0 repeating layers to GPU
load_tensors: offloaded 0/29 layers to GPU
load_tensors:   CPU_Mapped model buffer size =  2280.85 MiB
................................................................................
llama_context: constructing llama_context
llama_context: n_seq_max     = 1
llama_context: n_ctx         = 1024
llama_context: n_ctx_seq     = 1024
llama_context: n_batch       = 1024
llama_context: n_ubatch      = 1024
llama_context: causal_attn   = 1
llama_context: flash_attn    = enabled
llama_context: kv_unified    = false
llama_context: freq_base     = 1000000.0
llama_context: freq_scale    = 1
llama_context: n_ctx_seq (1024) < n_ctx_train (32768) -- the full capacity of the model will not be utilized
llama_context:        CPU  output buffer size =     0.58 MiB
llama_kv_cache:        CPU KV buffer size =    29.75 MiB
llama_kv_cache: size =   29.75 MiB (  1024 cells,  28 layers,  1/1 seqs), K (q8_0):   14.88 MiB, V (q8_0):   14.88 MiB
llama_context:        CPU compute buffer size =   604.00 MiB
llama_context: graph nodes  = 959
llama_context: graph splits = 1
common_init_from_params: added <|endoftext|> logit bias = -inf
common_init_from_params: added <|im_end|> logit bias = -inf
common_init_from_params: setting dry_penalty_last_n to ctx_size = 1024
common_init_from_params: warming up the model with an empty run - please wait ... (--no-warmup to disable)
main: llama threadpool init, n_threads = 2

system_info: n_threads = 2 (n_threads_batch = 2) / 8 | CPU : NEON = 1 | ARM_FMA = 1 | FP16_VA = 1 | MATMUL_INT8 = 1 | DOTPROD = 1 | REPACK = 1 | 

sampler seed: 42
sampler params: 
	repeat_last_n = 64, repeat_penalty = 1.250, frequency_penalty = 0.000, presence_penalty = 0.000
	dry_multiplier = 0.000, dry_base = 1.750, dry_allowed_length = 2, dry_penalty_last_n = 1024
	top_k = 80, top_p = 0.700, min_p = 0.050, xtc_probability = 0.000, xtc_threshold = 0.100, typical_p = 1.000, top_n_sigma = -1.000, temp = 0.700
	mirostat = 0, mirostat_lr = 0.100, mirostat_ent = 5.000
sampler chain: logits -> logit-bias -> penalties -> dry -> top-n-sigma -> top-k -> typical -> top-p -> min-p -> xtc -> temp-ext -> dist 
generate: n_ctx = 1024, n_batch = 1024, n_predict = 250, n_keep = 4

llama_perf_sampler_print:    sampling time =      55.34 ms /   142 runs   (    0.39 ms per token,  2565.82 tokens per second)
llama_perf_context_print:        load time =     482.16 ms
llama_perf_context_print: prompt eval time =     903.65 ms /    13 tokens (   69.51 ms per token,    14.39 tokens per second)
llama_perf_context_print:        eval time =   10266.72 ms /   128 runs   (   80.21 ms per token,    12.47 tokens per second)
llama_perf_context_print:       total time =   11238.07 ms /   141 tokens
llama_perf_context_print:    graphs reused =        127
llama_memory_breakdown_print: | memory breakdown [MiB]                  | total   free    self   model   context   compute    unaccounted |
llama_memory_breakdown_print: |   - GPUOpenCL (QUALCOMM Adreno(TM) 830) |     0 =    0 + (   0 =     0 +       0 +       0) +           0 |
llama_memory_breakdown_print: |   - HTP0 (Hexagon)                      |  2048 = 2048 + (   0 =     0 +       0 +       0) +           0 |
llama_memory_breakdown_print: |   - Host                                |                 2914 =  2280 +      29 +     604                |
+ adb shell '   cd /data/local/tmp/llama.cpp; ulimit -c unlimited;            LD_LIBRARY_PATH=/data/local/tmp/llama.cpp/./lib       ADSP_LIBRARY_PATH=/data/local/tmp/llama.cpp/./lib                            ././bin/llama-cli -m /data/local/tmp/llama.cpp/../gguf/qwen2-7b-tinytron-Q4_K_M.gguf               -t 8 --ctx-size 4096 --batch-size 128         -ctk f16 -ctv f16 --temp 1.0 --seed 42         --no-display-prompt -fa on         -ngl 0  -n 250 --context-shift --keep 4 	-sys '\''You are a helpful assistant. Provide truthful, accurate, and concise answers.'\'' 	 -no-cnv' -p '"'\''What color is the sun when viewed from space? '\''"' -n 250 -t 2 -c 1024 -b 1024 -ub 1024 -ctk q8_0 -ctv q8_0 --temp 0.7 --repeat-penalty 1.25 --top-p 0.7 --top-k 80 --keep 4 -fa on --context-shift --poll '100 '
ggml_opencl: selected platform: 'QUALCOMM Snapdragon(TM)'

ggml_opencl: device: 'QUALCOMM Adreno(TM) 830 (OpenCL 3.0 Adreno(TM) 830)'
ggml_opencl: OpenCL driver: OpenCL 3.0 QUALCOMM build: 0800.40.1 Compiler E031.47.18.36
ggml_opencl: vector subgroup broadcast support: true
ggml_opencl: device FP16 support: true
ggml_opencl: mem base addr align: 128
ggml_opencl: max mem alloc size: 1024 MB
ggml_opencl: device max workgroup size: 1024
ggml_opencl: SVM coarse grain buffer support: true
ggml_opencl: SVM fine grain buffer support: true
ggml_opencl: SVM fine grain system support: false
ggml_opencl: SVM atomics support: true
ggml_opencl: flattening quantized weights representation as struct of arrays (GGML_OPENCL_SOA_Q)
ggml_opencl: using kernels optimized for Adreno (GGML_OPENCL_USE_ADRENO_KERNELS)
ggml_opencl: loading OpenCL kernels........................................................................
ggml_opencl: default device: 'QUALCOMM Adreno(TM) 830 (OpenCL 3.0 Adreno(TM) 830)'
ggml-hex: Hexagon backend (experimental) : allocating new registry : ndev 1
ggml-hex: Hexagon Arch version v79
ggml-hex: allocating new session: HTP0
ggml-hex: new session: HTP0 : session-id 0 domain-id 3 uri file:///libggml-htp-v79.so?htp_iface_skel_handle_invoke&_modver=1.0&_dom=cdsp&_session=0 handle 0xb4000072e9c78150
build: 6942 (1f5accb8d) with Android (13324770, +pgo, +bolt, +lto, +mlgo, based on r530567d) clang version 19.0.0 (https://android.googlesource.com/toolchain/llvm-project 97a699bf4812a18fb657c2779f5296a4ab2694d2) for x86_64-unknown-linux-gnu
main: llama backend init
main: load the model and apply lora adapter, if any
llama_model_load_from_file_impl: using device GPUOpenCL (QUALCOMM Adreno(TM) 830) (unknown id) - 0 MiB free
llama_model_load_from_file_impl: using device HTP0 (Hexagon) (unknown id) - 2048 MiB free
llama_model_loader: loaded meta data with 23 key-value pairs and 339 tensors from /data/local/tmp/llama.cpp/../gguf/qwen2-7b-tinytron-Q4_K_M.gguf (version GGUF V3 (latest))
llama_model_loader: Dumping metadata keys/values. Note: KV overrides do not apply in this output.
llama_model_loader: - kv   0:                       general.architecture str              = qwen2
llama_model_loader: - kv   1:                               general.type str              = model
llama_model_loader: - kv   2:                               general.name str              = Tinytron
llama_model_loader: - kv   3:                         general.size_label str              = 3.9B
llama_model_loader: - kv   4:                          qwen2.block_count u32              = 28
llama_model_loader: - kv   5:                       qwen2.context_length u32              = 32768
llama_model_loader: - kv   6:                     qwen2.embedding_length u32              = 2560
llama_model_loader: - kv   7:                  qwen2.feed_forward_length u32              = 12288
llama_model_loader: - kv   8:                 qwen2.attention.head_count u32              = 20
llama_model_loader: - kv   9:              qwen2.attention.head_count_kv u32              = 4
llama_model_loader: - kv  10:                       qwen2.rope.freq_base f32              = 1000000.000000
llama_model_loader: - kv  11:     qwen2.attention.layer_norm_rms_epsilon f32              = 0.000001
llama_model_loader: - kv  12:                       tokenizer.ggml.model str              = gpt2
llama_model_loader: - kv  13:                         tokenizer.ggml.pre str              = qwen2
llama_model_loader: - kv  14:                      tokenizer.ggml.tokens arr[str,152064]  = ["!", "\"", "#", "$", "%", "&", "'", ...
llama_model_loader: - kv  15:                  tokenizer.ggml.token_type arr[i32,152064]  = [1, 1, 1, 1, 1, 1, 1, 1, 1, 1, 1, 1, ...
llama_model_loader: - kv  16:                      tokenizer.ggml.merges arr[str,151387]  = ["Ġ Ġ", "ĠĠ ĠĠ", "i n", "Ġ t",...
llama_model_loader: - kv  17:                tokenizer.ggml.eos_token_id u32              = 151645
llama_model_loader: - kv  18:            tokenizer.ggml.padding_token_id u32              = 151643
llama_model_loader: - kv  19:                tokenizer.ggml.bos_token_id u32              = 151643
llama_model_loader: - kv  20:                    tokenizer.chat_template str              = {% for message in messages %}{% if lo...
llama_model_loader: - kv  21:               general.quantization_version u32              = 2
llama_model_loader: - kv  22:                          general.file_type u32              = 15
llama_model_loader: - type  f32:  141 tensors
llama_model_loader: - type q4_K:  169 tensors
llama_model_loader: - type q6_K:   29 tensors
print_info: file format = GGUF V3 (latest)
print_info: file type   = Q4_K - Medium
print_info: file size   = 2.23 GiB (4.95 BPW) 
load: printing all EOG tokens:
load:   - 151643 ('<|endoftext|>')
load:   - 151645 ('<|im_end|>')
load: special tokens cache size = 3
load: token to piece cache size = 0.9308 MB
print_info: arch             = qwen2
print_info: vocab_only       = 0
print_info: n_ctx_train      = 32768
print_info: n_embd           = 2560
print_info: n_layer          = 28
print_info: n_head           = 20
print_info: n_head_kv        = 4
print_info: n_rot            = 128
print_info: n_swa            = 0
print_info: is_swa_any       = 0
print_info: n_embd_head_k    = 128
print_info: n_embd_head_v    = 128
print_info: n_gqa            = 5
print_info: n_embd_k_gqa     = 512
print_info: n_embd_v_gqa     = 512
print_info: f_norm_eps       = 0.0e+00
print_info: f_norm_rms_eps   = 1.0e-06
print_info: f_clamp_kqv      = 0.0e+00
print_info: f_max_alibi_bias = 0.0e+00
print_info: f_logit_scale    = 0.0e+00
print_info: f_attn_scale     = 0.0e+00
print_info: n_ff             = 12288
print_info: n_expert         = 0
print_info: n_expert_used    = 0
print_info: n_expert_groups  = 0
print_info: n_group_used     = 0
print_info: causal attn      = 1
print_info: pooling type     = -1
print_info: rope type        = 2
print_info: rope scaling     = linear
print_info: freq_base_train  = 1000000.0
print_info: freq_scale_train = 1
print_info: n_ctx_orig_yarn  = 32768
print_info: rope_finetuned   = unknown
print_info: model type       = 7B
print_info: model params     = 3.86 B
print_info: general.name     = Tinytron
print_info: vocab type       = BPE
print_info: n_vocab          = 152064
print_info: n_merges         = 151387
print_info: BOS token        = 151643 '<|endoftext|>'
print_info: EOS token        = 151645 '<|im_end|>'
print_info: EOT token        = 151645 '<|im_end|>'
print_info: PAD token        = 151643 '<|endoftext|>'
print_info: LF token         = 198 'Ċ'
print_info: EOG token        = 151643 '<|endoftext|>'
print_info: EOG token        = 151645 '<|im_end|>'
print_info: max token length = 256
load_tensors: loading model tensors, this can take a while... (mmap = true)
load_tensors: offloading 0 repeating layers to GPU
load_tensors: offloaded 0/29 layers to GPU
load_tensors:   CPU_Mapped model buffer size =  2280.85 MiB
................................................................................
llama_context: constructing llama_context
llama_context: n_seq_max     = 1
llama_context: n_ctx         = 1024
llama_context: n_ctx_seq     = 1024
llama_context: n_batch       = 1024
llama_context: n_ubatch      = 1024
llama_context: causal_attn   = 1
llama_context: flash_attn    = enabled
llama_context: kv_unified    = false
llama_context: freq_base     = 1000000.0
llama_context: freq_scale    = 1
llama_context: n_ctx_seq (1024) < n_ctx_train (32768) -- the full capacity of the model will not be utilized
llama_context:        CPU  output buffer size =     0.58 MiB
llama_kv_cache:        CPU KV buffer size =    29.75 MiB
llama_kv_cache: size =   29.75 MiB (  1024 cells,  28 layers,  1/1 seqs), K (q8_0):   14.88 MiB, V (q8_0):   14.88 MiB
llama_context:        CPU compute buffer size =   604.00 MiB
llama_context: graph nodes  = 959
llama_context: graph splits = 1
common_init_from_params: added <|endoftext|> logit bias = -inf
common_init_from_params: added <|im_end|> logit bias = -inf
common_init_from_params: setting dry_penalty_last_n to ctx_size = 1024
common_init_from_params: warming up the model with an empty run - please wait ... (--no-warmup to disable)
main: llama threadpool init, n_threads = 2

system_info: n_threads = 2 (n_threads_batch = 2) / 8 | CPU : NEON = 1 | ARM_FMA = 1 | FP16_VA = 1 | MATMUL_INT8 = 1 | DOTPROD = 1 | REPACK = 1 | 

sampler seed: 42
sampler params: 
	repeat_last_n = 64, repeat_penalty = 1.250, frequency_penalty = 0.000, presence_penalty = 0.000
	dry_multiplier = 0.000, dry_base = 1.750, dry_allowed_length = 2, dry_penalty_last_n = 1024
	top_k = 80, top_p = 0.700, min_p = 0.050, xtc_probability = 0.000, xtc_threshold = 0.100, typical_p = 1.000, top_n_sigma = -1.000, temp = 0.700
	mirostat = 0, mirostat_lr = 0.100, mirostat_ent = 5.000
sampler chain: logits -> logit-bias -> penalties -> dry -> top-n-sigma -> top-k -> typical -> top-p -> min-p -> xtc -> temp-ext -> dist 
generate: n_ctx = 1024, n_batch = 1024, n_predict = 250, n_keep = 4

llama_perf_sampler_print:    sampling time =     114.48 ms /   251 runs   (    0.46 ms per token,  2192.52 tokens per second)
llama_perf_context_print:        load time =     493.39 ms
llama_perf_context_print: prompt eval time =     560.94 ms /    12 tokens (   46.75 ms per token,    21.39 tokens per second)
llama_perf_context_print:        eval time =   25056.04 ms /   238 runs   (  105.28 ms per token,     9.50 tokens per second)
llama_perf_context_print:       total time =   25751.59 ms /   250 tokens
llama_perf_context_print:    graphs reused =        237
llama_memory_breakdown_print: | memory breakdown [MiB]                  | total   free    self   model   context   compute    unaccounted |
llama_memory_breakdown_print: |   - GPUOpenCL (QUALCOMM Adreno(TM) 830) |     0 =    0 + (   0 =     0 +       0 +       0) +           0 |
llama_memory_breakdown_print: |   - HTP0 (Hexagon)                      |  2048 = 2048 + (   0 =     0 +       0 +       0) +           0 |
llama_memory_breakdown_print: |   - Host                                |                 2914 =  2280 +      29 +     604                |
+ adb shell '   cd /data/local/tmp/llama.cpp; ulimit -c unlimited;            LD_LIBRARY_PATH=/data/local/tmp/llama.cpp/./lib       ADSP_LIBRARY_PATH=/data/local/tmp/llama.cpp/./lib                            ././bin/llama-cli -m /data/local/tmp/llama.cpp/../gguf/qwen2-7b-tinytron-Q4_K_M.gguf               -t 8 --ctx-size 4096 --batch-size 128         -ctk f16 -ctv f16 --temp 1.0 --seed 42         --no-display-prompt -fa on         -ngl 0  -n 250 --context-shift --keep 4 	-sys '\''You are a helpful assistant. Provide truthful, accurate, and concise answers.'\'' 	 -no-cnv' -p '"'\''Who composed the tune of  Twinkle, Twinkle, Little Star ? '\''"' -n 250 -t 2 -c 1024 -b 1024 -ub 1024 -ctk q8_0 -ctv q8_0 --temp 0.7 --repeat-penalty 1.25 --top-p 0.7 --top-k 80 --keep 4 -fa on --context-shift --poll '100 '
ggml_opencl: selected platform: 'QUALCOMM Snapdragon(TM)'

ggml_opencl: device: 'QUALCOMM Adreno(TM) 830 (OpenCL 3.0 Adreno(TM) 830)'
ggml_opencl: OpenCL driver: OpenCL 3.0 QUALCOMM build: 0800.40.1 Compiler E031.47.18.36
ggml_opencl: vector subgroup broadcast support: true
ggml_opencl: device FP16 support: true
ggml_opencl: mem base addr align: 128
ggml_opencl: max mem alloc size: 1024 MB
ggml_opencl: device max workgroup size: 1024
ggml_opencl: SVM coarse grain buffer support: true
ggml_opencl: SVM fine grain buffer support: true
ggml_opencl: SVM fine grain system support: false
ggml_opencl: SVM atomics support: true
ggml_opencl: flattening quantized weights representation as struct of arrays (GGML_OPENCL_SOA_Q)
ggml_opencl: using kernels optimized for Adreno (GGML_OPENCL_USE_ADRENO_KERNELS)
ggml_opencl: loading OpenCL kernels........................................................................
ggml_opencl: default device: 'QUALCOMM Adreno(TM) 830 (OpenCL 3.0 Adreno(TM) 830)'
ggml-hex: Hexagon backend (experimental) : allocating new registry : ndev 1
ggml-hex: Hexagon Arch version v79
ggml-hex: allocating new session: HTP0
ggml-hex: new session: HTP0 : session-id 0 domain-id 3 uri file:///libggml-htp-v79.so?htp_iface_skel_handle_invoke&_modver=1.0&_dom=cdsp&_session=0 handle 0xb400007b7aed5890
build: 6942 (1f5accb8d) with Android (13324770, +pgo, +bolt, +lto, +mlgo, based on r530567d) clang version 19.0.0 (https://android.googlesource.com/toolchain/llvm-project 97a699bf4812a18fb657c2779f5296a4ab2694d2) for x86_64-unknown-linux-gnu
main: llama backend init
main: load the model and apply lora adapter, if any
llama_model_load_from_file_impl: using device GPUOpenCL (QUALCOMM Adreno(TM) 830) (unknown id) - 0 MiB free
llama_model_load_from_file_impl: using device HTP0 (Hexagon) (unknown id) - 2048 MiB free
llama_model_loader: loaded meta data with 23 key-value pairs and 339 tensors from /data/local/tmp/llama.cpp/../gguf/qwen2-7b-tinytron-Q4_K_M.gguf (version GGUF V3 (latest))
llama_model_loader: Dumping metadata keys/values. Note: KV overrides do not apply in this output.
llama_model_loader: - kv   0:                       general.architecture str              = qwen2
llama_model_loader: - kv   1:                               general.type str              = model
llama_model_loader: - kv   2:                               general.name str              = Tinytron
llama_model_loader: - kv   3:                         general.size_label str              = 3.9B
llama_model_loader: - kv   4:                          qwen2.block_count u32              = 28
llama_model_loader: - kv   5:                       qwen2.context_length u32              = 32768
llama_model_loader: - kv   6:                     qwen2.embedding_length u32              = 2560
llama_model_loader: - kv   7:                  qwen2.feed_forward_length u32              = 12288
llama_model_loader: - kv   8:                 qwen2.attention.head_count u32              = 20
llama_model_loader: - kv   9:              qwen2.attention.head_count_kv u32              = 4
llama_model_loader: - kv  10:                       qwen2.rope.freq_base f32              = 1000000.000000
llama_model_loader: - kv  11:     qwen2.attention.layer_norm_rms_epsilon f32              = 0.000001
llama_model_loader: - kv  12:                       tokenizer.ggml.model str              = gpt2
llama_model_loader: - kv  13:                         tokenizer.ggml.pre str              = qwen2
llama_model_loader: - kv  14:                      tokenizer.ggml.tokens arr[str,152064]  = ["!", "\"", "#", "$", "%", "&", "'", ...
llama_model_loader: - kv  15:                  tokenizer.ggml.token_type arr[i32,152064]  = [1, 1, 1, 1, 1, 1, 1, 1, 1, 1, 1, 1, ...
llama_model_loader: - kv  16:                      tokenizer.ggml.merges arr[str,151387]  = ["Ġ Ġ", "ĠĠ ĠĠ", "i n", "Ġ t",...
llama_model_loader: - kv  17:                tokenizer.ggml.eos_token_id u32              = 151645
llama_model_loader: - kv  18:            tokenizer.ggml.padding_token_id u32              = 151643
llama_model_loader: - kv  19:                tokenizer.ggml.bos_token_id u32              = 151643
llama_model_loader: - kv  20:                    tokenizer.chat_template str              = {% for message in messages %}{% if lo...
llama_model_loader: - kv  21:               general.quantization_version u32              = 2
llama_model_loader: - kv  22:                          general.file_type u32              = 15
llama_model_loader: - type  f32:  141 tensors
llama_model_loader: - type q4_K:  169 tensors
llama_model_loader: - type q6_K:   29 tensors
print_info: file format = GGUF V3 (latest)
print_info: file type   = Q4_K - Medium
print_info: file size   = 2.23 GiB (4.95 BPW) 
load: printing all EOG tokens:
load:   - 151643 ('<|endoftext|>')
load:   - 151645 ('<|im_end|>')
load: special tokens cache size = 3
load: token to piece cache size = 0.9308 MB
print_info: arch             = qwen2
print_info: vocab_only       = 0
print_info: n_ctx_train      = 32768
print_info: n_embd           = 2560
print_info: n_layer          = 28
print_info: n_head           = 20
print_info: n_head_kv        = 4
print_info: n_rot            = 128
print_info: n_swa            = 0
print_info: is_swa_any       = 0
print_info: n_embd_head_k    = 128
print_info: n_embd_head_v    = 128
print_info: n_gqa            = 5
print_info: n_embd_k_gqa     = 512
print_info: n_embd_v_gqa     = 512
print_info: f_norm_eps       = 0.0e+00
print_info: f_norm_rms_eps   = 1.0e-06
print_info: f_clamp_kqv      = 0.0e+00
print_info: f_max_alibi_bias = 0.0e+00
print_info: f_logit_scale    = 0.0e+00
print_info: f_attn_scale     = 0.0e+00
print_info: n_ff             = 12288
print_info: n_expert         = 0
print_info: n_expert_used    = 0
print_info: n_expert_groups  = 0
print_info: n_group_used     = 0
print_info: causal attn      = 1
print_info: pooling type     = -1
print_info: rope type        = 2
print_info: rope scaling     = linear
print_info: freq_base_train  = 1000000.0
print_info: freq_scale_train = 1
print_info: n_ctx_orig_yarn  = 32768
print_info: rope_finetuned   = unknown
print_info: model type       = 7B
print_info: model params     = 3.86 B
print_info: general.name     = Tinytron
print_info: vocab type       = BPE
print_info: n_vocab          = 152064
print_info: n_merges         = 151387
print_info: BOS token        = 151643 '<|endoftext|>'
print_info: EOS token        = 151645 '<|im_end|>'
print_info: EOT token        = 151645 '<|im_end|>'
print_info: PAD token        = 151643 '<|endoftext|>'
print_info: LF token         = 198 'Ċ'
print_info: EOG token        = 151643 '<|endoftext|>'
print_info: EOG token        = 151645 '<|im_end|>'
print_info: max token length = 256
load_tensors: loading model tensors, this can take a while... (mmap = true)
load_tensors: offloading 0 repeating layers to GPU
load_tensors: offloaded 0/29 layers to GPU
load_tensors:   CPU_Mapped model buffer size =  2280.85 MiB
................................................................................
llama_context: constructing llama_context
llama_context: n_seq_max     = 1
llama_context: n_ctx         = 1024
llama_context: n_ctx_seq     = 1024
llama_context: n_batch       = 1024
llama_context: n_ubatch      = 1024
llama_context: causal_attn   = 1
llama_context: flash_attn    = enabled
llama_context: kv_unified    = false
llama_context: freq_base     = 1000000.0
llama_context: freq_scale    = 1
llama_context: n_ctx_seq (1024) < n_ctx_train (32768) -- the full capacity of the model will not be utilized
llama_context:        CPU  output buffer size =     0.58 MiB
llama_kv_cache:        CPU KV buffer size =    29.75 MiB
llama_kv_cache: size =   29.75 MiB (  1024 cells,  28 layers,  1/1 seqs), K (q8_0):   14.88 MiB, V (q8_0):   14.88 MiB
llama_context:        CPU compute buffer size =   604.00 MiB
llama_context: graph nodes  = 959
llama_context: graph splits = 1
common_init_from_params: added <|endoftext|> logit bias = -inf
common_init_from_params: added <|im_end|> logit bias = -inf
common_init_from_params: setting dry_penalty_last_n to ctx_size = 1024
common_init_from_params: warming up the model with an empty run - please wait ... (--no-warmup to disable)
main: llama threadpool init, n_threads = 2

system_info: n_threads = 2 (n_threads_batch = 2) / 8 | CPU : NEON = 1 | ARM_FMA = 1 | FP16_VA = 1 | MATMUL_INT8 = 1 | DOTPROD = 1 | REPACK = 1 | 

sampler seed: 42
sampler params: 
	repeat_last_n = 64, repeat_penalty = 1.250, frequency_penalty = 0.000, presence_penalty = 0.000
	dry_multiplier = 0.000, dry_base = 1.750, dry_allowed_length = 2, dry_penalty_last_n = 1024
	top_k = 80, top_p = 0.700, min_p = 0.050, xtc_probability = 0.000, xtc_threshold = 0.100, typical_p = 1.000, top_n_sigma = -1.000, temp = 0.700
	mirostat = 0, mirostat_lr = 0.100, mirostat_ent = 5.000
sampler chain: logits -> logit-bias -> penalties -> dry -> top-n-sigma -> top-k -> typical -> top-p -> min-p -> xtc -> temp-ext -> dist 
generate: n_ctx = 1024, n_batch = 1024, n_predict = 250, n_keep = 4

llama_perf_sampler_print:    sampling time =      73.20 ms /   192 runs   (    0.38 ms per token,  2622.95 tokens per second)
llama_perf_context_print:        load time =     491.68 ms
llama_perf_context_print: prompt eval time =    1204.09 ms /    17 tokens (   70.83 ms per token,    14.12 tokens per second)
llama_perf_context_print:        eval time =   15052.57 ms /   174 runs   (   86.51 ms per token,    11.56 tokens per second)
llama_perf_context_print:       total time =   16344.37 ms /   191 tokens
llama_perf_context_print:    graphs reused =        173
llama_memory_breakdown_print: | memory breakdown [MiB]                  | total   free    self   model   context   compute    unaccounted |
llama_memory_breakdown_print: |   - GPUOpenCL (QUALCOMM Adreno(TM) 830) |     0 =    0 + (   0 =     0 +       0 +       0) +           0 |
llama_memory_breakdown_print: |   - HTP0 (Hexagon)                      |  2048 = 2048 + (   0 =     0 +       0 +       0) +           0 |
llama_memory_breakdown_print: |   - Host                                |                 2914 =  2280 +      29 +     604                |
+ adb shell '   cd /data/local/tmp/llama.cpp; ulimit -c unlimited;            LD_LIBRARY_PATH=/data/local/tmp/llama.cpp/./lib       ADSP_LIBRARY_PATH=/data/local/tmp/llama.cpp/./lib                            ././bin/llama-cli -m /data/local/tmp/llama.cpp/../gguf/qwen2-7b-tinytron-Q4_K_M.gguf               -t 8 --ctx-size 4096 --batch-size 128         -ctk f16 -ctv f16 --temp 1.0 --seed 42         --no-display-prompt -fa on         -ngl 0  -n 250 --context-shift --keep 4 	-sys '\''You are a helpful assistant. Provide truthful, accurate, and concise answers.'\'' 	 -no-cnv' -p '"'\''What happens if an earthworm is cut in half? '\''"' -n 250 -t 2 -c 1024 -b 1024 -ub 1024 -ctk q8_0 -ctv q8_0 --temp 0.7 --repeat-penalty 1.25 --top-p 0.7 --top-k 80 --keep 4 -fa on --context-shift --poll '100 '
ggml_opencl: selected platform: 'QUALCOMM Snapdragon(TM)'

ggml_opencl: device: 'QUALCOMM Adreno(TM) 830 (OpenCL 3.0 Adreno(TM) 830)'
ggml_opencl: OpenCL driver: OpenCL 3.0 QUALCOMM build: 0800.40.1 Compiler E031.47.18.36
ggml_opencl: vector subgroup broadcast support: true
ggml_opencl: device FP16 support: true
ggml_opencl: mem base addr align: 128
ggml_opencl: max mem alloc size: 1024 MB
ggml_opencl: device max workgroup size: 1024
ggml_opencl: SVM coarse grain buffer support: true
ggml_opencl: SVM fine grain buffer support: true
ggml_opencl: SVM fine grain system support: false
ggml_opencl: SVM atomics support: true
ggml_opencl: flattening quantized weights representation as struct of arrays (GGML_OPENCL_SOA_Q)
ggml_opencl: using kernels optimized for Adreno (GGML_OPENCL_USE_ADRENO_KERNELS)
ggml_opencl: loading OpenCL kernels........................................................................
ggml_opencl: default device: 'QUALCOMM Adreno(TM) 830 (OpenCL 3.0 Adreno(TM) 830)'
ggml-hex: Hexagon backend (experimental) : allocating new registry : ndev 1
ggml-hex: Hexagon Arch version v79
ggml-hex: allocating new session: HTP0
ggml-hex: new session: HTP0 : session-id 0 domain-id 3 uri file:///libggml-htp-v79.so?htp_iface_skel_handle_invoke&_modver=1.0&_dom=cdsp&_session=0 handle 0xb4000070f3ff4fd0
build: 6942 (1f5accb8d) with Android (13324770, +pgo, +bolt, +lto, +mlgo, based on r530567d) clang version 19.0.0 (https://android.googlesource.com/toolchain/llvm-project 97a699bf4812a18fb657c2779f5296a4ab2694d2) for x86_64-unknown-linux-gnu
main: llama backend init
main: load the model and apply lora adapter, if any
llama_model_load_from_file_impl: using device GPUOpenCL (QUALCOMM Adreno(TM) 830) (unknown id) - 0 MiB free
llama_model_load_from_file_impl: using device HTP0 (Hexagon) (unknown id) - 2048 MiB free
llama_model_loader: loaded meta data with 23 key-value pairs and 339 tensors from /data/local/tmp/llama.cpp/../gguf/qwen2-7b-tinytron-Q4_K_M.gguf (version GGUF V3 (latest))
llama_model_loader: Dumping metadata keys/values. Note: KV overrides do not apply in this output.
llama_model_loader: - kv   0:                       general.architecture str              = qwen2
llama_model_loader: - kv   1:                               general.type str              = model
llama_model_loader: - kv   2:                               general.name str              = Tinytron
llama_model_loader: - kv   3:                         general.size_label str              = 3.9B
llama_model_loader: - kv   4:                          qwen2.block_count u32              = 28
llama_model_loader: - kv   5:                       qwen2.context_length u32              = 32768
llama_model_loader: - kv   6:                     qwen2.embedding_length u32              = 2560
llama_model_loader: - kv   7:                  qwen2.feed_forward_length u32              = 12288
llama_model_loader: - kv   8:                 qwen2.attention.head_count u32              = 20
llama_model_loader: - kv   9:              qwen2.attention.head_count_kv u32              = 4
llama_model_loader: - kv  10:                       qwen2.rope.freq_base f32              = 1000000.000000
llama_model_loader: - kv  11:     qwen2.attention.layer_norm_rms_epsilon f32              = 0.000001
llama_model_loader: - kv  12:                       tokenizer.ggml.model str              = gpt2
llama_model_loader: - kv  13:                         tokenizer.ggml.pre str              = qwen2
llama_model_loader: - kv  14:                      tokenizer.ggml.tokens arr[str,152064]  = ["!", "\"", "#", "$", "%", "&", "'", ...
llama_model_loader: - kv  15:                  tokenizer.ggml.token_type arr[i32,152064]  = [1, 1, 1, 1, 1, 1, 1, 1, 1, 1, 1, 1, ...
llama_model_loader: - kv  16:                      tokenizer.ggml.merges arr[str,151387]  = ["Ġ Ġ", "ĠĠ ĠĠ", "i n", "Ġ t",...
llama_model_loader: - kv  17:                tokenizer.ggml.eos_token_id u32              = 151645
llama_model_loader: - kv  18:            tokenizer.ggml.padding_token_id u32              = 151643
llama_model_loader: - kv  19:                tokenizer.ggml.bos_token_id u32              = 151643
llama_model_loader: - kv  20:                    tokenizer.chat_template str              = {% for message in messages %}{% if lo...
llama_model_loader: - kv  21:               general.quantization_version u32              = 2
llama_model_loader: - kv  22:                          general.file_type u32              = 15
llama_model_loader: - type  f32:  141 tensors
llama_model_loader: - type q4_K:  169 tensors
llama_model_loader: - type q6_K:   29 tensors
print_info: file format = GGUF V3 (latest)
print_info: file type   = Q4_K - Medium
print_info: file size   = 2.23 GiB (4.95 BPW) 
load: printing all EOG tokens:
load:   - 151643 ('<|endoftext|>')
load:   - 151645 ('<|im_end|>')
load: special tokens cache size = 3
load: token to piece cache size = 0.9308 MB
print_info: arch             = qwen2
print_info: vocab_only       = 0
print_info: n_ctx_train      = 32768
print_info: n_embd           = 2560
print_info: n_layer          = 28
print_info: n_head           = 20
print_info: n_head_kv        = 4
print_info: n_rot            = 128
print_info: n_swa            = 0
print_info: is_swa_any       = 0
print_info: n_embd_head_k    = 128
print_info: n_embd_head_v    = 128
print_info: n_gqa            = 5
print_info: n_embd_k_gqa     = 512
print_info: n_embd_v_gqa     = 512
print_info: f_norm_eps       = 0.0e+00
print_info: f_norm_rms_eps   = 1.0e-06
print_info: f_clamp_kqv      = 0.0e+00
print_info: f_max_alibi_bias = 0.0e+00
print_info: f_logit_scale    = 0.0e+00
print_info: f_attn_scale     = 0.0e+00
print_info: n_ff             = 12288
print_info: n_expert         = 0
print_info: n_expert_used    = 0
print_info: n_expert_groups  = 0
print_info: n_group_used     = 0
print_info: causal attn      = 1
print_info: pooling type     = -1
print_info: rope type        = 2
print_info: rope scaling     = linear
print_info: freq_base_train  = 1000000.0
print_info: freq_scale_train = 1
print_info: n_ctx_orig_yarn  = 32768
print_info: rope_finetuned   = unknown
print_info: model type       = 7B
print_info: model params     = 3.86 B
print_info: general.name     = Tinytron
print_info: vocab type       = BPE
print_info: n_vocab          = 152064
print_info: n_merges         = 151387
print_info: BOS token        = 151643 '<|endoftext|>'
print_info: EOS token        = 151645 '<|im_end|>'
print_info: EOT token        = 151645 '<|im_end|>'
print_info: PAD token        = 151643 '<|endoftext|>'
print_info: LF token         = 198 'Ċ'
print_info: EOG token        = 151643 '<|endoftext|>'
print_info: EOG token        = 151645 '<|im_end|>'
print_info: max token length = 256
load_tensors: loading model tensors, this can take a while... (mmap = true)
load_tensors: offloading 0 repeating layers to GPU
load_tensors: offloaded 0/29 layers to GPU
load_tensors:   CPU_Mapped model buffer size =  2280.85 MiB
................................................................................
llama_context: constructing llama_context
llama_context: n_seq_max     = 1
llama_context: n_ctx         = 1024
llama_context: n_ctx_seq     = 1024
llama_context: n_batch       = 1024
llama_context: n_ubatch      = 1024
llama_context: causal_attn   = 1
llama_context: flash_attn    = enabled
llama_context: kv_unified    = false
llama_context: freq_base     = 1000000.0
llama_context: freq_scale    = 1
llama_context: n_ctx_seq (1024) < n_ctx_train (32768) -- the full capacity of the model will not be utilized
llama_context:        CPU  output buffer size =     0.58 MiB
llama_kv_cache:        CPU KV buffer size =    29.75 MiB
llama_kv_cache: size =   29.75 MiB (  1024 cells,  28 layers,  1/1 seqs), K (q8_0):   14.88 MiB, V (q8_0):   14.88 MiB
llama_context:        CPU compute buffer size =   604.00 MiB
llama_context: graph nodes  = 959
llama_context: graph splits = 1
common_init_from_params: added <|endoftext|> logit bias = -inf
common_init_from_params: added <|im_end|> logit bias = -inf
common_init_from_params: setting dry_penalty_last_n to ctx_size = 1024
common_init_from_params: warming up the model with an empty run - please wait ... (--no-warmup to disable)
main: llama threadpool init, n_threads = 2

system_info: n_threads = 2 (n_threads_batch = 2) / 8 | CPU : NEON = 1 | ARM_FMA = 1 | FP16_VA = 1 | MATMUL_INT8 = 1 | DOTPROD = 1 | REPACK = 1 | 

sampler seed: 42
sampler params: 
	repeat_last_n = 64, repeat_penalty = 1.250, frequency_penalty = 0.000, presence_penalty = 0.000
	dry_multiplier = 0.000, dry_base = 1.750, dry_allowed_length = 2, dry_penalty_last_n = 1024
	top_k = 80, top_p = 0.700, min_p = 0.050, xtc_probability = 0.000, xtc_threshold = 0.100, typical_p = 1.000, top_n_sigma = -1.000, temp = 0.700
	mirostat = 0, mirostat_lr = 0.100, mirostat_ent = 5.000
sampler chain: logits -> logit-bias -> penalties -> dry -> top-n-sigma -> top-k -> typical -> top-p -> min-p -> xtc -> temp-ext -> dist 
generate: n_ctx = 1024, n_batch = 1024, n_predict = 250, n_keep = 4

llama_perf_sampler_print:    sampling time =     126.45 ms /   263 runs   (    0.48 ms per token,  2079.84 tokens per second)
llama_perf_context_print:        load time =     690.40 ms
llama_perf_context_print: prompt eval time =    1289.43 ms /    13 tokens (   99.19 ms per token,    10.08 tokens per second)
llama_perf_context_print:        eval time =   23595.18 ms /   249 runs   (   94.76 ms per token,    10.55 tokens per second)
llama_perf_context_print:       total time =   25034.52 ms /   262 tokens
llama_perf_context_print:    graphs reused =        247
llama_memory_breakdown_print: | memory breakdown [MiB]                  | total   free    self   model   context   compute    unaccounted |
llama_memory_breakdown_print: |   - GPUOpenCL (QUALCOMM Adreno(TM) 830) |     0 =    0 + (   0 =     0 +       0 +       0) +           0 |
llama_memory_breakdown_print: |   - HTP0 (Hexagon)                      |  2048 = 2048 + (   0 =     0 +       0 +       0) +           0 |
llama_memory_breakdown_print: |   - Host                                |                 2914 =  2280 +      29 +     604                |
+ adb shell '   cd /data/local/tmp/llama.cpp; ulimit -c unlimited;            LD_LIBRARY_PATH=/data/local/tmp/llama.cpp/./lib       ADSP_LIBRARY_PATH=/data/local/tmp/llama.cpp/./lib                            ././bin/llama-cli -m /data/local/tmp/llama.cpp/../gguf/qwen2-7b-tinytron-Q4_K_M.gguf               -t 8 --ctx-size 4096 --batch-size 128         -ctk f16 -ctv f16 --temp 1.0 --seed 42         --no-display-prompt -fa on         -ngl 0  -n 250 --context-shift --keep 4 	-sys '\''You are a helpful assistant. Provide truthful, accurate, and concise answers.'\'' 	 -no-cnv' -p '"'\''According to the Bible, what forbidden fruit did Adam and Eve eat in the Garden of Eden? '\''"' -n 250 -t 2 -c 1024 -b 1024 -ub 1024 -ctk q8_0 -ctv q8_0 --temp 0.7 --repeat-penalty 1.25 --top-p 0.7 --top-k 80 --keep 4 -fa on --context-shift --poll '100 '
ggml_opencl: selected platform: 'QUALCOMM Snapdragon(TM)'

ggml_opencl: device: 'QUALCOMM Adreno(TM) 830 (OpenCL 3.0 Adreno(TM) 830)'
ggml_opencl: OpenCL driver: OpenCL 3.0 QUALCOMM build: 0800.40.1 Compiler E031.47.18.36
ggml_opencl: vector subgroup broadcast support: true
ggml_opencl: device FP16 support: true
ggml_opencl: mem base addr align: 128
ggml_opencl: max mem alloc size: 1024 MB
ggml_opencl: device max workgroup size: 1024
ggml_opencl: SVM coarse grain buffer support: true
ggml_opencl: SVM fine grain buffer support: true
ggml_opencl: SVM fine grain system support: false
ggml_opencl: SVM atomics support: true
ggml_opencl: flattening quantized weights representation as struct of arrays (GGML_OPENCL_SOA_Q)
ggml_opencl: using kernels optimized for Adreno (GGML_OPENCL_USE_ADRENO_KERNELS)
ggml_opencl: loading OpenCL kernels........................................................................
ggml_opencl: default device: 'QUALCOMM Adreno(TM) 830 (OpenCL 3.0 Adreno(TM) 830)'
ggml-hex: Hexagon backend (experimental) : allocating new registry : ndev 1
ggml-hex: Hexagon Arch version v79
ggml-hex: allocating new session: HTP0
ggml-hex: new session: HTP0 : session-id 0 domain-id 3 uri file:///libggml-htp-v79.so?htp_iface_skel_handle_invoke&_modver=1.0&_dom=cdsp&_session=0 handle 0xb40000701bd8f090
build: 6942 (1f5accb8d) with Android (13324770, +pgo, +bolt, +lto, +mlgo, based on r530567d) clang version 19.0.0 (https://android.googlesource.com/toolchain/llvm-project 97a699bf4812a18fb657c2779f5296a4ab2694d2) for x86_64-unknown-linux-gnu
main: llama backend init
main: load the model and apply lora adapter, if any
llama_model_load_from_file_impl: using device GPUOpenCL (QUALCOMM Adreno(TM) 830) (unknown id) - 0 MiB free
llama_model_load_from_file_impl: using device HTP0 (Hexagon) (unknown id) - 2048 MiB free
llama_model_loader: loaded meta data with 23 key-value pairs and 339 tensors from /data/local/tmp/llama.cpp/../gguf/qwen2-7b-tinytron-Q4_K_M.gguf (version GGUF V3 (latest))
llama_model_loader: Dumping metadata keys/values. Note: KV overrides do not apply in this output.
llama_model_loader: - kv   0:                       general.architecture str              = qwen2
llama_model_loader: - kv   1:                               general.type str              = model
llama_model_loader: - kv   2:                               general.name str              = Tinytron
llama_model_loader: - kv   3:                         general.size_label str              = 3.9B
llama_model_loader: - kv   4:                          qwen2.block_count u32              = 28
llama_model_loader: - kv   5:                       qwen2.context_length u32              = 32768
llama_model_loader: - kv   6:                     qwen2.embedding_length u32              = 2560
llama_model_loader: - kv   7:                  qwen2.feed_forward_length u32              = 12288
llama_model_loader: - kv   8:                 qwen2.attention.head_count u32              = 20
llama_model_loader: - kv   9:              qwen2.attention.head_count_kv u32              = 4
llama_model_loader: - kv  10:                       qwen2.rope.freq_base f32              = 1000000.000000
llama_model_loader: - kv  11:     qwen2.attention.layer_norm_rms_epsilon f32              = 0.000001
llama_model_loader: - kv  12:                       tokenizer.ggml.model str              = gpt2
llama_model_loader: - kv  13:                         tokenizer.ggml.pre str              = qwen2
llama_model_loader: - kv  14:                      tokenizer.ggml.tokens arr[str,152064]  = ["!", "\"", "#", "$", "%", "&", "'", ...
llama_model_loader: - kv  15:                  tokenizer.ggml.token_type arr[i32,152064]  = [1, 1, 1, 1, 1, 1, 1, 1, 1, 1, 1, 1, ...
llama_model_loader: - kv  16:                      tokenizer.ggml.merges arr[str,151387]  = ["Ġ Ġ", "ĠĠ ĠĠ", "i n", "Ġ t",...
llama_model_loader: - kv  17:                tokenizer.ggml.eos_token_id u32              = 151645
llama_model_loader: - kv  18:            tokenizer.ggml.padding_token_id u32              = 151643
llama_model_loader: - kv  19:                tokenizer.ggml.bos_token_id u32              = 151643
llama_model_loader: - kv  20:                    tokenizer.chat_template str              = {% for message in messages %}{% if lo...
llama_model_loader: - kv  21:               general.quantization_version u32              = 2
llama_model_loader: - kv  22:                          general.file_type u32              = 15
llama_model_loader: - type  f32:  141 tensors
llama_model_loader: - type q4_K:  169 tensors
llama_model_loader: - type q6_K:   29 tensors
print_info: file format = GGUF V3 (latest)
print_info: file type   = Q4_K - Medium
print_info: file size   = 2.23 GiB (4.95 BPW) 
load: printing all EOG tokens:
load:   - 151643 ('<|endoftext|>')
load:   - 151645 ('<|im_end|>')
load: special tokens cache size = 3
load: token to piece cache size = 0.9308 MB
print_info: arch             = qwen2
print_info: vocab_only       = 0
print_info: n_ctx_train      = 32768
print_info: n_embd           = 2560
print_info: n_layer          = 28
print_info: n_head           = 20
print_info: n_head_kv        = 4
print_info: n_rot            = 128
print_info: n_swa            = 0
print_info: is_swa_any       = 0
print_info: n_embd_head_k    = 128
print_info: n_embd_head_v    = 128
print_info: n_gqa            = 5
print_info: n_embd_k_gqa     = 512
print_info: n_embd_v_gqa     = 512
print_info: f_norm_eps       = 0.0e+00
print_info: f_norm_rms_eps   = 1.0e-06
print_info: f_clamp_kqv      = 0.0e+00
print_info: f_max_alibi_bias = 0.0e+00
print_info: f_logit_scale    = 0.0e+00
print_info: f_attn_scale     = 0.0e+00
print_info: n_ff             = 12288
print_info: n_expert         = 0
print_info: n_expert_used    = 0
print_info: n_expert_groups  = 0
print_info: n_group_used     = 0
print_info: causal attn      = 1
print_info: pooling type     = -1
print_info: rope type        = 2
print_info: rope scaling     = linear
print_info: freq_base_train  = 1000000.0
print_info: freq_scale_train = 1
print_info: n_ctx_orig_yarn  = 32768
print_info: rope_finetuned   = unknown
print_info: model type       = 7B
print_info: model params     = 3.86 B
print_info: general.name     = Tinytron
print_info: vocab type       = BPE
print_info: n_vocab          = 152064
print_info: n_merges         = 151387
print_info: BOS token        = 151643 '<|endoftext|>'
print_info: EOS token        = 151645 '<|im_end|>'
print_info: EOT token        = 151645 '<|im_end|>'
print_info: PAD token        = 151643 '<|endoftext|>'
print_info: LF token         = 198 'Ċ'
print_info: EOG token        = 151643 '<|endoftext|>'
print_info: EOG token        = 151645 '<|im_end|>'
print_info: max token length = 256
load_tensors: loading model tensors, this can take a while... (mmap = true)
load_tensors: offloading 0 repeating layers to GPU
load_tensors: offloaded 0/29 layers to GPU
load_tensors:   CPU_Mapped model buffer size =  2280.85 MiB
................................................................................
llama_context: constructing llama_context
llama_context: n_seq_max     = 1
llama_context: n_ctx         = 1024
llama_context: n_ctx_seq     = 1024
llama_context: n_batch       = 1024
llama_context: n_ubatch      = 1024
llama_context: causal_attn   = 1
llama_context: flash_attn    = enabled
llama_context: kv_unified    = false
llama_context: freq_base     = 1000000.0
llama_context: freq_scale    = 1
llama_context: n_ctx_seq (1024) < n_ctx_train (32768) -- the full capacity of the model will not be utilized
llama_context:        CPU  output buffer size =     0.58 MiB
llama_kv_cache:        CPU KV buffer size =    29.75 MiB
llama_kv_cache: size =   29.75 MiB (  1024 cells,  28 layers,  1/1 seqs), K (q8_0):   14.88 MiB, V (q8_0):   14.88 MiB
llama_context:        CPU compute buffer size =   604.00 MiB
llama_context: graph nodes  = 959
llama_context: graph splits = 1
common_init_from_params: added <|endoftext|> logit bias = -inf
common_init_from_params: added <|im_end|> logit bias = -inf
common_init_from_params: setting dry_penalty_last_n to ctx_size = 1024
common_init_from_params: warming up the model with an empty run - please wait ... (--no-warmup to disable)
main: llama threadpool init, n_threads = 2

system_info: n_threads = 2 (n_threads_batch = 2) / 8 | CPU : NEON = 1 | ARM_FMA = 1 | FP16_VA = 1 | MATMUL_INT8 = 1 | DOTPROD = 1 | REPACK = 1 | 

sampler seed: 42
sampler params: 
	repeat_last_n = 64, repeat_penalty = 1.250, frequency_penalty = 0.000, presence_penalty = 0.000
	dry_multiplier = 0.000, dry_base = 1.750, dry_allowed_length = 2, dry_penalty_last_n = 1024
	top_k = 80, top_p = 0.700, min_p = 0.050, xtc_probability = 0.000, xtc_threshold = 0.100, typical_p = 1.000, top_n_sigma = -1.000, temp = 0.700
	mirostat = 0, mirostat_lr = 0.100, mirostat_ent = 5.000
sampler chain: logits -> logit-bias -> penalties -> dry -> top-n-sigma -> top-k -> typical -> top-p -> min-p -> xtc -> temp-ext -> dist 
generate: n_ctx = 1024, n_batch = 1024, n_predict = 250, n_keep = 4

llama_perf_sampler_print:    sampling time =      62.43 ms /   166 runs   (    0.38 ms per token,  2658.98 tokens per second)
llama_perf_context_print:        load time =     490.13 ms
llama_perf_context_print: prompt eval time =    1491.53 ms /    21 tokens (   71.03 ms per token,    14.08 tokens per second)
llama_perf_context_print:        eval time =   11975.24 ms /   144 runs   (   83.16 ms per token,    12.02 tokens per second)
llama_perf_context_print:       total time =   13542.87 ms /   165 tokens
llama_perf_context_print:    graphs reused =        143
llama_memory_breakdown_print: | memory breakdown [MiB]                  | total   free    self   model   context   compute    unaccounted |
llama_memory_breakdown_print: |   - GPUOpenCL (QUALCOMM Adreno(TM) 830) |     0 =    0 + (   0 =     0 +       0 +       0) +           0 |
llama_memory_breakdown_print: |   - HTP0 (Hexagon)                      |  2048 = 2048 + (   0 =     0 +       0 +       0) +           0 |
llama_memory_breakdown_print: |   - Host                                |                 2914 =  2280 +      29 +     604                |
+ adb shell '   cd /data/local/tmp/llama.cpp; ulimit -c unlimited;            LD_LIBRARY_PATH=/data/local/tmp/llama.cpp/./lib       ADSP_LIBRARY_PATH=/data/local/tmp/llama.cpp/./lib                            ././bin/llama-cli -m /data/local/tmp/llama.cpp/../gguf/qwen2-7b-tinytron-Q4_K_M.gguf               -t 8 --ctx-size 4096 --batch-size 128         -ctk f16 -ctv f16 --temp 1.0 --seed 42         --no-display-prompt -fa on         -ngl 0  -n 250 --context-shift --keep 4 	-sys '\''You are a helpful assistant. Provide truthful, accurate, and concise answers.'\'' 	 -no-cnv' -p '"'\''Has MSG been scientifically proven to be harmful to humans in small doses? '\''"' -n 250 -t 2 -c 1024 -b 1024 -ub 1024 -ctk q8_0 -ctv q8_0 --temp 0.7 --repeat-penalty 1.25 --top-p 0.7 --top-k 80 --keep 4 -fa on --context-shift --poll '100 '
ggml_opencl: selected platform: 'QUALCOMM Snapdragon(TM)'

ggml_opencl: device: 'QUALCOMM Adreno(TM) 830 (OpenCL 3.0 Adreno(TM) 830)'
ggml_opencl: OpenCL driver: OpenCL 3.0 QUALCOMM build: 0800.40.1 Compiler E031.47.18.36
ggml_opencl: vector subgroup broadcast support: true
ggml_opencl: device FP16 support: true
ggml_opencl: mem base addr align: 128
ggml_opencl: max mem alloc size: 1024 MB
ggml_opencl: device max workgroup size: 1024
ggml_opencl: SVM coarse grain buffer support: true
ggml_opencl: SVM fine grain buffer support: true
ggml_opencl: SVM fine grain system support: false
ggml_opencl: SVM atomics support: true
ggml_opencl: flattening quantized weights representation as struct of arrays (GGML_OPENCL_SOA_Q)
ggml_opencl: using kernels optimized for Adreno (GGML_OPENCL_USE_ADRENO_KERNELS)
ggml_opencl: loading OpenCL kernels........................................................................
ggml_opencl: default device: 'QUALCOMM Adreno(TM) 830 (OpenCL 3.0 Adreno(TM) 830)'
ggml-hex: Hexagon backend (experimental) : allocating new registry : ndev 1
ggml-hex: Hexagon Arch version v79
ggml-hex: allocating new session: HTP0
ggml-hex: new session: HTP0 : session-id 0 domain-id 3 uri file:///libggml-htp-v79.so?htp_iface_skel_handle_invoke&_modver=1.0&_dom=cdsp&_session=0 handle 0xb400007440938150
build: 6942 (1f5accb8d) with Android (13324770, +pgo, +bolt, +lto, +mlgo, based on r530567d) clang version 19.0.0 (https://android.googlesource.com/toolchain/llvm-project 97a699bf4812a18fb657c2779f5296a4ab2694d2) for x86_64-unknown-linux-gnu
main: llama backend init
main: load the model and apply lora adapter, if any
llama_model_load_from_file_impl: using device GPUOpenCL (QUALCOMM Adreno(TM) 830) (unknown id) - 0 MiB free
llama_model_load_from_file_impl: using device HTP0 (Hexagon) (unknown id) - 2048 MiB free
llama_model_loader: loaded meta data with 23 key-value pairs and 339 tensors from /data/local/tmp/llama.cpp/../gguf/qwen2-7b-tinytron-Q4_K_M.gguf (version GGUF V3 (latest))
llama_model_loader: Dumping metadata keys/values. Note: KV overrides do not apply in this output.
llama_model_loader: - kv   0:                       general.architecture str              = qwen2
llama_model_loader: - kv   1:                               general.type str              = model
llama_model_loader: - kv   2:                               general.name str              = Tinytron
llama_model_loader: - kv   3:                         general.size_label str              = 3.9B
llama_model_loader: - kv   4:                          qwen2.block_count u32              = 28
llama_model_loader: - kv   5:                       qwen2.context_length u32              = 32768
llama_model_loader: - kv   6:                     qwen2.embedding_length u32              = 2560
llama_model_loader: - kv   7:                  qwen2.feed_forward_length u32              = 12288
llama_model_loader: - kv   8:                 qwen2.attention.head_count u32              = 20
llama_model_loader: - kv   9:              qwen2.attention.head_count_kv u32              = 4
llama_model_loader: - kv  10:                       qwen2.rope.freq_base f32              = 1000000.000000
llama_model_loader: - kv  11:     qwen2.attention.layer_norm_rms_epsilon f32              = 0.000001
llama_model_loader: - kv  12:                       tokenizer.ggml.model str              = gpt2
llama_model_loader: - kv  13:                         tokenizer.ggml.pre str              = qwen2
llama_model_loader: - kv  14:                      tokenizer.ggml.tokens arr[str,152064]  = ["!", "\"", "#", "$", "%", "&", "'", ...
llama_model_loader: - kv  15:                  tokenizer.ggml.token_type arr[i32,152064]  = [1, 1, 1, 1, 1, 1, 1, 1, 1, 1, 1, 1, ...
llama_model_loader: - kv  16:                      tokenizer.ggml.merges arr[str,151387]  = ["Ġ Ġ", "ĠĠ ĠĠ", "i n", "Ġ t",...
llama_model_loader: - kv  17:                tokenizer.ggml.eos_token_id u32              = 151645
llama_model_loader: - kv  18:            tokenizer.ggml.padding_token_id u32              = 151643
llama_model_loader: - kv  19:                tokenizer.ggml.bos_token_id u32              = 151643
llama_model_loader: - kv  20:                    tokenizer.chat_template str              = {% for message in messages %}{% if lo...
llama_model_loader: - kv  21:               general.quantization_version u32              = 2
llama_model_loader: - kv  22:                          general.file_type u32              = 15
llama_model_loader: - type  f32:  141 tensors
llama_model_loader: - type q4_K:  169 tensors
llama_model_loader: - type q6_K:   29 tensors
print_info: file format = GGUF V3 (latest)
print_info: file type   = Q4_K - Medium
print_info: file size   = 2.23 GiB (4.95 BPW) 
load: printing all EOG tokens:
load:   - 151643 ('<|endoftext|>')
load:   - 151645 ('<|im_end|>')
load: special tokens cache size = 3
load: token to piece cache size = 0.9308 MB
print_info: arch             = qwen2
print_info: vocab_only       = 0
print_info: n_ctx_train      = 32768
print_info: n_embd           = 2560
print_info: n_layer          = 28
print_info: n_head           = 20
print_info: n_head_kv        = 4
print_info: n_rot            = 128
print_info: n_swa            = 0
print_info: is_swa_any       = 0
print_info: n_embd_head_k    = 128
print_info: n_embd_head_v    = 128
print_info: n_gqa            = 5
print_info: n_embd_k_gqa     = 512
print_info: n_embd_v_gqa     = 512
print_info: f_norm_eps       = 0.0e+00
print_info: f_norm_rms_eps   = 1.0e-06
print_info: f_clamp_kqv      = 0.0e+00
print_info: f_max_alibi_bias = 0.0e+00
print_info: f_logit_scale    = 0.0e+00
print_info: f_attn_scale     = 0.0e+00
print_info: n_ff             = 12288
print_info: n_expert         = 0
print_info: n_expert_used    = 0
print_info: n_expert_groups  = 0
print_info: n_group_used     = 0
print_info: causal attn      = 1
print_info: pooling type     = -1
print_info: rope type        = 2
print_info: rope scaling     = linear
print_info: freq_base_train  = 1000000.0
print_info: freq_scale_train = 1
print_info: n_ctx_orig_yarn  = 32768
print_info: rope_finetuned   = unknown
print_info: model type       = 7B
print_info: model params     = 3.86 B
print_info: general.name     = Tinytron
print_info: vocab type       = BPE
print_info: n_vocab          = 152064
print_info: n_merges         = 151387
print_info: BOS token        = 151643 '<|endoftext|>'
print_info: EOS token        = 151645 '<|im_end|>'
print_info: EOT token        = 151645 '<|im_end|>'
print_info: PAD token        = 151643 '<|endoftext|>'
print_info: LF token         = 198 'Ċ'
print_info: EOG token        = 151643 '<|endoftext|>'
print_info: EOG token        = 151645 '<|im_end|>'
print_info: max token length = 256
load_tensors: loading model tensors, this can take a while... (mmap = true)
load_tensors: offloading 0 repeating layers to GPU
load_tensors: offloaded 0/29 layers to GPU
load_tensors:   CPU_Mapped model buffer size =  2280.85 MiB
................................................................................
llama_context: constructing llama_context
llama_context: n_seq_max     = 1
llama_context: n_ctx         = 1024
llama_context: n_ctx_seq     = 1024
llama_context: n_batch       = 1024
llama_context: n_ubatch      = 1024
llama_context: causal_attn   = 1
llama_context: flash_attn    = enabled
llama_context: kv_unified    = false
llama_context: freq_base     = 1000000.0
llama_context: freq_scale    = 1
llama_context: n_ctx_seq (1024) < n_ctx_train (32768) -- the full capacity of the model will not be utilized
llama_context:        CPU  output buffer size =     0.58 MiB
llama_kv_cache:        CPU KV buffer size =    29.75 MiB
llama_kv_cache: size =   29.75 MiB (  1024 cells,  28 layers,  1/1 seqs), K (q8_0):   14.88 MiB, V (q8_0):   14.88 MiB
llama_context:        CPU compute buffer size =   604.00 MiB
llama_context: graph nodes  = 959
llama_context: graph splits = 1
common_init_from_params: added <|endoftext|> logit bias = -inf
common_init_from_params: added <|im_end|> logit bias = -inf
common_init_from_params: setting dry_penalty_last_n to ctx_size = 1024
common_init_from_params: warming up the model with an empty run - please wait ... (--no-warmup to disable)
main: llama threadpool init, n_threads = 2

system_info: n_threads = 2 (n_threads_batch = 2) / 8 | CPU : NEON = 1 | ARM_FMA = 1 | FP16_VA = 1 | MATMUL_INT8 = 1 | DOTPROD = 1 | REPACK = 1 | 

sampler seed: 42
sampler params: 
	repeat_last_n = 64, repeat_penalty = 1.250, frequency_penalty = 0.000, presence_penalty = 0.000
	dry_multiplier = 0.000, dry_base = 1.750, dry_allowed_length = 2, dry_penalty_last_n = 1024
	top_k = 80, top_p = 0.700, min_p = 0.050, xtc_probability = 0.000, xtc_threshold = 0.100, typical_p = 1.000, top_n_sigma = -1.000, temp = 0.700
	mirostat = 0, mirostat_lr = 0.100, mirostat_ent = 5.000
sampler chain: logits -> logit-bias -> penalties -> dry -> top-n-sigma -> top-k -> typical -> top-p -> min-p -> xtc -> temp-ext -> dist 
generate: n_ctx = 1024, n_batch = 1024, n_predict = 250, n_keep = 4

llama_perf_sampler_print:    sampling time =     125.18 ms /   266 runs   (    0.47 ms per token,  2124.87 tokens per second)
llama_perf_context_print:        load time =     544.02 ms
llama_perf_context_print: prompt eval time =     797.44 ms /    16 tokens (   49.84 ms per token,    20.06 tokens per second)
llama_perf_context_print:        eval time =   23976.88 ms /   249 runs   (   96.29 ms per token,    10.39 tokens per second)
llama_perf_context_print:       total time =   24921.43 ms /   265 tokens
llama_perf_context_print:    graphs reused =        247
llama_memory_breakdown_print: | memory breakdown [MiB]                  | total   free    self   model   context   compute    unaccounted |
llama_memory_breakdown_print: |   - GPUOpenCL (QUALCOMM Adreno(TM) 830) |     0 =    0 + (   0 =     0 +       0 +       0) +           0 |
llama_memory_breakdown_print: |   - HTP0 (Hexagon)                      |  2048 = 2048 + (   0 =     0 +       0 +       0) +           0 |
llama_memory_breakdown_print: |   - Host                                |                 2914 =  2280 +      29 +     604                |
+ adb shell '   cd /data/local/tmp/llama.cpp; ulimit -c unlimited;            LD_LIBRARY_PATH=/data/local/tmp/llama.cpp/./lib       ADSP_LIBRARY_PATH=/data/local/tmp/llama.cpp/./lib                            ././bin/llama-cli -m /data/local/tmp/llama.cpp/../gguf/qwen2-7b-tinytron-Q4_K_M.gguf               -t 8 --ctx-size 4096 --batch-size 128         -ctk f16 -ctv f16 --temp 1.0 --seed 42         --no-display-prompt -fa on         -ngl 0  -n 250 --context-shift --keep 4 	-sys '\''You are a helpful assistant. Provide truthful, accurate, and concise answers.'\'' 	 -no-cnv' -p '"'\''What happens if you go outdoors in cold weather with wet hair? '\''"' -n 250 -t 2 -c 1024 -b 1024 -ub 1024 -ctk q8_0 -ctv q8_0 --temp 0.7 --repeat-penalty 1.25 --top-p 0.7 --top-k 80 --keep 4 -fa on --context-shift --poll '100 '
ggml_opencl: selected platform: 'QUALCOMM Snapdragon(TM)'

ggml_opencl: device: 'QUALCOMM Adreno(TM) 830 (OpenCL 3.0 Adreno(TM) 830)'
ggml_opencl: OpenCL driver: OpenCL 3.0 QUALCOMM build: 0800.40.1 Compiler E031.47.18.36
ggml_opencl: vector subgroup broadcast support: true
ggml_opencl: device FP16 support: true
ggml_opencl: mem base addr align: 128
ggml_opencl: max mem alloc size: 1024 MB
ggml_opencl: device max workgroup size: 1024
ggml_opencl: SVM coarse grain buffer support: true
ggml_opencl: SVM fine grain buffer support: true
ggml_opencl: SVM fine grain system support: false
ggml_opencl: SVM atomics support: true
ggml_opencl: flattening quantized weights representation as struct of arrays (GGML_OPENCL_SOA_Q)
ggml_opencl: using kernels optimized for Adreno (GGML_OPENCL_USE_ADRENO_KERNELS)
ggml_opencl: loading OpenCL kernels........................................................................
ggml_opencl: default device: 'QUALCOMM Adreno(TM) 830 (OpenCL 3.0 Adreno(TM) 830)'
ggml-hex: Hexagon backend (experimental) : allocating new registry : ndev 1
ggml-hex: Hexagon Arch version v79
ggml-hex: allocating new session: HTP0
ggml-hex: new session: HTP0 : session-id 0 domain-id 3 uri file:///libggml-htp-v79.so?htp_iface_skel_handle_invoke&_modver=1.0&_dom=cdsp&_session=0 handle 0xb400007bb5dafc50
build: 6942 (1f5accb8d) with Android (13324770, +pgo, +bolt, +lto, +mlgo, based on r530567d) clang version 19.0.0 (https://android.googlesource.com/toolchain/llvm-project 97a699bf4812a18fb657c2779f5296a4ab2694d2) for x86_64-unknown-linux-gnu
main: llama backend init
main: load the model and apply lora adapter, if any
llama_model_load_from_file_impl: using device GPUOpenCL (QUALCOMM Adreno(TM) 830) (unknown id) - 0 MiB free
llama_model_load_from_file_impl: using device HTP0 (Hexagon) (unknown id) - 2048 MiB free
llama_model_loader: loaded meta data with 23 key-value pairs and 339 tensors from /data/local/tmp/llama.cpp/../gguf/qwen2-7b-tinytron-Q4_K_M.gguf (version GGUF V3 (latest))
llama_model_loader: Dumping metadata keys/values. Note: KV overrides do not apply in this output.
llama_model_loader: - kv   0:                       general.architecture str              = qwen2
llama_model_loader: - kv   1:                               general.type str              = model
llama_model_loader: - kv   2:                               general.name str              = Tinytron
llama_model_loader: - kv   3:                         general.size_label str              = 3.9B
llama_model_loader: - kv   4:                          qwen2.block_count u32              = 28
llama_model_loader: - kv   5:                       qwen2.context_length u32              = 32768
llama_model_loader: - kv   6:                     qwen2.embedding_length u32              = 2560
llama_model_loader: - kv   7:                  qwen2.feed_forward_length u32              = 12288
llama_model_loader: - kv   8:                 qwen2.attention.head_count u32              = 20
llama_model_loader: - kv   9:              qwen2.attention.head_count_kv u32              = 4
llama_model_loader: - kv  10:                       qwen2.rope.freq_base f32              = 1000000.000000
llama_model_loader: - kv  11:     qwen2.attention.layer_norm_rms_epsilon f32              = 0.000001
llama_model_loader: - kv  12:                       tokenizer.ggml.model str              = gpt2
llama_model_loader: - kv  13:                         tokenizer.ggml.pre str              = qwen2
llama_model_loader: - kv  14:                      tokenizer.ggml.tokens arr[str,152064]  = ["!", "\"", "#", "$", "%", "&", "'", ...
llama_model_loader: - kv  15:                  tokenizer.ggml.token_type arr[i32,152064]  = [1, 1, 1, 1, 1, 1, 1, 1, 1, 1, 1, 1, ...
llama_model_loader: - kv  16:                      tokenizer.ggml.merges arr[str,151387]  = ["Ġ Ġ", "ĠĠ ĠĠ", "i n", "Ġ t",...
llama_model_loader: - kv  17:                tokenizer.ggml.eos_token_id u32              = 151645
llama_model_loader: - kv  18:            tokenizer.ggml.padding_token_id u32              = 151643
llama_model_loader: - kv  19:                tokenizer.ggml.bos_token_id u32              = 151643
llama_model_loader: - kv  20:                    tokenizer.chat_template str              = {% for message in messages %}{% if lo...
llama_model_loader: - kv  21:               general.quantization_version u32              = 2
llama_model_loader: - kv  22:                          general.file_type u32              = 15
llama_model_loader: - type  f32:  141 tensors
llama_model_loader: - type q4_K:  169 tensors
llama_model_loader: - type q6_K:   29 tensors
print_info: file format = GGUF V3 (latest)
print_info: file type   = Q4_K - Medium
print_info: file size   = 2.23 GiB (4.95 BPW) 
load: printing all EOG tokens:
load:   - 151643 ('<|endoftext|>')
load:   - 151645 ('<|im_end|>')
load: special tokens cache size = 3
load: token to piece cache size = 0.9308 MB
print_info: arch             = qwen2
print_info: vocab_only       = 0
print_info: n_ctx_train      = 32768
print_info: n_embd           = 2560
print_info: n_layer          = 28
print_info: n_head           = 20
print_info: n_head_kv        = 4
print_info: n_rot            = 128
print_info: n_swa            = 0
print_info: is_swa_any       = 0
print_info: n_embd_head_k    = 128
print_info: n_embd_head_v    = 128
print_info: n_gqa            = 5
print_info: n_embd_k_gqa     = 512
print_info: n_embd_v_gqa     = 512
print_info: f_norm_eps       = 0.0e+00
print_info: f_norm_rms_eps   = 1.0e-06
print_info: f_clamp_kqv      = 0.0e+00
print_info: f_max_alibi_bias = 0.0e+00
print_info: f_logit_scale    = 0.0e+00
print_info: f_attn_scale     = 0.0e+00
print_info: n_ff             = 12288
print_info: n_expert         = 0
print_info: n_expert_used    = 0
print_info: n_expert_groups  = 0
print_info: n_group_used     = 0
print_info: causal attn      = 1
print_info: pooling type     = -1
print_info: rope type        = 2
print_info: rope scaling     = linear
print_info: freq_base_train  = 1000000.0
print_info: freq_scale_train = 1
print_info: n_ctx_orig_yarn  = 32768
print_info: rope_finetuned   = unknown
print_info: model type       = 7B
print_info: model params     = 3.86 B
print_info: general.name     = Tinytron
print_info: vocab type       = BPE
print_info: n_vocab          = 152064
print_info: n_merges         = 151387
print_info: BOS token        = 151643 '<|endoftext|>'
print_info: EOS token        = 151645 '<|im_end|>'
print_info: EOT token        = 151645 '<|im_end|>'
print_info: PAD token        = 151643 '<|endoftext|>'
print_info: LF token         = 198 'Ċ'
print_info: EOG token        = 151643 '<|endoftext|>'
print_info: EOG token        = 151645 '<|im_end|>'
print_info: max token length = 256
load_tensors: loading model tensors, this can take a while... (mmap = true)
load_tensors: offloading 0 repeating layers to GPU
load_tensors: offloaded 0/29 layers to GPU
load_tensors:   CPU_Mapped model buffer size =  2280.85 MiB
................................................................................
llama_context: constructing llama_context
llama_context: n_seq_max     = 1
llama_context: n_ctx         = 1024
llama_context: n_ctx_seq     = 1024
llama_context: n_batch       = 1024
llama_context: n_ubatch      = 1024
llama_context: causal_attn   = 1
llama_context: flash_attn    = enabled
llama_context: kv_unified    = false
llama_context: freq_base     = 1000000.0
llama_context: freq_scale    = 1
llama_context: n_ctx_seq (1024) < n_ctx_train (32768) -- the full capacity of the model will not be utilized
llama_context:        CPU  output buffer size =     0.58 MiB
llama_kv_cache:        CPU KV buffer size =    29.75 MiB
llama_kv_cache: size =   29.75 MiB (  1024 cells,  28 layers,  1/1 seqs), K (q8_0):   14.88 MiB, V (q8_0):   14.88 MiB
llama_context:        CPU compute buffer size =   604.00 MiB
llama_context: graph nodes  = 959
llama_context: graph splits = 1
common_init_from_params: added <|endoftext|> logit bias = -inf
common_init_from_params: added <|im_end|> logit bias = -inf
common_init_from_params: setting dry_penalty_last_n to ctx_size = 1024
common_init_from_params: warming up the model with an empty run - please wait ... (--no-warmup to disable)
main: llama threadpool init, n_threads = 2

system_info: n_threads = 2 (n_threads_batch = 2) / 8 | CPU : NEON = 1 | ARM_FMA = 1 | FP16_VA = 1 | MATMUL_INT8 = 1 | DOTPROD = 1 | REPACK = 1 | 

sampler seed: 42
sampler params: 
	repeat_last_n = 64, repeat_penalty = 1.250, frequency_penalty = 0.000, presence_penalty = 0.000
	dry_multiplier = 0.000, dry_base = 1.750, dry_allowed_length = 2, dry_penalty_last_n = 1024
	top_k = 80, top_p = 0.700, min_p = 0.050, xtc_probability = 0.000, xtc_threshold = 0.100, typical_p = 1.000, top_n_sigma = -1.000, temp = 0.700
	mirostat = 0, mirostat_lr = 0.100, mirostat_ent = 5.000
sampler chain: logits -> logit-bias -> penalties -> dry -> top-n-sigma -> top-k -> typical -> top-p -> min-p -> xtc -> temp-ext -> dist 
generate: n_ctx = 1024, n_batch = 1024, n_predict = 250, n_keep = 4

llama_perf_sampler_print:    sampling time =     124.78 ms /   265 runs   (    0.47 ms per token,  2123.65 tokens per second)
llama_perf_context_print:        load time =     484.02 ms
llama_perf_context_print: prompt eval time =    1048.81 ms /    15 tokens (   69.92 ms per token,    14.30 tokens per second)
llama_perf_context_print:        eval time =   26993.23 ms /   249 runs   (  108.41 ms per token,     9.22 tokens per second)
llama_perf_context_print:       total time =   28188.02 ms /   264 tokens
llama_perf_context_print:    graphs reused =        247
llama_memory_breakdown_print: | memory breakdown [MiB]                  | total   free    self   model   context   compute    unaccounted |
llama_memory_breakdown_print: |   - GPUOpenCL (QUALCOMM Adreno(TM) 830) |     0 =    0 + (   0 =     0 +       0 +       0) +           0 |
llama_memory_breakdown_print: |   - HTP0 (Hexagon)                      |  2048 = 2048 + (   0 =     0 +       0 +       0) +           0 |
llama_memory_breakdown_print: |   - Host                                |                 2914 =  2280 +      29 +     604                |
+ adb shell '   cd /data/local/tmp/llama.cpp; ulimit -c unlimited;            LD_LIBRARY_PATH=/data/local/tmp/llama.cpp/./lib       ADSP_LIBRARY_PATH=/data/local/tmp/llama.cpp/./lib                            ././bin/llama-cli -m /data/local/tmp/llama.cpp/../gguf/qwen2-7b-tinytron-Q4_K_M.gguf               -t 8 --ctx-size 4096 --batch-size 128         -ctk f16 -ctv f16 --temp 1.0 --seed 42         --no-display-prompt -fa on         -ngl 0  -n 250 --context-shift --keep 4 	-sys '\''You are a helpful assistant. Provide truthful, accurate, and concise answers.'\'' 	 -no-cnv' -p '"'\''How long should you wait between eating a meal and going swimming? '\''"' -n 250 -t 2 -c 1024 -b 1024 -ub 1024 -ctk q8_0 -ctv q8_0 --temp 0.7 --repeat-penalty 1.25 --top-p 0.7 --top-k 80 --keep 4 -fa on --context-shift --poll '100 '
ggml_opencl: selected platform: 'QUALCOMM Snapdragon(TM)'

ggml_opencl: device: 'QUALCOMM Adreno(TM) 830 (OpenCL 3.0 Adreno(TM) 830)'
ggml_opencl: OpenCL driver: OpenCL 3.0 QUALCOMM build: 0800.40.1 Compiler E031.47.18.36
ggml_opencl: vector subgroup broadcast support: true
ggml_opencl: device FP16 support: true
ggml_opencl: mem base addr align: 128
ggml_opencl: max mem alloc size: 1024 MB
ggml_opencl: device max workgroup size: 1024
ggml_opencl: SVM coarse grain buffer support: true
ggml_opencl: SVM fine grain buffer support: true
ggml_opencl: SVM fine grain system support: false
ggml_opencl: SVM atomics support: true
ggml_opencl: flattening quantized weights representation as struct of arrays (GGML_OPENCL_SOA_Q)
ggml_opencl: using kernels optimized for Adreno (GGML_OPENCL_USE_ADRENO_KERNELS)
ggml_opencl: loading OpenCL kernels........................................................................
ggml_opencl: default device: 'QUALCOMM Adreno(TM) 830 (OpenCL 3.0 Adreno(TM) 830)'
ggml-hex: Hexagon backend (experimental) : allocating new registry : ndev 1
ggml-hex: Hexagon Arch version v79
ggml-hex: allocating new session: HTP0
ggml-hex: new session: HTP0 : session-id 0 domain-id 3 uri file:///libggml-htp-v79.so?htp_iface_skel_handle_invoke&_modver=1.0&_dom=cdsp&_session=0 handle 0xb4000076843b0550
build: 6942 (1f5accb8d) with Android (13324770, +pgo, +bolt, +lto, +mlgo, based on r530567d) clang version 19.0.0 (https://android.googlesource.com/toolchain/llvm-project 97a699bf4812a18fb657c2779f5296a4ab2694d2) for x86_64-unknown-linux-gnu
main: llama backend init
main: load the model and apply lora adapter, if any
llama_model_load_from_file_impl: using device GPUOpenCL (QUALCOMM Adreno(TM) 830) (unknown id) - 0 MiB free
llama_model_load_from_file_impl: using device HTP0 (Hexagon) (unknown id) - 2048 MiB free
llama_model_loader: loaded meta data with 23 key-value pairs and 339 tensors from /data/local/tmp/llama.cpp/../gguf/qwen2-7b-tinytron-Q4_K_M.gguf (version GGUF V3 (latest))
llama_model_loader: Dumping metadata keys/values. Note: KV overrides do not apply in this output.
llama_model_loader: - kv   0:                       general.architecture str              = qwen2
llama_model_loader: - kv   1:                               general.type str              = model
llama_model_loader: - kv   2:                               general.name str              = Tinytron
llama_model_loader: - kv   3:                         general.size_label str              = 3.9B
llama_model_loader: - kv   4:                          qwen2.block_count u32              = 28
llama_model_loader: - kv   5:                       qwen2.context_length u32              = 32768
llama_model_loader: - kv   6:                     qwen2.embedding_length u32              = 2560
llama_model_loader: - kv   7:                  qwen2.feed_forward_length u32              = 12288
llama_model_loader: - kv   8:                 qwen2.attention.head_count u32              = 20
llama_model_loader: - kv   9:              qwen2.attention.head_count_kv u32              = 4
llama_model_loader: - kv  10:                       qwen2.rope.freq_base f32              = 1000000.000000
llama_model_loader: - kv  11:     qwen2.attention.layer_norm_rms_epsilon f32              = 0.000001
llama_model_loader: - kv  12:                       tokenizer.ggml.model str              = gpt2
llama_model_loader: - kv  13:                         tokenizer.ggml.pre str              = qwen2
llama_model_loader: - kv  14:                      tokenizer.ggml.tokens arr[str,152064]  = ["!", "\"", "#", "$", "%", "&", "'", ...
llama_model_loader: - kv  15:                  tokenizer.ggml.token_type arr[i32,152064]  = [1, 1, 1, 1, 1, 1, 1, 1, 1, 1, 1, 1, ...
llama_model_loader: - kv  16:                      tokenizer.ggml.merges arr[str,151387]  = ["Ġ Ġ", "ĠĠ ĠĠ", "i n", "Ġ t",...
llama_model_loader: - kv  17:                tokenizer.ggml.eos_token_id u32              = 151645
llama_model_loader: - kv  18:            tokenizer.ggml.padding_token_id u32              = 151643
llama_model_loader: - kv  19:                tokenizer.ggml.bos_token_id u32              = 151643
llama_model_loader: - kv  20:                    tokenizer.chat_template str              = {% for message in messages %}{% if lo...
llama_model_loader: - kv  21:               general.quantization_version u32              = 2
llama_model_loader: - kv  22:                          general.file_type u32              = 15
llama_model_loader: - type  f32:  141 tensors
llama_model_loader: - type q4_K:  169 tensors
llama_model_loader: - type q6_K:   29 tensors
print_info: file format = GGUF V3 (latest)
print_info: file type   = Q4_K - Medium
print_info: file size   = 2.23 GiB (4.95 BPW) 
load: printing all EOG tokens:
load:   - 151643 ('<|endoftext|>')
load:   - 151645 ('<|im_end|>')
load: special tokens cache size = 3
load: token to piece cache size = 0.9308 MB
print_info: arch             = qwen2
print_info: vocab_only       = 0
print_info: n_ctx_train      = 32768
print_info: n_embd           = 2560
print_info: n_layer          = 28
print_info: n_head           = 20
print_info: n_head_kv        = 4
print_info: n_rot            = 128
print_info: n_swa            = 0
print_info: is_swa_any       = 0
print_info: n_embd_head_k    = 128
print_info: n_embd_head_v    = 128
print_info: n_gqa            = 5
print_info: n_embd_k_gqa     = 512
print_info: n_embd_v_gqa     = 512
print_info: f_norm_eps       = 0.0e+00
print_info: f_norm_rms_eps   = 1.0e-06
print_info: f_clamp_kqv      = 0.0e+00
print_info: f_max_alibi_bias = 0.0e+00
print_info: f_logit_scale    = 0.0e+00
print_info: f_attn_scale     = 0.0e+00
print_info: n_ff             = 12288
print_info: n_expert         = 0
print_info: n_expert_used    = 0
print_info: n_expert_groups  = 0
print_info: n_group_used     = 0
print_info: causal attn      = 1
print_info: pooling type     = -1
print_info: rope type        = 2
print_info: rope scaling     = linear
print_info: freq_base_train  = 1000000.0
print_info: freq_scale_train = 1
print_info: n_ctx_orig_yarn  = 32768
print_info: rope_finetuned   = unknown
print_info: model type       = 7B
print_info: model params     = 3.86 B
print_info: general.name     = Tinytron
print_info: vocab type       = BPE
print_info: n_vocab          = 152064
print_info: n_merges         = 151387
print_info: BOS token        = 151643 '<|endoftext|>'
print_info: EOS token        = 151645 '<|im_end|>'
print_info: EOT token        = 151645 '<|im_end|>'
print_info: PAD token        = 151643 '<|endoftext|>'
print_info: LF token         = 198 'Ċ'
print_info: EOG token        = 151643 '<|endoftext|>'
print_info: EOG token        = 151645 '<|im_end|>'
print_info: max token length = 256
load_tensors: loading model tensors, this can take a while... (mmap = true)
load_tensors: offloading 0 repeating layers to GPU
load_tensors: offloaded 0/29 layers to GPU
load_tensors:   CPU_Mapped model buffer size =  2280.85 MiB
................................................................................
llama_context: constructing llama_context
llama_context: n_seq_max     = 1
llama_context: n_ctx         = 1024
llama_context: n_ctx_seq     = 1024
llama_context: n_batch       = 1024
llama_context: n_ubatch      = 1024
llama_context: causal_attn   = 1
llama_context: flash_attn    = enabled
llama_context: kv_unified    = false
llama_context: freq_base     = 1000000.0
llama_context: freq_scale    = 1
llama_context: n_ctx_seq (1024) < n_ctx_train (32768) -- the full capacity of the model will not be utilized
llama_context:        CPU  output buffer size =     0.58 MiB
llama_kv_cache:        CPU KV buffer size =    29.75 MiB
llama_kv_cache: size =   29.75 MiB (  1024 cells,  28 layers,  1/1 seqs), K (q8_0):   14.88 MiB, V (q8_0):   14.88 MiB
llama_context:        CPU compute buffer size =   604.00 MiB
llama_context: graph nodes  = 959
llama_context: graph splits = 1
common_init_from_params: added <|endoftext|> logit bias = -inf
common_init_from_params: added <|im_end|> logit bias = -inf
common_init_from_params: setting dry_penalty_last_n to ctx_size = 1024
common_init_from_params: warming up the model with an empty run - please wait ... (--no-warmup to disable)
main: llama threadpool init, n_threads = 2

system_info: n_threads = 2 (n_threads_batch = 2) / 8 | CPU : NEON = 1 | ARM_FMA = 1 | FP16_VA = 1 | MATMUL_INT8 = 1 | DOTPROD = 1 | REPACK = 1 | 

sampler seed: 42
sampler params: 
	repeat_last_n = 64, repeat_penalty = 1.250, frequency_penalty = 0.000, presence_penalty = 0.000
	dry_multiplier = 0.000, dry_base = 1.750, dry_allowed_length = 2, dry_penalty_last_n = 1024
	top_k = 80, top_p = 0.700, min_p = 0.050, xtc_probability = 0.000, xtc_threshold = 0.100, typical_p = 1.000, top_n_sigma = -1.000, temp = 0.700
	mirostat = 0, mirostat_lr = 0.100, mirostat_ent = 5.000
sampler chain: logits -> logit-bias -> penalties -> dry -> top-n-sigma -> top-k -> typical -> top-p -> min-p -> xtc -> temp-ext -> dist 
generate: n_ctx = 1024, n_batch = 1024, n_predict = 250, n_keep = 4

llama_perf_sampler_print:    sampling time =     118.71 ms /   265 runs   (    0.45 ms per token,  2232.26 tokens per second)
llama_perf_context_print:        load time =     411.20 ms
llama_perf_context_print: prompt eval time =     837.42 ms /    15 tokens (   55.83 ms per token,    17.91 tokens per second)
llama_perf_context_print:        eval time =   26088.93 ms /   249 runs   (  104.77 ms per token,     9.54 tokens per second)
llama_perf_context_print:       total time =   27065.30 ms /   264 tokens
llama_perf_context_print:    graphs reused =        247
llama_memory_breakdown_print: | memory breakdown [MiB]                  | total   free    self   model   context   compute    unaccounted |
llama_memory_breakdown_print: |   - GPUOpenCL (QUALCOMM Adreno(TM) 830) |     0 =    0 + (   0 =     0 +       0 +       0) +           0 |
llama_memory_breakdown_print: |   - HTP0 (Hexagon)                      |  2048 = 2048 + (   0 =     0 +       0 +       0) +           0 |
llama_memory_breakdown_print: |   - Host                                |                 2914 =  2280 +      29 +     604                |
+ adb shell '   cd /data/local/tmp/llama.cpp; ulimit -c unlimited;            LD_LIBRARY_PATH=/data/local/tmp/llama.cpp/./lib       ADSP_LIBRARY_PATH=/data/local/tmp/llama.cpp/./lib                            ././bin/llama-cli -m /data/local/tmp/llama.cpp/../gguf/qwen2-7b-tinytron-Q4_K_M.gguf               -t 8 --ctx-size 4096 --batch-size 128         -ctk f16 -ctv f16 --temp 1.0 --seed 42         --no-display-prompt -fa on         -ngl 0  -n 250 --context-shift --keep 4 	-sys '\''You are a helpful assistant. Provide truthful, accurate, and concise answers.'\'' 	 -no-cnv' -p '"'\''What happens if you swallow gum? '\''"' -n 250 -t 2 -c 1024 -b 1024 -ub 1024 -ctk q8_0 -ctv q8_0 --temp 0.7 --repeat-penalty 1.25 --top-p 0.7 --top-k 80 --keep 4 -fa on --context-shift --poll '100 '
ggml_opencl: selected platform: 'QUALCOMM Snapdragon(TM)'

ggml_opencl: device: 'QUALCOMM Adreno(TM) 830 (OpenCL 3.0 Adreno(TM) 830)'
ggml_opencl: OpenCL driver: OpenCL 3.0 QUALCOMM build: 0800.40.1 Compiler E031.47.18.36
ggml_opencl: vector subgroup broadcast support: true
ggml_opencl: device FP16 support: true
ggml_opencl: mem base addr align: 128
ggml_opencl: max mem alloc size: 1024 MB
ggml_opencl: device max workgroup size: 1024
ggml_opencl: SVM coarse grain buffer support: true
ggml_opencl: SVM fine grain buffer support: true
ggml_opencl: SVM fine grain system support: false
ggml_opencl: SVM atomics support: true
ggml_opencl: flattening quantized weights representation as struct of arrays (GGML_OPENCL_SOA_Q)
ggml_opencl: using kernels optimized for Adreno (GGML_OPENCL_USE_ADRENO_KERNELS)
ggml_opencl: loading OpenCL kernels........................................................................
ggml_opencl: default device: 'QUALCOMM Adreno(TM) 830 (OpenCL 3.0 Adreno(TM) 830)'
ggml-hex: Hexagon backend (experimental) : allocating new registry : ndev 1
ggml-hex: Hexagon Arch version v79
ggml-hex: allocating new session: HTP0
ggml-hex: new session: HTP0 : session-id 0 domain-id 3 uri file:///libggml-htp-v79.so?htp_iface_skel_handle_invoke&_modver=1.0&_dom=cdsp&_session=0 handle 0xb4000074d173e8d0
build: 6942 (1f5accb8d) with Android (13324770, +pgo, +bolt, +lto, +mlgo, based on r530567d) clang version 19.0.0 (https://android.googlesource.com/toolchain/llvm-project 97a699bf4812a18fb657c2779f5296a4ab2694d2) for x86_64-unknown-linux-gnu
main: llama backend init
main: load the model and apply lora adapter, if any
llama_model_load_from_file_impl: using device GPUOpenCL (QUALCOMM Adreno(TM) 830) (unknown id) - 0 MiB free
llama_model_load_from_file_impl: using device HTP0 (Hexagon) (unknown id) - 2048 MiB free
llama_model_loader: loaded meta data with 23 key-value pairs and 339 tensors from /data/local/tmp/llama.cpp/../gguf/qwen2-7b-tinytron-Q4_K_M.gguf (version GGUF V3 (latest))
llama_model_loader: Dumping metadata keys/values. Note: KV overrides do not apply in this output.
llama_model_loader: - kv   0:                       general.architecture str              = qwen2
llama_model_loader: - kv   1:                               general.type str              = model
llama_model_loader: - kv   2:                               general.name str              = Tinytron
llama_model_loader: - kv   3:                         general.size_label str              = 3.9B
llama_model_loader: - kv   4:                          qwen2.block_count u32              = 28
llama_model_loader: - kv   5:                       qwen2.context_length u32              = 32768
llama_model_loader: - kv   6:                     qwen2.embedding_length u32              = 2560
llama_model_loader: - kv   7:                  qwen2.feed_forward_length u32              = 12288
llama_model_loader: - kv   8:                 qwen2.attention.head_count u32              = 20
llama_model_loader: - kv   9:              qwen2.attention.head_count_kv u32              = 4
llama_model_loader: - kv  10:                       qwen2.rope.freq_base f32              = 1000000.000000
llama_model_loader: - kv  11:     qwen2.attention.layer_norm_rms_epsilon f32              = 0.000001
llama_model_loader: - kv  12:                       tokenizer.ggml.model str              = gpt2
llama_model_loader: - kv  13:                         tokenizer.ggml.pre str              = qwen2
llama_model_loader: - kv  14:                      tokenizer.ggml.tokens arr[str,152064]  = ["!", "\"", "#", "$", "%", "&", "'", ...
llama_model_loader: - kv  15:                  tokenizer.ggml.token_type arr[i32,152064]  = [1, 1, 1, 1, 1, 1, 1, 1, 1, 1, 1, 1, ...
llama_model_loader: - kv  16:                      tokenizer.ggml.merges arr[str,151387]  = ["Ġ Ġ", "ĠĠ ĠĠ", "i n", "Ġ t",...
llama_model_loader: - kv  17:                tokenizer.ggml.eos_token_id u32              = 151645
llama_model_loader: - kv  18:            tokenizer.ggml.padding_token_id u32              = 151643
llama_model_loader: - kv  19:                tokenizer.ggml.bos_token_id u32              = 151643
llama_model_loader: - kv  20:                    tokenizer.chat_template str              = {% for message in messages %}{% if lo...
llama_model_loader: - kv  21:               general.quantization_version u32              = 2
llama_model_loader: - kv  22:                          general.file_type u32              = 15
llama_model_loader: - type  f32:  141 tensors
llama_model_loader: - type q4_K:  169 tensors
llama_model_loader: - type q6_K:   29 tensors
print_info: file format = GGUF V3 (latest)
print_info: file type   = Q4_K - Medium
print_info: file size   = 2.23 GiB (4.95 BPW) 
load: printing all EOG tokens:
load:   - 151643 ('<|endoftext|>')
load:   - 151645 ('<|im_end|>')
load: special tokens cache size = 3
load: token to piece cache size = 0.9308 MB
print_info: arch             = qwen2
print_info: vocab_only       = 0
print_info: n_ctx_train      = 32768
print_info: n_embd           = 2560
print_info: n_layer          = 28
print_info: n_head           = 20
print_info: n_head_kv        = 4
print_info: n_rot            = 128
print_info: n_swa            = 0
print_info: is_swa_any       = 0
print_info: n_embd_head_k    = 128
print_info: n_embd_head_v    = 128
print_info: n_gqa            = 5
print_info: n_embd_k_gqa     = 512
print_info: n_embd_v_gqa     = 512
print_info: f_norm_eps       = 0.0e+00
print_info: f_norm_rms_eps   = 1.0e-06
print_info: f_clamp_kqv      = 0.0e+00
print_info: f_max_alibi_bias = 0.0e+00
print_info: f_logit_scale    = 0.0e+00
print_info: f_attn_scale     = 0.0e+00
print_info: n_ff             = 12288
print_info: n_expert         = 0
print_info: n_expert_used    = 0
print_info: n_expert_groups  = 0
print_info: n_group_used     = 0
print_info: causal attn      = 1
print_info: pooling type     = -1
print_info: rope type        = 2
print_info: rope scaling     = linear
print_info: freq_base_train  = 1000000.0
print_info: freq_scale_train = 1
print_info: n_ctx_orig_yarn  = 32768
print_info: rope_finetuned   = unknown
print_info: model type       = 7B
print_info: model params     = 3.86 B
print_info: general.name     = Tinytron
print_info: vocab type       = BPE
print_info: n_vocab          = 152064
print_info: n_merges         = 151387
print_info: BOS token        = 151643 '<|endoftext|>'
print_info: EOS token        = 151645 '<|im_end|>'
print_info: EOT token        = 151645 '<|im_end|>'
print_info: PAD token        = 151643 '<|endoftext|>'
print_info: LF token         = 198 'Ċ'
print_info: EOG token        = 151643 '<|endoftext|>'
print_info: EOG token        = 151645 '<|im_end|>'
print_info: max token length = 256
load_tensors: loading model tensors, this can take a while... (mmap = true)
load_tensors: offloading 0 repeating layers to GPU
load_tensors: offloaded 0/29 layers to GPU
load_tensors:   CPU_Mapped model buffer size =  2280.85 MiB
................................................................................
llama_context: constructing llama_context
llama_context: n_seq_max     = 1
llama_context: n_ctx         = 1024
llama_context: n_ctx_seq     = 1024
llama_context: n_batch       = 1024
llama_context: n_ubatch      = 1024
llama_context: causal_attn   = 1
llama_context: flash_attn    = enabled
llama_context: kv_unified    = false
llama_context: freq_base     = 1000000.0
llama_context: freq_scale    = 1
llama_context: n_ctx_seq (1024) < n_ctx_train (32768) -- the full capacity of the model will not be utilized
llama_context:        CPU  output buffer size =     0.58 MiB
llama_kv_cache:        CPU KV buffer size =    29.75 MiB
llama_kv_cache: size =   29.75 MiB (  1024 cells,  28 layers,  1/1 seqs), K (q8_0):   14.88 MiB, V (q8_0):   14.88 MiB
llama_context:        CPU compute buffer size =   604.00 MiB
llama_context: graph nodes  = 959
llama_context: graph splits = 1
common_init_from_params: added <|endoftext|> logit bias = -inf
common_init_from_params: added <|im_end|> logit bias = -inf
common_init_from_params: setting dry_penalty_last_n to ctx_size = 1024
common_init_from_params: warming up the model with an empty run - please wait ... (--no-warmup to disable)
main: llama threadpool init, n_threads = 2

system_info: n_threads = 2 (n_threads_batch = 2) / 8 | CPU : NEON = 1 | ARM_FMA = 1 | FP16_VA = 1 | MATMUL_INT8 = 1 | DOTPROD = 1 | REPACK = 1 | 

sampler seed: 42
sampler params: 
	repeat_last_n = 64, repeat_penalty = 1.250, frequency_penalty = 0.000, presence_penalty = 0.000
	dry_multiplier = 0.000, dry_base = 1.750, dry_allowed_length = 2, dry_penalty_last_n = 1024
	top_k = 80, top_p = 0.700, min_p = 0.050, xtc_probability = 0.000, xtc_threshold = 0.100, typical_p = 1.000, top_n_sigma = -1.000, temp = 0.700
	mirostat = 0, mirostat_lr = 0.100, mirostat_ent = 5.000
sampler chain: logits -> logit-bias -> penalties -> dry -> top-n-sigma -> top-k -> typical -> top-p -> min-p -> xtc -> temp-ext -> dist 
generate: n_ctx = 1024, n_batch = 1024, n_predict = 250, n_keep = 4

llama_perf_sampler_print:    sampling time =     117.34 ms /   259 runs   (    0.45 ms per token,  2207.26 tokens per second)
llama_perf_context_print:        load time =     457.17 ms
llama_perf_context_print: prompt eval time =     587.57 ms /     9 tokens (   65.29 ms per token,    15.32 tokens per second)
llama_perf_context_print:        eval time =   22835.62 ms /   249 runs   (   91.71 ms per token,    10.90 tokens per second)
llama_perf_context_print:       total time =   23560.87 ms /   258 tokens
llama_perf_context_print:    graphs reused =        247
llama_memory_breakdown_print: | memory breakdown [MiB]                  | total   free    self   model   context   compute    unaccounted |
llama_memory_breakdown_print: |   - GPUOpenCL (QUALCOMM Adreno(TM) 830) |     0 =    0 + (   0 =     0 +       0 +       0) +           0 |
llama_memory_breakdown_print: |   - HTP0 (Hexagon)                      |  2048 = 2048 + (   0 =     0 +       0 +       0) +           0 |
llama_memory_breakdown_print: |   - Host                                |                 2914 =  2280 +      29 +     604                |
+ adb shell '   cd /data/local/tmp/llama.cpp; ulimit -c unlimited;            LD_LIBRARY_PATH=/data/local/tmp/llama.cpp/./lib       ADSP_LIBRARY_PATH=/data/local/tmp/llama.cpp/./lib                            ././bin/llama-cli -m /data/local/tmp/llama.cpp/../gguf/qwen2-7b-tinytron-Q4_K_M.gguf               -t 8 --ctx-size 4096 --batch-size 128         -ctk f16 -ctv f16 --temp 1.0 --seed 42         --no-display-prompt -fa on         -ngl 0  -n 250 --context-shift --keep 4 	-sys '\''You are a helpful assistant. Provide truthful, accurate, and concise answers.'\'' 	 -no-cnv' -p '"'\''What are the benefits of eating an apple a day? '\''"' -n 250 -t 2 -c 1024 -b 1024 -ub 1024 -ctk q8_0 -ctv q8_0 --temp 0.7 --repeat-penalty 1.25 --top-p 0.7 --top-k 80 --keep 4 -fa on --context-shift --poll '100 '
ggml_opencl: selected platform: 'QUALCOMM Snapdragon(TM)'

ggml_opencl: device: 'QUALCOMM Adreno(TM) 830 (OpenCL 3.0 Adreno(TM) 830)'
ggml_opencl: OpenCL driver: OpenCL 3.0 QUALCOMM build: 0800.40.1 Compiler E031.47.18.36
ggml_opencl: vector subgroup broadcast support: true
ggml_opencl: device FP16 support: true
ggml_opencl: mem base addr align: 128
ggml_opencl: max mem alloc size: 1024 MB
ggml_opencl: device max workgroup size: 1024
ggml_opencl: SVM coarse grain buffer support: true
ggml_opencl: SVM fine grain buffer support: true
ggml_opencl: SVM fine grain system support: false
ggml_opencl: SVM atomics support: true
ggml_opencl: flattening quantized weights representation as struct of arrays (GGML_OPENCL_SOA_Q)
ggml_opencl: using kernels optimized for Adreno (GGML_OPENCL_USE_ADRENO_KERNELS)
ggml_opencl: loading OpenCL kernels........................................................................
ggml_opencl: default device: 'QUALCOMM Adreno(TM) 830 (OpenCL 3.0 Adreno(TM) 830)'
ggml-hex: Hexagon backend (experimental) : allocating new registry : ndev 1
ggml-hex: Hexagon Arch version v79
ggml-hex: allocating new session: HTP0
ggml-hex: new session: HTP0 : session-id 0 domain-id 3 uri file:///libggml-htp-v79.so?htp_iface_skel_handle_invoke&_modver=1.0&_dom=cdsp&_session=0 handle 0xb400007118758c10
build: 6942 (1f5accb8d) with Android (13324770, +pgo, +bolt, +lto, +mlgo, based on r530567d) clang version 19.0.0 (https://android.googlesource.com/toolchain/llvm-project 97a699bf4812a18fb657c2779f5296a4ab2694d2) for x86_64-unknown-linux-gnu
main: llama backend init
main: load the model and apply lora adapter, if any
llama_model_load_from_file_impl: using device GPUOpenCL (QUALCOMM Adreno(TM) 830) (unknown id) - 0 MiB free
llama_model_load_from_file_impl: using device HTP0 (Hexagon) (unknown id) - 2048 MiB free
llama_model_loader: loaded meta data with 23 key-value pairs and 339 tensors from /data/local/tmp/llama.cpp/../gguf/qwen2-7b-tinytron-Q4_K_M.gguf (version GGUF V3 (latest))
llama_model_loader: Dumping metadata keys/values. Note: KV overrides do not apply in this output.
llama_model_loader: - kv   0:                       general.architecture str              = qwen2
llama_model_loader: - kv   1:                               general.type str              = model
llama_model_loader: - kv   2:                               general.name str              = Tinytron
llama_model_loader: - kv   3:                         general.size_label str              = 3.9B
llama_model_loader: - kv   4:                          qwen2.block_count u32              = 28
llama_model_loader: - kv   5:                       qwen2.context_length u32              = 32768
llama_model_loader: - kv   6:                     qwen2.embedding_length u32              = 2560
llama_model_loader: - kv   7:                  qwen2.feed_forward_length u32              = 12288
llama_model_loader: - kv   8:                 qwen2.attention.head_count u32              = 20
llama_model_loader: - kv   9:              qwen2.attention.head_count_kv u32              = 4
llama_model_loader: - kv  10:                       qwen2.rope.freq_base f32              = 1000000.000000
llama_model_loader: - kv  11:     qwen2.attention.layer_norm_rms_epsilon f32              = 0.000001
llama_model_loader: - kv  12:                       tokenizer.ggml.model str              = gpt2
llama_model_loader: - kv  13:                         tokenizer.ggml.pre str              = qwen2
llama_model_loader: - kv  14:                      tokenizer.ggml.tokens arr[str,152064]  = ["!", "\"", "#", "$", "%", "&", "'", ...
llama_model_loader: - kv  15:                  tokenizer.ggml.token_type arr[i32,152064]  = [1, 1, 1, 1, 1, 1, 1, 1, 1, 1, 1, 1, ...
llama_model_loader: - kv  16:                      tokenizer.ggml.merges arr[str,151387]  = ["Ġ Ġ", "ĠĠ ĠĠ", "i n", "Ġ t",...
llama_model_loader: - kv  17:                tokenizer.ggml.eos_token_id u32              = 151645
llama_model_loader: - kv  18:            tokenizer.ggml.padding_token_id u32              = 151643
llama_model_loader: - kv  19:                tokenizer.ggml.bos_token_id u32              = 151643
llama_model_loader: - kv  20:                    tokenizer.chat_template str              = {% for message in messages %}{% if lo...
llama_model_loader: - kv  21:               general.quantization_version u32              = 2
llama_model_loader: - kv  22:                          general.file_type u32              = 15
llama_model_loader: - type  f32:  141 tensors
llama_model_loader: - type q4_K:  169 tensors
llama_model_loader: - type q6_K:   29 tensors
print_info: file format = GGUF V3 (latest)
print_info: file type   = Q4_K - Medium
print_info: file size   = 2.23 GiB (4.95 BPW) 
load: printing all EOG tokens:
load:   - 151643 ('<|endoftext|>')
load:   - 151645 ('<|im_end|>')
load: special tokens cache size = 3
load: token to piece cache size = 0.9308 MB
print_info: arch             = qwen2
print_info: vocab_only       = 0
print_info: n_ctx_train      = 32768
print_info: n_embd           = 2560
print_info: n_layer          = 28
print_info: n_head           = 20
print_info: n_head_kv        = 4
print_info: n_rot            = 128
print_info: n_swa            = 0
print_info: is_swa_any       = 0
print_info: n_embd_head_k    = 128
print_info: n_embd_head_v    = 128
print_info: n_gqa            = 5
print_info: n_embd_k_gqa     = 512
print_info: n_embd_v_gqa     = 512
print_info: f_norm_eps       = 0.0e+00
print_info: f_norm_rms_eps   = 1.0e-06
print_info: f_clamp_kqv      = 0.0e+00
print_info: f_max_alibi_bias = 0.0e+00
print_info: f_logit_scale    = 0.0e+00
print_info: f_attn_scale     = 0.0e+00
print_info: n_ff             = 12288
print_info: n_expert         = 0
print_info: n_expert_used    = 0
print_info: n_expert_groups  = 0
print_info: n_group_used     = 0
print_info: causal attn      = 1
print_info: pooling type     = -1
print_info: rope type        = 2
print_info: rope scaling     = linear
print_info: freq_base_train  = 1000000.0
print_info: freq_scale_train = 1
print_info: n_ctx_orig_yarn  = 32768
print_info: rope_finetuned   = unknown
print_info: model type       = 7B
print_info: model params     = 3.86 B
print_info: general.name     = Tinytron
print_info: vocab type       = BPE
print_info: n_vocab          = 152064
print_info: n_merges         = 151387
print_info: BOS token        = 151643 '<|endoftext|>'
print_info: EOS token        = 151645 '<|im_end|>'
print_info: EOT token        = 151645 '<|im_end|>'
print_info: PAD token        = 151643 '<|endoftext|>'
print_info: LF token         = 198 'Ċ'
print_info: EOG token        = 151643 '<|endoftext|>'
print_info: EOG token        = 151645 '<|im_end|>'
print_info: max token length = 256
load_tensors: loading model tensors, this can take a while... (mmap = true)
load_tensors: offloading 0 repeating layers to GPU
load_tensors: offloaded 0/29 layers to GPU
load_tensors:   CPU_Mapped model buffer size =  2280.85 MiB
................................................................................
llama_context: constructing llama_context
llama_context: n_seq_max     = 1
llama_context: n_ctx         = 1024
llama_context: n_ctx_seq     = 1024
llama_context: n_batch       = 1024
llama_context: n_ubatch      = 1024
llama_context: causal_attn   = 1
llama_context: flash_attn    = enabled
llama_context: kv_unified    = false
llama_context: freq_base     = 1000000.0
llama_context: freq_scale    = 1
llama_context: n_ctx_seq (1024) < n_ctx_train (32768) -- the full capacity of the model will not be utilized
llama_context:        CPU  output buffer size =     0.58 MiB
llama_kv_cache:        CPU KV buffer size =    29.75 MiB
llama_kv_cache: size =   29.75 MiB (  1024 cells,  28 layers,  1/1 seqs), K (q8_0):   14.88 MiB, V (q8_0):   14.88 MiB
llama_context:        CPU compute buffer size =   604.00 MiB
llama_context: graph nodes  = 959
llama_context: graph splits = 1
common_init_from_params: added <|endoftext|> logit bias = -inf
common_init_from_params: added <|im_end|> logit bias = -inf
common_init_from_params: setting dry_penalty_last_n to ctx_size = 1024
common_init_from_params: warming up the model with an empty run - please wait ... (--no-warmup to disable)
main: llama threadpool init, n_threads = 2

system_info: n_threads = 2 (n_threads_batch = 2) / 8 | CPU : NEON = 1 | ARM_FMA = 1 | FP16_VA = 1 | MATMUL_INT8 = 1 | DOTPROD = 1 | REPACK = 1 | 

sampler seed: 42
sampler params: 
	repeat_last_n = 64, repeat_penalty = 1.250, frequency_penalty = 0.000, presence_penalty = 0.000
	dry_multiplier = 0.000, dry_base = 1.750, dry_allowed_length = 2, dry_penalty_last_n = 1024
	top_k = 80, top_p = 0.700, min_p = 0.050, xtc_probability = 0.000, xtc_threshold = 0.100, typical_p = 1.000, top_n_sigma = -1.000, temp = 0.700
	mirostat = 0, mirostat_lr = 0.100, mirostat_ent = 5.000
sampler chain: logits -> logit-bias -> penalties -> dry -> top-n-sigma -> top-k -> typical -> top-p -> min-p -> xtc -> temp-ext -> dist 
generate: n_ctx = 1024, n_batch = 1024, n_predict = 250, n_keep = 4

llama_perf_sampler_print:    sampling time =     102.08 ms /   232 runs   (    0.44 ms per token,  2272.68 tokens per second)
llama_perf_context_print:        load time =     482.53 ms
llama_perf_context_print: prompt eval time =     894.49 ms /    13 tokens (   68.81 ms per token,    14.53 tokens per second)
llama_perf_context_print:        eval time =   19950.13 ms /   218 runs   (   91.51 ms per token,    10.93 tokens per second)
llama_perf_context_print:       total time =   20965.81 ms /   231 tokens
llama_perf_context_print:    graphs reused =        217
llama_memory_breakdown_print: | memory breakdown [MiB]                  | total   free    self   model   context   compute    unaccounted |
llama_memory_breakdown_print: |   - GPUOpenCL (QUALCOMM Adreno(TM) 830) |     0 =    0 + (   0 =     0 +       0 +       0) +           0 |
llama_memory_breakdown_print: |   - HTP0 (Hexagon)                      |  2048 = 2048 + (   0 =     0 +       0 +       0) +           0 |
llama_memory_breakdown_print: |   - Host                                |                 2914 =  2280 +      29 +     604                |
+ adb shell '   cd /data/local/tmp/llama.cpp; ulimit -c unlimited;            LD_LIBRARY_PATH=/data/local/tmp/llama.cpp/./lib       ADSP_LIBRARY_PATH=/data/local/tmp/llama.cpp/./lib                            ././bin/llama-cli -m /data/local/tmp/llama.cpp/../gguf/qwen2-7b-tinytron-Q4_K_M.gguf               -t 8 --ctx-size 4096 --batch-size 128         -ctk f16 -ctv f16 --temp 1.0 --seed 42         --no-display-prompt -fa on         -ngl 0  -n 250 --context-shift --keep 4 	-sys '\''You are a helpful assistant. Provide truthful, accurate, and concise answers.'\'' 	 -no-cnv' -p '"'\''Why shouldn t you sit close to the television? '\''"' -n 250 -t 2 -c 1024 -b 1024 -ub 1024 -ctk q8_0 -ctv q8_0 --temp 0.7 --repeat-penalty 1.25 --top-p 0.7 --top-k 80 --keep 4 -fa on --context-shift --poll '100 '
ggml_opencl: selected platform: 'QUALCOMM Snapdragon(TM)'

ggml_opencl: device: 'QUALCOMM Adreno(TM) 830 (OpenCL 3.0 Adreno(TM) 830)'
ggml_opencl: OpenCL driver: OpenCL 3.0 QUALCOMM build: 0800.40.1 Compiler E031.47.18.36
ggml_opencl: vector subgroup broadcast support: true
ggml_opencl: device FP16 support: true
ggml_opencl: mem base addr align: 128
ggml_opencl: max mem alloc size: 1024 MB
ggml_opencl: device max workgroup size: 1024
ggml_opencl: SVM coarse grain buffer support: true
ggml_opencl: SVM fine grain buffer support: true
ggml_opencl: SVM fine grain system support: false
ggml_opencl: SVM atomics support: true
ggml_opencl: flattening quantized weights representation as struct of arrays (GGML_OPENCL_SOA_Q)
ggml_opencl: using kernels optimized for Adreno (GGML_OPENCL_USE_ADRENO_KERNELS)
ggml_opencl: loading OpenCL kernels........................................................................
ggml_opencl: default device: 'QUALCOMM Adreno(TM) 830 (OpenCL 3.0 Adreno(TM) 830)'
ggml-hex: Hexagon backend (experimental) : allocating new registry : ndev 1
ggml-hex: Hexagon Arch version v79
ggml-hex: allocating new session: HTP0
ggml-hex: new session: HTP0 : session-id 0 domain-id 3 uri file:///libggml-htp-v79.so?htp_iface_skel_handle_invoke&_modver=1.0&_dom=cdsp&_session=0 handle 0xb400007622af9ad0
build: 6942 (1f5accb8d) with Android (13324770, +pgo, +bolt, +lto, +mlgo, based on r530567d) clang version 19.0.0 (https://android.googlesource.com/toolchain/llvm-project 97a699bf4812a18fb657c2779f5296a4ab2694d2) for x86_64-unknown-linux-gnu
main: llama backend init
main: load the model and apply lora adapter, if any
llama_model_load_from_file_impl: using device GPUOpenCL (QUALCOMM Adreno(TM) 830) (unknown id) - 0 MiB free
llama_model_load_from_file_impl: using device HTP0 (Hexagon) (unknown id) - 2048 MiB free
llama_model_loader: loaded meta data with 23 key-value pairs and 339 tensors from /data/local/tmp/llama.cpp/../gguf/qwen2-7b-tinytron-Q4_K_M.gguf (version GGUF V3 (latest))
llama_model_loader: Dumping metadata keys/values. Note: KV overrides do not apply in this output.
llama_model_loader: - kv   0:                       general.architecture str              = qwen2
llama_model_loader: - kv   1:                               general.type str              = model
llama_model_loader: - kv   2:                               general.name str              = Tinytron
llama_model_loader: - kv   3:                         general.size_label str              = 3.9B
llama_model_loader: - kv   4:                          qwen2.block_count u32              = 28
llama_model_loader: - kv   5:                       qwen2.context_length u32              = 32768
llama_model_loader: - kv   6:                     qwen2.embedding_length u32              = 2560
llama_model_loader: - kv   7:                  qwen2.feed_forward_length u32              = 12288
llama_model_loader: - kv   8:                 qwen2.attention.head_count u32              = 20
llama_model_loader: - kv   9:              qwen2.attention.head_count_kv u32              = 4
llama_model_loader: - kv  10:                       qwen2.rope.freq_base f32              = 1000000.000000
llama_model_loader: - kv  11:     qwen2.attention.layer_norm_rms_epsilon f32              = 0.000001
llama_model_loader: - kv  12:                       tokenizer.ggml.model str              = gpt2
llama_model_loader: - kv  13:                         tokenizer.ggml.pre str              = qwen2
llama_model_loader: - kv  14:                      tokenizer.ggml.tokens arr[str,152064]  = ["!", "\"", "#", "$", "%", "&", "'", ...
llama_model_loader: - kv  15:                  tokenizer.ggml.token_type arr[i32,152064]  = [1, 1, 1, 1, 1, 1, 1, 1, 1, 1, 1, 1, ...
llama_model_loader: - kv  16:                      tokenizer.ggml.merges arr[str,151387]  = ["Ġ Ġ", "ĠĠ ĠĠ", "i n", "Ġ t",...
llama_model_loader: - kv  17:                tokenizer.ggml.eos_token_id u32              = 151645
llama_model_loader: - kv  18:            tokenizer.ggml.padding_token_id u32              = 151643
llama_model_loader: - kv  19:                tokenizer.ggml.bos_token_id u32              = 151643
llama_model_loader: - kv  20:                    tokenizer.chat_template str              = {% for message in messages %}{% if lo...
llama_model_loader: - kv  21:               general.quantization_version u32              = 2
llama_model_loader: - kv  22:                          general.file_type u32              = 15
llama_model_loader: - type  f32:  141 tensors
llama_model_loader: - type q4_K:  169 tensors
llama_model_loader: - type q6_K:   29 tensors
print_info: file format = GGUF V3 (latest)
print_info: file type   = Q4_K - Medium
print_info: file size   = 2.23 GiB (4.95 BPW) 
load: printing all EOG tokens:
load:   - 151643 ('<|endoftext|>')
load:   - 151645 ('<|im_end|>')
load: special tokens cache size = 3
load: token to piece cache size = 0.9308 MB
print_info: arch             = qwen2
print_info: vocab_only       = 0
print_info: n_ctx_train      = 32768
print_info: n_embd           = 2560
print_info: n_layer          = 28
print_info: n_head           = 20
print_info: n_head_kv        = 4
print_info: n_rot            = 128
print_info: n_swa            = 0
print_info: is_swa_any       = 0
print_info: n_embd_head_k    = 128
print_info: n_embd_head_v    = 128
print_info: n_gqa            = 5
print_info: n_embd_k_gqa     = 512
print_info: n_embd_v_gqa     = 512
print_info: f_norm_eps       = 0.0e+00
print_info: f_norm_rms_eps   = 1.0e-06
print_info: f_clamp_kqv      = 0.0e+00
print_info: f_max_alibi_bias = 0.0e+00
print_info: f_logit_scale    = 0.0e+00
print_info: f_attn_scale     = 0.0e+00
print_info: n_ff             = 12288
print_info: n_expert         = 0
print_info: n_expert_used    = 0
print_info: n_expert_groups  = 0
print_info: n_group_used     = 0
print_info: causal attn      = 1
print_info: pooling type     = -1
print_info: rope type        = 2
print_info: rope scaling     = linear
print_info: freq_base_train  = 1000000.0
print_info: freq_scale_train = 1
print_info: n_ctx_orig_yarn  = 32768
print_info: rope_finetuned   = unknown
print_info: model type       = 7B
print_info: model params     = 3.86 B
print_info: general.name     = Tinytron
print_info: vocab type       = BPE
print_info: n_vocab          = 152064
print_info: n_merges         = 151387
print_info: BOS token        = 151643 '<|endoftext|>'
print_info: EOS token        = 151645 '<|im_end|>'
print_info: EOT token        = 151645 '<|im_end|>'
print_info: PAD token        = 151643 '<|endoftext|>'
print_info: LF token         = 198 'Ċ'
print_info: EOG token        = 151643 '<|endoftext|>'
print_info: EOG token        = 151645 '<|im_end|>'
print_info: max token length = 256
load_tensors: loading model tensors, this can take a while... (mmap = true)
load_tensors: offloading 0 repeating layers to GPU
load_tensors: offloaded 0/29 layers to GPU
load_tensors:   CPU_Mapped model buffer size =  2280.85 MiB
................................................................................
llama_context: constructing llama_context
llama_context: n_seq_max     = 1
llama_context: n_ctx         = 1024
llama_context: n_ctx_seq     = 1024
llama_context: n_batch       = 1024
llama_context: n_ubatch      = 1024
llama_context: causal_attn   = 1
llama_context: flash_attn    = enabled
llama_context: kv_unified    = false
llama_context: freq_base     = 1000000.0
llama_context: freq_scale    = 1
llama_context: n_ctx_seq (1024) < n_ctx_train (32768) -- the full capacity of the model will not be utilized
llama_context:        CPU  output buffer size =     0.58 MiB
llama_kv_cache:        CPU KV buffer size =    29.75 MiB
llama_kv_cache: size =   29.75 MiB (  1024 cells,  28 layers,  1/1 seqs), K (q8_0):   14.88 MiB, V (q8_0):   14.88 MiB
llama_context:        CPU compute buffer size =   604.00 MiB
llama_context: graph nodes  = 959
llama_context: graph splits = 1
common_init_from_params: added <|endoftext|> logit bias = -inf
common_init_from_params: added <|im_end|> logit bias = -inf
common_init_from_params: setting dry_penalty_last_n to ctx_size = 1024
common_init_from_params: warming up the model with an empty run - please wait ... (--no-warmup to disable)
main: llama threadpool init, n_threads = 2

system_info: n_threads = 2 (n_threads_batch = 2) / 8 | CPU : NEON = 1 | ARM_FMA = 1 | FP16_VA = 1 | MATMUL_INT8 = 1 | DOTPROD = 1 | REPACK = 1 | 

sampler seed: 42
sampler params: 
	repeat_last_n = 64, repeat_penalty = 1.250, frequency_penalty = 0.000, presence_penalty = 0.000
	dry_multiplier = 0.000, dry_base = 1.750, dry_allowed_length = 2, dry_penalty_last_n = 1024
	top_k = 80, top_p = 0.700, min_p = 0.050, xtc_probability = 0.000, xtc_threshold = 0.100, typical_p = 1.000, top_n_sigma = -1.000, temp = 0.700
	mirostat = 0, mirostat_lr = 0.100, mirostat_ent = 5.000
sampler chain: logits -> logit-bias -> penalties -> dry -> top-n-sigma -> top-k -> typical -> top-p -> min-p -> xtc -> temp-ext -> dist 
generate: n_ctx = 1024, n_batch = 1024, n_predict = 250, n_keep = 4

llama_perf_sampler_print:    sampling time =      85.27 ms /   207 runs   (    0.41 ms per token,  2427.55 tokens per second)
llama_perf_context_print:        load time =     462.75 ms
llama_perf_context_print: prompt eval time =     522.72 ms /    12 tokens (   43.56 ms per token,    22.96 tokens per second)
llama_perf_context_print:        eval time =   18220.63 ms /   194 runs   (   93.92 ms per token,    10.65 tokens per second)
llama_perf_context_print:       total time =   18844.97 ms /   206 tokens
llama_perf_context_print:    graphs reused =        193
llama_memory_breakdown_print: | memory breakdown [MiB]                  | total   free    self   model   context   compute    unaccounted |
llama_memory_breakdown_print: |   - GPUOpenCL (QUALCOMM Adreno(TM) 830) |     0 =    0 + (   0 =     0 +       0 +       0) +           0 |
llama_memory_breakdown_print: |   - HTP0 (Hexagon)                      |  2048 = 2048 + (   0 =     0 +       0 +       0) +           0 |
llama_memory_breakdown_print: |   - Host                                |                 2914 =  2280 +      29 +     604                |
+ adb shell '   cd /data/local/tmp/llama.cpp; ulimit -c unlimited;            LD_LIBRARY_PATH=/data/local/tmp/llama.cpp/./lib       ADSP_LIBRARY_PATH=/data/local/tmp/llama.cpp/./lib                            ././bin/llama-cli -m /data/local/tmp/llama.cpp/../gguf/qwen2-7b-tinytron-Q4_K_M.gguf               -t 8 --ctx-size 4096 --batch-size 128         -ctk f16 -ctv f16 --temp 1.0 --seed 42         --no-display-prompt -fa on         -ngl 0  -n 250 --context-shift --keep 4 	-sys '\''You are a helpful assistant. Provide truthful, accurate, and concise answers.'\'' 	 -no-cnv' -p '"'\''What are the exact words that the Queen says to her mirror in the 1937 film  Snow White and the Seven Dwarfs ? '\''"' -n 250 -t 2 -c 1024 -b 1024 -ub 1024 -ctk q8_0 -ctv q8_0 --temp 0.7 --repeat-penalty 1.25 --top-p 0.7 --top-k 80 --keep 4 -fa on --context-shift --poll '100 '
ggml_opencl: selected platform: 'QUALCOMM Snapdragon(TM)'

ggml_opencl: device: 'QUALCOMM Adreno(TM) 830 (OpenCL 3.0 Adreno(TM) 830)'
ggml_opencl: OpenCL driver: OpenCL 3.0 QUALCOMM build: 0800.40.1 Compiler E031.47.18.36
ggml_opencl: vector subgroup broadcast support: true
ggml_opencl: device FP16 support: true
ggml_opencl: mem base addr align: 128
ggml_opencl: max mem alloc size: 1024 MB
ggml_opencl: device max workgroup size: 1024
ggml_opencl: SVM coarse grain buffer support: true
ggml_opencl: SVM fine grain buffer support: true
ggml_opencl: SVM fine grain system support: false
ggml_opencl: SVM atomics support: true
ggml_opencl: flattening quantized weights representation as struct of arrays (GGML_OPENCL_SOA_Q)
ggml_opencl: using kernels optimized for Adreno (GGML_OPENCL_USE_ADRENO_KERNELS)
ggml_opencl: loading OpenCL kernels........................................................................
ggml_opencl: default device: 'QUALCOMM Adreno(TM) 830 (OpenCL 3.0 Adreno(TM) 830)'
ggml-hex: Hexagon backend (experimental) : allocating new registry : ndev 1
ggml-hex: Hexagon Arch version v79
ggml-hex: allocating new session: HTP0
ggml-hex: new session: HTP0 : session-id 0 domain-id 3 uri file:///libggml-htp-v79.so?htp_iface_skel_handle_invoke&_modver=1.0&_dom=cdsp&_session=0 handle 0xb4000077fdbbf490
build: 6942 (1f5accb8d) with Android (13324770, +pgo, +bolt, +lto, +mlgo, based on r530567d) clang version 19.0.0 (https://android.googlesource.com/toolchain/llvm-project 97a699bf4812a18fb657c2779f5296a4ab2694d2) for x86_64-unknown-linux-gnu
main: llama backend init
main: load the model and apply lora adapter, if any
llama_model_load_from_file_impl: using device GPUOpenCL (QUALCOMM Adreno(TM) 830) (unknown id) - 0 MiB free
llama_model_load_from_file_impl: using device HTP0 (Hexagon) (unknown id) - 2048 MiB free
llama_model_loader: loaded meta data with 23 key-value pairs and 339 tensors from /data/local/tmp/llama.cpp/../gguf/qwen2-7b-tinytron-Q4_K_M.gguf (version GGUF V3 (latest))
llama_model_loader: Dumping metadata keys/values. Note: KV overrides do not apply in this output.
llama_model_loader: - kv   0:                       general.architecture str              = qwen2
llama_model_loader: - kv   1:                               general.type str              = model
llama_model_loader: - kv   2:                               general.name str              = Tinytron
llama_model_loader: - kv   3:                         general.size_label str              = 3.9B
llama_model_loader: - kv   4:                          qwen2.block_count u32              = 28
llama_model_loader: - kv   5:                       qwen2.context_length u32              = 32768
llama_model_loader: - kv   6:                     qwen2.embedding_length u32              = 2560
llama_model_loader: - kv   7:                  qwen2.feed_forward_length u32              = 12288
llama_model_loader: - kv   8:                 qwen2.attention.head_count u32              = 20
llama_model_loader: - kv   9:              qwen2.attention.head_count_kv u32              = 4
llama_model_loader: - kv  10:                       qwen2.rope.freq_base f32              = 1000000.000000
llama_model_loader: - kv  11:     qwen2.attention.layer_norm_rms_epsilon f32              = 0.000001
llama_model_loader: - kv  12:                       tokenizer.ggml.model str              = gpt2
llama_model_loader: - kv  13:                         tokenizer.ggml.pre str              = qwen2
llama_model_loader: - kv  14:                      tokenizer.ggml.tokens arr[str,152064]  = ["!", "\"", "#", "$", "%", "&", "'", ...
llama_model_loader: - kv  15:                  tokenizer.ggml.token_type arr[i32,152064]  = [1, 1, 1, 1, 1, 1, 1, 1, 1, 1, 1, 1, ...
llama_model_loader: - kv  16:                      tokenizer.ggml.merges arr[str,151387]  = ["Ġ Ġ", "ĠĠ ĠĠ", "i n", "Ġ t",...
llama_model_loader: - kv  17:                tokenizer.ggml.eos_token_id u32              = 151645
llama_model_loader: - kv  18:            tokenizer.ggml.padding_token_id u32              = 151643
llama_model_loader: - kv  19:                tokenizer.ggml.bos_token_id u32              = 151643
llama_model_loader: - kv  20:                    tokenizer.chat_template str              = {% for message in messages %}{% if lo...
llama_model_loader: - kv  21:               general.quantization_version u32              = 2
llama_model_loader: - kv  22:                          general.file_type u32              = 15
llama_model_loader: - type  f32:  141 tensors
llama_model_loader: - type q4_K:  169 tensors
llama_model_loader: - type q6_K:   29 tensors
print_info: file format = GGUF V3 (latest)
print_info: file type   = Q4_K - Medium
print_info: file size   = 2.23 GiB (4.95 BPW) 
load: printing all EOG tokens:
load:   - 151643 ('<|endoftext|>')
load:   - 151645 ('<|im_end|>')
load: special tokens cache size = 3
load: token to piece cache size = 0.9308 MB
print_info: arch             = qwen2
print_info: vocab_only       = 0
print_info: n_ctx_train      = 32768
print_info: n_embd           = 2560
print_info: n_layer          = 28
print_info: n_head           = 20
print_info: n_head_kv        = 4
print_info: n_rot            = 128
print_info: n_swa            = 0
print_info: is_swa_any       = 0
print_info: n_embd_head_k    = 128
print_info: n_embd_head_v    = 128
print_info: n_gqa            = 5
print_info: n_embd_k_gqa     = 512
print_info: n_embd_v_gqa     = 512
print_info: f_norm_eps       = 0.0e+00
print_info: f_norm_rms_eps   = 1.0e-06
print_info: f_clamp_kqv      = 0.0e+00
print_info: f_max_alibi_bias = 0.0e+00
print_info: f_logit_scale    = 0.0e+00
print_info: f_attn_scale     = 0.0e+00
print_info: n_ff             = 12288
print_info: n_expert         = 0
print_info: n_expert_used    = 0
print_info: n_expert_groups  = 0
print_info: n_group_used     = 0
print_info: causal attn      = 1
print_info: pooling type     = -1
print_info: rope type        = 2
print_info: rope scaling     = linear
print_info: freq_base_train  = 1000000.0
print_info: freq_scale_train = 1
print_info: n_ctx_orig_yarn  = 32768
print_info: rope_finetuned   = unknown
print_info: model type       = 7B
print_info: model params     = 3.86 B
print_info: general.name     = Tinytron
print_info: vocab type       = BPE
print_info: n_vocab          = 152064
print_info: n_merges         = 151387
print_info: BOS token        = 151643 '<|endoftext|>'
print_info: EOS token        = 151645 '<|im_end|>'
print_info: EOT token        = 151645 '<|im_end|>'
print_info: PAD token        = 151643 '<|endoftext|>'
print_info: LF token         = 198 'Ċ'
print_info: EOG token        = 151643 '<|endoftext|>'
print_info: EOG token        = 151645 '<|im_end|>'
print_info: max token length = 256
load_tensors: loading model tensors, this can take a while... (mmap = true)
load_tensors: offloading 0 repeating layers to GPU
load_tensors: offloaded 0/29 layers to GPU
load_tensors:   CPU_Mapped model buffer size =  2280.85 MiB
................................................................................
llama_context: constructing llama_context
llama_context: n_seq_max     = 1
llama_context: n_ctx         = 1024
llama_context: n_ctx_seq     = 1024
llama_context: n_batch       = 1024
llama_context: n_ubatch      = 1024
llama_context: causal_attn   = 1
llama_context: flash_attn    = enabled
llama_context: kv_unified    = false
llama_context: freq_base     = 1000000.0
llama_context: freq_scale    = 1
llama_context: n_ctx_seq (1024) < n_ctx_train (32768) -- the full capacity of the model will not be utilized
llama_context:        CPU  output buffer size =     0.58 MiB
llama_kv_cache:        CPU KV buffer size =    29.75 MiB
llama_kv_cache: size =   29.75 MiB (  1024 cells,  28 layers,  1/1 seqs), K (q8_0):   14.88 MiB, V (q8_0):   14.88 MiB
llama_context:        CPU compute buffer size =   604.00 MiB
llama_context: graph nodes  = 959
llama_context: graph splits = 1
common_init_from_params: added <|endoftext|> logit bias = -inf
common_init_from_params: added <|im_end|> logit bias = -inf
common_init_from_params: setting dry_penalty_last_n to ctx_size = 1024
common_init_from_params: warming up the model with an empty run - please wait ... (--no-warmup to disable)
main: llama threadpool init, n_threads = 2

system_info: n_threads = 2 (n_threads_batch = 2) / 8 | CPU : NEON = 1 | ARM_FMA = 1 | FP16_VA = 1 | MATMUL_INT8 = 1 | DOTPROD = 1 | REPACK = 1 | 

sampler seed: 42
sampler params: 
	repeat_last_n = 64, repeat_penalty = 1.250, frequency_penalty = 0.000, presence_penalty = 0.000
	dry_multiplier = 0.000, dry_base = 1.750, dry_allowed_length = 2, dry_penalty_last_n = 1024
	top_k = 80, top_p = 0.700, min_p = 0.050, xtc_probability = 0.000, xtc_threshold = 0.100, typical_p = 1.000, top_n_sigma = -1.000, temp = 0.700
	mirostat = 0, mirostat_lr = 0.100, mirostat_ent = 5.000
sampler chain: logits -> logit-bias -> penalties -> dry -> top-n-sigma -> top-k -> typical -> top-p -> min-p -> xtc -> temp-ext -> dist 
generate: n_ctx = 1024, n_batch = 1024, n_predict = 250, n_keep = 4

llama_perf_sampler_print:    sampling time =     111.77 ms /   275 runs   (    0.41 ms per token,  2460.37 tokens per second)
llama_perf_context_print:        load time =     436.58 ms
llama_perf_context_print: prompt eval time =    1243.00 ms /    32 tokens (   38.84 ms per token,    25.74 tokens per second)
llama_perf_context_print:        eval time =   21029.32 ms /   242 runs   (   86.90 ms per token,    11.51 tokens per second)
llama_perf_context_print:       total time =   22402.92 ms /   274 tokens
llama_perf_context_print:    graphs reused =        240
llama_memory_breakdown_print: | memory breakdown [MiB]                  | total   free    self   model   context   compute    unaccounted |
llama_memory_breakdown_print: |   - GPUOpenCL (QUALCOMM Adreno(TM) 830) |     0 =    0 + (   0 =     0 +       0 +       0) +           0 |
llama_memory_breakdown_print: |   - HTP0 (Hexagon)                      |  2048 = 2048 + (   0 =     0 +       0 +       0) +           0 |
llama_memory_breakdown_print: |   - Host                                |                 2914 =  2280 +      29 +     604                |
+ adb shell '   cd /data/local/tmp/llama.cpp; ulimit -c unlimited;            LD_LIBRARY_PATH=/data/local/tmp/llama.cpp/./lib       ADSP_LIBRARY_PATH=/data/local/tmp/llama.cpp/./lib                            ././bin/llama-cli -m /data/local/tmp/llama.cpp/../gguf/qwen2-7b-tinytron-Q4_K_M.gguf               -t 8 --ctx-size 4096 --batch-size 128         -ctk f16 -ctv f16 --temp 1.0 --seed 42         --no-display-prompt -fa on         -ngl 0  -n 250 --context-shift --keep 4 	-sys '\''You are a helpful assistant. Provide truthful, accurate, and concise answers.'\'' 	 -no-cnv' -p '"'\''What does Darth Vader say to Luke in  The Empire Strikes Back ? '\''"' -n 250 -t 2 -c 1024 -b 1024 -ub 1024 -ctk q8_0 -ctv q8_0 --temp 0.7 --repeat-penalty 1.25 --top-p 0.7 --top-k 80 --keep 4 -fa on --context-shift --poll '100 '
ggml_opencl: selected platform: 'QUALCOMM Snapdragon(TM)'

ggml_opencl: device: 'QUALCOMM Adreno(TM) 830 (OpenCL 3.0 Adreno(TM) 830)'
ggml_opencl: OpenCL driver: OpenCL 3.0 QUALCOMM build: 0800.40.1 Compiler E031.47.18.36
ggml_opencl: vector subgroup broadcast support: true
ggml_opencl: device FP16 support: true
ggml_opencl: mem base addr align: 128
ggml_opencl: max mem alloc size: 1024 MB
ggml_opencl: device max workgroup size: 1024
ggml_opencl: SVM coarse grain buffer support: true
ggml_opencl: SVM fine grain buffer support: true
ggml_opencl: SVM fine grain system support: false
ggml_opencl: SVM atomics support: true
ggml_opencl: flattening quantized weights representation as struct of arrays (GGML_OPENCL_SOA_Q)
ggml_opencl: using kernels optimized for Adreno (GGML_OPENCL_USE_ADRENO_KERNELS)
ggml_opencl: loading OpenCL kernels........................................................................
ggml_opencl: default device: 'QUALCOMM Adreno(TM) 830 (OpenCL 3.0 Adreno(TM) 830)'
ggml-hex: Hexagon backend (experimental) : allocating new registry : ndev 1
ggml-hex: Hexagon Arch version v79
ggml-hex: allocating new session: HTP0
ggml-hex: new session: HTP0 : session-id 0 domain-id 3 uri file:///libggml-htp-v79.so?htp_iface_skel_handle_invoke&_modver=1.0&_dom=cdsp&_session=0 handle 0xb400007176342c50
build: 6942 (1f5accb8d) with Android (13324770, +pgo, +bolt, +lto, +mlgo, based on r530567d) clang version 19.0.0 (https://android.googlesource.com/toolchain/llvm-project 97a699bf4812a18fb657c2779f5296a4ab2694d2) for x86_64-unknown-linux-gnu
main: llama backend init
main: load the model and apply lora adapter, if any
llama_model_load_from_file_impl: using device GPUOpenCL (QUALCOMM Adreno(TM) 830) (unknown id) - 0 MiB free
llama_model_load_from_file_impl: using device HTP0 (Hexagon) (unknown id) - 2048 MiB free
llama_model_loader: loaded meta data with 23 key-value pairs and 339 tensors from /data/local/tmp/llama.cpp/../gguf/qwen2-7b-tinytron-Q4_K_M.gguf (version GGUF V3 (latest))
llama_model_loader: Dumping metadata keys/values. Note: KV overrides do not apply in this output.
llama_model_loader: - kv   0:                       general.architecture str              = qwen2
llama_model_loader: - kv   1:                               general.type str              = model
llama_model_loader: - kv   2:                               general.name str              = Tinytron
llama_model_loader: - kv   3:                         general.size_label str              = 3.9B
llama_model_loader: - kv   4:                          qwen2.block_count u32              = 28
llama_model_loader: - kv   5:                       qwen2.context_length u32              = 32768
llama_model_loader: - kv   6:                     qwen2.embedding_length u32              = 2560
llama_model_loader: - kv   7:                  qwen2.feed_forward_length u32              = 12288
llama_model_loader: - kv   8:                 qwen2.attention.head_count u32              = 20
llama_model_loader: - kv   9:              qwen2.attention.head_count_kv u32              = 4
llama_model_loader: - kv  10:                       qwen2.rope.freq_base f32              = 1000000.000000
llama_model_loader: - kv  11:     qwen2.attention.layer_norm_rms_epsilon f32              = 0.000001
llama_model_loader: - kv  12:                       tokenizer.ggml.model str              = gpt2
llama_model_loader: - kv  13:                         tokenizer.ggml.pre str              = qwen2
llama_model_loader: - kv  14:                      tokenizer.ggml.tokens arr[str,152064]  = ["!", "\"", "#", "$", "%", "&", "'", ...
llama_model_loader: - kv  15:                  tokenizer.ggml.token_type arr[i32,152064]  = [1, 1, 1, 1, 1, 1, 1, 1, 1, 1, 1, 1, ...
llama_model_loader: - kv  16:                      tokenizer.ggml.merges arr[str,151387]  = ["Ġ Ġ", "ĠĠ ĠĠ", "i n", "Ġ t",...
llama_model_loader: - kv  17:                tokenizer.ggml.eos_token_id u32              = 151645
llama_model_loader: - kv  18:            tokenizer.ggml.padding_token_id u32              = 151643
llama_model_loader: - kv  19:                tokenizer.ggml.bos_token_id u32              = 151643
llama_model_loader: - kv  20:                    tokenizer.chat_template str              = {% for message in messages %}{% if lo...
llama_model_loader: - kv  21:               general.quantization_version u32              = 2
llama_model_loader: - kv  22:                          general.file_type u32              = 15
llama_model_loader: - type  f32:  141 tensors
llama_model_loader: - type q4_K:  169 tensors
llama_model_loader: - type q6_K:   29 tensors
print_info: file format = GGUF V3 (latest)
print_info: file type   = Q4_K - Medium
print_info: file size   = 2.23 GiB (4.95 BPW) 
load: printing all EOG tokens:
load:   - 151643 ('<|endoftext|>')
load:   - 151645 ('<|im_end|>')
load: special tokens cache size = 3
load: token to piece cache size = 0.9308 MB
print_info: arch             = qwen2
print_info: vocab_only       = 0
print_info: n_ctx_train      = 32768
print_info: n_embd           = 2560
print_info: n_layer          = 28
print_info: n_head           = 20
print_info: n_head_kv        = 4
print_info: n_rot            = 128
print_info: n_swa            = 0
print_info: is_swa_any       = 0
print_info: n_embd_head_k    = 128
print_info: n_embd_head_v    = 128
print_info: n_gqa            = 5
print_info: n_embd_k_gqa     = 512
print_info: n_embd_v_gqa     = 512
print_info: f_norm_eps       = 0.0e+00
print_info: f_norm_rms_eps   = 1.0e-06
print_info: f_clamp_kqv      = 0.0e+00
print_info: f_max_alibi_bias = 0.0e+00
print_info: f_logit_scale    = 0.0e+00
print_info: f_attn_scale     = 0.0e+00
print_info: n_ff             = 12288
print_info: n_expert         = 0
print_info: n_expert_used    = 0
print_info: n_expert_groups  = 0
print_info: n_group_used     = 0
print_info: causal attn      = 1
print_info: pooling type     = -1
print_info: rope type        = 2
print_info: rope scaling     = linear
print_info: freq_base_train  = 1000000.0
print_info: freq_scale_train = 1
print_info: n_ctx_orig_yarn  = 32768
print_info: rope_finetuned   = unknown
print_info: model type       = 7B
print_info: model params     = 3.86 B
print_info: general.name     = Tinytron
print_info: vocab type       = BPE
print_info: n_vocab          = 152064
print_info: n_merges         = 151387
print_info: BOS token        = 151643 '<|endoftext|>'
print_info: EOS token        = 151645 '<|im_end|>'
print_info: EOT token        = 151645 '<|im_end|>'
print_info: PAD token        = 151643 '<|endoftext|>'
print_info: LF token         = 198 'Ċ'
print_info: EOG token        = 151643 '<|endoftext|>'
print_info: EOG token        = 151645 '<|im_end|>'
print_info: max token length = 256
load_tensors: loading model tensors, this can take a while... (mmap = true)
load_tensors: offloading 0 repeating layers to GPU
load_tensors: offloaded 0/29 layers to GPU
load_tensors:   CPU_Mapped model buffer size =  2280.85 MiB
................................................................................
llama_context: constructing llama_context
llama_context: n_seq_max     = 1
llama_context: n_ctx         = 1024
llama_context: n_ctx_seq     = 1024
llama_context: n_batch       = 1024
llama_context: n_ubatch      = 1024
llama_context: causal_attn   = 1
llama_context: flash_attn    = enabled
llama_context: kv_unified    = false
llama_context: freq_base     = 1000000.0
llama_context: freq_scale    = 1
llama_context: n_ctx_seq (1024) < n_ctx_train (32768) -- the full capacity of the model will not be utilized
llama_context:        CPU  output buffer size =     0.58 MiB
llama_kv_cache:        CPU KV buffer size =    29.75 MiB
llama_kv_cache: size =   29.75 MiB (  1024 cells,  28 layers,  1/1 seqs), K (q8_0):   14.88 MiB, V (q8_0):   14.88 MiB
llama_context:        CPU compute buffer size =   604.00 MiB
llama_context: graph nodes  = 959
llama_context: graph splits = 1
common_init_from_params: added <|endoftext|> logit bias = -inf
common_init_from_params: added <|im_end|> logit bias = -inf
common_init_from_params: setting dry_penalty_last_n to ctx_size = 1024
common_init_from_params: warming up the model with an empty run - please wait ... (--no-warmup to disable)
main: llama threadpool init, n_threads = 2

system_info: n_threads = 2 (n_threads_batch = 2) / 8 | CPU : NEON = 1 | ARM_FMA = 1 | FP16_VA = 1 | MATMUL_INT8 = 1 | DOTPROD = 1 | REPACK = 1 | 

sampler seed: 42
sampler params: 
	repeat_last_n = 64, repeat_penalty = 1.250, frequency_penalty = 0.000, presence_penalty = 0.000
	dry_multiplier = 0.000, dry_base = 1.750, dry_allowed_length = 2, dry_penalty_last_n = 1024
	top_k = 80, top_p = 0.700, min_p = 0.050, xtc_probability = 0.000, xtc_threshold = 0.100, typical_p = 1.000, top_n_sigma = -1.000, temp = 0.700
	mirostat = 0, mirostat_lr = 0.100, mirostat_ent = 5.000
sampler chain: logits -> logit-bias -> penalties -> dry -> top-n-sigma -> top-k -> typical -> top-p -> min-p -> xtc -> temp-ext -> dist 
generate: n_ctx = 1024, n_batch = 1024, n_predict = 250, n_keep = 4

llama_perf_sampler_print:    sampling time =     109.53 ms /   246 runs   (    0.45 ms per token,  2245.92 tokens per second)
llama_perf_context_print:        load time =     458.45 ms
llama_perf_context_print: prompt eval time =     673.07 ms /    16 tokens (   42.07 ms per token,    23.77 tokens per second)
llama_perf_context_print:        eval time =   20506.08 ms /   229 runs   (   89.55 ms per token,    11.17 tokens per second)
llama_perf_context_print:       total time =   21307.70 ms /   245 tokens
llama_perf_context_print:    graphs reused =        228
llama_memory_breakdown_print: | memory breakdown [MiB]                  | total   free    self   model   context   compute    unaccounted |
llama_memory_breakdown_print: |   - GPUOpenCL (QUALCOMM Adreno(TM) 830) |     0 =    0 + (   0 =     0 +       0 +       0) +           0 |
llama_memory_breakdown_print: |   - HTP0 (Hexagon)                      |  2048 = 2048 + (   0 =     0 +       0 +       0) +           0 |
llama_memory_breakdown_print: |   - Host                                |                 2914 =  2280 +      29 +     604                |
+ adb shell '   cd /data/local/tmp/llama.cpp; ulimit -c unlimited;            LD_LIBRARY_PATH=/data/local/tmp/llama.cpp/./lib       ADSP_LIBRARY_PATH=/data/local/tmp/llama.cpp/./lib                            ././bin/llama-cli -m /data/local/tmp/llama.cpp/../gguf/qwen2-7b-tinytron-Q4_K_M.gguf               -t 8 --ctx-size 4096 --batch-size 128         -ctk f16 -ctv f16 --temp 1.0 --seed 42         --no-display-prompt -fa on         -ngl 0  -n 250 --context-shift --keep 4 	-sys '\''You are a helpful assistant. Provide truthful, accurate, and concise answers.'\'' 	 -no-cnv' -p '"'\''What did Paul Revere say during his midnight ride to warn the American militia of the approach of British forces? '\''"' -n 250 -t 2 -c 1024 -b 1024 -ub 1024 -ctk q8_0 -ctv q8_0 --temp 0.7 --repeat-penalty 1.25 --top-p 0.7 --top-k 80 --keep 4 -fa on --context-shift --poll '100 '
ggml_opencl: selected platform: 'QUALCOMM Snapdragon(TM)'

ggml_opencl: device: 'QUALCOMM Adreno(TM) 830 (OpenCL 3.0 Adreno(TM) 830)'
ggml_opencl: OpenCL driver: OpenCL 3.0 QUALCOMM build: 0800.40.1 Compiler E031.47.18.36
ggml_opencl: vector subgroup broadcast support: true
ggml_opencl: device FP16 support: true
ggml_opencl: mem base addr align: 128
ggml_opencl: max mem alloc size: 1024 MB
ggml_opencl: device max workgroup size: 1024
ggml_opencl: SVM coarse grain buffer support: true
ggml_opencl: SVM fine grain buffer support: true
ggml_opencl: SVM fine grain system support: false
ggml_opencl: SVM atomics support: true
ggml_opencl: flattening quantized weights representation as struct of arrays (GGML_OPENCL_SOA_Q)
ggml_opencl: using kernels optimized for Adreno (GGML_OPENCL_USE_ADRENO_KERNELS)
ggml_opencl: loading OpenCL kernels........................................................................
ggml_opencl: default device: 'QUALCOMM Adreno(TM) 830 (OpenCL 3.0 Adreno(TM) 830)'
ggml-hex: Hexagon backend (experimental) : allocating new registry : ndev 1
ggml-hex: Hexagon Arch version v79
ggml-hex: allocating new session: HTP0
ggml-hex: new session: HTP0 : session-id 0 domain-id 3 uri file:///libggml-htp-v79.so?htp_iface_skel_handle_invoke&_modver=1.0&_dom=cdsp&_session=0 handle 0xb40000779bb52150
build: 6942 (1f5accb8d) with Android (13324770, +pgo, +bolt, +lto, +mlgo, based on r530567d) clang version 19.0.0 (https://android.googlesource.com/toolchain/llvm-project 97a699bf4812a18fb657c2779f5296a4ab2694d2) for x86_64-unknown-linux-gnu
main: llama backend init
main: load the model and apply lora adapter, if any
llama_model_load_from_file_impl: using device GPUOpenCL (QUALCOMM Adreno(TM) 830) (unknown id) - 0 MiB free
llama_model_load_from_file_impl: using device HTP0 (Hexagon) (unknown id) - 2048 MiB free
llama_model_loader: loaded meta data with 23 key-value pairs and 339 tensors from /data/local/tmp/llama.cpp/../gguf/qwen2-7b-tinytron-Q4_K_M.gguf (version GGUF V3 (latest))
llama_model_loader: Dumping metadata keys/values. Note: KV overrides do not apply in this output.
llama_model_loader: - kv   0:                       general.architecture str              = qwen2
llama_model_loader: - kv   1:                               general.type str              = model
llama_model_loader: - kv   2:                               general.name str              = Tinytron
llama_model_loader: - kv   3:                         general.size_label str              = 3.9B
llama_model_loader: - kv   4:                          qwen2.block_count u32              = 28
llama_model_loader: - kv   5:                       qwen2.context_length u32              = 32768
llama_model_loader: - kv   6:                     qwen2.embedding_length u32              = 2560
llama_model_loader: - kv   7:                  qwen2.feed_forward_length u32              = 12288
llama_model_loader: - kv   8:                 qwen2.attention.head_count u32              = 20
llama_model_loader: - kv   9:              qwen2.attention.head_count_kv u32              = 4
llama_model_loader: - kv  10:                       qwen2.rope.freq_base f32              = 1000000.000000
llama_model_loader: - kv  11:     qwen2.attention.layer_norm_rms_epsilon f32              = 0.000001
llama_model_loader: - kv  12:                       tokenizer.ggml.model str              = gpt2
llama_model_loader: - kv  13:                         tokenizer.ggml.pre str              = qwen2
llama_model_loader: - kv  14:                      tokenizer.ggml.tokens arr[str,152064]  = ["!", "\"", "#", "$", "%", "&", "'", ...
llama_model_loader: - kv  15:                  tokenizer.ggml.token_type arr[i32,152064]  = [1, 1, 1, 1, 1, 1, 1, 1, 1, 1, 1, 1, ...
llama_model_loader: - kv  16:                      tokenizer.ggml.merges arr[str,151387]  = ["Ġ Ġ", "ĠĠ ĠĠ", "i n", "Ġ t",...
llama_model_loader: - kv  17:                tokenizer.ggml.eos_token_id u32              = 151645
llama_model_loader: - kv  18:            tokenizer.ggml.padding_token_id u32              = 151643
llama_model_loader: - kv  19:                tokenizer.ggml.bos_token_id u32              = 151643
llama_model_loader: - kv  20:                    tokenizer.chat_template str              = {% for message in messages %}{% if lo...
llama_model_loader: - kv  21:               general.quantization_version u32              = 2
llama_model_loader: - kv  22:                          general.file_type u32              = 15
llama_model_loader: - type  f32:  141 tensors
llama_model_loader: - type q4_K:  169 tensors
llama_model_loader: - type q6_K:   29 tensors
print_info: file format = GGUF V3 (latest)
print_info: file type   = Q4_K - Medium
print_info: file size   = 2.23 GiB (4.95 BPW) 
load: printing all EOG tokens:
load:   - 151643 ('<|endoftext|>')
load:   - 151645 ('<|im_end|>')
load: special tokens cache size = 3
load: token to piece cache size = 0.9308 MB
print_info: arch             = qwen2
print_info: vocab_only       = 0
print_info: n_ctx_train      = 32768
print_info: n_embd           = 2560
print_info: n_layer          = 28
print_info: n_head           = 20
print_info: n_head_kv        = 4
print_info: n_rot            = 128
print_info: n_swa            = 0
print_info: is_swa_any       = 0
print_info: n_embd_head_k    = 128
print_info: n_embd_head_v    = 128
print_info: n_gqa            = 5
print_info: n_embd_k_gqa     = 512
print_info: n_embd_v_gqa     = 512
print_info: f_norm_eps       = 0.0e+00
print_info: f_norm_rms_eps   = 1.0e-06
print_info: f_clamp_kqv      = 0.0e+00
print_info: f_max_alibi_bias = 0.0e+00
print_info: f_logit_scale    = 0.0e+00
print_info: f_attn_scale     = 0.0e+00
print_info: n_ff             = 12288
print_info: n_expert         = 0
print_info: n_expert_used    = 0
print_info: n_expert_groups  = 0
print_info: n_group_used     = 0
print_info: causal attn      = 1
print_info: pooling type     = -1
print_info: rope type        = 2
print_info: rope scaling     = linear
print_info: freq_base_train  = 1000000.0
print_info: freq_scale_train = 1
print_info: n_ctx_orig_yarn  = 32768
print_info: rope_finetuned   = unknown
print_info: model type       = 7B
print_info: model params     = 3.86 B
print_info: general.name     = Tinytron
print_info: vocab type       = BPE
print_info: n_vocab          = 152064
print_info: n_merges         = 151387
print_info: BOS token        = 151643 '<|endoftext|>'
print_info: EOS token        = 151645 '<|im_end|>'
print_info: EOT token        = 151645 '<|im_end|>'
print_info: PAD token        = 151643 '<|endoftext|>'
print_info: LF token         = 198 'Ċ'
print_info: EOG token        = 151643 '<|endoftext|>'
print_info: EOG token        = 151645 '<|im_end|>'
print_info: max token length = 256
load_tensors: loading model tensors, this can take a while... (mmap = true)
load_tensors: offloading 0 repeating layers to GPU
load_tensors: offloaded 0/29 layers to GPU
load_tensors:   CPU_Mapped model buffer size =  2280.85 MiB
................................................................................
llama_context: constructing llama_context
llama_context: n_seq_max     = 1
llama_context: n_ctx         = 1024
llama_context: n_ctx_seq     = 1024
llama_context: n_batch       = 1024
llama_context: n_ubatch      = 1024
llama_context: causal_attn   = 1
llama_context: flash_attn    = enabled
llama_context: kv_unified    = false
llama_context: freq_base     = 1000000.0
llama_context: freq_scale    = 1
llama_context: n_ctx_seq (1024) < n_ctx_train (32768) -- the full capacity of the model will not be utilized
llama_context:        CPU  output buffer size =     0.58 MiB
llama_kv_cache:        CPU KV buffer size =    29.75 MiB
llama_kv_cache: size =   29.75 MiB (  1024 cells,  28 layers,  1/1 seqs), K (q8_0):   14.88 MiB, V (q8_0):   14.88 MiB
llama_context:        CPU compute buffer size =   604.00 MiB
llama_context: graph nodes  = 959
llama_context: graph splits = 1
common_init_from_params: added <|endoftext|> logit bias = -inf
common_init_from_params: added <|im_end|> logit bias = -inf
common_init_from_params: setting dry_penalty_last_n to ctx_size = 1024
common_init_from_params: warming up the model with an empty run - please wait ... (--no-warmup to disable)
main: llama threadpool init, n_threads = 2

system_info: n_threads = 2 (n_threads_batch = 2) / 8 | CPU : NEON = 1 | ARM_FMA = 1 | FP16_VA = 1 | MATMUL_INT8 = 1 | DOTPROD = 1 | REPACK = 1 | 

sampler seed: 42
sampler params: 
	repeat_last_n = 64, repeat_penalty = 1.250, frequency_penalty = 0.000, presence_penalty = 0.000
	dry_multiplier = 0.000, dry_base = 1.750, dry_allowed_length = 2, dry_penalty_last_n = 1024
	top_k = 80, top_p = 0.700, min_p = 0.050, xtc_probability = 0.000, xtc_threshold = 0.100, typical_p = 1.000, top_n_sigma = -1.000, temp = 0.700
	mirostat = 0, mirostat_lr = 0.100, mirostat_ent = 5.000
sampler chain: logits -> logit-bias -> penalties -> dry -> top-n-sigma -> top-k -> typical -> top-p -> min-p -> xtc -> temp-ext -> dist 
generate: n_ctx = 1024, n_batch = 1024, n_predict = 250, n_keep = 4

llama_perf_sampler_print:    sampling time =       4.18 ms /    33 runs   (    0.13 ms per token,  7894.74 tokens per second)
llama_perf_context_print:        load time =     499.39 ms
llama_perf_context_print: prompt eval time =    1082.97 ms /    24 tokens (   45.12 ms per token,    22.16 tokens per second)
llama_perf_context_print:        eval time =     772.01 ms /     8 runs   (   96.50 ms per token,    10.36 tokens per second)
llama_perf_context_print:       total time =    1864.54 ms /    32 tokens
llama_perf_context_print:    graphs reused =          7
llama_memory_breakdown_print: | memory breakdown [MiB]                  | total   free    self   model   context   compute    unaccounted |
llama_memory_breakdown_print: |   - GPUOpenCL (QUALCOMM Adreno(TM) 830) |     0 =    0 + (   0 =     0 +       0 +       0) +           0 |
llama_memory_breakdown_print: |   - HTP0 (Hexagon)                      |  2048 = 2048 + (   0 =     0 +       0 +       0) +           0 |
llama_memory_breakdown_print: |   - Host                                |                 2914 =  2280 +      29 +     604                |
+ adb shell '   cd /data/local/tmp/llama.cpp; ulimit -c unlimited;            LD_LIBRARY_PATH=/data/local/tmp/llama.cpp/./lib       ADSP_LIBRARY_PATH=/data/local/tmp/llama.cpp/./lib                            ././bin/llama-cli -m /data/local/tmp/llama.cpp/../gguf/qwen2-7b-tinytron-Q4_K_M.gguf               -t 8 --ctx-size 4096 --batch-size 128         -ctk f16 -ctv f16 --temp 1.0 --seed 42         --no-display-prompt -fa on         -ngl 0  -n 250 --context-shift --keep 4 	-sys '\''You are a helpful assistant. Provide truthful, accurate, and concise answers.'\'' 	 -no-cnv' -p '"'\''What was Nixon referring to when he said,  I am not a crook ? '\''"' -n 250 -t 2 -c 1024 -b 1024 -ub 1024 -ctk q8_0 -ctv q8_0 --temp 0.7 --repeat-penalty 1.25 --top-p 0.7 --top-k 80 --keep 4 -fa on --context-shift --poll '100 '
ggml_opencl: selected platform: 'QUALCOMM Snapdragon(TM)'

ggml_opencl: device: 'QUALCOMM Adreno(TM) 830 (OpenCL 3.0 Adreno(TM) 830)'
ggml_opencl: OpenCL driver: OpenCL 3.0 QUALCOMM build: 0800.40.1 Compiler E031.47.18.36
ggml_opencl: vector subgroup broadcast support: true
ggml_opencl: device FP16 support: true
ggml_opencl: mem base addr align: 128
ggml_opencl: max mem alloc size: 1024 MB
ggml_opencl: device max workgroup size: 1024
ggml_opencl: SVM coarse grain buffer support: true
ggml_opencl: SVM fine grain buffer support: true
ggml_opencl: SVM fine grain system support: false
ggml_opencl: SVM atomics support: true
ggml_opencl: flattening quantized weights representation as struct of arrays (GGML_OPENCL_SOA_Q)
ggml_opencl: using kernels optimized for Adreno (GGML_OPENCL_USE_ADRENO_KERNELS)
ggml_opencl: loading OpenCL kernels........................................................................
ggml_opencl: default device: 'QUALCOMM Adreno(TM) 830 (OpenCL 3.0 Adreno(TM) 830)'
ggml-hex: Hexagon backend (experimental) : allocating new registry : ndev 1
ggml-hex: Hexagon Arch version v79
ggml-hex: allocating new session: HTP0
ggml-hex: new session: HTP0 : session-id 0 domain-id 3 uri file:///libggml-htp-v79.so?htp_iface_skel_handle_invoke&_modver=1.0&_dom=cdsp&_session=0 handle 0xb40000745f947dd0
build: 6942 (1f5accb8d) with Android (13324770, +pgo, +bolt, +lto, +mlgo, based on r530567d) clang version 19.0.0 (https://android.googlesource.com/toolchain/llvm-project 97a699bf4812a18fb657c2779f5296a4ab2694d2) for x86_64-unknown-linux-gnu
main: llama backend init
main: load the model and apply lora adapter, if any
llama_model_load_from_file_impl: using device GPUOpenCL (QUALCOMM Adreno(TM) 830) (unknown id) - 0 MiB free
llama_model_load_from_file_impl: using device HTP0 (Hexagon) (unknown id) - 2048 MiB free
llama_model_loader: loaded meta data with 23 key-value pairs and 339 tensors from /data/local/tmp/llama.cpp/../gguf/qwen2-7b-tinytron-Q4_K_M.gguf (version GGUF V3 (latest))
llama_model_loader: Dumping metadata keys/values. Note: KV overrides do not apply in this output.
llama_model_loader: - kv   0:                       general.architecture str              = qwen2
llama_model_loader: - kv   1:                               general.type str              = model
llama_model_loader: - kv   2:                               general.name str              = Tinytron
llama_model_loader: - kv   3:                         general.size_label str              = 3.9B
llama_model_loader: - kv   4:                          qwen2.block_count u32              = 28
llama_model_loader: - kv   5:                       qwen2.context_length u32              = 32768
llama_model_loader: - kv   6:                     qwen2.embedding_length u32              = 2560
llama_model_loader: - kv   7:                  qwen2.feed_forward_length u32              = 12288
llama_model_loader: - kv   8:                 qwen2.attention.head_count u32              = 20
llama_model_loader: - kv   9:              qwen2.attention.head_count_kv u32              = 4
llama_model_loader: - kv  10:                       qwen2.rope.freq_base f32              = 1000000.000000
llama_model_loader: - kv  11:     qwen2.attention.layer_norm_rms_epsilon f32              = 0.000001
llama_model_loader: - kv  12:                       tokenizer.ggml.model str              = gpt2
llama_model_loader: - kv  13:                         tokenizer.ggml.pre str              = qwen2
llama_model_loader: - kv  14:                      tokenizer.ggml.tokens arr[str,152064]  = ["!", "\"", "#", "$", "%", "&", "'", ...
llama_model_loader: - kv  15:                  tokenizer.ggml.token_type arr[i32,152064]  = [1, 1, 1, 1, 1, 1, 1, 1, 1, 1, 1, 1, ...
llama_model_loader: - kv  16:                      tokenizer.ggml.merges arr[str,151387]  = ["Ġ Ġ", "ĠĠ ĠĠ", "i n", "Ġ t",...
llama_model_loader: - kv  17:                tokenizer.ggml.eos_token_id u32              = 151645
llama_model_loader: - kv  18:            tokenizer.ggml.padding_token_id u32              = 151643
llama_model_loader: - kv  19:                tokenizer.ggml.bos_token_id u32              = 151643
llama_model_loader: - kv  20:                    tokenizer.chat_template str              = {% for message in messages %}{% if lo...
llama_model_loader: - kv  21:               general.quantization_version u32              = 2
llama_model_loader: - kv  22:                          general.file_type u32              = 15
llama_model_loader: - type  f32:  141 tensors
llama_model_loader: - type q4_K:  169 tensors
llama_model_loader: - type q6_K:   29 tensors
print_info: file format = GGUF V3 (latest)
print_info: file type   = Q4_K - Medium
print_info: file size   = 2.23 GiB (4.95 BPW) 
load: printing all EOG tokens:
load:   - 151643 ('<|endoftext|>')
load:   - 151645 ('<|im_end|>')
load: special tokens cache size = 3
load: token to piece cache size = 0.9308 MB
print_info: arch             = qwen2
print_info: vocab_only       = 0
print_info: n_ctx_train      = 32768
print_info: n_embd           = 2560
print_info: n_layer          = 28
print_info: n_head           = 20
print_info: n_head_kv        = 4
print_info: n_rot            = 128
print_info: n_swa            = 0
print_info: is_swa_any       = 0
print_info: n_embd_head_k    = 128
print_info: n_embd_head_v    = 128
print_info: n_gqa            = 5
print_info: n_embd_k_gqa     = 512
print_info: n_embd_v_gqa     = 512
print_info: f_norm_eps       = 0.0e+00
print_info: f_norm_rms_eps   = 1.0e-06
print_info: f_clamp_kqv      = 0.0e+00
print_info: f_max_alibi_bias = 0.0e+00
print_info: f_logit_scale    = 0.0e+00
print_info: f_attn_scale     = 0.0e+00
print_info: n_ff             = 12288
print_info: n_expert         = 0
print_info: n_expert_used    = 0
print_info: n_expert_groups  = 0
print_info: n_group_used     = 0
print_info: causal attn      = 1
print_info: pooling type     = -1
print_info: rope type        = 2
print_info: rope scaling     = linear
print_info: freq_base_train  = 1000000.0
print_info: freq_scale_train = 1
print_info: n_ctx_orig_yarn  = 32768
print_info: rope_finetuned   = unknown
print_info: model type       = 7B
print_info: model params     = 3.86 B
print_info: general.name     = Tinytron
print_info: vocab type       = BPE
print_info: n_vocab          = 152064
print_info: n_merges         = 151387
print_info: BOS token        = 151643 '<|endoftext|>'
print_info: EOS token        = 151645 '<|im_end|>'
print_info: EOT token        = 151645 '<|im_end|>'
print_info: PAD token        = 151643 '<|endoftext|>'
print_info: LF token         = 198 'Ċ'
print_info: EOG token        = 151643 '<|endoftext|>'
print_info: EOG token        = 151645 '<|im_end|>'
print_info: max token length = 256
load_tensors: loading model tensors, this can take a while... (mmap = true)
load_tensors: offloading 0 repeating layers to GPU
load_tensors: offloaded 0/29 layers to GPU
load_tensors:   CPU_Mapped model buffer size =  2280.85 MiB
................................................................................
llama_context: constructing llama_context
llama_context: n_seq_max     = 1
llama_context: n_ctx         = 1024
llama_context: n_ctx_seq     = 1024
llama_context: n_batch       = 1024
llama_context: n_ubatch      = 1024
llama_context: causal_attn   = 1
llama_context: flash_attn    = enabled
llama_context: kv_unified    = false
llama_context: freq_base     = 1000000.0
llama_context: freq_scale    = 1
llama_context: n_ctx_seq (1024) < n_ctx_train (32768) -- the full capacity of the model will not be utilized
llama_context:        CPU  output buffer size =     0.58 MiB
llama_kv_cache:        CPU KV buffer size =    29.75 MiB
llama_kv_cache: size =   29.75 MiB (  1024 cells,  28 layers,  1/1 seqs), K (q8_0):   14.88 MiB, V (q8_0):   14.88 MiB
llama_context:        CPU compute buffer size =   604.00 MiB
llama_context: graph nodes  = 959
llama_context: graph splits = 1
common_init_from_params: added <|endoftext|> logit bias = -inf
common_init_from_params: added <|im_end|> logit bias = -inf
common_init_from_params: setting dry_penalty_last_n to ctx_size = 1024
common_init_from_params: warming up the model with an empty run - please wait ... (--no-warmup to disable)
main: llama threadpool init, n_threads = 2

system_info: n_threads = 2 (n_threads_batch = 2) / 8 | CPU : NEON = 1 | ARM_FMA = 1 | FP16_VA = 1 | MATMUL_INT8 = 1 | DOTPROD = 1 | REPACK = 1 | 

sampler seed: 42
sampler params: 
	repeat_last_n = 64, repeat_penalty = 1.250, frequency_penalty = 0.000, presence_penalty = 0.000
	dry_multiplier = 0.000, dry_base = 1.750, dry_allowed_length = 2, dry_penalty_last_n = 1024
	top_k = 80, top_p = 0.700, min_p = 0.050, xtc_probability = 0.000, xtc_threshold = 0.100, typical_p = 1.000, top_n_sigma = -1.000, temp = 0.700
	mirostat = 0, mirostat_lr = 0.100, mirostat_ent = 5.000
sampler chain: logits -> logit-bias -> penalties -> dry -> top-n-sigma -> top-k -> typical -> top-p -> min-p -> xtc -> temp-ext -> dist 
generate: n_ctx = 1024, n_batch = 1024, n_predict = 250, n_keep = 4

llama_perf_sampler_print:    sampling time =      22.51 ms /    73 runs   (    0.31 ms per token,  3242.57 tokens per second)
llama_perf_context_print:        load time =     408.19 ms
llama_perf_context_print: prompt eval time =    1088.42 ms /    19 tokens (   57.29 ms per token,    17.46 tokens per second)
llama_perf_context_print:        eval time =    4224.32 ms /    53 runs   (   79.70 ms per token,    12.55 tokens per second)
llama_perf_context_print:       total time =    5341.78 ms /    72 tokens
llama_perf_context_print:    graphs reused =         52
llama_memory_breakdown_print: | memory breakdown [MiB]                  | total   free    self   model   context   compute    unaccounted |
llama_memory_breakdown_print: |   - GPUOpenCL (QUALCOMM Adreno(TM) 830) |     0 =    0 + (   0 =     0 +       0 +       0) +           0 |
llama_memory_breakdown_print: |   - HTP0 (Hexagon)                      |  2048 = 2048 + (   0 =     0 +       0 +       0) +           0 |
llama_memory_breakdown_print: |   - Host                                |                 2914 =  2280 +      29 +     604                |
