ggml_opencl: selected platform: 'QUALCOMM Snapdragon(TM)'

ggml_opencl: device: 'QUALCOMM Adreno(TM) 830 (OpenCL 3.0 Adreno(TM) 830)'
ggml_opencl: OpenCL driver: OpenCL 3.0 QUALCOMM build: 0800.40.1 Compiler E031.47.18.36
ggml_opencl: vector subgroup broadcast support: true
ggml_opencl: device FP16 support: true
ggml_opencl: mem base addr align: 128
ggml_opencl: max mem alloc size: 1024 MB
ggml_opencl: device max workgroup size: 1024
ggml_opencl: SVM coarse grain buffer support: true
ggml_opencl: SVM fine grain buffer support: true
ggml_opencl: SVM fine grain system support: false
ggml_opencl: SVM atomics support: true
ggml_opencl: flattening quantized weights representation as struct of arrays (GGML_OPENCL_SOA_Q)
ggml_opencl: using kernels optimized for Adreno (GGML_OPENCL_USE_ADRENO_KERNELS)
ggml_opencl: loading OpenCL kernels........................................................................
ggml_opencl: default device: 'QUALCOMM Adreno(TM) 830 (OpenCL 3.0 Adreno(TM) 830)'
ggml-hex: Hexagon backend (experimental) : allocating new registry : ndev 1
ggml-hex: Hexagon Arch version v79
ggml-hex: allocating new session: HTP0
ggml-hex: new session: HTP0 : session-id 0 domain-id 3 uri file:///libggml-htp-v79.so?htp_iface_skel_handle_invoke&_modver=1.0&_dom=cdsp&_session=0 handle 0xb4000073655ce710
build: 0 (unknown) with Android (13324770, +pgo, +bolt, +lto, +mlgo, based on r530567d) clang version 19.0.0 (https://android.googlesource.com/toolchain/llvm-project 97a699bf4812a18fb657c2779f5296a4ab2694d2) for x86_64-unknown-linux-gnu
main: llama backend init
main: load the model and apply lora adapter, if any
llama_model_load_from_file_impl: using device GPUOpenCL (QUALCOMM Adreno(TM) 830) (unknown id) - 0 MiB free
llama_model_load_from_file_impl: using device HTP0 (Hexagon) (unknown id) - 2048 MiB free
llama_model_loader: loaded meta data with 35 key-value pairs and 147 tensors from /data/local/tmp/llama.cpp/../gguf/Llama-3.2-1B-Instruct-Q4_0.gguf (version GGUF V3 (latest))
llama_model_loader: Dumping metadata keys/values. Note: KV overrides do not apply in this output.
llama_model_loader: - kv   0:                       general.architecture str              = llama
llama_model_loader: - kv   1:                               general.type str              = model
llama_model_loader: - kv   2:                               general.name str              = Llama 3.2 1B Instruct
llama_model_loader: - kv   3:                           general.finetune str              = Instruct
llama_model_loader: - kv   4:                           general.basename str              = Llama-3.2
llama_model_loader: - kv   5:                         general.size_label str              = 1B
llama_model_loader: - kv   6:                            general.license str              = llama3.2
llama_model_loader: - kv   7:                               general.tags arr[str,6]       = ["facebook", "meta", "pytorch", "llam...
llama_model_loader: - kv   8:                          general.languages arr[str,8]       = ["en", "de", "fr", "it", "pt", "hi", ...
llama_model_loader: - kv   9:                          llama.block_count u32              = 16
llama_model_loader: - kv  10:                       llama.context_length u32              = 131072
llama_model_loader: - kv  11:                     llama.embedding_length u32              = 2048
llama_model_loader: - kv  12:                  llama.feed_forward_length u32              = 8192
llama_model_loader: - kv  13:                 llama.attention.head_count u32              = 32
llama_model_loader: - kv  14:              llama.attention.head_count_kv u32              = 8
llama_model_loader: - kv  15:                       llama.rope.freq_base f32              = 500000.000000
llama_model_loader: - kv  16:     llama.attention.layer_norm_rms_epsilon f32              = 0.000010
llama_model_loader: - kv  17:                 llama.attention.key_length u32              = 64
llama_model_loader: - kv  18:               llama.attention.value_length u32              = 64
llama_model_loader: - kv  19:                          general.file_type u32              = 2
llama_model_loader: - kv  20:                           llama.vocab_size u32              = 128256
llama_model_loader: - kv  21:                 llama.rope.dimension_count u32              = 64
llama_model_loader: - kv  22:                       tokenizer.ggml.model str              = gpt2
llama_model_loader: - kv  23:                         tokenizer.ggml.pre str              = llama-bpe
llama_model_loader: - kv  24:                      tokenizer.ggml.tokens arr[str,128256]  = ["!", "\"", "#", "$", "%", "&", "'", ...
llama_model_loader: - kv  25:                  tokenizer.ggml.token_type arr[i32,128256]  = [1, 1, 1, 1, 1, 1, 1, 1, 1, 1, 1, 1, ...
llama_model_loader: - kv  26:                      tokenizer.ggml.merges arr[str,280147]  = ["Ġ Ġ", "Ġ ĠĠĠ", "ĠĠ ĠĠ", "...
llama_model_loader: - kv  27:                tokenizer.ggml.bos_token_id u32              = 128000
llama_model_loader: - kv  28:                tokenizer.ggml.eos_token_id u32              = 128009
llama_model_loader: - kv  29:                    tokenizer.chat_template str              = {{- bos_token }}\n{%- if custom_tools ...
llama_model_loader: - kv  30:               general.quantization_version u32              = 2
llama_model_loader: - kv  31:                      quantize.imatrix.file str              = /models_out/Llama-3.2-1B-Instruct-GGU...
llama_model_loader: - kv  32:                   quantize.imatrix.dataset str              = /training_dir/calibration_datav3.txt
llama_model_loader: - kv  33:             quantize.imatrix.entries_count i32              = 112
llama_model_loader: - kv  34:              quantize.imatrix.chunks_count i32              = 125
llama_model_loader: - type  f32:   34 tensors
llama_model_loader: - type q4_0:  110 tensors
llama_model_loader: - type q4_1:    2 tensors
llama_model_loader: - type q6_K:    1 tensors
print_info: file format = GGUF V3 (latest)
print_info: file type   = Q4_0
print_info: file size   = 729.75 MiB (4.95 BPW) 
load: printing all EOG tokens:
load:   - 128001 ('<|end_of_text|>')
load:   - 128008 ('<|eom_id|>')
load:   - 128009 ('<|eot_id|>')
load: special tokens cache size = 256
load: token to piece cache size = 0.7999 MB
print_info: arch             = llama
print_info: vocab_only       = 0
print_info: n_ctx_train      = 131072
print_info: n_embd           = 2048
print_info: n_layer          = 16
print_info: n_head           = 32
print_info: n_head_kv        = 8
print_info: n_rot            = 64
print_info: n_swa            = 0
print_info: is_swa_any       = 0
print_info: n_embd_head_k    = 64
print_info: n_embd_head_v    = 64
print_info: n_gqa            = 4
print_info: n_embd_k_gqa     = 512
print_info: n_embd_v_gqa     = 512
print_info: f_norm_eps       = 0.0e+00
print_info: f_norm_rms_eps   = 1.0e-05
print_info: f_clamp_kqv      = 0.0e+00
print_info: f_max_alibi_bias = 0.0e+00
print_info: f_logit_scale    = 0.0e+00
print_info: f_attn_scale     = 0.0e+00
print_info: n_ff             = 8192
print_info: n_expert         = 0
print_info: n_expert_used    = 0
print_info: n_expert_groups  = 0
print_info: n_group_used     = 0
print_info: causal attn      = 1
print_info: pooling type     = 0
print_info: rope type        = 0
print_info: rope scaling     = linear
print_info: freq_base_train  = 500000.0
print_info: freq_scale_train = 1
print_info: n_ctx_orig_yarn  = 131072
print_info: rope_finetuned   = unknown
print_info: model type       = 1B
print_info: model params     = 1.24 B
print_info: general.name     = Llama 3.2 1B Instruct
print_info: vocab type       = BPE
print_info: n_vocab          = 128256
print_info: n_merges         = 280147
print_info: BOS token        = 128000 '<|begin_of_text|>'
print_info: EOS token        = 128009 '<|eot_id|>'
print_info: EOT token        = 128001 '<|end_of_text|>'
print_info: EOM token        = 128008 '<|eom_id|>'
print_info: LF token         = 198 'Ċ'
print_info: EOG token        = 128001 '<|end_of_text|>'
print_info: EOG token        = 128008 '<|eom_id|>'
print_info: EOG token        = 128009 '<|eot_id|>'
print_info: max token length = 256
load_tensors: loading model tensors, this can take a while... (mmap = false)
load_tensors: offloading 0 repeating layers to GPU
load_tensors: offloaded 0/17 layers to GPU
load_tensors:          CPU model buffer size =   225.75 MiB
load_tensors:   CPU_REPACK model buffer size =   504.00 MiB
.............................................................
llama_context: constructing llama_context
llama_context: n_seq_max     = 1
llama_context: n_ctx         = 1024
llama_context: n_ctx_seq     = 1024
llama_context: n_batch       = 128
llama_context: n_ubatch      = 128
llama_context: causal_attn   = 1
llama_context: flash_attn    = enabled
llama_context: kv_unified    = false
llama_context: freq_base     = 500000.0
llama_context: freq_scale    = 1
llama_context: n_ctx_seq (1024) < n_ctx_train (131072) -- the full capacity of the model will not be utilized
llama_context:        CPU  output buffer size =     0.49 MiB
llama_kv_cache:        CPU KV buffer size =    24.50 MiB
llama_kv_cache: size =   24.50 MiB (  1024 cells,  16 layers,  1/1 seqs), K (f16):   16.00 MiB, V (q8_0):    8.50 MiB
llama_context:        CPU compute buffer size =    63.62 MiB
llama_context: graph nodes  = 503
llama_context: graph splits = 1
common_init_from_params: added <|end_of_text|> logit bias = -inf
common_init_from_params: added <|eom_id|> logit bias = -inf
common_init_from_params: added <|eot_id|> logit bias = -inf
common_init_from_params: setting dry_penalty_last_n to ctx_size = 1024
common_init_from_params: warming up the model with an empty run - please wait ... (--no-warmup to disable)
main: llama threadpool init, n_threads = 8

system_info: n_threads = 8 (n_threads_batch = 8) / 8 | CPU : NEON = 1 | ARM_FMA = 1 | FP16_VA = 1 | MATMUL_INT8 = 1 | DOTPROD = 1 | REPACK = 1 | 

sampler seed: 3903062981
sampler params: 
	repeat_last_n = 64, repeat_penalty = 1.100, frequency_penalty = 0.150, presence_penalty = 0.200
	dry_multiplier = 1.000, dry_base = 1.750, dry_allowed_length = 2, dry_penalty_last_n = 1024
	top_k = 30, top_p = 1.000, min_p = 0.150, xtc_probability = 0.000, xtc_threshold = 0.100, typical_p = 1.000, top_n_sigma = -1.000, temp = 0.400
	mirostat = 0, mirostat_lr = 0.100, mirostat_ent = 5.000
sampler chain: logits -> logit-bias -> penalties -> dry -> top-n-sigma -> top-k -> typical -> top-p -> min-p -> xtc -> temp-ext -> dist 
generate: n_ctx = 1024, n_batch = 128, n_predict = 750, n_keep = 1

llama_perf_sampler_print:    sampling time =     218.37 ms /   367 runs   (    0.60 ms per token,  1680.64 tokens per second)
llama_perf_context_print:        load time =     866.01 ms
llama_perf_context_print: prompt eval time =      69.70 ms /    25 tokens (    2.79 ms per token,   358.69 tokens per second)
llama_perf_context_print:        eval time =    5267.92 ms /   341 runs   (   15.45 ms per token,    64.73 tokens per second)
llama_perf_context_print:       total time =    5840.81 ms /   366 tokens
llama_perf_context_print:    graphs reused =        339
llama_memory_breakdown_print: | memory breakdown [MiB]                  | total   free    self   model   context   compute    unaccounted |
llama_memory_breakdown_print: |   - GPUOpenCL (QUALCOMM Adreno(TM) 830) |     0 =    0 + (   0 =     0 +       0 +       0) +           0 |
llama_memory_breakdown_print: |   - HTP0 (Hexagon)                      |  2048 = 2048 + (   0 =     0 +       0 +       0) +           0 |
llama_memory_breakdown_print: |   - Host                                |                  313 =   225 +      24 +      63                |
llama_memory_breakdown_print: |   - CPU_REPACK                          |                  504 =   504 +       0 +       0                |
ggml_opencl: selected platform: 'QUALCOMM Snapdragon(TM)'

ggml_opencl: device: 'QUALCOMM Adreno(TM) 830 (OpenCL 3.0 Adreno(TM) 830)'
ggml_opencl: OpenCL driver: OpenCL 3.0 QUALCOMM build: 0800.40.1 Compiler E031.47.18.36
ggml_opencl: vector subgroup broadcast support: true
ggml_opencl: device FP16 support: true
ggml_opencl: mem base addr align: 128
ggml_opencl: max mem alloc size: 1024 MB
ggml_opencl: device max workgroup size: 1024
ggml_opencl: SVM coarse grain buffer support: true
ggml_opencl: SVM fine grain buffer support: true
ggml_opencl: SVM fine grain system support: false
ggml_opencl: SVM atomics support: true
ggml_opencl: flattening quantized weights representation as struct of arrays (GGML_OPENCL_SOA_Q)
ggml_opencl: using kernels optimized for Adreno (GGML_OPENCL_USE_ADRENO_KERNELS)
ggml_opencl: loading OpenCL kernels........................................................................
ggml_opencl: default device: 'QUALCOMM Adreno(TM) 830 (OpenCL 3.0 Adreno(TM) 830)'
ggml-hex: Hexagon backend (experimental) : allocating new registry : ndev 1
ggml-hex: Hexagon Arch version v79
ggml-hex: allocating new session: HTP0
ggml-hex: new session: HTP0 : session-id 0 domain-id 3 uri file:///libggml-htp-v79.so?htp_iface_skel_handle_invoke&_modver=1.0&_dom=cdsp&_session=0 handle 0xb400007800505d10
build: 0 (unknown) with Android (13324770, +pgo, +bolt, +lto, +mlgo, based on r530567d) clang version 19.0.0 (https://android.googlesource.com/toolchain/llvm-project 97a699bf4812a18fb657c2779f5296a4ab2694d2) for x86_64-unknown-linux-gnu
main: llama backend init
main: load the model and apply lora adapter, if any
llama_model_load_from_file_impl: using device GPUOpenCL (QUALCOMM Adreno(TM) 830) (unknown id) - 0 MiB free
llama_model_load_from_file_impl: using device HTP0 (Hexagon) (unknown id) - 2048 MiB free
llama_model_loader: loaded meta data with 35 key-value pairs and 147 tensors from /data/local/tmp/llama.cpp/../gguf/Llama-3.2-1B-Instruct-Q4_0.gguf (version GGUF V3 (latest))
llama_model_loader: Dumping metadata keys/values. Note: KV overrides do not apply in this output.
llama_model_loader: - kv   0:                       general.architecture str              = llama
llama_model_loader: - kv   1:                               general.type str              = model
llama_model_loader: - kv   2:                               general.name str              = Llama 3.2 1B Instruct
llama_model_loader: - kv   3:                           general.finetune str              = Instruct
llama_model_loader: - kv   4:                           general.basename str              = Llama-3.2
llama_model_loader: - kv   5:                         general.size_label str              = 1B
llama_model_loader: - kv   6:                            general.license str              = llama3.2
llama_model_loader: - kv   7:                               general.tags arr[str,6]       = ["facebook", "meta", "pytorch", "llam...
llama_model_loader: - kv   8:                          general.languages arr[str,8]       = ["en", "de", "fr", "it", "pt", "hi", ...
llama_model_loader: - kv   9:                          llama.block_count u32              = 16
llama_model_loader: - kv  10:                       llama.context_length u32              = 131072
llama_model_loader: - kv  11:                     llama.embedding_length u32              = 2048
llama_model_loader: - kv  12:                  llama.feed_forward_length u32              = 8192
llama_model_loader: - kv  13:                 llama.attention.head_count u32              = 32
llama_model_loader: - kv  14:              llama.attention.head_count_kv u32              = 8
llama_model_loader: - kv  15:                       llama.rope.freq_base f32              = 500000.000000
llama_model_loader: - kv  16:     llama.attention.layer_norm_rms_epsilon f32              = 0.000010
llama_model_loader: - kv  17:                 llama.attention.key_length u32              = 64
llama_model_loader: - kv  18:               llama.attention.value_length u32              = 64
llama_model_loader: - kv  19:                          general.file_type u32              = 2
llama_model_loader: - kv  20:                           llama.vocab_size u32              = 128256
llama_model_loader: - kv  21:                 llama.rope.dimension_count u32              = 64
llama_model_loader: - kv  22:                       tokenizer.ggml.model str              = gpt2
llama_model_loader: - kv  23:                         tokenizer.ggml.pre str              = llama-bpe
llama_model_loader: - kv  24:                      tokenizer.ggml.tokens arr[str,128256]  = ["!", "\"", "#", "$", "%", "&", "'", ...
llama_model_loader: - kv  25:                  tokenizer.ggml.token_type arr[i32,128256]  = [1, 1, 1, 1, 1, 1, 1, 1, 1, 1, 1, 1, ...
llama_model_loader: - kv  26:                      tokenizer.ggml.merges arr[str,280147]  = ["Ġ Ġ", "Ġ ĠĠĠ", "ĠĠ ĠĠ", "...
llama_model_loader: - kv  27:                tokenizer.ggml.bos_token_id u32              = 128000
llama_model_loader: - kv  28:                tokenizer.ggml.eos_token_id u32              = 128009
llama_model_loader: - kv  29:                    tokenizer.chat_template str              = {{- bos_token }}\n{%- if custom_tools ...
llama_model_loader: - kv  30:               general.quantization_version u32              = 2
llama_model_loader: - kv  31:                      quantize.imatrix.file str              = /models_out/Llama-3.2-1B-Instruct-GGU...
llama_model_loader: - kv  32:                   quantize.imatrix.dataset str              = /training_dir/calibration_datav3.txt
llama_model_loader: - kv  33:             quantize.imatrix.entries_count i32              = 112
llama_model_loader: - kv  34:              quantize.imatrix.chunks_count i32              = 125
llama_model_loader: - type  f32:   34 tensors
llama_model_loader: - type q4_0:  110 tensors
llama_model_loader: - type q4_1:    2 tensors
llama_model_loader: - type q6_K:    1 tensors
print_info: file format = GGUF V3 (latest)
print_info: file type   = Q4_0
print_info: file size   = 729.75 MiB (4.95 BPW) 
load: printing all EOG tokens:
load:   - 128001 ('<|end_of_text|>')
load:   - 128008 ('<|eom_id|>')
load:   - 128009 ('<|eot_id|>')
load: special tokens cache size = 256
load: token to piece cache size = 0.7999 MB
print_info: arch             = llama
print_info: vocab_only       = 0
print_info: n_ctx_train      = 131072
print_info: n_embd           = 2048
print_info: n_layer          = 16
print_info: n_head           = 32
print_info: n_head_kv        = 8
print_info: n_rot            = 64
print_info: n_swa            = 0
print_info: is_swa_any       = 0
print_info: n_embd_head_k    = 64
print_info: n_embd_head_v    = 64
print_info: n_gqa            = 4
print_info: n_embd_k_gqa     = 512
print_info: n_embd_v_gqa     = 512
print_info: f_norm_eps       = 0.0e+00
print_info: f_norm_rms_eps   = 1.0e-05
print_info: f_clamp_kqv      = 0.0e+00
print_info: f_max_alibi_bias = 0.0e+00
print_info: f_logit_scale    = 0.0e+00
print_info: f_attn_scale     = 0.0e+00
print_info: n_ff             = 8192
print_info: n_expert         = 0
print_info: n_expert_used    = 0
print_info: n_expert_groups  = 0
print_info: n_group_used     = 0
print_info: causal attn      = 1
print_info: pooling type     = 0
print_info: rope type        = 0
print_info: rope scaling     = linear
print_info: freq_base_train  = 500000.0
print_info: freq_scale_train = 1
print_info: n_ctx_orig_yarn  = 131072
print_info: rope_finetuned   = unknown
print_info: model type       = 1B
print_info: model params     = 1.24 B
print_info: general.name     = Llama 3.2 1B Instruct
print_info: vocab type       = BPE
print_info: n_vocab          = 128256
print_info: n_merges         = 280147
print_info: BOS token        = 128000 '<|begin_of_text|>'
print_info: EOS token        = 128009 '<|eot_id|>'
print_info: EOT token        = 128001 '<|end_of_text|>'
print_info: EOM token        = 128008 '<|eom_id|>'
print_info: LF token         = 198 'Ċ'
print_info: EOG token        = 128001 '<|end_of_text|>'
print_info: EOG token        = 128008 '<|eom_id|>'
print_info: EOG token        = 128009 '<|eot_id|>'
print_info: max token length = 256
load_tensors: loading model tensors, this can take a while... (mmap = false)
load_tensors: offloading 0 repeating layers to GPU
load_tensors: offloaded 0/17 layers to GPU
load_tensors:          CPU model buffer size =   225.75 MiB
load_tensors:   CPU_REPACK model buffer size =   504.00 MiB
.............................................................
llama_context: constructing llama_context
llama_context: n_seq_max     = 1
llama_context: n_ctx         = 1024
llama_context: n_ctx_seq     = 1024
llama_context: n_batch       = 128
llama_context: n_ubatch      = 128
llama_context: causal_attn   = 1
llama_context: flash_attn    = enabled
llama_context: kv_unified    = false
llama_context: freq_base     = 500000.0
llama_context: freq_scale    = 1
llama_context: n_ctx_seq (1024) < n_ctx_train (131072) -- the full capacity of the model will not be utilized
llama_context:        CPU  output buffer size =     0.49 MiB
llama_kv_cache:        CPU KV buffer size =    24.50 MiB
llama_kv_cache: size =   24.50 MiB (  1024 cells,  16 layers,  1/1 seqs), K (f16):   16.00 MiB, V (q8_0):    8.50 MiB
llama_context:        CPU compute buffer size =    63.62 MiB
llama_context: graph nodes  = 503
llama_context: graph splits = 1
common_init_from_params: added <|end_of_text|> logit bias = -inf
common_init_from_params: added <|eom_id|> logit bias = -inf
common_init_from_params: added <|eot_id|> logit bias = -inf
common_init_from_params: setting dry_penalty_last_n to ctx_size = 1024
common_init_from_params: warming up the model with an empty run - please wait ... (--no-warmup to disable)
main: llama threadpool init, n_threads = 8

system_info: n_threads = 8 (n_threads_batch = 8) / 8 | CPU : NEON = 1 | ARM_FMA = 1 | FP16_VA = 1 | MATMUL_INT8 = 1 | DOTPROD = 1 | REPACK = 1 | 

sampler seed: 1355536529
sampler params: 
	repeat_last_n = 64, repeat_penalty = 1.100, frequency_penalty = 0.150, presence_penalty = 0.200
	dry_multiplier = 1.000, dry_base = 1.750, dry_allowed_length = 2, dry_penalty_last_n = 1024
	top_k = 30, top_p = 1.000, min_p = 0.150, xtc_probability = 0.000, xtc_threshold = 0.100, typical_p = 1.000, top_n_sigma = -1.000, temp = 0.400
	mirostat = 0, mirostat_lr = 0.100, mirostat_ent = 5.000
sampler chain: logits -> logit-bias -> penalties -> dry -> top-n-sigma -> top-k -> typical -> top-p -> min-p -> xtc -> temp-ext -> dist 
generate: n_ctx = 1024, n_batch = 128, n_predict = 750, n_keep = 1

llama_perf_sampler_print:    sampling time =     175.46 ms /   246 runs   (    0.71 ms per token,  1402.04 tokens per second)
llama_perf_context_print:        load time =    1802.22 ms
llama_perf_context_print: prompt eval time =     154.69 ms /    27 tokens (    5.73 ms per token,   174.54 tokens per second)
llama_perf_context_print:        eval time =    3930.38 ms /   218 runs   (   18.03 ms per token,    55.47 tokens per second)
llama_perf_context_print:       total time =    4640.51 ms /   245 tokens
llama_perf_context_print:    graphs reused =        217
llama_memory_breakdown_print: | memory breakdown [MiB]                  | total   free    self   model   context   compute    unaccounted |
llama_memory_breakdown_print: |   - GPUOpenCL (QUALCOMM Adreno(TM) 830) |     0 =    0 + (   0 =     0 +       0 +       0) +           0 |
llama_memory_breakdown_print: |   - HTP0 (Hexagon)                      |  2048 = 2048 + (   0 =     0 +       0 +       0) +           0 |
llama_memory_breakdown_print: |   - Host                                |                  313 =   225 +      24 +      63                |
llama_memory_breakdown_print: |   - CPU_REPACK                          |                  504 =   504 +       0 +       0                |
ggml_opencl: selected platform: 'QUALCOMM Snapdragon(TM)'

ggml_opencl: device: 'QUALCOMM Adreno(TM) 830 (OpenCL 3.0 Adreno(TM) 830)'
ggml_opencl: OpenCL driver: OpenCL 3.0 QUALCOMM build: 0800.40.1 Compiler E031.47.18.36
ggml_opencl: vector subgroup broadcast support: true
ggml_opencl: device FP16 support: true
ggml_opencl: mem base addr align: 128
ggml_opencl: max mem alloc size: 1024 MB
ggml_opencl: device max workgroup size: 1024
ggml_opencl: SVM coarse grain buffer support: true
ggml_opencl: SVM fine grain buffer support: true
ggml_opencl: SVM fine grain system support: false
ggml_opencl: SVM atomics support: true
ggml_opencl: flattening quantized weights representation as struct of arrays (GGML_OPENCL_SOA_Q)
ggml_opencl: using kernels optimized for Adreno (GGML_OPENCL_USE_ADRENO_KERNELS)
ggml_opencl: loading OpenCL kernels........................................................................
ggml_opencl: default device: 'QUALCOMM Adreno(TM) 830 (OpenCL 3.0 Adreno(TM) 830)'
ggml-hex: Hexagon backend (experimental) : allocating new registry : ndev 1
ggml-hex: Hexagon Arch version v79
ggml-hex: allocating new session: HTP0
ggml-hex: new session: HTP0 : session-id 0 domain-id 3 uri file:///libggml-htp-v79.so?htp_iface_skel_handle_invoke&_modver=1.0&_dom=cdsp&_session=0 handle 0xb400007d71558b90
build: 0 (unknown) with Android (13324770, +pgo, +bolt, +lto, +mlgo, based on r530567d) clang version 19.0.0 (https://android.googlesource.com/toolchain/llvm-project 97a699bf4812a18fb657c2779f5296a4ab2694d2) for x86_64-unknown-linux-gnu
main: llama backend init
main: load the model and apply lora adapter, if any
llama_model_load_from_file_impl: using device GPUOpenCL (QUALCOMM Adreno(TM) 830) (unknown id) - 0 MiB free
llama_model_load_from_file_impl: using device HTP0 (Hexagon) (unknown id) - 2048 MiB free
llama_model_loader: loaded meta data with 35 key-value pairs and 147 tensors from /data/local/tmp/llama.cpp/../gguf/Llama-3.2-1B-Instruct-Q4_0.gguf (version GGUF V3 (latest))
llama_model_loader: Dumping metadata keys/values. Note: KV overrides do not apply in this output.
llama_model_loader: - kv   0:                       general.architecture str              = llama
llama_model_loader: - kv   1:                               general.type str              = model
llama_model_loader: - kv   2:                               general.name str              = Llama 3.2 1B Instruct
llama_model_loader: - kv   3:                           general.finetune str              = Instruct
llama_model_loader: - kv   4:                           general.basename str              = Llama-3.2
llama_model_loader: - kv   5:                         general.size_label str              = 1B
llama_model_loader: - kv   6:                            general.license str              = llama3.2
llama_model_loader: - kv   7:                               general.tags arr[str,6]       = ["facebook", "meta", "pytorch", "llam...
llama_model_loader: - kv   8:                          general.languages arr[str,8]       = ["en", "de", "fr", "it", "pt", "hi", ...
llama_model_loader: - kv   9:                          llama.block_count u32              = 16
llama_model_loader: - kv  10:                       llama.context_length u32              = 131072
llama_model_loader: - kv  11:                     llama.embedding_length u32              = 2048
llama_model_loader: - kv  12:                  llama.feed_forward_length u32              = 8192
llama_model_loader: - kv  13:                 llama.attention.head_count u32              = 32
llama_model_loader: - kv  14:              llama.attention.head_count_kv u32              = 8
llama_model_loader: - kv  15:                       llama.rope.freq_base f32              = 500000.000000
llama_model_loader: - kv  16:     llama.attention.layer_norm_rms_epsilon f32              = 0.000010
llama_model_loader: - kv  17:                 llama.attention.key_length u32              = 64
llama_model_loader: - kv  18:               llama.attention.value_length u32              = 64
llama_model_loader: - kv  19:                          general.file_type u32              = 2
llama_model_loader: - kv  20:                           llama.vocab_size u32              = 128256
llama_model_loader: - kv  21:                 llama.rope.dimension_count u32              = 64
llama_model_loader: - kv  22:                       tokenizer.ggml.model str              = gpt2
llama_model_loader: - kv  23:                         tokenizer.ggml.pre str              = llama-bpe
llama_model_loader: - kv  24:                      tokenizer.ggml.tokens arr[str,128256]  = ["!", "\"", "#", "$", "%", "&", "'", ...
llama_model_loader: - kv  25:                  tokenizer.ggml.token_type arr[i32,128256]  = [1, 1, 1, 1, 1, 1, 1, 1, 1, 1, 1, 1, ...
llama_model_loader: - kv  26:                      tokenizer.ggml.merges arr[str,280147]  = ["Ġ Ġ", "Ġ ĠĠĠ", "ĠĠ ĠĠ", "...
llama_model_loader: - kv  27:                tokenizer.ggml.bos_token_id u32              = 128000
llama_model_loader: - kv  28:                tokenizer.ggml.eos_token_id u32              = 128009
llama_model_loader: - kv  29:                    tokenizer.chat_template str              = {{- bos_token }}\n{%- if custom_tools ...
llama_model_loader: - kv  30:               general.quantization_version u32              = 2
llama_model_loader: - kv  31:                      quantize.imatrix.file str              = /models_out/Llama-3.2-1B-Instruct-GGU...
llama_model_loader: - kv  32:                   quantize.imatrix.dataset str              = /training_dir/calibration_datav3.txt
llama_model_loader: - kv  33:             quantize.imatrix.entries_count i32              = 112
llama_model_loader: - kv  34:              quantize.imatrix.chunks_count i32              = 125
llama_model_loader: - type  f32:   34 tensors
llama_model_loader: - type q4_0:  110 tensors
llama_model_loader: - type q4_1:    2 tensors
llama_model_loader: - type q6_K:    1 tensors
print_info: file format = GGUF V3 (latest)
print_info: file type   = Q4_0
print_info: file size   = 729.75 MiB (4.95 BPW) 
load: printing all EOG tokens:
load:   - 128001 ('<|end_of_text|>')
load:   - 128008 ('<|eom_id|>')
load:   - 128009 ('<|eot_id|>')
load: special tokens cache size = 256
load: token to piece cache size = 0.7999 MB
print_info: arch             = llama
print_info: vocab_only       = 0
print_info: n_ctx_train      = 131072
print_info: n_embd           = 2048
print_info: n_layer          = 16
print_info: n_head           = 32
print_info: n_head_kv        = 8
print_info: n_rot            = 64
print_info: n_swa            = 0
print_info: is_swa_any       = 0
print_info: n_embd_head_k    = 64
print_info: n_embd_head_v    = 64
print_info: n_gqa            = 4
print_info: n_embd_k_gqa     = 512
print_info: n_embd_v_gqa     = 512
print_info: f_norm_eps       = 0.0e+00
print_info: f_norm_rms_eps   = 1.0e-05
print_info: f_clamp_kqv      = 0.0e+00
print_info: f_max_alibi_bias = 0.0e+00
print_info: f_logit_scale    = 0.0e+00
print_info: f_attn_scale     = 0.0e+00
print_info: n_ff             = 8192
print_info: n_expert         = 0
print_info: n_expert_used    = 0
print_info: n_expert_groups  = 0
print_info: n_group_used     = 0
print_info: causal attn      = 1
print_info: pooling type     = 0
print_info: rope type        = 0
print_info: rope scaling     = linear
print_info: freq_base_train  = 500000.0
print_info: freq_scale_train = 1
print_info: n_ctx_orig_yarn  = 131072
print_info: rope_finetuned   = unknown
print_info: model type       = 1B
print_info: model params     = 1.24 B
print_info: general.name     = Llama 3.2 1B Instruct
print_info: vocab type       = BPE
print_info: n_vocab          = 128256
print_info: n_merges         = 280147
print_info: BOS token        = 128000 '<|begin_of_text|>'
print_info: EOS token        = 128009 '<|eot_id|>'
print_info: EOT token        = 128001 '<|end_of_text|>'
print_info: EOM token        = 128008 '<|eom_id|>'
print_info: LF token         = 198 'Ċ'
print_info: EOG token        = 128001 '<|end_of_text|>'
print_info: EOG token        = 128008 '<|eom_id|>'
print_info: EOG token        = 128009 '<|eot_id|>'
print_info: max token length = 256
load_tensors: loading model tensors, this can take a while... (mmap = false)
load_tensors: offloading 0 repeating layers to GPU
load_tensors: offloaded 0/17 layers to GPU
load_tensors:          CPU model buffer size =   225.75 MiB
load_tensors:   CPU_REPACK model buffer size =   504.00 MiB
.............................................................
llama_context: constructing llama_context
llama_context: n_seq_max     = 1
llama_context: n_ctx         = 1024
llama_context: n_ctx_seq     = 1024
llama_context: n_batch       = 128
llama_context: n_ubatch      = 128
llama_context: causal_attn   = 1
llama_context: flash_attn    = enabled
llama_context: kv_unified    = false
llama_context: freq_base     = 500000.0
llama_context: freq_scale    = 1
llama_context: n_ctx_seq (1024) < n_ctx_train (131072) -- the full capacity of the model will not be utilized
llama_context:        CPU  output buffer size =     0.49 MiB
llama_kv_cache:        CPU KV buffer size =    24.50 MiB
llama_kv_cache: size =   24.50 MiB (  1024 cells,  16 layers,  1/1 seqs), K (f16):   16.00 MiB, V (q8_0):    8.50 MiB
llama_context:        CPU compute buffer size =    63.62 MiB
llama_context: graph nodes  = 503
llama_context: graph splits = 1
common_init_from_params: added <|end_of_text|> logit bias = -inf
common_init_from_params: added <|eom_id|> logit bias = -inf
common_init_from_params: added <|eot_id|> logit bias = -inf
common_init_from_params: setting dry_penalty_last_n to ctx_size = 1024
common_init_from_params: warming up the model with an empty run - please wait ... (--no-warmup to disable)
main: llama threadpool init, n_threads = 8

system_info: n_threads = 8 (n_threads_batch = 8) / 8 | CPU : NEON = 1 | ARM_FMA = 1 | FP16_VA = 1 | MATMUL_INT8 = 1 | DOTPROD = 1 | REPACK = 1 | 

sampler seed: 1800540242
sampler params: 
	repeat_last_n = 64, repeat_penalty = 1.100, frequency_penalty = 0.150, presence_penalty = 0.200
	dry_multiplier = 1.000, dry_base = 1.750, dry_allowed_length = 2, dry_penalty_last_n = 1024
	top_k = 30, top_p = 1.000, min_p = 0.150, xtc_probability = 0.000, xtc_threshold = 0.100, typical_p = 1.000, top_n_sigma = -1.000, temp = 0.400
	mirostat = 0, mirostat_lr = 0.100, mirostat_ent = 5.000
sampler chain: logits -> logit-bias -> penalties -> dry -> top-n-sigma -> top-k -> typical -> top-p -> min-p -> xtc -> temp-ext -> dist 
generate: n_ctx = 1024, n_batch = 128, n_predict = 750, n_keep = 1

llama_perf_sampler_print:    sampling time =     161.95 ms /   243 runs   (    0.67 ms per token,  1500.44 tokens per second)
llama_perf_context_print:        load time =    1053.69 ms
llama_perf_context_print: prompt eval time =      81.64 ms /    17 tokens (    4.80 ms per token,   208.24 tokens per second)
llama_perf_context_print:        eval time =    3596.56 ms /   225 runs   (   15.98 ms per token,    62.56 tokens per second)
llama_perf_context_print:       total time =    4166.51 ms /   242 tokens
llama_perf_context_print:    graphs reused =        224
llama_memory_breakdown_print: | memory breakdown [MiB]                  | total   free    self   model   context   compute    unaccounted |
llama_memory_breakdown_print: |   - GPUOpenCL (QUALCOMM Adreno(TM) 830) |     0 =    0 + (   0 =     0 +       0 +       0) +           0 |
llama_memory_breakdown_print: |   - HTP0 (Hexagon)                      |  2048 = 2048 + (   0 =     0 +       0 +       0) +           0 |
llama_memory_breakdown_print: |   - Host                                |                  313 =   225 +      24 +      63                |
llama_memory_breakdown_print: |   - CPU_REPACK                          |                  504 =   504 +       0 +       0                |
ggml_opencl: selected platform: 'QUALCOMM Snapdragon(TM)'

ggml_opencl: device: 'QUALCOMM Adreno(TM) 830 (OpenCL 3.0 Adreno(TM) 830)'
ggml_opencl: OpenCL driver: OpenCL 3.0 QUALCOMM build: 0800.40.1 Compiler E031.47.18.36
ggml_opencl: vector subgroup broadcast support: true
ggml_opencl: device FP16 support: true
ggml_opencl: mem base addr align: 128
ggml_opencl: max mem alloc size: 1024 MB
ggml_opencl: device max workgroup size: 1024
ggml_opencl: SVM coarse grain buffer support: true
ggml_opencl: SVM fine grain buffer support: true
ggml_opencl: SVM fine grain system support: false
ggml_opencl: SVM atomics support: true
ggml_opencl: flattening quantized weights representation as struct of arrays (GGML_OPENCL_SOA_Q)
ggml_opencl: using kernels optimized for Adreno (GGML_OPENCL_USE_ADRENO_KERNELS)
ggml_opencl: loading OpenCL kernels........................................................................
ggml_opencl: default device: 'QUALCOMM Adreno(TM) 830 (OpenCL 3.0 Adreno(TM) 830)'
ggml-hex: Hexagon backend (experimental) : allocating new registry : ndev 1
ggml-hex: Hexagon Arch version v79
ggml-hex: allocating new session: HTP0
ggml-hex: new session: HTP0 : session-id 0 domain-id 3 uri file:///libggml-htp-v79.so?htp_iface_skel_handle_invoke&_modver=1.0&_dom=cdsp&_session=0 handle 0xb4000074c8ac6890
build: 0 (unknown) with Android (13324770, +pgo, +bolt, +lto, +mlgo, based on r530567d) clang version 19.0.0 (https://android.googlesource.com/toolchain/llvm-project 97a699bf4812a18fb657c2779f5296a4ab2694d2) for x86_64-unknown-linux-gnu
main: llama backend init
main: load the model and apply lora adapter, if any
llama_model_load_from_file_impl: using device GPUOpenCL (QUALCOMM Adreno(TM) 830) (unknown id) - 0 MiB free
llama_model_load_from_file_impl: using device HTP0 (Hexagon) (unknown id) - 2048 MiB free
llama_model_loader: loaded meta data with 35 key-value pairs and 147 tensors from /data/local/tmp/llama.cpp/../gguf/Llama-3.2-1B-Instruct-Q4_0.gguf (version GGUF V3 (latest))
llama_model_loader: Dumping metadata keys/values. Note: KV overrides do not apply in this output.
llama_model_loader: - kv   0:                       general.architecture str              = llama
llama_model_loader: - kv   1:                               general.type str              = model
llama_model_loader: - kv   2:                               general.name str              = Llama 3.2 1B Instruct
llama_model_loader: - kv   3:                           general.finetune str              = Instruct
llama_model_loader: - kv   4:                           general.basename str              = Llama-3.2
llama_model_loader: - kv   5:                         general.size_label str              = 1B
llama_model_loader: - kv   6:                            general.license str              = llama3.2
llama_model_loader: - kv   7:                               general.tags arr[str,6]       = ["facebook", "meta", "pytorch", "llam...
llama_model_loader: - kv   8:                          general.languages arr[str,8]       = ["en", "de", "fr", "it", "pt", "hi", ...
llama_model_loader: - kv   9:                          llama.block_count u32              = 16
llama_model_loader: - kv  10:                       llama.context_length u32              = 131072
llama_model_loader: - kv  11:                     llama.embedding_length u32              = 2048
llama_model_loader: - kv  12:                  llama.feed_forward_length u32              = 8192
llama_model_loader: - kv  13:                 llama.attention.head_count u32              = 32
llama_model_loader: - kv  14:              llama.attention.head_count_kv u32              = 8
llama_model_loader: - kv  15:                       llama.rope.freq_base f32              = 500000.000000
llama_model_loader: - kv  16:     llama.attention.layer_norm_rms_epsilon f32              = 0.000010
llama_model_loader: - kv  17:                 llama.attention.key_length u32              = 64
llama_model_loader: - kv  18:               llama.attention.value_length u32              = 64
llama_model_loader: - kv  19:                          general.file_type u32              = 2
llama_model_loader: - kv  20:                           llama.vocab_size u32              = 128256
llama_model_loader: - kv  21:                 llama.rope.dimension_count u32              = 64
llama_model_loader: - kv  22:                       tokenizer.ggml.model str              = gpt2
llama_model_loader: - kv  23:                         tokenizer.ggml.pre str              = llama-bpe
llama_model_loader: - kv  24:                      tokenizer.ggml.tokens arr[str,128256]  = ["!", "\"", "#", "$", "%", "&", "'", ...
llama_model_loader: - kv  25:                  tokenizer.ggml.token_type arr[i32,128256]  = [1, 1, 1, 1, 1, 1, 1, 1, 1, 1, 1, 1, ...
llama_model_loader: - kv  26:                      tokenizer.ggml.merges arr[str,280147]  = ["Ġ Ġ", "Ġ ĠĠĠ", "ĠĠ ĠĠ", "...
llama_model_loader: - kv  27:                tokenizer.ggml.bos_token_id u32              = 128000
llama_model_loader: - kv  28:                tokenizer.ggml.eos_token_id u32              = 128009
llama_model_loader: - kv  29:                    tokenizer.chat_template str              = {{- bos_token }}\n{%- if custom_tools ...
llama_model_loader: - kv  30:               general.quantization_version u32              = 2
llama_model_loader: - kv  31:                      quantize.imatrix.file str              = /models_out/Llama-3.2-1B-Instruct-GGU...
llama_model_loader: - kv  32:                   quantize.imatrix.dataset str              = /training_dir/calibration_datav3.txt
llama_model_loader: - kv  33:             quantize.imatrix.entries_count i32              = 112
llama_model_loader: - kv  34:              quantize.imatrix.chunks_count i32              = 125
llama_model_loader: - type  f32:   34 tensors
llama_model_loader: - type q4_0:  110 tensors
llama_model_loader: - type q4_1:    2 tensors
llama_model_loader: - type q6_K:    1 tensors
print_info: file format = GGUF V3 (latest)
print_info: file type   = Q4_0
print_info: file size   = 729.75 MiB (4.95 BPW) 
load: printing all EOG tokens:
load:   - 128001 ('<|end_of_text|>')
load:   - 128008 ('<|eom_id|>')
load:   - 128009 ('<|eot_id|>')
load: special tokens cache size = 256
load: token to piece cache size = 0.7999 MB
print_info: arch             = llama
print_info: vocab_only       = 0
print_info: n_ctx_train      = 131072
print_info: n_embd           = 2048
print_info: n_layer          = 16
print_info: n_head           = 32
print_info: n_head_kv        = 8
print_info: n_rot            = 64
print_info: n_swa            = 0
print_info: is_swa_any       = 0
print_info: n_embd_head_k    = 64
print_info: n_embd_head_v    = 64
print_info: n_gqa            = 4
print_info: n_embd_k_gqa     = 512
print_info: n_embd_v_gqa     = 512
print_info: f_norm_eps       = 0.0e+00
print_info: f_norm_rms_eps   = 1.0e-05
print_info: f_clamp_kqv      = 0.0e+00
print_info: f_max_alibi_bias = 0.0e+00
print_info: f_logit_scale    = 0.0e+00
print_info: f_attn_scale     = 0.0e+00
print_info: n_ff             = 8192
print_info: n_expert         = 0
print_info: n_expert_used    = 0
print_info: n_expert_groups  = 0
print_info: n_group_used     = 0
print_info: causal attn      = 1
print_info: pooling type     = 0
print_info: rope type        = 0
print_info: rope scaling     = linear
print_info: freq_base_train  = 500000.0
print_info: freq_scale_train = 1
print_info: n_ctx_orig_yarn  = 131072
print_info: rope_finetuned   = unknown
print_info: model type       = 1B
print_info: model params     = 1.24 B
print_info: general.name     = Llama 3.2 1B Instruct
print_info: vocab type       = BPE
print_info: n_vocab          = 128256
print_info: n_merges         = 280147
print_info: BOS token        = 128000 '<|begin_of_text|>'
print_info: EOS token        = 128009 '<|eot_id|>'
print_info: EOT token        = 128001 '<|end_of_text|>'
print_info: EOM token        = 128008 '<|eom_id|>'
print_info: LF token         = 198 'Ċ'
print_info: EOG token        = 128001 '<|end_of_text|>'
print_info: EOG token        = 128008 '<|eom_id|>'
print_info: EOG token        = 128009 '<|eot_id|>'
print_info: max token length = 256
load_tensors: loading model tensors, this can take a while... (mmap = false)
load_tensors: offloading 0 repeating layers to GPU
load_tensors: offloaded 0/17 layers to GPU
load_tensors:          CPU model buffer size =   225.75 MiB
load_tensors:   CPU_REPACK model buffer size =   504.00 MiB
.............................................................
llama_context: constructing llama_context
llama_context: n_seq_max     = 1
llama_context: n_ctx         = 1024
llama_context: n_ctx_seq     = 1024
llama_context: n_batch       = 128
llama_context: n_ubatch      = 128
llama_context: causal_attn   = 1
llama_context: flash_attn    = enabled
llama_context: kv_unified    = false
llama_context: freq_base     = 500000.0
llama_context: freq_scale    = 1
llama_context: n_ctx_seq (1024) < n_ctx_train (131072) -- the full capacity of the model will not be utilized
llama_context:        CPU  output buffer size =     0.49 MiB
llama_kv_cache:        CPU KV buffer size =    24.50 MiB
llama_kv_cache: size =   24.50 MiB (  1024 cells,  16 layers,  1/1 seqs), K (f16):   16.00 MiB, V (q8_0):    8.50 MiB
llama_context:        CPU compute buffer size =    63.62 MiB
llama_context: graph nodes  = 503
llama_context: graph splits = 1
common_init_from_params: added <|end_of_text|> logit bias = -inf
common_init_from_params: added <|eom_id|> logit bias = -inf
common_init_from_params: added <|eot_id|> logit bias = -inf
common_init_from_params: setting dry_penalty_last_n to ctx_size = 1024
common_init_from_params: warming up the model with an empty run - please wait ... (--no-warmup to disable)
main: llama threadpool init, n_threads = 8

system_info: n_threads = 8 (n_threads_batch = 8) / 8 | CPU : NEON = 1 | ARM_FMA = 1 | FP16_VA = 1 | MATMUL_INT8 = 1 | DOTPROD = 1 | REPACK = 1 | 

sampler seed: 2936898477
sampler params: 
	repeat_last_n = 64, repeat_penalty = 1.100, frequency_penalty = 0.150, presence_penalty = 0.200
	dry_multiplier = 1.000, dry_base = 1.750, dry_allowed_length = 2, dry_penalty_last_n = 1024
	top_k = 30, top_p = 1.000, min_p = 0.150, xtc_probability = 0.000, xtc_threshold = 0.100, typical_p = 1.000, top_n_sigma = -1.000, temp = 0.400
	mirostat = 0, mirostat_lr = 0.100, mirostat_ent = 5.000
sampler chain: logits -> logit-bias -> penalties -> dry -> top-n-sigma -> top-k -> typical -> top-p -> min-p -> xtc -> temp-ext -> dist 
generate: n_ctx = 1024, n_batch = 128, n_predict = 750, n_keep = 1

llama_perf_sampler_print:    sampling time =     321.91 ms /   502 runs   (    0.64 ms per token,  1559.42 tokens per second)
llama_perf_context_print:        load time =    1412.24 ms
llama_perf_context_print: prompt eval time =      91.94 ms /    23 tokens (    4.00 ms per token,   250.17 tokens per second)
llama_perf_context_print:        eval time =    7603.83 ms /   478 runs   (   15.91 ms per token,    62.86 tokens per second)
llama_perf_context_print:       total time =    8328.48 ms /   501 tokens
llama_perf_context_print:    graphs reused =        476
llama_memory_breakdown_print: | memory breakdown [MiB]                  | total   free    self   model   context   compute    unaccounted |
llama_memory_breakdown_print: |   - GPUOpenCL (QUALCOMM Adreno(TM) 830) |     0 =    0 + (   0 =     0 +       0 +       0) +           0 |
llama_memory_breakdown_print: |   - HTP0 (Hexagon)                      |  2048 = 2048 + (   0 =     0 +       0 +       0) +           0 |
llama_memory_breakdown_print: |   - Host                                |                  313 =   225 +      24 +      63                |
llama_memory_breakdown_print: |   - CPU_REPACK                          |                  504 =   504 +       0 +       0                |
ggml_opencl: selected platform: 'QUALCOMM Snapdragon(TM)'

ggml_opencl: device: 'QUALCOMM Adreno(TM) 830 (OpenCL 3.0 Adreno(TM) 830)'
ggml_opencl: OpenCL driver: OpenCL 3.0 QUALCOMM build: 0800.40.1 Compiler E031.47.18.36
ggml_opencl: vector subgroup broadcast support: true
ggml_opencl: device FP16 support: true
ggml_opencl: mem base addr align: 128
ggml_opencl: max mem alloc size: 1024 MB
ggml_opencl: device max workgroup size: 1024
ggml_opencl: SVM coarse grain buffer support: true
ggml_opencl: SVM fine grain buffer support: true
ggml_opencl: SVM fine grain system support: false
ggml_opencl: SVM atomics support: true
ggml_opencl: flattening quantized weights representation as struct of arrays (GGML_OPENCL_SOA_Q)
ggml_opencl: using kernels optimized for Adreno (GGML_OPENCL_USE_ADRENO_KERNELS)
ggml_opencl: loading OpenCL kernels........................................................................
ggml_opencl: default device: 'QUALCOMM Adreno(TM) 830 (OpenCL 3.0 Adreno(TM) 830)'
ggml-hex: Hexagon backend (experimental) : allocating new registry : ndev 1
ggml-hex: Hexagon Arch version v79
ggml-hex: allocating new session: HTP0
ggml-hex: new session: HTP0 : session-id 0 domain-id 3 uri file:///libggml-htp-v79.so?htp_iface_skel_handle_invoke&_modver=1.0&_dom=cdsp&_session=0 handle 0xb400007bbd1e7c90
build: 0 (unknown) with Android (13324770, +pgo, +bolt, +lto, +mlgo, based on r530567d) clang version 19.0.0 (https://android.googlesource.com/toolchain/llvm-project 97a699bf4812a18fb657c2779f5296a4ab2694d2) for x86_64-unknown-linux-gnu
main: llama backend init
main: load the model and apply lora adapter, if any
llama_model_load_from_file_impl: using device GPUOpenCL (QUALCOMM Adreno(TM) 830) (unknown id) - 0 MiB free
llama_model_load_from_file_impl: using device HTP0 (Hexagon) (unknown id) - 2048 MiB free
llama_model_loader: loaded meta data with 35 key-value pairs and 147 tensors from /data/local/tmp/llama.cpp/../gguf/Llama-3.2-1B-Instruct-Q4_0.gguf (version GGUF V3 (latest))
llama_model_loader: Dumping metadata keys/values. Note: KV overrides do not apply in this output.
llama_model_loader: - kv   0:                       general.architecture str              = llama
llama_model_loader: - kv   1:                               general.type str              = model
llama_model_loader: - kv   2:                               general.name str              = Llama 3.2 1B Instruct
llama_model_loader: - kv   3:                           general.finetune str              = Instruct
llama_model_loader: - kv   4:                           general.basename str              = Llama-3.2
llama_model_loader: - kv   5:                         general.size_label str              = 1B
llama_model_loader: - kv   6:                            general.license str              = llama3.2
llama_model_loader: - kv   7:                               general.tags arr[str,6]       = ["facebook", "meta", "pytorch", "llam...
llama_model_loader: - kv   8:                          general.languages arr[str,8]       = ["en", "de", "fr", "it", "pt", "hi", ...
llama_model_loader: - kv   9:                          llama.block_count u32              = 16
llama_model_loader: - kv  10:                       llama.context_length u32              = 131072
llama_model_loader: - kv  11:                     llama.embedding_length u32              = 2048
llama_model_loader: - kv  12:                  llama.feed_forward_length u32              = 8192
llama_model_loader: - kv  13:                 llama.attention.head_count u32              = 32
llama_model_loader: - kv  14:              llama.attention.head_count_kv u32              = 8
llama_model_loader: - kv  15:                       llama.rope.freq_base f32              = 500000.000000
llama_model_loader: - kv  16:     llama.attention.layer_norm_rms_epsilon f32              = 0.000010
llama_model_loader: - kv  17:                 llama.attention.key_length u32              = 64
llama_model_loader: - kv  18:               llama.attention.value_length u32              = 64
llama_model_loader: - kv  19:                          general.file_type u32              = 2
llama_model_loader: - kv  20:                           llama.vocab_size u32              = 128256
llama_model_loader: - kv  21:                 llama.rope.dimension_count u32              = 64
llama_model_loader: - kv  22:                       tokenizer.ggml.model str              = gpt2
llama_model_loader: - kv  23:                         tokenizer.ggml.pre str              = llama-bpe
llama_model_loader: - kv  24:                      tokenizer.ggml.tokens arr[str,128256]  = ["!", "\"", "#", "$", "%", "&", "'", ...
llama_model_loader: - kv  25:                  tokenizer.ggml.token_type arr[i32,128256]  = [1, 1, 1, 1, 1, 1, 1, 1, 1, 1, 1, 1, ...
llama_model_loader: - kv  26:                      tokenizer.ggml.merges arr[str,280147]  = ["Ġ Ġ", "Ġ ĠĠĠ", "ĠĠ ĠĠ", "...
llama_model_loader: - kv  27:                tokenizer.ggml.bos_token_id u32              = 128000
llama_model_loader: - kv  28:                tokenizer.ggml.eos_token_id u32              = 128009
llama_model_loader: - kv  29:                    tokenizer.chat_template str              = {{- bos_token }}\n{%- if custom_tools ...
llama_model_loader: - kv  30:               general.quantization_version u32              = 2
llama_model_loader: - kv  31:                      quantize.imatrix.file str              = /models_out/Llama-3.2-1B-Instruct-GGU...
llama_model_loader: - kv  32:                   quantize.imatrix.dataset str              = /training_dir/calibration_datav3.txt
llama_model_loader: - kv  33:             quantize.imatrix.entries_count i32              = 112
llama_model_loader: - kv  34:              quantize.imatrix.chunks_count i32              = 125
llama_model_loader: - type  f32:   34 tensors
llama_model_loader: - type q4_0:  110 tensors
llama_model_loader: - type q4_1:    2 tensors
llama_model_loader: - type q6_K:    1 tensors
print_info: file format = GGUF V3 (latest)
print_info: file type   = Q4_0
print_info: file size   = 729.75 MiB (4.95 BPW) 
load: printing all EOG tokens:
load:   - 128001 ('<|end_of_text|>')
load:   - 128008 ('<|eom_id|>')
load:   - 128009 ('<|eot_id|>')
load: special tokens cache size = 256
load: token to piece cache size = 0.7999 MB
print_info: arch             = llama
print_info: vocab_only       = 0
print_info: n_ctx_train      = 131072
print_info: n_embd           = 2048
print_info: n_layer          = 16
print_info: n_head           = 32
print_info: n_head_kv        = 8
print_info: n_rot            = 64
print_info: n_swa            = 0
print_info: is_swa_any       = 0
print_info: n_embd_head_k    = 64
print_info: n_embd_head_v    = 64
print_info: n_gqa            = 4
print_info: n_embd_k_gqa     = 512
print_info: n_embd_v_gqa     = 512
print_info: f_norm_eps       = 0.0e+00
print_info: f_norm_rms_eps   = 1.0e-05
print_info: f_clamp_kqv      = 0.0e+00
print_info: f_max_alibi_bias = 0.0e+00
print_info: f_logit_scale    = 0.0e+00
print_info: f_attn_scale     = 0.0e+00
print_info: n_ff             = 8192
print_info: n_expert         = 0
print_info: n_expert_used    = 0
print_info: n_expert_groups  = 0
print_info: n_group_used     = 0
print_info: causal attn      = 1
print_info: pooling type     = 0
print_info: rope type        = 0
print_info: rope scaling     = linear
print_info: freq_base_train  = 500000.0
print_info: freq_scale_train = 1
print_info: n_ctx_orig_yarn  = 131072
print_info: rope_finetuned   = unknown
print_info: model type       = 1B
print_info: model params     = 1.24 B
print_info: general.name     = Llama 3.2 1B Instruct
print_info: vocab type       = BPE
print_info: n_vocab          = 128256
print_info: n_merges         = 280147
print_info: BOS token        = 128000 '<|begin_of_text|>'
print_info: EOS token        = 128009 '<|eot_id|>'
print_info: EOT token        = 128001 '<|end_of_text|>'
print_info: EOM token        = 128008 '<|eom_id|>'
print_info: LF token         = 198 'Ċ'
print_info: EOG token        = 128001 '<|end_of_text|>'
print_info: EOG token        = 128008 '<|eom_id|>'
print_info: EOG token        = 128009 '<|eot_id|>'
print_info: max token length = 256
load_tensors: loading model tensors, this can take a while... (mmap = false)
load_tensors: offloading 0 repeating layers to GPU
load_tensors: offloaded 0/17 layers to GPU
load_tensors:          CPU model buffer size =   225.75 MiB
load_tensors:   CPU_REPACK model buffer size =   504.00 MiB
.............................................................
llama_context: constructing llama_context
llama_context: n_seq_max     = 1
llama_context: n_ctx         = 1024
llama_context: n_ctx_seq     = 1024
llama_context: n_batch       = 128
llama_context: n_ubatch      = 128
llama_context: causal_attn   = 1
llama_context: flash_attn    = enabled
llama_context: kv_unified    = false
llama_context: freq_base     = 500000.0
llama_context: freq_scale    = 1
llama_context: n_ctx_seq (1024) < n_ctx_train (131072) -- the full capacity of the model will not be utilized
llama_context:        CPU  output buffer size =     0.49 MiB
llama_kv_cache:        CPU KV buffer size =    24.50 MiB
llama_kv_cache: size =   24.50 MiB (  1024 cells,  16 layers,  1/1 seqs), K (f16):   16.00 MiB, V (q8_0):    8.50 MiB
llama_context:        CPU compute buffer size =    63.62 MiB
llama_context: graph nodes  = 503
llama_context: graph splits = 1
common_init_from_params: added <|end_of_text|> logit bias = -inf
common_init_from_params: added <|eom_id|> logit bias = -inf
common_init_from_params: added <|eot_id|> logit bias = -inf
common_init_from_params: setting dry_penalty_last_n to ctx_size = 1024
common_init_from_params: warming up the model with an empty run - please wait ... (--no-warmup to disable)
main: llama threadpool init, n_threads = 8

system_info: n_threads = 8 (n_threads_batch = 8) / 8 | CPU : NEON = 1 | ARM_FMA = 1 | FP16_VA = 1 | MATMUL_INT8 = 1 | DOTPROD = 1 | REPACK = 1 | 

sampler seed: 147217479
sampler params: 
	repeat_last_n = 64, repeat_penalty = 1.100, frequency_penalty = 0.150, presence_penalty = 0.200
	dry_multiplier = 1.000, dry_base = 1.750, dry_allowed_length = 2, dry_penalty_last_n = 1024
	top_k = 30, top_p = 1.000, min_p = 0.150, xtc_probability = 0.000, xtc_threshold = 0.100, typical_p = 1.000, top_n_sigma = -1.000, temp = 0.400
	mirostat = 0, mirostat_lr = 0.100, mirostat_ent = 5.000
sampler chain: logits -> logit-bias -> penalties -> dry -> top-n-sigma -> top-k -> typical -> top-p -> min-p -> xtc -> temp-ext -> dist 
generate: n_ctx = 1024, n_batch = 128, n_predict = 750, n_keep = 1

llama_perf_sampler_print:    sampling time =     205.48 ms /   248 runs   (    0.83 ms per token,  1206.92 tokens per second)
llama_perf_context_print:        load time =    1540.06 ms
llama_perf_context_print: prompt eval time =      69.77 ms /    20 tokens (    3.49 ms per token,   286.68 tokens per second)
llama_perf_context_print:        eval time =    4240.23 ms /   227 runs   (   18.68 ms per token,    53.53 tokens per second)
llama_perf_context_print:       total time =    4886.80 ms /   247 tokens
llama_perf_context_print:    graphs reused =        226
llama_memory_breakdown_print: | memory breakdown [MiB]                  | total   free    self   model   context   compute    unaccounted |
llama_memory_breakdown_print: |   - GPUOpenCL (QUALCOMM Adreno(TM) 830) |     0 =    0 + (   0 =     0 +       0 +       0) +           0 |
llama_memory_breakdown_print: |   - HTP0 (Hexagon)                      |  2048 = 2048 + (   0 =     0 +       0 +       0) +           0 |
llama_memory_breakdown_print: |   - Host                                |                  313 =   225 +      24 +      63                |
llama_memory_breakdown_print: |   - CPU_REPACK                          |                  504 =   504 +       0 +       0                |
ggml_opencl: selected platform: 'QUALCOMM Snapdragon(TM)'

ggml_opencl: device: 'QUALCOMM Adreno(TM) 830 (OpenCL 3.0 Adreno(TM) 830)'
ggml_opencl: OpenCL driver: OpenCL 3.0 QUALCOMM build: 0800.40.1 Compiler E031.47.18.36
ggml_opencl: vector subgroup broadcast support: true
ggml_opencl: device FP16 support: true
ggml_opencl: mem base addr align: 128
ggml_opencl: max mem alloc size: 1024 MB
ggml_opencl: device max workgroup size: 1024
ggml_opencl: SVM coarse grain buffer support: true
ggml_opencl: SVM fine grain buffer support: true
ggml_opencl: SVM fine grain system support: false
ggml_opencl: SVM atomics support: true
ggml_opencl: flattening quantized weights representation as struct of arrays (GGML_OPENCL_SOA_Q)
ggml_opencl: using kernels optimized for Adreno (GGML_OPENCL_USE_ADRENO_KERNELS)
ggml_opencl: loading OpenCL kernels........................................................................
ggml_opencl: default device: 'QUALCOMM Adreno(TM) 830 (OpenCL 3.0 Adreno(TM) 830)'
ggml-hex: Hexagon backend (experimental) : allocating new registry : ndev 1
ggml-hex: Hexagon Arch version v79
ggml-hex: allocating new session: HTP0
ggml-hex: new session: HTP0 : session-id 0 domain-id 3 uri file:///libggml-htp-v79.so?htp_iface_skel_handle_invoke&_modver=1.0&_dom=cdsp&_session=0 handle 0xb400007e56eedbd0
build: 0 (unknown) with Android (13324770, +pgo, +bolt, +lto, +mlgo, based on r530567d) clang version 19.0.0 (https://android.googlesource.com/toolchain/llvm-project 97a699bf4812a18fb657c2779f5296a4ab2694d2) for x86_64-unknown-linux-gnu
main: llama backend init
main: load the model and apply lora adapter, if any
llama_model_load_from_file_impl: using device GPUOpenCL (QUALCOMM Adreno(TM) 830) (unknown id) - 0 MiB free
llama_model_load_from_file_impl: using device HTP0 (Hexagon) (unknown id) - 2048 MiB free
llama_model_loader: loaded meta data with 35 key-value pairs and 147 tensors from /data/local/tmp/llama.cpp/../gguf/Llama-3.2-1B-Instruct-Q4_0.gguf (version GGUF V3 (latest))
llama_model_loader: Dumping metadata keys/values. Note: KV overrides do not apply in this output.
llama_model_loader: - kv   0:                       general.architecture str              = llama
llama_model_loader: - kv   1:                               general.type str              = model
llama_model_loader: - kv   2:                               general.name str              = Llama 3.2 1B Instruct
llama_model_loader: - kv   3:                           general.finetune str              = Instruct
llama_model_loader: - kv   4:                           general.basename str              = Llama-3.2
llama_model_loader: - kv   5:                         general.size_label str              = 1B
llama_model_loader: - kv   6:                            general.license str              = llama3.2
llama_model_loader: - kv   7:                               general.tags arr[str,6]       = ["facebook", "meta", "pytorch", "llam...
llama_model_loader: - kv   8:                          general.languages arr[str,8]       = ["en", "de", "fr", "it", "pt", "hi", ...
llama_model_loader: - kv   9:                          llama.block_count u32              = 16
llama_model_loader: - kv  10:                       llama.context_length u32              = 131072
llama_model_loader: - kv  11:                     llama.embedding_length u32              = 2048
llama_model_loader: - kv  12:                  llama.feed_forward_length u32              = 8192
llama_model_loader: - kv  13:                 llama.attention.head_count u32              = 32
llama_model_loader: - kv  14:              llama.attention.head_count_kv u32              = 8
llama_model_loader: - kv  15:                       llama.rope.freq_base f32              = 500000.000000
llama_model_loader: - kv  16:     llama.attention.layer_norm_rms_epsilon f32              = 0.000010
llama_model_loader: - kv  17:                 llama.attention.key_length u32              = 64
llama_model_loader: - kv  18:               llama.attention.value_length u32              = 64
llama_model_loader: - kv  19:                          general.file_type u32              = 2
llama_model_loader: - kv  20:                           llama.vocab_size u32              = 128256
llama_model_loader: - kv  21:                 llama.rope.dimension_count u32              = 64
llama_model_loader: - kv  22:                       tokenizer.ggml.model str              = gpt2
llama_model_loader: - kv  23:                         tokenizer.ggml.pre str              = llama-bpe
llama_model_loader: - kv  24:                      tokenizer.ggml.tokens arr[str,128256]  = ["!", "\"", "#", "$", "%", "&", "'", ...
llama_model_loader: - kv  25:                  tokenizer.ggml.token_type arr[i32,128256]  = [1, 1, 1, 1, 1, 1, 1, 1, 1, 1, 1, 1, ...
llama_model_loader: - kv  26:                      tokenizer.ggml.merges arr[str,280147]  = ["Ġ Ġ", "Ġ ĠĠĠ", "ĠĠ ĠĠ", "...
llama_model_loader: - kv  27:                tokenizer.ggml.bos_token_id u32              = 128000
llama_model_loader: - kv  28:                tokenizer.ggml.eos_token_id u32              = 128009
llama_model_loader: - kv  29:                    tokenizer.chat_template str              = {{- bos_token }}\n{%- if custom_tools ...
llama_model_loader: - kv  30:               general.quantization_version u32              = 2
llama_model_loader: - kv  31:                      quantize.imatrix.file str              = /models_out/Llama-3.2-1B-Instruct-GGU...
llama_model_loader: - kv  32:                   quantize.imatrix.dataset str              = /training_dir/calibration_datav3.txt
llama_model_loader: - kv  33:             quantize.imatrix.entries_count i32              = 112
llama_model_loader: - kv  34:              quantize.imatrix.chunks_count i32              = 125
llama_model_loader: - type  f32:   34 tensors
llama_model_loader: - type q4_0:  110 tensors
llama_model_loader: - type q4_1:    2 tensors
llama_model_loader: - type q6_K:    1 tensors
print_info: file format = GGUF V3 (latest)
print_info: file type   = Q4_0
print_info: file size   = 729.75 MiB (4.95 BPW) 
load: printing all EOG tokens:
load:   - 128001 ('<|end_of_text|>')
load:   - 128008 ('<|eom_id|>')
load:   - 128009 ('<|eot_id|>')
load: special tokens cache size = 256
load: token to piece cache size = 0.7999 MB
print_info: arch             = llama
print_info: vocab_only       = 0
print_info: n_ctx_train      = 131072
print_info: n_embd           = 2048
print_info: n_layer          = 16
print_info: n_head           = 32
print_info: n_head_kv        = 8
print_info: n_rot            = 64
print_info: n_swa            = 0
print_info: is_swa_any       = 0
print_info: n_embd_head_k    = 64
print_info: n_embd_head_v    = 64
print_info: n_gqa            = 4
print_info: n_embd_k_gqa     = 512
print_info: n_embd_v_gqa     = 512
print_info: f_norm_eps       = 0.0e+00
print_info: f_norm_rms_eps   = 1.0e-05
print_info: f_clamp_kqv      = 0.0e+00
print_info: f_max_alibi_bias = 0.0e+00
print_info: f_logit_scale    = 0.0e+00
print_info: f_attn_scale     = 0.0e+00
print_info: n_ff             = 8192
print_info: n_expert         = 0
print_info: n_expert_used    = 0
print_info: n_expert_groups  = 0
print_info: n_group_used     = 0
print_info: causal attn      = 1
print_info: pooling type     = 0
print_info: rope type        = 0
print_info: rope scaling     = linear
print_info: freq_base_train  = 500000.0
print_info: freq_scale_train = 1
print_info: n_ctx_orig_yarn  = 131072
print_info: rope_finetuned   = unknown
print_info: model type       = 1B
print_info: model params     = 1.24 B
print_info: general.name     = Llama 3.2 1B Instruct
print_info: vocab type       = BPE
print_info: n_vocab          = 128256
print_info: n_merges         = 280147
print_info: BOS token        = 128000 '<|begin_of_text|>'
print_info: EOS token        = 128009 '<|eot_id|>'
print_info: EOT token        = 128001 '<|end_of_text|>'
print_info: EOM token        = 128008 '<|eom_id|>'
print_info: LF token         = 198 'Ċ'
print_info: EOG token        = 128001 '<|end_of_text|>'
print_info: EOG token        = 128008 '<|eom_id|>'
print_info: EOG token        = 128009 '<|eot_id|>'
print_info: max token length = 256
load_tensors: loading model tensors, this can take a while... (mmap = false)
load_tensors: offloading 0 repeating layers to GPU
load_tensors: offloaded 0/17 layers to GPU
load_tensors:          CPU model buffer size =   225.75 MiB
load_tensors:   CPU_REPACK model buffer size =   504.00 MiB
.............................................................
llama_context: constructing llama_context
llama_context: n_seq_max     = 1
llama_context: n_ctx         = 1024
llama_context: n_ctx_seq     = 1024
llama_context: n_batch       = 128
llama_context: n_ubatch      = 128
llama_context: causal_attn   = 1
llama_context: flash_attn    = enabled
llama_context: kv_unified    = false
llama_context: freq_base     = 500000.0
llama_context: freq_scale    = 1
llama_context: n_ctx_seq (1024) < n_ctx_train (131072) -- the full capacity of the model will not be utilized
llama_context:        CPU  output buffer size =     0.49 MiB
llama_kv_cache:        CPU KV buffer size =    24.50 MiB
llama_kv_cache: size =   24.50 MiB (  1024 cells,  16 layers,  1/1 seqs), K (f16):   16.00 MiB, V (q8_0):    8.50 MiB
llama_context:        CPU compute buffer size =    63.62 MiB
llama_context: graph nodes  = 503
llama_context: graph splits = 1
common_init_from_params: added <|end_of_text|> logit bias = -inf
common_init_from_params: added <|eom_id|> logit bias = -inf
common_init_from_params: added <|eot_id|> logit bias = -inf
common_init_from_params: setting dry_penalty_last_n to ctx_size = 1024
common_init_from_params: warming up the model with an empty run - please wait ... (--no-warmup to disable)
main: llama threadpool init, n_threads = 8

system_info: n_threads = 8 (n_threads_batch = 8) / 8 | CPU : NEON = 1 | ARM_FMA = 1 | FP16_VA = 1 | MATMUL_INT8 = 1 | DOTPROD = 1 | REPACK = 1 | 

sampler seed: 149828252
sampler params: 
	repeat_last_n = 64, repeat_penalty = 1.100, frequency_penalty = 0.150, presence_penalty = 0.200
	dry_multiplier = 1.000, dry_base = 1.750, dry_allowed_length = 2, dry_penalty_last_n = 1024
	top_k = 30, top_p = 1.000, min_p = 0.150, xtc_probability = 0.000, xtc_threshold = 0.100, typical_p = 1.000, top_n_sigma = -1.000, temp = 0.400
	mirostat = 0, mirostat_lr = 0.100, mirostat_ent = 5.000
sampler chain: logits -> logit-bias -> penalties -> dry -> top-n-sigma -> top-k -> typical -> top-p -> min-p -> xtc -> temp-ext -> dist 
generate: n_ctx = 1024, n_batch = 128, n_predict = 750, n_keep = 1

llama_perf_sampler_print:    sampling time =      76.58 ms /   133 runs   (    0.58 ms per token,  1736.77 tokens per second)
llama_perf_context_print:        load time =    1236.19 ms
llama_perf_context_print: prompt eval time =      96.60 ms /    23 tokens (    4.20 ms per token,   238.11 tokens per second)
llama_perf_context_print:        eval time =    1687.81 ms /   109 runs   (   15.48 ms per token,    64.58 tokens per second)
llama_perf_context_print:       total time =    2241.65 ms /   132 tokens
llama_perf_context_print:    graphs reused =        108
llama_memory_breakdown_print: | memory breakdown [MiB]                  | total   free    self   model   context   compute    unaccounted |
llama_memory_breakdown_print: |   - GPUOpenCL (QUALCOMM Adreno(TM) 830) |     0 =    0 + (   0 =     0 +       0 +       0) +           0 |
llama_memory_breakdown_print: |   - HTP0 (Hexagon)                      |  2048 = 2048 + (   0 =     0 +       0 +       0) +           0 |
llama_memory_breakdown_print: |   - Host                                |                  313 =   225 +      24 +      63                |
llama_memory_breakdown_print: |   - CPU_REPACK                          |                  504 =   504 +       0 +       0                |
ggml_opencl: selected platform: 'QUALCOMM Snapdragon(TM)'

ggml_opencl: device: 'QUALCOMM Adreno(TM) 830 (OpenCL 3.0 Adreno(TM) 830)'
ggml_opencl: OpenCL driver: OpenCL 3.0 QUALCOMM build: 0800.40.1 Compiler E031.47.18.36
ggml_opencl: vector subgroup broadcast support: true
ggml_opencl: device FP16 support: true
ggml_opencl: mem base addr align: 128
ggml_opencl: max mem alloc size: 1024 MB
ggml_opencl: device max workgroup size: 1024
ggml_opencl: SVM coarse grain buffer support: true
ggml_opencl: SVM fine grain buffer support: true
ggml_opencl: SVM fine grain system support: false
ggml_opencl: SVM atomics support: true
ggml_opencl: flattening quantized weights representation as struct of arrays (GGML_OPENCL_SOA_Q)
ggml_opencl: using kernels optimized for Adreno (GGML_OPENCL_USE_ADRENO_KERNELS)
ggml_opencl: loading OpenCL kernels........................................................................
ggml_opencl: default device: 'QUALCOMM Adreno(TM) 830 (OpenCL 3.0 Adreno(TM) 830)'
ggml-hex: Hexagon backend (experimental) : allocating new registry : ndev 1
ggml-hex: Hexagon Arch version v79
ggml-hex: allocating new session: HTP0
ggml-hex: new session: HTP0 : session-id 0 domain-id 3 uri file:///libggml-htp-v79.so?htp_iface_skel_handle_invoke&_modver=1.0&_dom=cdsp&_session=0 handle 0xb400007b3df1b810
build: 0 (unknown) with Android (13324770, +pgo, +bolt, +lto, +mlgo, based on r530567d) clang version 19.0.0 (https://android.googlesource.com/toolchain/llvm-project 97a699bf4812a18fb657c2779f5296a4ab2694d2) for x86_64-unknown-linux-gnu
main: llama backend init
main: load the model and apply lora adapter, if any
llama_model_load_from_file_impl: using device GPUOpenCL (QUALCOMM Adreno(TM) 830) (unknown id) - 0 MiB free
llama_model_load_from_file_impl: using device HTP0 (Hexagon) (unknown id) - 2048 MiB free
llama_model_loader: loaded meta data with 35 key-value pairs and 147 tensors from /data/local/tmp/llama.cpp/../gguf/Llama-3.2-1B-Instruct-Q4_0.gguf (version GGUF V3 (latest))
llama_model_loader: Dumping metadata keys/values. Note: KV overrides do not apply in this output.
llama_model_loader: - kv   0:                       general.architecture str              = llama
llama_model_loader: - kv   1:                               general.type str              = model
llama_model_loader: - kv   2:                               general.name str              = Llama 3.2 1B Instruct
llama_model_loader: - kv   3:                           general.finetune str              = Instruct
llama_model_loader: - kv   4:                           general.basename str              = Llama-3.2
llama_model_loader: - kv   5:                         general.size_label str              = 1B
llama_model_loader: - kv   6:                            general.license str              = llama3.2
llama_model_loader: - kv   7:                               general.tags arr[str,6]       = ["facebook", "meta", "pytorch", "llam...
llama_model_loader: - kv   8:                          general.languages arr[str,8]       = ["en", "de", "fr", "it", "pt", "hi", ...
llama_model_loader: - kv   9:                          llama.block_count u32              = 16
llama_model_loader: - kv  10:                       llama.context_length u32              = 131072
llama_model_loader: - kv  11:                     llama.embedding_length u32              = 2048
llama_model_loader: - kv  12:                  llama.feed_forward_length u32              = 8192
llama_model_loader: - kv  13:                 llama.attention.head_count u32              = 32
llama_model_loader: - kv  14:              llama.attention.head_count_kv u32              = 8
llama_model_loader: - kv  15:                       llama.rope.freq_base f32              = 500000.000000
llama_model_loader: - kv  16:     llama.attention.layer_norm_rms_epsilon f32              = 0.000010
llama_model_loader: - kv  17:                 llama.attention.key_length u32              = 64
llama_model_loader: - kv  18:               llama.attention.value_length u32              = 64
llama_model_loader: - kv  19:                          general.file_type u32              = 2
llama_model_loader: - kv  20:                           llama.vocab_size u32              = 128256
llama_model_loader: - kv  21:                 llama.rope.dimension_count u32              = 64
llama_model_loader: - kv  22:                       tokenizer.ggml.model str              = gpt2
llama_model_loader: - kv  23:                         tokenizer.ggml.pre str              = llama-bpe
llama_model_loader: - kv  24:                      tokenizer.ggml.tokens arr[str,128256]  = ["!", "\"", "#", "$", "%", "&", "'", ...
llama_model_loader: - kv  25:                  tokenizer.ggml.token_type arr[i32,128256]  = [1, 1, 1, 1, 1, 1, 1, 1, 1, 1, 1, 1, ...
llama_model_loader: - kv  26:                      tokenizer.ggml.merges arr[str,280147]  = ["Ġ Ġ", "Ġ ĠĠĠ", "ĠĠ ĠĠ", "...
llama_model_loader: - kv  27:                tokenizer.ggml.bos_token_id u32              = 128000
llama_model_loader: - kv  28:                tokenizer.ggml.eos_token_id u32              = 128009
llama_model_loader: - kv  29:                    tokenizer.chat_template str              = {{- bos_token }}\n{%- if custom_tools ...
llama_model_loader: - kv  30:               general.quantization_version u32              = 2
llama_model_loader: - kv  31:                      quantize.imatrix.file str              = /models_out/Llama-3.2-1B-Instruct-GGU...
llama_model_loader: - kv  32:                   quantize.imatrix.dataset str              = /training_dir/calibration_datav3.txt
llama_model_loader: - kv  33:             quantize.imatrix.entries_count i32              = 112
llama_model_loader: - kv  34:              quantize.imatrix.chunks_count i32              = 125
llama_model_loader: - type  f32:   34 tensors
llama_model_loader: - type q4_0:  110 tensors
llama_model_loader: - type q4_1:    2 tensors
llama_model_loader: - type q6_K:    1 tensors
print_info: file format = GGUF V3 (latest)
print_info: file type   = Q4_0
print_info: file size   = 729.75 MiB (4.95 BPW) 
load: printing all EOG tokens:
load:   - 128001 ('<|end_of_text|>')
load:   - 128008 ('<|eom_id|>')
load:   - 128009 ('<|eot_id|>')
load: special tokens cache size = 256
load: token to piece cache size = 0.7999 MB
print_info: arch             = llama
print_info: vocab_only       = 0
print_info: n_ctx_train      = 131072
print_info: n_embd           = 2048
print_info: n_layer          = 16
print_info: n_head           = 32
print_info: n_head_kv        = 8
print_info: n_rot            = 64
print_info: n_swa            = 0
print_info: is_swa_any       = 0
print_info: n_embd_head_k    = 64
print_info: n_embd_head_v    = 64
print_info: n_gqa            = 4
print_info: n_embd_k_gqa     = 512
print_info: n_embd_v_gqa     = 512
print_info: f_norm_eps       = 0.0e+00
print_info: f_norm_rms_eps   = 1.0e-05
print_info: f_clamp_kqv      = 0.0e+00
print_info: f_max_alibi_bias = 0.0e+00
print_info: f_logit_scale    = 0.0e+00
print_info: f_attn_scale     = 0.0e+00
print_info: n_ff             = 8192
print_info: n_expert         = 0
print_info: n_expert_used    = 0
print_info: n_expert_groups  = 0
print_info: n_group_used     = 0
print_info: causal attn      = 1
print_info: pooling type     = 0
print_info: rope type        = 0
print_info: rope scaling     = linear
print_info: freq_base_train  = 500000.0
print_info: freq_scale_train = 1
print_info: n_ctx_orig_yarn  = 131072
print_info: rope_finetuned   = unknown
print_info: model type       = 1B
print_info: model params     = 1.24 B
print_info: general.name     = Llama 3.2 1B Instruct
print_info: vocab type       = BPE
print_info: n_vocab          = 128256
print_info: n_merges         = 280147
print_info: BOS token        = 128000 '<|begin_of_text|>'
print_info: EOS token        = 128009 '<|eot_id|>'
print_info: EOT token        = 128001 '<|end_of_text|>'
print_info: EOM token        = 128008 '<|eom_id|>'
print_info: LF token         = 198 'Ċ'
print_info: EOG token        = 128001 '<|end_of_text|>'
print_info: EOG token        = 128008 '<|eom_id|>'
print_info: EOG token        = 128009 '<|eot_id|>'
print_info: max token length = 256
load_tensors: loading model tensors, this can take a while... (mmap = false)
load_tensors: offloading 0 repeating layers to GPU
load_tensors: offloaded 0/17 layers to GPU
load_tensors:          CPU model buffer size =   225.75 MiB
load_tensors:   CPU_REPACK model buffer size =   504.00 MiB
.............................................................
llama_context: constructing llama_context
llama_context: n_seq_max     = 1
llama_context: n_ctx         = 1024
llama_context: n_ctx_seq     = 1024
llama_context: n_batch       = 128
llama_context: n_ubatch      = 128
llama_context: causal_attn   = 1
llama_context: flash_attn    = enabled
llama_context: kv_unified    = false
llama_context: freq_base     = 500000.0
llama_context: freq_scale    = 1
llama_context: n_ctx_seq (1024) < n_ctx_train (131072) -- the full capacity of the model will not be utilized
llama_context:        CPU  output buffer size =     0.49 MiB
llama_kv_cache:        CPU KV buffer size =    24.50 MiB
llama_kv_cache: size =   24.50 MiB (  1024 cells,  16 layers,  1/1 seqs), K (f16):   16.00 MiB, V (q8_0):    8.50 MiB
llama_context:        CPU compute buffer size =    63.62 MiB
llama_context: graph nodes  = 503
llama_context: graph splits = 1
common_init_from_params: added <|end_of_text|> logit bias = -inf
common_init_from_params: added <|eom_id|> logit bias = -inf
common_init_from_params: added <|eot_id|> logit bias = -inf
common_init_from_params: setting dry_penalty_last_n to ctx_size = 1024
common_init_from_params: warming up the model with an empty run - please wait ... (--no-warmup to disable)
main: llama threadpool init, n_threads = 8

system_info: n_threads = 8 (n_threads_batch = 8) / 8 | CPU : NEON = 1 | ARM_FMA = 1 | FP16_VA = 1 | MATMUL_INT8 = 1 | DOTPROD = 1 | REPACK = 1 | 

sampler seed: 388375249
sampler params: 
	repeat_last_n = 64, repeat_penalty = 1.100, frequency_penalty = 0.150, presence_penalty = 0.200
	dry_multiplier = 1.000, dry_base = 1.750, dry_allowed_length = 2, dry_penalty_last_n = 1024
	top_k = 30, top_p = 1.000, min_p = 0.150, xtc_probability = 0.000, xtc_threshold = 0.100, typical_p = 1.000, top_n_sigma = -1.000, temp = 0.400
	mirostat = 0, mirostat_lr = 0.100, mirostat_ent = 5.000
sampler chain: logits -> logit-bias -> penalties -> dry -> top-n-sigma -> top-k -> typical -> top-p -> min-p -> xtc -> temp-ext -> dist 
generate: n_ctx = 1024, n_batch = 128, n_predict = 750, n_keep = 1

llama_perf_sampler_print:    sampling time =     110.14 ms /   182 runs   (    0.61 ms per token,  1652.43 tokens per second)
llama_perf_context_print:        load time =    1410.05 ms
llama_perf_context_print: prompt eval time =     104.02 ms /    22 tokens (    4.73 ms per token,   211.49 tokens per second)
llama_perf_context_print:        eval time =    2983.85 ms /   159 runs   (   18.77 ms per token,    53.29 tokens per second)
llama_perf_context_print:       total time =    3478.37 ms /   181 tokens
llama_perf_context_print:    graphs reused =        158
llama_memory_breakdown_print: | memory breakdown [MiB]                  | total   free    self   model   context   compute    unaccounted |
llama_memory_breakdown_print: |   - GPUOpenCL (QUALCOMM Adreno(TM) 830) |     0 =    0 + (   0 =     0 +       0 +       0) +           0 |
llama_memory_breakdown_print: |   - HTP0 (Hexagon)                      |  2048 = 2048 + (   0 =     0 +       0 +       0) +           0 |
llama_memory_breakdown_print: |   - Host                                |                  313 =   225 +      24 +      63                |
llama_memory_breakdown_print: |   - CPU_REPACK                          |                  504 =   504 +       0 +       0                |
ggml_opencl: selected platform: 'QUALCOMM Snapdragon(TM)'

ggml_opencl: device: 'QUALCOMM Adreno(TM) 830 (OpenCL 3.0 Adreno(TM) 830)'
ggml_opencl: OpenCL driver: OpenCL 3.0 QUALCOMM build: 0800.40.1 Compiler E031.47.18.36
ggml_opencl: vector subgroup broadcast support: true
ggml_opencl: device FP16 support: true
ggml_opencl: mem base addr align: 128
ggml_opencl: max mem alloc size: 1024 MB
ggml_opencl: device max workgroup size: 1024
ggml_opencl: SVM coarse grain buffer support: true
ggml_opencl: SVM fine grain buffer support: true
ggml_opencl: SVM fine grain system support: false
ggml_opencl: SVM atomics support: true
ggml_opencl: flattening quantized weights representation as struct of arrays (GGML_OPENCL_SOA_Q)
ggml_opencl: using kernels optimized for Adreno (GGML_OPENCL_USE_ADRENO_KERNELS)
ggml_opencl: loading OpenCL kernels........................................................................
ggml_opencl: default device: 'QUALCOMM Adreno(TM) 830 (OpenCL 3.0 Adreno(TM) 830)'
ggml-hex: Hexagon backend (experimental) : allocating new registry : ndev 1
ggml-hex: Hexagon Arch version v79
ggml-hex: allocating new session: HTP0
ggml-hex: new session: HTP0 : session-id 0 domain-id 3 uri file:///libggml-htp-v79.so?htp_iface_skel_handle_invoke&_modver=1.0&_dom=cdsp&_session=0 handle 0xb400007892b08850
build: 0 (unknown) with Android (13324770, +pgo, +bolt, +lto, +mlgo, based on r530567d) clang version 19.0.0 (https://android.googlesource.com/toolchain/llvm-project 97a699bf4812a18fb657c2779f5296a4ab2694d2) for x86_64-unknown-linux-gnu
main: llama backend init
main: load the model and apply lora adapter, if any
llama_model_load_from_file_impl: using device GPUOpenCL (QUALCOMM Adreno(TM) 830) (unknown id) - 0 MiB free
llama_model_load_from_file_impl: using device HTP0 (Hexagon) (unknown id) - 2048 MiB free
llama_model_loader: loaded meta data with 35 key-value pairs and 147 tensors from /data/local/tmp/llama.cpp/../gguf/Llama-3.2-1B-Instruct-Q4_0.gguf (version GGUF V3 (latest))
llama_model_loader: Dumping metadata keys/values. Note: KV overrides do not apply in this output.
llama_model_loader: - kv   0:                       general.architecture str              = llama
llama_model_loader: - kv   1:                               general.type str              = model
llama_model_loader: - kv   2:                               general.name str              = Llama 3.2 1B Instruct
llama_model_loader: - kv   3:                           general.finetune str              = Instruct
llama_model_loader: - kv   4:                           general.basename str              = Llama-3.2
llama_model_loader: - kv   5:                         general.size_label str              = 1B
llama_model_loader: - kv   6:                            general.license str              = llama3.2
llama_model_loader: - kv   7:                               general.tags arr[str,6]       = ["facebook", "meta", "pytorch", "llam...
llama_model_loader: - kv   8:                          general.languages arr[str,8]       = ["en", "de", "fr", "it", "pt", "hi", ...
llama_model_loader: - kv   9:                          llama.block_count u32              = 16
llama_model_loader: - kv  10:                       llama.context_length u32              = 131072
llama_model_loader: - kv  11:                     llama.embedding_length u32              = 2048
llama_model_loader: - kv  12:                  llama.feed_forward_length u32              = 8192
llama_model_loader: - kv  13:                 llama.attention.head_count u32              = 32
llama_model_loader: - kv  14:              llama.attention.head_count_kv u32              = 8
llama_model_loader: - kv  15:                       llama.rope.freq_base f32              = 500000.000000
llama_model_loader: - kv  16:     llama.attention.layer_norm_rms_epsilon f32              = 0.000010
llama_model_loader: - kv  17:                 llama.attention.key_length u32              = 64
llama_model_loader: - kv  18:               llama.attention.value_length u32              = 64
llama_model_loader: - kv  19:                          general.file_type u32              = 2
llama_model_loader: - kv  20:                           llama.vocab_size u32              = 128256
llama_model_loader: - kv  21:                 llama.rope.dimension_count u32              = 64
llama_model_loader: - kv  22:                       tokenizer.ggml.model str              = gpt2
llama_model_loader: - kv  23:                         tokenizer.ggml.pre str              = llama-bpe
llama_model_loader: - kv  24:                      tokenizer.ggml.tokens arr[str,128256]  = ["!", "\"", "#", "$", "%", "&", "'", ...
llama_model_loader: - kv  25:                  tokenizer.ggml.token_type arr[i32,128256]  = [1, 1, 1, 1, 1, 1, 1, 1, 1, 1, 1, 1, ...
llama_model_loader: - kv  26:                      tokenizer.ggml.merges arr[str,280147]  = ["Ġ Ġ", "Ġ ĠĠĠ", "ĠĠ ĠĠ", "...
llama_model_loader: - kv  27:                tokenizer.ggml.bos_token_id u32              = 128000
llama_model_loader: - kv  28:                tokenizer.ggml.eos_token_id u32              = 128009
llama_model_loader: - kv  29:                    tokenizer.chat_template str              = {{- bos_token }}\n{%- if custom_tools ...
llama_model_loader: - kv  30:               general.quantization_version u32              = 2
llama_model_loader: - kv  31:                      quantize.imatrix.file str              = /models_out/Llama-3.2-1B-Instruct-GGU...
llama_model_loader: - kv  32:                   quantize.imatrix.dataset str              = /training_dir/calibration_datav3.txt
llama_model_loader: - kv  33:             quantize.imatrix.entries_count i32              = 112
llama_model_loader: - kv  34:              quantize.imatrix.chunks_count i32              = 125
llama_model_loader: - type  f32:   34 tensors
llama_model_loader: - type q4_0:  110 tensors
llama_model_loader: - type q4_1:    2 tensors
llama_model_loader: - type q6_K:    1 tensors
print_info: file format = GGUF V3 (latest)
print_info: file type   = Q4_0
print_info: file size   = 729.75 MiB (4.95 BPW) 
load: printing all EOG tokens:
load:   - 128001 ('<|end_of_text|>')
load:   - 128008 ('<|eom_id|>')
load:   - 128009 ('<|eot_id|>')
load: special tokens cache size = 256
load: token to piece cache size = 0.7999 MB
print_info: arch             = llama
print_info: vocab_only       = 0
print_info: n_ctx_train      = 131072
print_info: n_embd           = 2048
print_info: n_layer          = 16
print_info: n_head           = 32
print_info: n_head_kv        = 8
print_info: n_rot            = 64
print_info: n_swa            = 0
print_info: is_swa_any       = 0
print_info: n_embd_head_k    = 64
print_info: n_embd_head_v    = 64
print_info: n_gqa            = 4
print_info: n_embd_k_gqa     = 512
print_info: n_embd_v_gqa     = 512
print_info: f_norm_eps       = 0.0e+00
print_info: f_norm_rms_eps   = 1.0e-05
print_info: f_clamp_kqv      = 0.0e+00
print_info: f_max_alibi_bias = 0.0e+00
print_info: f_logit_scale    = 0.0e+00
print_info: f_attn_scale     = 0.0e+00
print_info: n_ff             = 8192
print_info: n_expert         = 0
print_info: n_expert_used    = 0
print_info: n_expert_groups  = 0
print_info: n_group_used     = 0
print_info: causal attn      = 1
print_info: pooling type     = 0
print_info: rope type        = 0
print_info: rope scaling     = linear
print_info: freq_base_train  = 500000.0
print_info: freq_scale_train = 1
print_info: n_ctx_orig_yarn  = 131072
print_info: rope_finetuned   = unknown
print_info: model type       = 1B
print_info: model params     = 1.24 B
print_info: general.name     = Llama 3.2 1B Instruct
print_info: vocab type       = BPE
print_info: n_vocab          = 128256
print_info: n_merges         = 280147
print_info: BOS token        = 128000 '<|begin_of_text|>'
print_info: EOS token        = 128009 '<|eot_id|>'
print_info: EOT token        = 128001 '<|end_of_text|>'
print_info: EOM token        = 128008 '<|eom_id|>'
print_info: LF token         = 198 'Ċ'
print_info: EOG token        = 128001 '<|end_of_text|>'
print_info: EOG token        = 128008 '<|eom_id|>'
print_info: EOG token        = 128009 '<|eot_id|>'
print_info: max token length = 256
load_tensors: loading model tensors, this can take a while... (mmap = false)
load_tensors: offloading 0 repeating layers to GPU
load_tensors: offloaded 0/17 layers to GPU
load_tensors:          CPU model buffer size =   225.75 MiB
load_tensors:   CPU_REPACK model buffer size =   504.00 MiB
.............................................................
llama_context: constructing llama_context
llama_context: n_seq_max     = 1
llama_context: n_ctx         = 1024
llama_context: n_ctx_seq     = 1024
llama_context: n_batch       = 128
llama_context: n_ubatch      = 128
llama_context: causal_attn   = 1
llama_context: flash_attn    = enabled
llama_context: kv_unified    = false
llama_context: freq_base     = 500000.0
llama_context: freq_scale    = 1
llama_context: n_ctx_seq (1024) < n_ctx_train (131072) -- the full capacity of the model will not be utilized
llama_context:        CPU  output buffer size =     0.49 MiB
llama_kv_cache:        CPU KV buffer size =    24.50 MiB
llama_kv_cache: size =   24.50 MiB (  1024 cells,  16 layers,  1/1 seqs), K (f16):   16.00 MiB, V (q8_0):    8.50 MiB
llama_context:        CPU compute buffer size =    63.62 MiB
llama_context: graph nodes  = 503
llama_context: graph splits = 1
common_init_from_params: added <|end_of_text|> logit bias = -inf
common_init_from_params: added <|eom_id|> logit bias = -inf
common_init_from_params: added <|eot_id|> logit bias = -inf
common_init_from_params: setting dry_penalty_last_n to ctx_size = 1024
common_init_from_params: warming up the model with an empty run - please wait ... (--no-warmup to disable)
main: llama threadpool init, n_threads = 8

system_info: n_threads = 8 (n_threads_batch = 8) / 8 | CPU : NEON = 1 | ARM_FMA = 1 | FP16_VA = 1 | MATMUL_INT8 = 1 | DOTPROD = 1 | REPACK = 1 | 

sampler seed: 1639912673
sampler params: 
	repeat_last_n = 64, repeat_penalty = 1.100, frequency_penalty = 0.150, presence_penalty = 0.200
	dry_multiplier = 1.000, dry_base = 1.750, dry_allowed_length = 2, dry_penalty_last_n = 1024
	top_k = 30, top_p = 1.000, min_p = 0.150, xtc_probability = 0.000, xtc_threshold = 0.100, typical_p = 1.000, top_n_sigma = -1.000, temp = 0.400
	mirostat = 0, mirostat_lr = 0.100, mirostat_ent = 5.000
sampler chain: logits -> logit-bias -> penalties -> dry -> top-n-sigma -> top-k -> typical -> top-p -> min-p -> xtc -> temp-ext -> dist 
generate: n_ctx = 1024, n_batch = 128, n_predict = 750, n_keep = 1

llama_perf_sampler_print:    sampling time =     191.20 ms /   303 runs   (    0.63 ms per token,  1584.70 tokens per second)
llama_perf_context_print:        load time =     926.31 ms
llama_perf_context_print: prompt eval time =     106.28 ms /    19 tokens (    5.59 ms per token,   178.77 tokens per second)
llama_perf_context_print:        eval time =    4334.56 ms /   283 runs   (   15.32 ms per token,    65.29 tokens per second)
llama_perf_context_print:       total time =    4927.40 ms /   302 tokens
llama_perf_context_print:    graphs reused =        281
llama_memory_breakdown_print: | memory breakdown [MiB]                  | total   free    self   model   context   compute    unaccounted |
llama_memory_breakdown_print: |   - GPUOpenCL (QUALCOMM Adreno(TM) 830) |     0 =    0 + (   0 =     0 +       0 +       0) +           0 |
llama_memory_breakdown_print: |   - HTP0 (Hexagon)                      |  2048 = 2048 + (   0 =     0 +       0 +       0) +           0 |
llama_memory_breakdown_print: |   - Host                                |                  313 =   225 +      24 +      63                |
llama_memory_breakdown_print: |   - CPU_REPACK                          |                  504 =   504 +       0 +       0                |
ggml_opencl: selected platform: 'QUALCOMM Snapdragon(TM)'

ggml_opencl: device: 'QUALCOMM Adreno(TM) 830 (OpenCL 3.0 Adreno(TM) 830)'
ggml_opencl: OpenCL driver: OpenCL 3.0 QUALCOMM build: 0800.40.1 Compiler E031.47.18.36
ggml_opencl: vector subgroup broadcast support: true
ggml_opencl: device FP16 support: true
ggml_opencl: mem base addr align: 128
ggml_opencl: max mem alloc size: 1024 MB
ggml_opencl: device max workgroup size: 1024
ggml_opencl: SVM coarse grain buffer support: true
ggml_opencl: SVM fine grain buffer support: true
ggml_opencl: SVM fine grain system support: false
ggml_opencl: SVM atomics support: true
ggml_opencl: flattening quantized weights representation as struct of arrays (GGML_OPENCL_SOA_Q)
ggml_opencl: using kernels optimized for Adreno (GGML_OPENCL_USE_ADRENO_KERNELS)
ggml_opencl: loading OpenCL kernels........................................................................
ggml_opencl: default device: 'QUALCOMM Adreno(TM) 830 (OpenCL 3.0 Adreno(TM) 830)'
ggml-hex: Hexagon backend (experimental) : allocating new registry : ndev 1
ggml-hex: Hexagon Arch version v79
ggml-hex: allocating new session: HTP0
ggml-hex: new session: HTP0 : session-id 0 domain-id 3 uri file:///libggml-htp-v79.so?htp_iface_skel_handle_invoke&_modver=1.0&_dom=cdsp&_session=0 handle 0xb40000740dbfc750
build: 0 (unknown) with Android (13324770, +pgo, +bolt, +lto, +mlgo, based on r530567d) clang version 19.0.0 (https://android.googlesource.com/toolchain/llvm-project 97a699bf4812a18fb657c2779f5296a4ab2694d2) for x86_64-unknown-linux-gnu
main: llama backend init
main: load the model and apply lora adapter, if any
llama_model_load_from_file_impl: using device GPUOpenCL (QUALCOMM Adreno(TM) 830) (unknown id) - 0 MiB free
llama_model_load_from_file_impl: using device HTP0 (Hexagon) (unknown id) - 2048 MiB free
llama_model_loader: loaded meta data with 35 key-value pairs and 147 tensors from /data/local/tmp/llama.cpp/../gguf/Llama-3.2-1B-Instruct-Q4_0.gguf (version GGUF V3 (latest))
llama_model_loader: Dumping metadata keys/values. Note: KV overrides do not apply in this output.
llama_model_loader: - kv   0:                       general.architecture str              = llama
llama_model_loader: - kv   1:                               general.type str              = model
llama_model_loader: - kv   2:                               general.name str              = Llama 3.2 1B Instruct
llama_model_loader: - kv   3:                           general.finetune str              = Instruct
llama_model_loader: - kv   4:                           general.basename str              = Llama-3.2
llama_model_loader: - kv   5:                         general.size_label str              = 1B
llama_model_loader: - kv   6:                            general.license str              = llama3.2
llama_model_loader: - kv   7:                               general.tags arr[str,6]       = ["facebook", "meta", "pytorch", "llam...
llama_model_loader: - kv   8:                          general.languages arr[str,8]       = ["en", "de", "fr", "it", "pt", "hi", ...
llama_model_loader: - kv   9:                          llama.block_count u32              = 16
llama_model_loader: - kv  10:                       llama.context_length u32              = 131072
llama_model_loader: - kv  11:                     llama.embedding_length u32              = 2048
llama_model_loader: - kv  12:                  llama.feed_forward_length u32              = 8192
llama_model_loader: - kv  13:                 llama.attention.head_count u32              = 32
llama_model_loader: - kv  14:              llama.attention.head_count_kv u32              = 8
llama_model_loader: - kv  15:                       llama.rope.freq_base f32              = 500000.000000
llama_model_loader: - kv  16:     llama.attention.layer_norm_rms_epsilon f32              = 0.000010
llama_model_loader: - kv  17:                 llama.attention.key_length u32              = 64
llama_model_loader: - kv  18:               llama.attention.value_length u32              = 64
llama_model_loader: - kv  19:                          general.file_type u32              = 2
llama_model_loader: - kv  20:                           llama.vocab_size u32              = 128256
llama_model_loader: - kv  21:                 llama.rope.dimension_count u32              = 64
llama_model_loader: - kv  22:                       tokenizer.ggml.model str              = gpt2
llama_model_loader: - kv  23:                         tokenizer.ggml.pre str              = llama-bpe
llama_model_loader: - kv  24:                      tokenizer.ggml.tokens arr[str,128256]  = ["!", "\"", "#", "$", "%", "&", "'", ...
llama_model_loader: - kv  25:                  tokenizer.ggml.token_type arr[i32,128256]  = [1, 1, 1, 1, 1, 1, 1, 1, 1, 1, 1, 1, ...
llama_model_loader: - kv  26:                      tokenizer.ggml.merges arr[str,280147]  = ["Ġ Ġ", "Ġ ĠĠĠ", "ĠĠ ĠĠ", "...
llama_model_loader: - kv  27:                tokenizer.ggml.bos_token_id u32              = 128000
llama_model_loader: - kv  28:                tokenizer.ggml.eos_token_id u32              = 128009
llama_model_loader: - kv  29:                    tokenizer.chat_template str              = {{- bos_token }}\n{%- if custom_tools ...
llama_model_loader: - kv  30:               general.quantization_version u32              = 2
llama_model_loader: - kv  31:                      quantize.imatrix.file str              = /models_out/Llama-3.2-1B-Instruct-GGU...
llama_model_loader: - kv  32:                   quantize.imatrix.dataset str              = /training_dir/calibration_datav3.txt
llama_model_loader: - kv  33:             quantize.imatrix.entries_count i32              = 112
llama_model_loader: - kv  34:              quantize.imatrix.chunks_count i32              = 125
llama_model_loader: - type  f32:   34 tensors
llama_model_loader: - type q4_0:  110 tensors
llama_model_loader: - type q4_1:    2 tensors
llama_model_loader: - type q6_K:    1 tensors
print_info: file format = GGUF V3 (latest)
print_info: file type   = Q4_0
print_info: file size   = 729.75 MiB (4.95 BPW) 
load: printing all EOG tokens:
load:   - 128001 ('<|end_of_text|>')
load:   - 128008 ('<|eom_id|>')
load:   - 128009 ('<|eot_id|>')
load: special tokens cache size = 256
load: token to piece cache size = 0.7999 MB
print_info: arch             = llama
print_info: vocab_only       = 0
print_info: n_ctx_train      = 131072
print_info: n_embd           = 2048
print_info: n_layer          = 16
print_info: n_head           = 32
print_info: n_head_kv        = 8
print_info: n_rot            = 64
print_info: n_swa            = 0
print_info: is_swa_any       = 0
print_info: n_embd_head_k    = 64
print_info: n_embd_head_v    = 64
print_info: n_gqa            = 4
print_info: n_embd_k_gqa     = 512
print_info: n_embd_v_gqa     = 512
print_info: f_norm_eps       = 0.0e+00
print_info: f_norm_rms_eps   = 1.0e-05
print_info: f_clamp_kqv      = 0.0e+00
print_info: f_max_alibi_bias = 0.0e+00
print_info: f_logit_scale    = 0.0e+00
print_info: f_attn_scale     = 0.0e+00
print_info: n_ff             = 8192
print_info: n_expert         = 0
print_info: n_expert_used    = 0
print_info: n_expert_groups  = 0
print_info: n_group_used     = 0
print_info: causal attn      = 1
print_info: pooling type     = 0
print_info: rope type        = 0
print_info: rope scaling     = linear
print_info: freq_base_train  = 500000.0
print_info: freq_scale_train = 1
print_info: n_ctx_orig_yarn  = 131072
print_info: rope_finetuned   = unknown
print_info: model type       = 1B
print_info: model params     = 1.24 B
print_info: general.name     = Llama 3.2 1B Instruct
print_info: vocab type       = BPE
print_info: n_vocab          = 128256
print_info: n_merges         = 280147
print_info: BOS token        = 128000 '<|begin_of_text|>'
print_info: EOS token        = 128009 '<|eot_id|>'
print_info: EOT token        = 128001 '<|end_of_text|>'
print_info: EOM token        = 128008 '<|eom_id|>'
print_info: LF token         = 198 'Ċ'
print_info: EOG token        = 128001 '<|end_of_text|>'
print_info: EOG token        = 128008 '<|eom_id|>'
print_info: EOG token        = 128009 '<|eot_id|>'
print_info: max token length = 256
load_tensors: loading model tensors, this can take a while... (mmap = false)
load_tensors: offloading 0 repeating layers to GPU
load_tensors: offloaded 0/17 layers to GPU
load_tensors:          CPU model buffer size =   225.75 MiB
load_tensors:   CPU_REPACK model buffer size =   504.00 MiB
.............................................................
llama_context: constructing llama_context
llama_context: n_seq_max     = 1
llama_context: n_ctx         = 1024
llama_context: n_ctx_seq     = 1024
llama_context: n_batch       = 128
llama_context: n_ubatch      = 128
llama_context: causal_attn   = 1
llama_context: flash_attn    = enabled
llama_context: kv_unified    = false
llama_context: freq_base     = 500000.0
llama_context: freq_scale    = 1
llama_context: n_ctx_seq (1024) < n_ctx_train (131072) -- the full capacity of the model will not be utilized
llama_context:        CPU  output buffer size =     0.49 MiB
llama_kv_cache:        CPU KV buffer size =    24.50 MiB
llama_kv_cache: size =   24.50 MiB (  1024 cells,  16 layers,  1/1 seqs), K (f16):   16.00 MiB, V (q8_0):    8.50 MiB
llama_context:        CPU compute buffer size =    63.62 MiB
llama_context: graph nodes  = 503
llama_context: graph splits = 1
common_init_from_params: added <|end_of_text|> logit bias = -inf
common_init_from_params: added <|eom_id|> logit bias = -inf
common_init_from_params: added <|eot_id|> logit bias = -inf
common_init_from_params: setting dry_penalty_last_n to ctx_size = 1024
common_init_from_params: warming up the model with an empty run - please wait ... (--no-warmup to disable)
main: llama threadpool init, n_threads = 8

system_info: n_threads = 8 (n_threads_batch = 8) / 8 | CPU : NEON = 1 | ARM_FMA = 1 | FP16_VA = 1 | MATMUL_INT8 = 1 | DOTPROD = 1 | REPACK = 1 | 

sampler seed: 792058479
sampler params: 
	repeat_last_n = 64, repeat_penalty = 1.100, frequency_penalty = 0.150, presence_penalty = 0.200
	dry_multiplier = 1.000, dry_base = 1.750, dry_allowed_length = 2, dry_penalty_last_n = 1024
	top_k = 30, top_p = 1.000, min_p = 0.150, xtc_probability = 0.000, xtc_threshold = 0.100, typical_p = 1.000, top_n_sigma = -1.000, temp = 0.400
	mirostat = 0, mirostat_lr = 0.100, mirostat_ent = 5.000
sampler chain: logits -> logit-bias -> penalties -> dry -> top-n-sigma -> top-k -> typical -> top-p -> min-p -> xtc -> temp-ext -> dist 
generate: n_ctx = 1024, n_batch = 128, n_predict = 750, n_keep = 1

llama_perf_sampler_print:    sampling time =     350.22 ms /   475 runs   (    0.74 ms per token,  1356.27 tokens per second)
llama_perf_context_print:        load time =    1035.29 ms
llama_perf_context_print: prompt eval time =     131.57 ms /    28 tokens (    4.70 ms per token,   212.81 tokens per second)
llama_perf_context_print:        eval time =    8014.05 ms /   446 runs   (   17.97 ms per token,    55.65 tokens per second)
llama_perf_context_print:       total time =    8846.05 ms /   474 tokens
llama_perf_context_print:    graphs reused =        444
llama_memory_breakdown_print: | memory breakdown [MiB]                  | total   free    self   model   context   compute    unaccounted |
llama_memory_breakdown_print: |   - GPUOpenCL (QUALCOMM Adreno(TM) 830) |     0 =    0 + (   0 =     0 +       0 +       0) +           0 |
llama_memory_breakdown_print: |   - HTP0 (Hexagon)                      |  2048 = 2048 + (   0 =     0 +       0 +       0) +           0 |
llama_memory_breakdown_print: |   - Host                                |                  313 =   225 +      24 +      63                |
llama_memory_breakdown_print: |   - CPU_REPACK                          |                  504 =   504 +       0 +       0                |
ggml_opencl: selected platform: 'QUALCOMM Snapdragon(TM)'

ggml_opencl: device: 'QUALCOMM Adreno(TM) 830 (OpenCL 3.0 Adreno(TM) 830)'
ggml_opencl: OpenCL driver: OpenCL 3.0 QUALCOMM build: 0800.40.1 Compiler E031.47.18.36
ggml_opencl: vector subgroup broadcast support: true
ggml_opencl: device FP16 support: true
ggml_opencl: mem base addr align: 128
ggml_opencl: max mem alloc size: 1024 MB
ggml_opencl: device max workgroup size: 1024
ggml_opencl: SVM coarse grain buffer support: true
ggml_opencl: SVM fine grain buffer support: true
ggml_opencl: SVM fine grain system support: false
ggml_opencl: SVM atomics support: true
ggml_opencl: flattening quantized weights representation as struct of arrays (GGML_OPENCL_SOA_Q)
ggml_opencl: using kernels optimized for Adreno (GGML_OPENCL_USE_ADRENO_KERNELS)
ggml_opencl: loading OpenCL kernels........................................................................
ggml_opencl: default device: 'QUALCOMM Adreno(TM) 830 (OpenCL 3.0 Adreno(TM) 830)'
ggml-hex: Hexagon backend (experimental) : allocating new registry : ndev 1
ggml-hex: Hexagon Arch version v79
ggml-hex: allocating new session: HTP0
ggml-hex: new session: HTP0 : session-id 0 domain-id 3 uri file:///libggml-htp-v79.so?htp_iface_skel_handle_invoke&_modver=1.0&_dom=cdsp&_session=0 handle 0xb40000747255e2d0
build: 0 (unknown) with Android (13324770, +pgo, +bolt, +lto, +mlgo, based on r530567d) clang version 19.0.0 (https://android.googlesource.com/toolchain/llvm-project 97a699bf4812a18fb657c2779f5296a4ab2694d2) for x86_64-unknown-linux-gnu
main: llama backend init
main: load the model and apply lora adapter, if any
llama_model_load_from_file_impl: using device GPUOpenCL (QUALCOMM Adreno(TM) 830) (unknown id) - 0 MiB free
llama_model_load_from_file_impl: using device HTP0 (Hexagon) (unknown id) - 2048 MiB free
llama_model_loader: loaded meta data with 35 key-value pairs and 147 tensors from /data/local/tmp/llama.cpp/../gguf/Llama-3.2-1B-Instruct-Q4_0.gguf (version GGUF V3 (latest))
llama_model_loader: Dumping metadata keys/values. Note: KV overrides do not apply in this output.
llama_model_loader: - kv   0:                       general.architecture str              = llama
llama_model_loader: - kv   1:                               general.type str              = model
llama_model_loader: - kv   2:                               general.name str              = Llama 3.2 1B Instruct
llama_model_loader: - kv   3:                           general.finetune str              = Instruct
llama_model_loader: - kv   4:                           general.basename str              = Llama-3.2
llama_model_loader: - kv   5:                         general.size_label str              = 1B
llama_model_loader: - kv   6:                            general.license str              = llama3.2
llama_model_loader: - kv   7:                               general.tags arr[str,6]       = ["facebook", "meta", "pytorch", "llam...
llama_model_loader: - kv   8:                          general.languages arr[str,8]       = ["en", "de", "fr", "it", "pt", "hi", ...
llama_model_loader: - kv   9:                          llama.block_count u32              = 16
llama_model_loader: - kv  10:                       llama.context_length u32              = 131072
llama_model_loader: - kv  11:                     llama.embedding_length u32              = 2048
llama_model_loader: - kv  12:                  llama.feed_forward_length u32              = 8192
llama_model_loader: - kv  13:                 llama.attention.head_count u32              = 32
llama_model_loader: - kv  14:              llama.attention.head_count_kv u32              = 8
llama_model_loader: - kv  15:                       llama.rope.freq_base f32              = 500000.000000
llama_model_loader: - kv  16:     llama.attention.layer_norm_rms_epsilon f32              = 0.000010
llama_model_loader: - kv  17:                 llama.attention.key_length u32              = 64
llama_model_loader: - kv  18:               llama.attention.value_length u32              = 64
llama_model_loader: - kv  19:                          general.file_type u32              = 2
llama_model_loader: - kv  20:                           llama.vocab_size u32              = 128256
llama_model_loader: - kv  21:                 llama.rope.dimension_count u32              = 64
llama_model_loader: - kv  22:                       tokenizer.ggml.model str              = gpt2
llama_model_loader: - kv  23:                         tokenizer.ggml.pre str              = llama-bpe
llama_model_loader: - kv  24:                      tokenizer.ggml.tokens arr[str,128256]  = ["!", "\"", "#", "$", "%", "&", "'", ...
llama_model_loader: - kv  25:                  tokenizer.ggml.token_type arr[i32,128256]  = [1, 1, 1, 1, 1, 1, 1, 1, 1, 1, 1, 1, ...
llama_model_loader: - kv  26:                      tokenizer.ggml.merges arr[str,280147]  = ["Ġ Ġ", "Ġ ĠĠĠ", "ĠĠ ĠĠ", "...
llama_model_loader: - kv  27:                tokenizer.ggml.bos_token_id u32              = 128000
llama_model_loader: - kv  28:                tokenizer.ggml.eos_token_id u32              = 128009
llama_model_loader: - kv  29:                    tokenizer.chat_template str              = {{- bos_token }}\n{%- if custom_tools ...
llama_model_loader: - kv  30:               general.quantization_version u32              = 2
llama_model_loader: - kv  31:                      quantize.imatrix.file str              = /models_out/Llama-3.2-1B-Instruct-GGU...
llama_model_loader: - kv  32:                   quantize.imatrix.dataset str              = /training_dir/calibration_datav3.txt
llama_model_loader: - kv  33:             quantize.imatrix.entries_count i32              = 112
llama_model_loader: - kv  34:              quantize.imatrix.chunks_count i32              = 125
llama_model_loader: - type  f32:   34 tensors
llama_model_loader: - type q4_0:  110 tensors
llama_model_loader: - type q4_1:    2 tensors
llama_model_loader: - type q6_K:    1 tensors
print_info: file format = GGUF V3 (latest)
print_info: file type   = Q4_0
print_info: file size   = 729.75 MiB (4.95 BPW) 
load: printing all EOG tokens:
load:   - 128001 ('<|end_of_text|>')
load:   - 128008 ('<|eom_id|>')
load:   - 128009 ('<|eot_id|>')
load: special tokens cache size = 256
load: token to piece cache size = 0.7999 MB
print_info: arch             = llama
print_info: vocab_only       = 0
print_info: n_ctx_train      = 131072
print_info: n_embd           = 2048
print_info: n_layer          = 16
print_info: n_head           = 32
print_info: n_head_kv        = 8
print_info: n_rot            = 64
print_info: n_swa            = 0
print_info: is_swa_any       = 0
print_info: n_embd_head_k    = 64
print_info: n_embd_head_v    = 64
print_info: n_gqa            = 4
print_info: n_embd_k_gqa     = 512
print_info: n_embd_v_gqa     = 512
print_info: f_norm_eps       = 0.0e+00
print_info: f_norm_rms_eps   = 1.0e-05
print_info: f_clamp_kqv      = 0.0e+00
print_info: f_max_alibi_bias = 0.0e+00
print_info: f_logit_scale    = 0.0e+00
print_info: f_attn_scale     = 0.0e+00
print_info: n_ff             = 8192
print_info: n_expert         = 0
print_info: n_expert_used    = 0
print_info: n_expert_groups  = 0
print_info: n_group_used     = 0
print_info: causal attn      = 1
print_info: pooling type     = 0
print_info: rope type        = 0
print_info: rope scaling     = linear
print_info: freq_base_train  = 500000.0
print_info: freq_scale_train = 1
print_info: n_ctx_orig_yarn  = 131072
print_info: rope_finetuned   = unknown
print_info: model type       = 1B
print_info: model params     = 1.24 B
print_info: general.name     = Llama 3.2 1B Instruct
print_info: vocab type       = BPE
print_info: n_vocab          = 128256
print_info: n_merges         = 280147
print_info: BOS token        = 128000 '<|begin_of_text|>'
print_info: EOS token        = 128009 '<|eot_id|>'
print_info: EOT token        = 128001 '<|end_of_text|>'
print_info: EOM token        = 128008 '<|eom_id|>'
print_info: LF token         = 198 'Ċ'
print_info: EOG token        = 128001 '<|end_of_text|>'
print_info: EOG token        = 128008 '<|eom_id|>'
print_info: EOG token        = 128009 '<|eot_id|>'
print_info: max token length = 256
load_tensors: loading model tensors, this can take a while... (mmap = false)
load_tensors: offloading 0 repeating layers to GPU
load_tensors: offloaded 0/17 layers to GPU
load_tensors:          CPU model buffer size =   225.75 MiB
load_tensors:   CPU_REPACK model buffer size =   504.00 MiB
.............................................................
llama_context: constructing llama_context
llama_context: n_seq_max     = 1
llama_context: n_ctx         = 1024
llama_context: n_ctx_seq     = 1024
llama_context: n_batch       = 128
llama_context: n_ubatch      = 128
llama_context: causal_attn   = 1
llama_context: flash_attn    = enabled
llama_context: kv_unified    = false
llama_context: freq_base     = 500000.0
llama_context: freq_scale    = 1
llama_context: n_ctx_seq (1024) < n_ctx_train (131072) -- the full capacity of the model will not be utilized
llama_context:        CPU  output buffer size =     0.49 MiB
llama_kv_cache:        CPU KV buffer size =    24.50 MiB
llama_kv_cache: size =   24.50 MiB (  1024 cells,  16 layers,  1/1 seqs), K (f16):   16.00 MiB, V (q8_0):    8.50 MiB
llama_context:        CPU compute buffer size =    63.62 MiB
llama_context: graph nodes  = 503
llama_context: graph splits = 1
common_init_from_params: added <|end_of_text|> logit bias = -inf
common_init_from_params: added <|eom_id|> logit bias = -inf
common_init_from_params: added <|eot_id|> logit bias = -inf
common_init_from_params: setting dry_penalty_last_n to ctx_size = 1024
common_init_from_params: warming up the model with an empty run - please wait ... (--no-warmup to disable)
main: llama threadpool init, n_threads = 8

system_info: n_threads = 8 (n_threads_batch = 8) / 8 | CPU : NEON = 1 | ARM_FMA = 1 | FP16_VA = 1 | MATMUL_INT8 = 1 | DOTPROD = 1 | REPACK = 1 | 

sampler seed: 3239101909
sampler params: 
	repeat_last_n = 64, repeat_penalty = 1.100, frequency_penalty = 0.150, presence_penalty = 0.200
	dry_multiplier = 1.000, dry_base = 1.750, dry_allowed_length = 2, dry_penalty_last_n = 1024
	top_k = 30, top_p = 1.000, min_p = 0.150, xtc_probability = 0.000, xtc_threshold = 0.100, typical_p = 1.000, top_n_sigma = -1.000, temp = 0.400
	mirostat = 0, mirostat_lr = 0.100, mirostat_ent = 5.000
sampler chain: logits -> logit-bias -> penalties -> dry -> top-n-sigma -> top-k -> typical -> top-p -> min-p -> xtc -> temp-ext -> dist 
generate: n_ctx = 1024, n_batch = 128, n_predict = 750, n_keep = 1

llama_perf_sampler_print:    sampling time =     231.23 ms /   367 runs   (    0.63 ms per token,  1587.16 tokens per second)
llama_perf_context_print:        load time =    1461.91 ms
llama_perf_context_print: prompt eval time =      82.73 ms /    19 tokens (    4.35 ms per token,   229.65 tokens per second)
llama_perf_context_print:        eval time =    5505.71 ms /   347 runs   (   15.87 ms per token,    63.03 tokens per second)
llama_perf_context_print:       total time =    6200.85 ms /   366 tokens
llama_perf_context_print:    graphs reused =        345
llama_memory_breakdown_print: | memory breakdown [MiB]                  | total   free    self   model   context   compute    unaccounted |
llama_memory_breakdown_print: |   - GPUOpenCL (QUALCOMM Adreno(TM) 830) |     0 =    0 + (   0 =     0 +       0 +       0) +           0 |
llama_memory_breakdown_print: |   - HTP0 (Hexagon)                      |  2048 = 2048 + (   0 =     0 +       0 +       0) +           0 |
llama_memory_breakdown_print: |   - Host                                |                  313 =   225 +      24 +      63                |
llama_memory_breakdown_print: |   - CPU_REPACK                          |                  504 =   504 +       0 +       0                |
ggml_opencl: selected platform: 'QUALCOMM Snapdragon(TM)'

ggml_opencl: device: 'QUALCOMM Adreno(TM) 830 (OpenCL 3.0 Adreno(TM) 830)'
ggml_opencl: OpenCL driver: OpenCL 3.0 QUALCOMM build: 0800.40.1 Compiler E031.47.18.36
ggml_opencl: vector subgroup broadcast support: true
ggml_opencl: device FP16 support: true
ggml_opencl: mem base addr align: 128
ggml_opencl: max mem alloc size: 1024 MB
ggml_opencl: device max workgroup size: 1024
ggml_opencl: SVM coarse grain buffer support: true
ggml_opencl: SVM fine grain buffer support: true
ggml_opencl: SVM fine grain system support: false
ggml_opencl: SVM atomics support: true
ggml_opencl: flattening quantized weights representation as struct of arrays (GGML_OPENCL_SOA_Q)
ggml_opencl: using kernels optimized for Adreno (GGML_OPENCL_USE_ADRENO_KERNELS)
ggml_opencl: loading OpenCL kernels........................................................................
ggml_opencl: default device: 'QUALCOMM Adreno(TM) 830 (OpenCL 3.0 Adreno(TM) 830)'
ggml-hex: Hexagon backend (experimental) : allocating new registry : ndev 1
ggml-hex: Hexagon Arch version v79
ggml-hex: allocating new session: HTP0
ggml-hex: new session: HTP0 : session-id 0 domain-id 3 uri file:///libggml-htp-v79.so?htp_iface_skel_handle_invoke&_modver=1.0&_dom=cdsp&_session=0 handle 0xb400007a178e0550
build: 0 (unknown) with Android (13324770, +pgo, +bolt, +lto, +mlgo, based on r530567d) clang version 19.0.0 (https://android.googlesource.com/toolchain/llvm-project 97a699bf4812a18fb657c2779f5296a4ab2694d2) for x86_64-unknown-linux-gnu
main: llama backend init
main: load the model and apply lora adapter, if any
llama_model_load_from_file_impl: using device GPUOpenCL (QUALCOMM Adreno(TM) 830) (unknown id) - 0 MiB free
llama_model_load_from_file_impl: using device HTP0 (Hexagon) (unknown id) - 2048 MiB free
llama_model_loader: loaded meta data with 35 key-value pairs and 147 tensors from /data/local/tmp/llama.cpp/../gguf/Llama-3.2-1B-Instruct-Q4_0.gguf (version GGUF V3 (latest))
llama_model_loader: Dumping metadata keys/values. Note: KV overrides do not apply in this output.
llama_model_loader: - kv   0:                       general.architecture str              = llama
llama_model_loader: - kv   1:                               general.type str              = model
llama_model_loader: - kv   2:                               general.name str              = Llama 3.2 1B Instruct
llama_model_loader: - kv   3:                           general.finetune str              = Instruct
llama_model_loader: - kv   4:                           general.basename str              = Llama-3.2
llama_model_loader: - kv   5:                         general.size_label str              = 1B
llama_model_loader: - kv   6:                            general.license str              = llama3.2
llama_model_loader: - kv   7:                               general.tags arr[str,6]       = ["facebook", "meta", "pytorch", "llam...
llama_model_loader: - kv   8:                          general.languages arr[str,8]       = ["en", "de", "fr", "it", "pt", "hi", ...
llama_model_loader: - kv   9:                          llama.block_count u32              = 16
llama_model_loader: - kv  10:                       llama.context_length u32              = 131072
llama_model_loader: - kv  11:                     llama.embedding_length u32              = 2048
llama_model_loader: - kv  12:                  llama.feed_forward_length u32              = 8192
llama_model_loader: - kv  13:                 llama.attention.head_count u32              = 32
llama_model_loader: - kv  14:              llama.attention.head_count_kv u32              = 8
llama_model_loader: - kv  15:                       llama.rope.freq_base f32              = 500000.000000
llama_model_loader: - kv  16:     llama.attention.layer_norm_rms_epsilon f32              = 0.000010
llama_model_loader: - kv  17:                 llama.attention.key_length u32              = 64
llama_model_loader: - kv  18:               llama.attention.value_length u32              = 64
llama_model_loader: - kv  19:                          general.file_type u32              = 2
llama_model_loader: - kv  20:                           llama.vocab_size u32              = 128256
llama_model_loader: - kv  21:                 llama.rope.dimension_count u32              = 64
llama_model_loader: - kv  22:                       tokenizer.ggml.model str              = gpt2
llama_model_loader: - kv  23:                         tokenizer.ggml.pre str              = llama-bpe
llama_model_loader: - kv  24:                      tokenizer.ggml.tokens arr[str,128256]  = ["!", "\"", "#", "$", "%", "&", "'", ...
llama_model_loader: - kv  25:                  tokenizer.ggml.token_type arr[i32,128256]  = [1, 1, 1, 1, 1, 1, 1, 1, 1, 1, 1, 1, ...
llama_model_loader: - kv  26:                      tokenizer.ggml.merges arr[str,280147]  = ["Ġ Ġ", "Ġ ĠĠĠ", "ĠĠ ĠĠ", "...
llama_model_loader: - kv  27:                tokenizer.ggml.bos_token_id u32              = 128000
llama_model_loader: - kv  28:                tokenizer.ggml.eos_token_id u32              = 128009
llama_model_loader: - kv  29:                    tokenizer.chat_template str              = {{- bos_token }}\n{%- if custom_tools ...
llama_model_loader: - kv  30:               general.quantization_version u32              = 2
llama_model_loader: - kv  31:                      quantize.imatrix.file str              = /models_out/Llama-3.2-1B-Instruct-GGU...
llama_model_loader: - kv  32:                   quantize.imatrix.dataset str              = /training_dir/calibration_datav3.txt
llama_model_loader: - kv  33:             quantize.imatrix.entries_count i32              = 112
llama_model_loader: - kv  34:              quantize.imatrix.chunks_count i32              = 125
llama_model_loader: - type  f32:   34 tensors
llama_model_loader: - type q4_0:  110 tensors
llama_model_loader: - type q4_1:    2 tensors
llama_model_loader: - type q6_K:    1 tensors
print_info: file format = GGUF V3 (latest)
print_info: file type   = Q4_0
print_info: file size   = 729.75 MiB (4.95 BPW) 
load: printing all EOG tokens:
load:   - 128001 ('<|end_of_text|>')
load:   - 128008 ('<|eom_id|>')
load:   - 128009 ('<|eot_id|>')
load: special tokens cache size = 256
load: token to piece cache size = 0.7999 MB
print_info: arch             = llama
print_info: vocab_only       = 0
print_info: n_ctx_train      = 131072
print_info: n_embd           = 2048
print_info: n_layer          = 16
print_info: n_head           = 32
print_info: n_head_kv        = 8
print_info: n_rot            = 64
print_info: n_swa            = 0
print_info: is_swa_any       = 0
print_info: n_embd_head_k    = 64
print_info: n_embd_head_v    = 64
print_info: n_gqa            = 4
print_info: n_embd_k_gqa     = 512
print_info: n_embd_v_gqa     = 512
print_info: f_norm_eps       = 0.0e+00
print_info: f_norm_rms_eps   = 1.0e-05
print_info: f_clamp_kqv      = 0.0e+00
print_info: f_max_alibi_bias = 0.0e+00
print_info: f_logit_scale    = 0.0e+00
print_info: f_attn_scale     = 0.0e+00
print_info: n_ff             = 8192
print_info: n_expert         = 0
print_info: n_expert_used    = 0
print_info: n_expert_groups  = 0
print_info: n_group_used     = 0
print_info: causal attn      = 1
print_info: pooling type     = 0
print_info: rope type        = 0
print_info: rope scaling     = linear
print_info: freq_base_train  = 500000.0
print_info: freq_scale_train = 1
print_info: n_ctx_orig_yarn  = 131072
print_info: rope_finetuned   = unknown
print_info: model type       = 1B
print_info: model params     = 1.24 B
print_info: general.name     = Llama 3.2 1B Instruct
print_info: vocab type       = BPE
print_info: n_vocab          = 128256
print_info: n_merges         = 280147
print_info: BOS token        = 128000 '<|begin_of_text|>'
print_info: EOS token        = 128009 '<|eot_id|>'
print_info: EOT token        = 128001 '<|end_of_text|>'
print_info: EOM token        = 128008 '<|eom_id|>'
print_info: LF token         = 198 'Ċ'
print_info: EOG token        = 128001 '<|end_of_text|>'
print_info: EOG token        = 128008 '<|eom_id|>'
print_info: EOG token        = 128009 '<|eot_id|>'
print_info: max token length = 256
load_tensors: loading model tensors, this can take a while... (mmap = false)
load_tensors: offloading 0 repeating layers to GPU
load_tensors: offloaded 0/17 layers to GPU
load_tensors:          CPU model buffer size =   225.75 MiB
load_tensors:   CPU_REPACK model buffer size =   504.00 MiB
.............................................................
llama_context: constructing llama_context
llama_context: n_seq_max     = 1
llama_context: n_ctx         = 1024
llama_context: n_ctx_seq     = 1024
llama_context: n_batch       = 128
llama_context: n_ubatch      = 128
llama_context: causal_attn   = 1
llama_context: flash_attn    = enabled
llama_context: kv_unified    = false
llama_context: freq_base     = 500000.0
llama_context: freq_scale    = 1
llama_context: n_ctx_seq (1024) < n_ctx_train (131072) -- the full capacity of the model will not be utilized
llama_context:        CPU  output buffer size =     0.49 MiB
llama_kv_cache:        CPU KV buffer size =    24.50 MiB
llama_kv_cache: size =   24.50 MiB (  1024 cells,  16 layers,  1/1 seqs), K (f16):   16.00 MiB, V (q8_0):    8.50 MiB
llama_context:        CPU compute buffer size =    63.62 MiB
llama_context: graph nodes  = 503
llama_context: graph splits = 1
common_init_from_params: added <|end_of_text|> logit bias = -inf
common_init_from_params: added <|eom_id|> logit bias = -inf
common_init_from_params: added <|eot_id|> logit bias = -inf
common_init_from_params: setting dry_penalty_last_n to ctx_size = 1024
common_init_from_params: warming up the model with an empty run - please wait ... (--no-warmup to disable)
main: llama threadpool init, n_threads = 8

system_info: n_threads = 8 (n_threads_batch = 8) / 8 | CPU : NEON = 1 | ARM_FMA = 1 | FP16_VA = 1 | MATMUL_INT8 = 1 | DOTPROD = 1 | REPACK = 1 | 

sampler seed: 1750285812
sampler params: 
	repeat_last_n = 64, repeat_penalty = 1.100, frequency_penalty = 0.150, presence_penalty = 0.200
	dry_multiplier = 1.000, dry_base = 1.750, dry_allowed_length = 2, dry_penalty_last_n = 1024
	top_k = 30, top_p = 1.000, min_p = 0.150, xtc_probability = 0.000, xtc_threshold = 0.100, typical_p = 1.000, top_n_sigma = -1.000, temp = 0.400
	mirostat = 0, mirostat_lr = 0.100, mirostat_ent = 5.000
sampler chain: logits -> logit-bias -> penalties -> dry -> top-n-sigma -> top-k -> typical -> top-p -> min-p -> xtc -> temp-ext -> dist 
generate: n_ctx = 1024, n_batch = 128, n_predict = 750, n_keep = 1

llama_perf_sampler_print:    sampling time =     458.42 ms /   501 runs   (    0.92 ms per token,  1092.88 tokens per second)
llama_perf_context_print:        load time =    1472.21 ms
llama_perf_context_print: prompt eval time =      68.65 ms /    20 tokens (    3.43 ms per token,   291.32 tokens per second)
llama_perf_context_print:        eval time =    9444.27 ms /   480 runs   (   19.68 ms per token,    50.82 tokens per second)
llama_perf_context_print:       total time =   10402.74 ms /   500 tokens
llama_perf_context_print:    graphs reused =        478
llama_memory_breakdown_print: | memory breakdown [MiB]                  | total   free    self   model   context   compute    unaccounted |
llama_memory_breakdown_print: |   - GPUOpenCL (QUALCOMM Adreno(TM) 830) |     0 =    0 + (   0 =     0 +       0 +       0) +           0 |
llama_memory_breakdown_print: |   - HTP0 (Hexagon)                      |  2048 = 2048 + (   0 =     0 +       0 +       0) +           0 |
llama_memory_breakdown_print: |   - Host                                |                  313 =   225 +      24 +      63                |
llama_memory_breakdown_print: |   - CPU_REPACK                          |                  504 =   504 +       0 +       0                |
ggml_opencl: selected platform: 'QUALCOMM Snapdragon(TM)'

ggml_opencl: device: 'QUALCOMM Adreno(TM) 830 (OpenCL 3.0 Adreno(TM) 830)'
ggml_opencl: OpenCL driver: OpenCL 3.0 QUALCOMM build: 0800.40.1 Compiler E031.47.18.36
ggml_opencl: vector subgroup broadcast support: true
ggml_opencl: device FP16 support: true
ggml_opencl: mem base addr align: 128
ggml_opencl: max mem alloc size: 1024 MB
ggml_opencl: device max workgroup size: 1024
ggml_opencl: SVM coarse grain buffer support: true
ggml_opencl: SVM fine grain buffer support: true
ggml_opencl: SVM fine grain system support: false
ggml_opencl: SVM atomics support: true
ggml_opencl: flattening quantized weights representation as struct of arrays (GGML_OPENCL_SOA_Q)
ggml_opencl: using kernels optimized for Adreno (GGML_OPENCL_USE_ADRENO_KERNELS)
ggml_opencl: loading OpenCL kernels........................................................................
ggml_opencl: default device: 'QUALCOMM Adreno(TM) 830 (OpenCL 3.0 Adreno(TM) 830)'
ggml-hex: Hexagon backend (experimental) : allocating new registry : ndev 1
ggml-hex: Hexagon Arch version v79
ggml-hex: allocating new session: HTP0
ggml-hex: new session: HTP0 : session-id 0 domain-id 3 uri file:///libggml-htp-v79.so?htp_iface_skel_handle_invoke&_modver=1.0&_dom=cdsp&_session=0 handle 0xb400007928f88c90
build: 0 (unknown) with Android (13324770, +pgo, +bolt, +lto, +mlgo, based on r530567d) clang version 19.0.0 (https://android.googlesource.com/toolchain/llvm-project 97a699bf4812a18fb657c2779f5296a4ab2694d2) for x86_64-unknown-linux-gnu
main: llama backend init
main: load the model and apply lora adapter, if any
llama_model_load_from_file_impl: using device GPUOpenCL (QUALCOMM Adreno(TM) 830) (unknown id) - 0 MiB free
llama_model_load_from_file_impl: using device HTP0 (Hexagon) (unknown id) - 2048 MiB free
llama_model_loader: loaded meta data with 35 key-value pairs and 147 tensors from /data/local/tmp/llama.cpp/../gguf/Llama-3.2-1B-Instruct-Q4_0.gguf (version GGUF V3 (latest))
llama_model_loader: Dumping metadata keys/values. Note: KV overrides do not apply in this output.
llama_model_loader: - kv   0:                       general.architecture str              = llama
llama_model_loader: - kv   1:                               general.type str              = model
llama_model_loader: - kv   2:                               general.name str              = Llama 3.2 1B Instruct
llama_model_loader: - kv   3:                           general.finetune str              = Instruct
llama_model_loader: - kv   4:                           general.basename str              = Llama-3.2
llama_model_loader: - kv   5:                         general.size_label str              = 1B
llama_model_loader: - kv   6:                            general.license str              = llama3.2
llama_model_loader: - kv   7:                               general.tags arr[str,6]       = ["facebook", "meta", "pytorch", "llam...
llama_model_loader: - kv   8:                          general.languages arr[str,8]       = ["en", "de", "fr", "it", "pt", "hi", ...
llama_model_loader: - kv   9:                          llama.block_count u32              = 16
llama_model_loader: - kv  10:                       llama.context_length u32              = 131072
llama_model_loader: - kv  11:                     llama.embedding_length u32              = 2048
llama_model_loader: - kv  12:                  llama.feed_forward_length u32              = 8192
llama_model_loader: - kv  13:                 llama.attention.head_count u32              = 32
llama_model_loader: - kv  14:              llama.attention.head_count_kv u32              = 8
llama_model_loader: - kv  15:                       llama.rope.freq_base f32              = 500000.000000
llama_model_loader: - kv  16:     llama.attention.layer_norm_rms_epsilon f32              = 0.000010
llama_model_loader: - kv  17:                 llama.attention.key_length u32              = 64
llama_model_loader: - kv  18:               llama.attention.value_length u32              = 64
llama_model_loader: - kv  19:                          general.file_type u32              = 2
llama_model_loader: - kv  20:                           llama.vocab_size u32              = 128256
llama_model_loader: - kv  21:                 llama.rope.dimension_count u32              = 64
llama_model_loader: - kv  22:                       tokenizer.ggml.model str              = gpt2
llama_model_loader: - kv  23:                         tokenizer.ggml.pre str              = llama-bpe
llama_model_loader: - kv  24:                      tokenizer.ggml.tokens arr[str,128256]  = ["!", "\"", "#", "$", "%", "&", "'", ...
llama_model_loader: - kv  25:                  tokenizer.ggml.token_type arr[i32,128256]  = [1, 1, 1, 1, 1, 1, 1, 1, 1, 1, 1, 1, ...
llama_model_loader: - kv  26:                      tokenizer.ggml.merges arr[str,280147]  = ["Ġ Ġ", "Ġ ĠĠĠ", "ĠĠ ĠĠ", "...
llama_model_loader: - kv  27:                tokenizer.ggml.bos_token_id u32              = 128000
llama_model_loader: - kv  28:                tokenizer.ggml.eos_token_id u32              = 128009
llama_model_loader: - kv  29:                    tokenizer.chat_template str              = {{- bos_token }}\n{%- if custom_tools ...
llama_model_loader: - kv  30:               general.quantization_version u32              = 2
llama_model_loader: - kv  31:                      quantize.imatrix.file str              = /models_out/Llama-3.2-1B-Instruct-GGU...
llama_model_loader: - kv  32:                   quantize.imatrix.dataset str              = /training_dir/calibration_datav3.txt
llama_model_loader: - kv  33:             quantize.imatrix.entries_count i32              = 112
llama_model_loader: - kv  34:              quantize.imatrix.chunks_count i32              = 125
llama_model_loader: - type  f32:   34 tensors
llama_model_loader: - type q4_0:  110 tensors
llama_model_loader: - type q4_1:    2 tensors
llama_model_loader: - type q6_K:    1 tensors
print_info: file format = GGUF V3 (latest)
print_info: file type   = Q4_0
print_info: file size   = 729.75 MiB (4.95 BPW) 
load: printing all EOG tokens:
load:   - 128001 ('<|end_of_text|>')
load:   - 128008 ('<|eom_id|>')
load:   - 128009 ('<|eot_id|>')
load: special tokens cache size = 256
load: token to piece cache size = 0.7999 MB
print_info: arch             = llama
print_info: vocab_only       = 0
print_info: n_ctx_train      = 131072
print_info: n_embd           = 2048
print_info: n_layer          = 16
print_info: n_head           = 32
print_info: n_head_kv        = 8
print_info: n_rot            = 64
print_info: n_swa            = 0
print_info: is_swa_any       = 0
print_info: n_embd_head_k    = 64
print_info: n_embd_head_v    = 64
print_info: n_gqa            = 4
print_info: n_embd_k_gqa     = 512
print_info: n_embd_v_gqa     = 512
print_info: f_norm_eps       = 0.0e+00
print_info: f_norm_rms_eps   = 1.0e-05
print_info: f_clamp_kqv      = 0.0e+00
print_info: f_max_alibi_bias = 0.0e+00
print_info: f_logit_scale    = 0.0e+00
print_info: f_attn_scale     = 0.0e+00
print_info: n_ff             = 8192
print_info: n_expert         = 0
print_info: n_expert_used    = 0
print_info: n_expert_groups  = 0
print_info: n_group_used     = 0
print_info: causal attn      = 1
print_info: pooling type     = 0
print_info: rope type        = 0
print_info: rope scaling     = linear
print_info: freq_base_train  = 500000.0
print_info: freq_scale_train = 1
print_info: n_ctx_orig_yarn  = 131072
print_info: rope_finetuned   = unknown
print_info: model type       = 1B
print_info: model params     = 1.24 B
print_info: general.name     = Llama 3.2 1B Instruct
print_info: vocab type       = BPE
print_info: n_vocab          = 128256
print_info: n_merges         = 280147
print_info: BOS token        = 128000 '<|begin_of_text|>'
print_info: EOS token        = 128009 '<|eot_id|>'
print_info: EOT token        = 128001 '<|end_of_text|>'
print_info: EOM token        = 128008 '<|eom_id|>'
print_info: LF token         = 198 'Ċ'
print_info: EOG token        = 128001 '<|end_of_text|>'
print_info: EOG token        = 128008 '<|eom_id|>'
print_info: EOG token        = 128009 '<|eot_id|>'
print_info: max token length = 256
load_tensors: loading model tensors, this can take a while... (mmap = false)
load_tensors: offloading 0 repeating layers to GPU
load_tensors: offloaded 0/17 layers to GPU
load_tensors:          CPU model buffer size =   225.75 MiB
load_tensors:   CPU_REPACK model buffer size =   504.00 MiB
.............................................................
llama_context: constructing llama_context
llama_context: n_seq_max     = 1
llama_context: n_ctx         = 1024
llama_context: n_ctx_seq     = 1024
llama_context: n_batch       = 128
llama_context: n_ubatch      = 128
llama_context: causal_attn   = 1
llama_context: flash_attn    = enabled
llama_context: kv_unified    = false
llama_context: freq_base     = 500000.0
llama_context: freq_scale    = 1
llama_context: n_ctx_seq (1024) < n_ctx_train (131072) -- the full capacity of the model will not be utilized
llama_context:        CPU  output buffer size =     0.49 MiB
llama_kv_cache:        CPU KV buffer size =    24.50 MiB
llama_kv_cache: size =   24.50 MiB (  1024 cells,  16 layers,  1/1 seqs), K (f16):   16.00 MiB, V (q8_0):    8.50 MiB
llama_context:        CPU compute buffer size =    63.62 MiB
llama_context: graph nodes  = 503
llama_context: graph splits = 1
common_init_from_params: added <|end_of_text|> logit bias = -inf
common_init_from_params: added <|eom_id|> logit bias = -inf
common_init_from_params: added <|eot_id|> logit bias = -inf
common_init_from_params: setting dry_penalty_last_n to ctx_size = 1024
common_init_from_params: warming up the model with an empty run - please wait ... (--no-warmup to disable)
main: llama threadpool init, n_threads = 8

system_info: n_threads = 8 (n_threads_batch = 8) / 8 | CPU : NEON = 1 | ARM_FMA = 1 | FP16_VA = 1 | MATMUL_INT8 = 1 | DOTPROD = 1 | REPACK = 1 | 

sampler seed: 256588123
sampler params: 
	repeat_last_n = 64, repeat_penalty = 1.100, frequency_penalty = 0.150, presence_penalty = 0.200
	dry_multiplier = 1.000, dry_base = 1.750, dry_allowed_length = 2, dry_penalty_last_n = 1024
	top_k = 30, top_p = 1.000, min_p = 0.150, xtc_probability = 0.000, xtc_threshold = 0.100, typical_p = 1.000, top_n_sigma = -1.000, temp = 0.400
	mirostat = 0, mirostat_lr = 0.100, mirostat_ent = 5.000
sampler chain: logits -> logit-bias -> penalties -> dry -> top-n-sigma -> top-k -> typical -> top-p -> min-p -> xtc -> temp-ext -> dist 
generate: n_ctx = 1024, n_batch = 128, n_predict = 750, n_keep = 1

llama_perf_sampler_print:    sampling time =     123.11 ms /   146 runs   (    0.84 ms per token,  1185.98 tokens per second)
llama_perf_context_print:        load time =    1458.63 ms
llama_perf_context_print: prompt eval time =      70.31 ms /    20 tokens (    3.52 ms per token,   284.47 tokens per second)
llama_perf_context_print:        eval time =    2311.79 ms /   125 runs   (   18.49 ms per token,    54.07 tokens per second)
llama_perf_context_print:       total time =    2863.57 ms /   145 tokens
llama_perf_context_print:    graphs reused =        124
llama_memory_breakdown_print: | memory breakdown [MiB]                  | total   free    self   model   context   compute    unaccounted |
llama_memory_breakdown_print: |   - GPUOpenCL (QUALCOMM Adreno(TM) 830) |     0 =    0 + (   0 =     0 +       0 +       0) +           0 |
llama_memory_breakdown_print: |   - HTP0 (Hexagon)                      |  2048 = 2048 + (   0 =     0 +       0 +       0) +           0 |
llama_memory_breakdown_print: |   - Host                                |                  313 =   225 +      24 +      63                |
llama_memory_breakdown_print: |   - CPU_REPACK                          |                  504 =   504 +       0 +       0                |
ggml_opencl: selected platform: 'QUALCOMM Snapdragon(TM)'

ggml_opencl: device: 'QUALCOMM Adreno(TM) 830 (OpenCL 3.0 Adreno(TM) 830)'
ggml_opencl: OpenCL driver: OpenCL 3.0 QUALCOMM build: 0800.40.1 Compiler E031.47.18.36
ggml_opencl: vector subgroup broadcast support: true
ggml_opencl: device FP16 support: true
ggml_opencl: mem base addr align: 128
ggml_opencl: max mem alloc size: 1024 MB
ggml_opencl: device max workgroup size: 1024
ggml_opencl: SVM coarse grain buffer support: true
ggml_opencl: SVM fine grain buffer support: true
ggml_opencl: SVM fine grain system support: false
ggml_opencl: SVM atomics support: true
ggml_opencl: flattening quantized weights representation as struct of arrays (GGML_OPENCL_SOA_Q)
ggml_opencl: using kernels optimized for Adreno (GGML_OPENCL_USE_ADRENO_KERNELS)
ggml_opencl: loading OpenCL kernels........................................................................
ggml_opencl: default device: 'QUALCOMM Adreno(TM) 830 (OpenCL 3.0 Adreno(TM) 830)'
ggml-hex: Hexagon backend (experimental) : allocating new registry : ndev 1
ggml-hex: Hexagon Arch version v79
ggml-hex: allocating new session: HTP0
ggml-hex: new session: HTP0 : session-id 0 domain-id 3 uri file:///libggml-htp-v79.so?htp_iface_skel_handle_invoke&_modver=1.0&_dom=cdsp&_session=0 handle 0xb4000072f718e850
build: 0 (unknown) with Android (13324770, +pgo, +bolt, +lto, +mlgo, based on r530567d) clang version 19.0.0 (https://android.googlesource.com/toolchain/llvm-project 97a699bf4812a18fb657c2779f5296a4ab2694d2) for x86_64-unknown-linux-gnu
main: llama backend init
main: load the model and apply lora adapter, if any
llama_model_load_from_file_impl: using device GPUOpenCL (QUALCOMM Adreno(TM) 830) (unknown id) - 0 MiB free
llama_model_load_from_file_impl: using device HTP0 (Hexagon) (unknown id) - 2048 MiB free
llama_model_loader: loaded meta data with 35 key-value pairs and 147 tensors from /data/local/tmp/llama.cpp/../gguf/Llama-3.2-1B-Instruct-Q4_0.gguf (version GGUF V3 (latest))
llama_model_loader: Dumping metadata keys/values. Note: KV overrides do not apply in this output.
llama_model_loader: - kv   0:                       general.architecture str              = llama
llama_model_loader: - kv   1:                               general.type str              = model
llama_model_loader: - kv   2:                               general.name str              = Llama 3.2 1B Instruct
llama_model_loader: - kv   3:                           general.finetune str              = Instruct
llama_model_loader: - kv   4:                           general.basename str              = Llama-3.2
llama_model_loader: - kv   5:                         general.size_label str              = 1B
llama_model_loader: - kv   6:                            general.license str              = llama3.2
llama_model_loader: - kv   7:                               general.tags arr[str,6]       = ["facebook", "meta", "pytorch", "llam...
llama_model_loader: - kv   8:                          general.languages arr[str,8]       = ["en", "de", "fr", "it", "pt", "hi", ...
llama_model_loader: - kv   9:                          llama.block_count u32              = 16
llama_model_loader: - kv  10:                       llama.context_length u32              = 131072
llama_model_loader: - kv  11:                     llama.embedding_length u32              = 2048
llama_model_loader: - kv  12:                  llama.feed_forward_length u32              = 8192
llama_model_loader: - kv  13:                 llama.attention.head_count u32              = 32
llama_model_loader: - kv  14:              llama.attention.head_count_kv u32              = 8
llama_model_loader: - kv  15:                       llama.rope.freq_base f32              = 500000.000000
llama_model_loader: - kv  16:     llama.attention.layer_norm_rms_epsilon f32              = 0.000010
llama_model_loader: - kv  17:                 llama.attention.key_length u32              = 64
llama_model_loader: - kv  18:               llama.attention.value_length u32              = 64
llama_model_loader: - kv  19:                          general.file_type u32              = 2
llama_model_loader: - kv  20:                           llama.vocab_size u32              = 128256
llama_model_loader: - kv  21:                 llama.rope.dimension_count u32              = 64
llama_model_loader: - kv  22:                       tokenizer.ggml.model str              = gpt2
llama_model_loader: - kv  23:                         tokenizer.ggml.pre str              = llama-bpe
llama_model_loader: - kv  24:                      tokenizer.ggml.tokens arr[str,128256]  = ["!", "\"", "#", "$", "%", "&", "'", ...
llama_model_loader: - kv  25:                  tokenizer.ggml.token_type arr[i32,128256]  = [1, 1, 1, 1, 1, 1, 1, 1, 1, 1, 1, 1, ...
llama_model_loader: - kv  26:                      tokenizer.ggml.merges arr[str,280147]  = ["Ġ Ġ", "Ġ ĠĠĠ", "ĠĠ ĠĠ", "...
llama_model_loader: - kv  27:                tokenizer.ggml.bos_token_id u32              = 128000
llama_model_loader: - kv  28:                tokenizer.ggml.eos_token_id u32              = 128009
llama_model_loader: - kv  29:                    tokenizer.chat_template str              = {{- bos_token }}\n{%- if custom_tools ...
llama_model_loader: - kv  30:               general.quantization_version u32              = 2
llama_model_loader: - kv  31:                      quantize.imatrix.file str              = /models_out/Llama-3.2-1B-Instruct-GGU...
llama_model_loader: - kv  32:                   quantize.imatrix.dataset str              = /training_dir/calibration_datav3.txt
llama_model_loader: - kv  33:             quantize.imatrix.entries_count i32              = 112
llama_model_loader: - kv  34:              quantize.imatrix.chunks_count i32              = 125
llama_model_loader: - type  f32:   34 tensors
llama_model_loader: - type q4_0:  110 tensors
llama_model_loader: - type q4_1:    2 tensors
llama_model_loader: - type q6_K:    1 tensors
print_info: file format = GGUF V3 (latest)
print_info: file type   = Q4_0
print_info: file size   = 729.75 MiB (4.95 BPW) 
load: printing all EOG tokens:
load:   - 128001 ('<|end_of_text|>')
load:   - 128008 ('<|eom_id|>')
load:   - 128009 ('<|eot_id|>')
load: special tokens cache size = 256
load: token to piece cache size = 0.7999 MB
print_info: arch             = llama
print_info: vocab_only       = 0
print_info: n_ctx_train      = 131072
print_info: n_embd           = 2048
print_info: n_layer          = 16
print_info: n_head           = 32
print_info: n_head_kv        = 8
print_info: n_rot            = 64
print_info: n_swa            = 0
print_info: is_swa_any       = 0
print_info: n_embd_head_k    = 64
print_info: n_embd_head_v    = 64
print_info: n_gqa            = 4
print_info: n_embd_k_gqa     = 512
print_info: n_embd_v_gqa     = 512
print_info: f_norm_eps       = 0.0e+00
print_info: f_norm_rms_eps   = 1.0e-05
print_info: f_clamp_kqv      = 0.0e+00
print_info: f_max_alibi_bias = 0.0e+00
print_info: f_logit_scale    = 0.0e+00
print_info: f_attn_scale     = 0.0e+00
print_info: n_ff             = 8192
print_info: n_expert         = 0
print_info: n_expert_used    = 0
print_info: n_expert_groups  = 0
print_info: n_group_used     = 0
print_info: causal attn      = 1
print_info: pooling type     = 0
print_info: rope type        = 0
print_info: rope scaling     = linear
print_info: freq_base_train  = 500000.0
print_info: freq_scale_train = 1
print_info: n_ctx_orig_yarn  = 131072
print_info: rope_finetuned   = unknown
print_info: model type       = 1B
print_info: model params     = 1.24 B
print_info: general.name     = Llama 3.2 1B Instruct
print_info: vocab type       = BPE
print_info: n_vocab          = 128256
print_info: n_merges         = 280147
print_info: BOS token        = 128000 '<|begin_of_text|>'
print_info: EOS token        = 128009 '<|eot_id|>'
print_info: EOT token        = 128001 '<|end_of_text|>'
print_info: EOM token        = 128008 '<|eom_id|>'
print_info: LF token         = 198 'Ċ'
print_info: EOG token        = 128001 '<|end_of_text|>'
print_info: EOG token        = 128008 '<|eom_id|>'
print_info: EOG token        = 128009 '<|eot_id|>'
print_info: max token length = 256
load_tensors: loading model tensors, this can take a while... (mmap = false)
load_tensors: offloading 0 repeating layers to GPU
load_tensors: offloaded 0/17 layers to GPU
load_tensors:          CPU model buffer size =   225.75 MiB
load_tensors:   CPU_REPACK model buffer size =   504.00 MiB
.............................................................
llama_context: constructing llama_context
llama_context: n_seq_max     = 1
llama_context: n_ctx         = 1024
llama_context: n_ctx_seq     = 1024
llama_context: n_batch       = 128
llama_context: n_ubatch      = 128
llama_context: causal_attn   = 1
llama_context: flash_attn    = enabled
llama_context: kv_unified    = false
llama_context: freq_base     = 500000.0
llama_context: freq_scale    = 1
llama_context: n_ctx_seq (1024) < n_ctx_train (131072) -- the full capacity of the model will not be utilized
llama_context:        CPU  output buffer size =     0.49 MiB
llama_kv_cache:        CPU KV buffer size =    24.50 MiB
llama_kv_cache: size =   24.50 MiB (  1024 cells,  16 layers,  1/1 seqs), K (f16):   16.00 MiB, V (q8_0):    8.50 MiB
llama_context:        CPU compute buffer size =    63.62 MiB
llama_context: graph nodes  = 503
llama_context: graph splits = 1
common_init_from_params: added <|end_of_text|> logit bias = -inf
common_init_from_params: added <|eom_id|> logit bias = -inf
common_init_from_params: added <|eot_id|> logit bias = -inf
common_init_from_params: setting dry_penalty_last_n to ctx_size = 1024
common_init_from_params: warming up the model with an empty run - please wait ... (--no-warmup to disable)
main: llama threadpool init, n_threads = 8

system_info: n_threads = 8 (n_threads_batch = 8) / 8 | CPU : NEON = 1 | ARM_FMA = 1 | FP16_VA = 1 | MATMUL_INT8 = 1 | DOTPROD = 1 | REPACK = 1 | 

sampler seed: 3415974157
sampler params: 
	repeat_last_n = 64, repeat_penalty = 1.100, frequency_penalty = 0.150, presence_penalty = 0.200
	dry_multiplier = 1.000, dry_base = 1.750, dry_allowed_length = 2, dry_penalty_last_n = 1024
	top_k = 30, top_p = 1.000, min_p = 0.150, xtc_probability = 0.000, xtc_threshold = 0.100, typical_p = 1.000, top_n_sigma = -1.000, temp = 0.400
	mirostat = 0, mirostat_lr = 0.100, mirostat_ent = 5.000
sampler chain: logits -> logit-bias -> penalties -> dry -> top-n-sigma -> top-k -> typical -> top-p -> min-p -> xtc -> temp-ext -> dist 
generate: n_ctx = 1024, n_batch = 128, n_predict = 750, n_keep = 1

llama_perf_sampler_print:    sampling time =     199.41 ms /   283 runs   (    0.70 ms per token,  1419.19 tokens per second)
llama_perf_context_print:        load time =    1282.53 ms
llama_perf_context_print: prompt eval time =     113.81 ms /    26 tokens (    4.38 ms per token,   228.45 tokens per second)
llama_perf_context_print:        eval time =    4297.51 ms /   256 runs   (   16.79 ms per token,    59.57 tokens per second)
llama_perf_context_print:       total time =    4987.35 ms /   282 tokens
llama_perf_context_print:    graphs reused =        254
llama_memory_breakdown_print: | memory breakdown [MiB]                  | total   free    self   model   context   compute    unaccounted |
llama_memory_breakdown_print: |   - GPUOpenCL (QUALCOMM Adreno(TM) 830) |     0 =    0 + (   0 =     0 +       0 +       0) +           0 |
llama_memory_breakdown_print: |   - HTP0 (Hexagon)                      |  2048 = 2048 + (   0 =     0 +       0 +       0) +           0 |
llama_memory_breakdown_print: |   - Host                                |                  313 =   225 +      24 +      63                |
llama_memory_breakdown_print: |   - CPU_REPACK                          |                  504 =   504 +       0 +       0                |
ggml_opencl: selected platform: 'QUALCOMM Snapdragon(TM)'

ggml_opencl: device: 'QUALCOMM Adreno(TM) 830 (OpenCL 3.0 Adreno(TM) 830)'
ggml_opencl: OpenCL driver: OpenCL 3.0 QUALCOMM build: 0800.40.1 Compiler E031.47.18.36
ggml_opencl: vector subgroup broadcast support: true
ggml_opencl: device FP16 support: true
ggml_opencl: mem base addr align: 128
ggml_opencl: max mem alloc size: 1024 MB
ggml_opencl: device max workgroup size: 1024
ggml_opencl: SVM coarse grain buffer support: true
ggml_opencl: SVM fine grain buffer support: true
ggml_opencl: SVM fine grain system support: false
ggml_opencl: SVM atomics support: true
ggml_opencl: flattening quantized weights representation as struct of arrays (GGML_OPENCL_SOA_Q)
ggml_opencl: using kernels optimized for Adreno (GGML_OPENCL_USE_ADRENO_KERNELS)
ggml_opencl: loading OpenCL kernels........................................................................
ggml_opencl: default device: 'QUALCOMM Adreno(TM) 830 (OpenCL 3.0 Adreno(TM) 830)'
ggml-hex: Hexagon backend (experimental) : allocating new registry : ndev 1
ggml-hex: Hexagon Arch version v79
ggml-hex: allocating new session: HTP0
ggml-hex: new session: HTP0 : session-id 0 domain-id 3 uri file:///libggml-htp-v79.so?htp_iface_skel_handle_invoke&_modver=1.0&_dom=cdsp&_session=0 handle 0xb4000072b0fcdb50
build: 0 (unknown) with Android (13324770, +pgo, +bolt, +lto, +mlgo, based on r530567d) clang version 19.0.0 (https://android.googlesource.com/toolchain/llvm-project 97a699bf4812a18fb657c2779f5296a4ab2694d2) for x86_64-unknown-linux-gnu
main: llama backend init
main: load the model and apply lora adapter, if any
llama_model_load_from_file_impl: using device GPUOpenCL (QUALCOMM Adreno(TM) 830) (unknown id) - 0 MiB free
llama_model_load_from_file_impl: using device HTP0 (Hexagon) (unknown id) - 2048 MiB free
llama_model_loader: loaded meta data with 35 key-value pairs and 147 tensors from /data/local/tmp/llama.cpp/../gguf/Llama-3.2-1B-Instruct-Q4_0.gguf (version GGUF V3 (latest))
llama_model_loader: Dumping metadata keys/values. Note: KV overrides do not apply in this output.
llama_model_loader: - kv   0:                       general.architecture str              = llama
llama_model_loader: - kv   1:                               general.type str              = model
llama_model_loader: - kv   2:                               general.name str              = Llama 3.2 1B Instruct
llama_model_loader: - kv   3:                           general.finetune str              = Instruct
llama_model_loader: - kv   4:                           general.basename str              = Llama-3.2
llama_model_loader: - kv   5:                         general.size_label str              = 1B
llama_model_loader: - kv   6:                            general.license str              = llama3.2
llama_model_loader: - kv   7:                               general.tags arr[str,6]       = ["facebook", "meta", "pytorch", "llam...
llama_model_loader: - kv   8:                          general.languages arr[str,8]       = ["en", "de", "fr", "it", "pt", "hi", ...
llama_model_loader: - kv   9:                          llama.block_count u32              = 16
llama_model_loader: - kv  10:                       llama.context_length u32              = 131072
llama_model_loader: - kv  11:                     llama.embedding_length u32              = 2048
llama_model_loader: - kv  12:                  llama.feed_forward_length u32              = 8192
llama_model_loader: - kv  13:                 llama.attention.head_count u32              = 32
llama_model_loader: - kv  14:              llama.attention.head_count_kv u32              = 8
llama_model_loader: - kv  15:                       llama.rope.freq_base f32              = 500000.000000
llama_model_loader: - kv  16:     llama.attention.layer_norm_rms_epsilon f32              = 0.000010
llama_model_loader: - kv  17:                 llama.attention.key_length u32              = 64
llama_model_loader: - kv  18:               llama.attention.value_length u32              = 64
llama_model_loader: - kv  19:                          general.file_type u32              = 2
llama_model_loader: - kv  20:                           llama.vocab_size u32              = 128256
llama_model_loader: - kv  21:                 llama.rope.dimension_count u32              = 64
llama_model_loader: - kv  22:                       tokenizer.ggml.model str              = gpt2
llama_model_loader: - kv  23:                         tokenizer.ggml.pre str              = llama-bpe
llama_model_loader: - kv  24:                      tokenizer.ggml.tokens arr[str,128256]  = ["!", "\"", "#", "$", "%", "&", "'", ...
llama_model_loader: - kv  25:                  tokenizer.ggml.token_type arr[i32,128256]  = [1, 1, 1, 1, 1, 1, 1, 1, 1, 1, 1, 1, ...
llama_model_loader: - kv  26:                      tokenizer.ggml.merges arr[str,280147]  = ["Ġ Ġ", "Ġ ĠĠĠ", "ĠĠ ĠĠ", "...
llama_model_loader: - kv  27:                tokenizer.ggml.bos_token_id u32              = 128000
llama_model_loader: - kv  28:                tokenizer.ggml.eos_token_id u32              = 128009
llama_model_loader: - kv  29:                    tokenizer.chat_template str              = {{- bos_token }}\n{%- if custom_tools ...
llama_model_loader: - kv  30:               general.quantization_version u32              = 2
llama_model_loader: - kv  31:                      quantize.imatrix.file str              = /models_out/Llama-3.2-1B-Instruct-GGU...
llama_model_loader: - kv  32:                   quantize.imatrix.dataset str              = /training_dir/calibration_datav3.txt
llama_model_loader: - kv  33:             quantize.imatrix.entries_count i32              = 112
llama_model_loader: - kv  34:              quantize.imatrix.chunks_count i32              = 125
llama_model_loader: - type  f32:   34 tensors
llama_model_loader: - type q4_0:  110 tensors
llama_model_loader: - type q4_1:    2 tensors
llama_model_loader: - type q6_K:    1 tensors
print_info: file format = GGUF V3 (latest)
print_info: file type   = Q4_0
print_info: file size   = 729.75 MiB (4.95 BPW) 
load: printing all EOG tokens:
load:   - 128001 ('<|end_of_text|>')
load:   - 128008 ('<|eom_id|>')
load:   - 128009 ('<|eot_id|>')
load: special tokens cache size = 256
load: token to piece cache size = 0.7999 MB
print_info: arch             = llama
print_info: vocab_only       = 0
print_info: n_ctx_train      = 131072
print_info: n_embd           = 2048
print_info: n_layer          = 16
print_info: n_head           = 32
print_info: n_head_kv        = 8
print_info: n_rot            = 64
print_info: n_swa            = 0
print_info: is_swa_any       = 0
print_info: n_embd_head_k    = 64
print_info: n_embd_head_v    = 64
print_info: n_gqa            = 4
print_info: n_embd_k_gqa     = 512
print_info: n_embd_v_gqa     = 512
print_info: f_norm_eps       = 0.0e+00
print_info: f_norm_rms_eps   = 1.0e-05
print_info: f_clamp_kqv      = 0.0e+00
print_info: f_max_alibi_bias = 0.0e+00
print_info: f_logit_scale    = 0.0e+00
print_info: f_attn_scale     = 0.0e+00
print_info: n_ff             = 8192
print_info: n_expert         = 0
print_info: n_expert_used    = 0
print_info: n_expert_groups  = 0
print_info: n_group_used     = 0
print_info: causal attn      = 1
print_info: pooling type     = 0
print_info: rope type        = 0
print_info: rope scaling     = linear
print_info: freq_base_train  = 500000.0
print_info: freq_scale_train = 1
print_info: n_ctx_orig_yarn  = 131072
print_info: rope_finetuned   = unknown
print_info: model type       = 1B
print_info: model params     = 1.24 B
print_info: general.name     = Llama 3.2 1B Instruct
print_info: vocab type       = BPE
print_info: n_vocab          = 128256
print_info: n_merges         = 280147
print_info: BOS token        = 128000 '<|begin_of_text|>'
print_info: EOS token        = 128009 '<|eot_id|>'
print_info: EOT token        = 128001 '<|end_of_text|>'
print_info: EOM token        = 128008 '<|eom_id|>'
print_info: LF token         = 198 'Ċ'
print_info: EOG token        = 128001 '<|end_of_text|>'
print_info: EOG token        = 128008 '<|eom_id|>'
print_info: EOG token        = 128009 '<|eot_id|>'
print_info: max token length = 256
load_tensors: loading model tensors, this can take a while... (mmap = false)
load_tensors: offloading 0 repeating layers to GPU
load_tensors: offloaded 0/17 layers to GPU
load_tensors:          CPU model buffer size =   225.75 MiB
load_tensors:   CPU_REPACK model buffer size =   504.00 MiB
.............................................................
llama_context: constructing llama_context
llama_context: n_seq_max     = 1
llama_context: n_ctx         = 1024
llama_context: n_ctx_seq     = 1024
llama_context: n_batch       = 128
llama_context: n_ubatch      = 128
llama_context: causal_attn   = 1
llama_context: flash_attn    = enabled
llama_context: kv_unified    = false
llama_context: freq_base     = 500000.0
llama_context: freq_scale    = 1
llama_context: n_ctx_seq (1024) < n_ctx_train (131072) -- the full capacity of the model will not be utilized
llama_context:        CPU  output buffer size =     0.49 MiB
llama_kv_cache:        CPU KV buffer size =    24.50 MiB
llama_kv_cache: size =   24.50 MiB (  1024 cells,  16 layers,  1/1 seqs), K (f16):   16.00 MiB, V (q8_0):    8.50 MiB
llama_context:        CPU compute buffer size =    63.62 MiB
llama_context: graph nodes  = 503
llama_context: graph splits = 1
common_init_from_params: added <|end_of_text|> logit bias = -inf
common_init_from_params: added <|eom_id|> logit bias = -inf
common_init_from_params: added <|eot_id|> logit bias = -inf
common_init_from_params: setting dry_penalty_last_n to ctx_size = 1024
common_init_from_params: warming up the model with an empty run - please wait ... (--no-warmup to disable)
main: llama threadpool init, n_threads = 8

system_info: n_threads = 8 (n_threads_batch = 8) / 8 | CPU : NEON = 1 | ARM_FMA = 1 | FP16_VA = 1 | MATMUL_INT8 = 1 | DOTPROD = 1 | REPACK = 1 | 

sampler seed: 1406557649
sampler params: 
	repeat_last_n = 64, repeat_penalty = 1.100, frequency_penalty = 0.150, presence_penalty = 0.200
	dry_multiplier = 1.000, dry_base = 1.750, dry_allowed_length = 2, dry_penalty_last_n = 1024
	top_k = 30, top_p = 1.000, min_p = 0.150, xtc_probability = 0.000, xtc_threshold = 0.100, typical_p = 1.000, top_n_sigma = -1.000, temp = 0.400
	mirostat = 0, mirostat_lr = 0.100, mirostat_ent = 5.000
sampler chain: logits -> logit-bias -> penalties -> dry -> top-n-sigma -> top-k -> typical -> top-p -> min-p -> xtc -> temp-ext -> dist 
generate: n_ctx = 1024, n_batch = 128, n_predict = 750, n_keep = 1

llama_perf_sampler_print:    sampling time =     227.54 ms /   266 runs   (    0.86 ms per token,  1169.03 tokens per second)
llama_perf_context_print:        load time =    1207.97 ms
llama_perf_context_print: prompt eval time =     109.97 ms /    27 tokens (    4.07 ms per token,   245.51 tokens per second)
llama_perf_context_print:        eval time =    4504.88 ms /   238 runs   (   18.93 ms per token,    52.83 tokens per second)
llama_perf_context_print:       total time =    5218.00 ms /   265 tokens
llama_perf_context_print:    graphs reused =        236
llama_memory_breakdown_print: | memory breakdown [MiB]                  | total   free    self   model   context   compute    unaccounted |
llama_memory_breakdown_print: |   - GPUOpenCL (QUALCOMM Adreno(TM) 830) |     0 =    0 + (   0 =     0 +       0 +       0) +           0 |
llama_memory_breakdown_print: |   - HTP0 (Hexagon)                      |  2048 = 2048 + (   0 =     0 +       0 +       0) +           0 |
llama_memory_breakdown_print: |   - Host                                |                  313 =   225 +      24 +      63                |
llama_memory_breakdown_print: |   - CPU_REPACK                          |                  504 =   504 +       0 +       0                |
ggml_opencl: selected platform: 'QUALCOMM Snapdragon(TM)'

ggml_opencl: device: 'QUALCOMM Adreno(TM) 830 (OpenCL 3.0 Adreno(TM) 830)'
ggml_opencl: OpenCL driver: OpenCL 3.0 QUALCOMM build: 0800.40.1 Compiler E031.47.18.36
ggml_opencl: vector subgroup broadcast support: true
ggml_opencl: device FP16 support: true
ggml_opencl: mem base addr align: 128
ggml_opencl: max mem alloc size: 1024 MB
ggml_opencl: device max workgroup size: 1024
ggml_opencl: SVM coarse grain buffer support: true
ggml_opencl: SVM fine grain buffer support: true
ggml_opencl: SVM fine grain system support: false
ggml_opencl: SVM atomics support: true
ggml_opencl: flattening quantized weights representation as struct of arrays (GGML_OPENCL_SOA_Q)
ggml_opencl: using kernels optimized for Adreno (GGML_OPENCL_USE_ADRENO_KERNELS)
ggml_opencl: loading OpenCL kernels........................................................................
ggml_opencl: default device: 'QUALCOMM Adreno(TM) 830 (OpenCL 3.0 Adreno(TM) 830)'
ggml-hex: Hexagon backend (experimental) : allocating new registry : ndev 1
ggml-hex: Hexagon Arch version v79
ggml-hex: allocating new session: HTP0
ggml-hex: new session: HTP0 : session-id 0 domain-id 3 uri file:///libggml-htp-v79.so?htp_iface_skel_handle_invoke&_modver=1.0&_dom=cdsp&_session=0 handle 0xb40000712952bc10
build: 0 (unknown) with Android (13324770, +pgo, +bolt, +lto, +mlgo, based on r530567d) clang version 19.0.0 (https://android.googlesource.com/toolchain/llvm-project 97a699bf4812a18fb657c2779f5296a4ab2694d2) for x86_64-unknown-linux-gnu
main: llama backend init
main: load the model and apply lora adapter, if any
llama_model_load_from_file_impl: using device GPUOpenCL (QUALCOMM Adreno(TM) 830) (unknown id) - 0 MiB free
llama_model_load_from_file_impl: using device HTP0 (Hexagon) (unknown id) - 2048 MiB free
llama_model_loader: loaded meta data with 35 key-value pairs and 147 tensors from /data/local/tmp/llama.cpp/../gguf/Llama-3.2-1B-Instruct-Q4_0.gguf (version GGUF V3 (latest))
llama_model_loader: Dumping metadata keys/values. Note: KV overrides do not apply in this output.
llama_model_loader: - kv   0:                       general.architecture str              = llama
llama_model_loader: - kv   1:                               general.type str              = model
llama_model_loader: - kv   2:                               general.name str              = Llama 3.2 1B Instruct
llama_model_loader: - kv   3:                           general.finetune str              = Instruct
llama_model_loader: - kv   4:                           general.basename str              = Llama-3.2
llama_model_loader: - kv   5:                         general.size_label str              = 1B
llama_model_loader: - kv   6:                            general.license str              = llama3.2
llama_model_loader: - kv   7:                               general.tags arr[str,6]       = ["facebook", "meta", "pytorch", "llam...
llama_model_loader: - kv   8:                          general.languages arr[str,8]       = ["en", "de", "fr", "it", "pt", "hi", ...
llama_model_loader: - kv   9:                          llama.block_count u32              = 16
llama_model_loader: - kv  10:                       llama.context_length u32              = 131072
llama_model_loader: - kv  11:                     llama.embedding_length u32              = 2048
llama_model_loader: - kv  12:                  llama.feed_forward_length u32              = 8192
llama_model_loader: - kv  13:                 llama.attention.head_count u32              = 32
llama_model_loader: - kv  14:              llama.attention.head_count_kv u32              = 8
llama_model_loader: - kv  15:                       llama.rope.freq_base f32              = 500000.000000
llama_model_loader: - kv  16:     llama.attention.layer_norm_rms_epsilon f32              = 0.000010
llama_model_loader: - kv  17:                 llama.attention.key_length u32              = 64
llama_model_loader: - kv  18:               llama.attention.value_length u32              = 64
llama_model_loader: - kv  19:                          general.file_type u32              = 2
llama_model_loader: - kv  20:                           llama.vocab_size u32              = 128256
llama_model_loader: - kv  21:                 llama.rope.dimension_count u32              = 64
llama_model_loader: - kv  22:                       tokenizer.ggml.model str              = gpt2
llama_model_loader: - kv  23:                         tokenizer.ggml.pre str              = llama-bpe
llama_model_loader: - kv  24:                      tokenizer.ggml.tokens arr[str,128256]  = ["!", "\"", "#", "$", "%", "&", "'", ...
llama_model_loader: - kv  25:                  tokenizer.ggml.token_type arr[i32,128256]  = [1, 1, 1, 1, 1, 1, 1, 1, 1, 1, 1, 1, ...
llama_model_loader: - kv  26:                      tokenizer.ggml.merges arr[str,280147]  = ["Ġ Ġ", "Ġ ĠĠĠ", "ĠĠ ĠĠ", "...
llama_model_loader: - kv  27:                tokenizer.ggml.bos_token_id u32              = 128000
llama_model_loader: - kv  28:                tokenizer.ggml.eos_token_id u32              = 128009
llama_model_loader: - kv  29:                    tokenizer.chat_template str              = {{- bos_token }}\n{%- if custom_tools ...
llama_model_loader: - kv  30:               general.quantization_version u32              = 2
llama_model_loader: - kv  31:                      quantize.imatrix.file str              = /models_out/Llama-3.2-1B-Instruct-GGU...
llama_model_loader: - kv  32:                   quantize.imatrix.dataset str              = /training_dir/calibration_datav3.txt
llama_model_loader: - kv  33:             quantize.imatrix.entries_count i32              = 112
llama_model_loader: - kv  34:              quantize.imatrix.chunks_count i32              = 125
llama_model_loader: - type  f32:   34 tensors
llama_model_loader: - type q4_0:  110 tensors
llama_model_loader: - type q4_1:    2 tensors
llama_model_loader: - type q6_K:    1 tensors
print_info: file format = GGUF V3 (latest)
print_info: file type   = Q4_0
print_info: file size   = 729.75 MiB (4.95 BPW) 
load: printing all EOG tokens:
load:   - 128001 ('<|end_of_text|>')
load:   - 128008 ('<|eom_id|>')
load:   - 128009 ('<|eot_id|>')
load: special tokens cache size = 256
load: token to piece cache size = 0.7999 MB
print_info: arch             = llama
print_info: vocab_only       = 0
print_info: n_ctx_train      = 131072
print_info: n_embd           = 2048
print_info: n_layer          = 16
print_info: n_head           = 32
print_info: n_head_kv        = 8
print_info: n_rot            = 64
print_info: n_swa            = 0
print_info: is_swa_any       = 0
print_info: n_embd_head_k    = 64
print_info: n_embd_head_v    = 64
print_info: n_gqa            = 4
print_info: n_embd_k_gqa     = 512
print_info: n_embd_v_gqa     = 512
print_info: f_norm_eps       = 0.0e+00
print_info: f_norm_rms_eps   = 1.0e-05
print_info: f_clamp_kqv      = 0.0e+00
print_info: f_max_alibi_bias = 0.0e+00
print_info: f_logit_scale    = 0.0e+00
print_info: f_attn_scale     = 0.0e+00
print_info: n_ff             = 8192
print_info: n_expert         = 0
print_info: n_expert_used    = 0
print_info: n_expert_groups  = 0
print_info: n_group_used     = 0
print_info: causal attn      = 1
print_info: pooling type     = 0
print_info: rope type        = 0
print_info: rope scaling     = linear
print_info: freq_base_train  = 500000.0
print_info: freq_scale_train = 1
print_info: n_ctx_orig_yarn  = 131072
print_info: rope_finetuned   = unknown
print_info: model type       = 1B
print_info: model params     = 1.24 B
print_info: general.name     = Llama 3.2 1B Instruct
print_info: vocab type       = BPE
print_info: n_vocab          = 128256
print_info: n_merges         = 280147
print_info: BOS token        = 128000 '<|begin_of_text|>'
print_info: EOS token        = 128009 '<|eot_id|>'
print_info: EOT token        = 128001 '<|end_of_text|>'
print_info: EOM token        = 128008 '<|eom_id|>'
print_info: LF token         = 198 'Ċ'
print_info: EOG token        = 128001 '<|end_of_text|>'
print_info: EOG token        = 128008 '<|eom_id|>'
print_info: EOG token        = 128009 '<|eot_id|>'
print_info: max token length = 256
load_tensors: loading model tensors, this can take a while... (mmap = false)
load_tensors: offloading 0 repeating layers to GPU
load_tensors: offloaded 0/17 layers to GPU
load_tensors:          CPU model buffer size =   225.75 MiB
load_tensors:   CPU_REPACK model buffer size =   504.00 MiB
.............................................................
llama_context: constructing llama_context
llama_context: n_seq_max     = 1
llama_context: n_ctx         = 1024
llama_context: n_ctx_seq     = 1024
llama_context: n_batch       = 128
llama_context: n_ubatch      = 128
llama_context: causal_attn   = 1
llama_context: flash_attn    = enabled
llama_context: kv_unified    = false
llama_context: freq_base     = 500000.0
llama_context: freq_scale    = 1
llama_context: n_ctx_seq (1024) < n_ctx_train (131072) -- the full capacity of the model will not be utilized
llama_context:        CPU  output buffer size =     0.49 MiB
llama_kv_cache:        CPU KV buffer size =    24.50 MiB
llama_kv_cache: size =   24.50 MiB (  1024 cells,  16 layers,  1/1 seqs), K (f16):   16.00 MiB, V (q8_0):    8.50 MiB
llama_context:        CPU compute buffer size =    63.62 MiB
llama_context: graph nodes  = 503
llama_context: graph splits = 1
common_init_from_params: added <|end_of_text|> logit bias = -inf
common_init_from_params: added <|eom_id|> logit bias = -inf
common_init_from_params: added <|eot_id|> logit bias = -inf
common_init_from_params: setting dry_penalty_last_n to ctx_size = 1024
common_init_from_params: warming up the model with an empty run - please wait ... (--no-warmup to disable)
main: llama threadpool init, n_threads = 8

system_info: n_threads = 8 (n_threads_batch = 8) / 8 | CPU : NEON = 1 | ARM_FMA = 1 | FP16_VA = 1 | MATMUL_INT8 = 1 | DOTPROD = 1 | REPACK = 1 | 

sampler seed: 3794885923
sampler params: 
	repeat_last_n = 64, repeat_penalty = 1.100, frequency_penalty = 0.150, presence_penalty = 0.200
	dry_multiplier = 1.000, dry_base = 1.750, dry_allowed_length = 2, dry_penalty_last_n = 1024
	top_k = 30, top_p = 1.000, min_p = 0.150, xtc_probability = 0.000, xtc_threshold = 0.100, typical_p = 1.000, top_n_sigma = -1.000, temp = 0.400
	mirostat = 0, mirostat_lr = 0.100, mirostat_ent = 5.000
sampler chain: logits -> logit-bias -> penalties -> dry -> top-n-sigma -> top-k -> typical -> top-p -> min-p -> xtc -> temp-ext -> dist 
generate: n_ctx = 1024, n_batch = 128, n_predict = 750, n_keep = 1

llama_perf_sampler_print:    sampling time =     334.59 ms /   463 runs   (    0.72 ms per token,  1383.78 tokens per second)
llama_perf_context_print:        load time =    1484.48 ms
llama_perf_context_print: prompt eval time =      96.84 ms /    23 tokens (    4.21 ms per token,   237.49 tokens per second)
llama_perf_context_print:        eval time =    7568.76 ms /   439 runs   (   17.24 ms per token,    58.00 tokens per second)
llama_perf_context_print:       total time =    8398.02 ms /   462 tokens
llama_perf_context_print:    graphs reused =        437
llama_memory_breakdown_print: | memory breakdown [MiB]                  | total   free    self   model   context   compute    unaccounted |
llama_memory_breakdown_print: |   - GPUOpenCL (QUALCOMM Adreno(TM) 830) |     0 =    0 + (   0 =     0 +       0 +       0) +           0 |
llama_memory_breakdown_print: |   - HTP0 (Hexagon)                      |  2048 = 2048 + (   0 =     0 +       0 +       0) +           0 |
llama_memory_breakdown_print: |   - Host                                |                  313 =   225 +      24 +      63                |
llama_memory_breakdown_print: |   - CPU_REPACK                          |                  504 =   504 +       0 +       0                |
