+ adb shell '   cd /data/local/tmp/llama.cpp; ulimit -c unlimited;            LD_LIBRARY_PATH=/data/local/tmp/llama.cpp/./lib       ADSP_LIBRARY_PATH=/data/local/tmp/llama.cpp/./lib                            ././bin/llama-cli -m /data/local/tmp/llama.cpp/../gguf/qwen2-7b-tinytron-Q4_K_M.gguf               -t 8 --ctx-size 4096 --batch-size 128         -ctk f16 -ctv f16 --temp 1.0 --seed 42         --no-display-prompt -fa on         -ngl 0  -n 250 --context-shift --keep 4 	-sys '\''You are a helpful assistant. Provide truthful, accurate, and concise answers.'\'' 	 -no-cnv' -p '"'\''What happens to you if you eat watermelon seeds? '\''"' -n 250 -t 8 -c 1024 -b 128 -ub 128 -ctk f16 -ctv q8_0 --temp 0.5 --repeat-penalty 1.1 --top-p 1.0 --top-k 50 --keep 4 -fa on --context-shift --poll 50 '--no-mmap '
ggml_opencl: selected platform: 'QUALCOMM Snapdragon(TM)'

ggml_opencl: device: 'QUALCOMM Adreno(TM) 830 (OpenCL 3.0 Adreno(TM) 830)'
ggml_opencl: OpenCL driver: OpenCL 3.0 QUALCOMM build: 0800.40.1 Compiler E031.47.18.36
ggml_opencl: vector subgroup broadcast support: true
ggml_opencl: device FP16 support: true
ggml_opencl: mem base addr align: 128
ggml_opencl: max mem alloc size: 1024 MB
ggml_opencl: device max workgroup size: 1024
ggml_opencl: SVM coarse grain buffer support: true
ggml_opencl: SVM fine grain buffer support: true
ggml_opencl: SVM fine grain system support: false
ggml_opencl: SVM atomics support: true
ggml_opencl: flattening quantized weights representation as struct of arrays (GGML_OPENCL_SOA_Q)
ggml_opencl: using kernels optimized for Adreno (GGML_OPENCL_USE_ADRENO_KERNELS)
ggml_opencl: loading OpenCL kernels........................................................................
ggml_opencl: default device: 'QUALCOMM Adreno(TM) 830 (OpenCL 3.0 Adreno(TM) 830)'
ggml-hex: Hexagon backend (experimental) : allocating new registry : ndev 1
ggml-hex: Hexagon Arch version v79
ggml-hex: allocating new session: HTP0
ggml-hex: new session: HTP0 : session-id 0 domain-id 3 uri file:///libggml-htp-v79.so?htp_iface_skel_handle_invoke&_modver=1.0&_dom=cdsp&_session=0 handle 0xb400007a4f4cc510
build: 6942 (1f5accb8d) with Android (13324770, +pgo, +bolt, +lto, +mlgo, based on r530567d) clang version 19.0.0 (https://android.googlesource.com/toolchain/llvm-project 97a699bf4812a18fb657c2779f5296a4ab2694d2) for x86_64-unknown-linux-gnu
main: llama backend init
main: load the model and apply lora adapter, if any
llama_model_load_from_file_impl: using device GPUOpenCL (QUALCOMM Adreno(TM) 830) (unknown id) - 0 MiB free
llama_model_load_from_file_impl: using device HTP0 (Hexagon) (unknown id) - 2048 MiB free
llama_model_loader: loaded meta data with 23 key-value pairs and 339 tensors from /data/local/tmp/llama.cpp/../gguf/qwen2-7b-tinytron-Q4_K_M.gguf (version GGUF V3 (latest))
llama_model_loader: Dumping metadata keys/values. Note: KV overrides do not apply in this output.
llama_model_loader: - kv   0:                       general.architecture str              = qwen2
llama_model_loader: - kv   1:                               general.type str              = model
llama_model_loader: - kv   2:                               general.name str              = Tinytron
llama_model_loader: - kv   3:                         general.size_label str              = 3.9B
llama_model_loader: - kv   4:                          qwen2.block_count u32              = 28
llama_model_loader: - kv   5:                       qwen2.context_length u32              = 32768
llama_model_loader: - kv   6:                     qwen2.embedding_length u32              = 2560
llama_model_loader: - kv   7:                  qwen2.feed_forward_length u32              = 12288
llama_model_loader: - kv   8:                 qwen2.attention.head_count u32              = 20
llama_model_loader: - kv   9:              qwen2.attention.head_count_kv u32              = 4
llama_model_loader: - kv  10:                       qwen2.rope.freq_base f32              = 1000000.000000
llama_model_loader: - kv  11:     qwen2.attention.layer_norm_rms_epsilon f32              = 0.000001
llama_model_loader: - kv  12:                       tokenizer.ggml.model str              = gpt2
llama_model_loader: - kv  13:                         tokenizer.ggml.pre str              = qwen2
llama_model_loader: - kv  14:                      tokenizer.ggml.tokens arr[str,152064]  = ["!", "\"", "#", "$", "%", "&", "'", ...
llama_model_loader: - kv  15:                  tokenizer.ggml.token_type arr[i32,152064]  = [1, 1, 1, 1, 1, 1, 1, 1, 1, 1, 1, 1, ...
llama_model_loader: - kv  16:                      tokenizer.ggml.merges arr[str,151387]  = ["Ġ Ġ", "ĠĠ ĠĠ", "i n", "Ġ t",...
llama_model_loader: - kv  17:                tokenizer.ggml.eos_token_id u32              = 151645
llama_model_loader: - kv  18:            tokenizer.ggml.padding_token_id u32              = 151643
llama_model_loader: - kv  19:                tokenizer.ggml.bos_token_id u32              = 151643
llama_model_loader: - kv  20:                    tokenizer.chat_template str              = {% for message in messages %}{% if lo...
llama_model_loader: - kv  21:               general.quantization_version u32              = 2
llama_model_loader: - kv  22:                          general.file_type u32              = 15
llama_model_loader: - type  f32:  141 tensors
llama_model_loader: - type q4_K:  169 tensors
llama_model_loader: - type q6_K:   29 tensors
print_info: file format = GGUF V3 (latest)
print_info: file type   = Q4_K - Medium
print_info: file size   = 2.23 GiB (4.95 BPW) 
load: printing all EOG tokens:
load:   - 151643 ('<|endoftext|>')
load:   - 151645 ('<|im_end|>')
load: special tokens cache size = 3
load: token to piece cache size = 0.9308 MB
print_info: arch             = qwen2
print_info: vocab_only       = 0
print_info: n_ctx_train      = 32768
print_info: n_embd           = 2560
print_info: n_layer          = 28
print_info: n_head           = 20
print_info: n_head_kv        = 4
print_info: n_rot            = 128
print_info: n_swa            = 0
print_info: is_swa_any       = 0
print_info: n_embd_head_k    = 128
print_info: n_embd_head_v    = 128
print_info: n_gqa            = 5
print_info: n_embd_k_gqa     = 512
print_info: n_embd_v_gqa     = 512
print_info: f_norm_eps       = 0.0e+00
print_info: f_norm_rms_eps   = 1.0e-06
print_info: f_clamp_kqv      = 0.0e+00
print_info: f_max_alibi_bias = 0.0e+00
print_info: f_logit_scale    = 0.0e+00
print_info: f_attn_scale     = 0.0e+00
print_info: n_ff             = 12288
print_info: n_expert         = 0
print_info: n_expert_used    = 0
print_info: n_expert_groups  = 0
print_info: n_group_used     = 0
print_info: causal attn      = 1
print_info: pooling type     = -1
print_info: rope type        = 2
print_info: rope scaling     = linear
print_info: freq_base_train  = 1000000.0
print_info: freq_scale_train = 1
print_info: n_ctx_orig_yarn  = 32768
print_info: rope_finetuned   = unknown
print_info: model type       = 7B
print_info: model params     = 3.86 B
print_info: general.name     = Tinytron
print_info: vocab type       = BPE
print_info: n_vocab          = 152064
print_info: n_merges         = 151387
print_info: BOS token        = 151643 '<|endoftext|>'
print_info: EOS token        = 151645 '<|im_end|>'
print_info: EOT token        = 151645 '<|im_end|>'
print_info: PAD token        = 151643 '<|endoftext|>'
print_info: LF token         = 198 'Ċ'
print_info: EOG token        = 151643 '<|endoftext|>'
print_info: EOG token        = 151645 '<|im_end|>'
print_info: max token length = 256
load_tensors: loading model tensors, this can take a while... (mmap = false)
load_tensors: offloading 0 repeating layers to GPU
load_tensors: offloaded 0/29 layers to GPU
load_tensors:          CPU model buffer size =  2280.85 MiB
................................................................................
llama_context: constructing llama_context
llama_context: n_seq_max     = 1
llama_context: n_ctx         = 1024
llama_context: n_ctx_seq     = 1024
llama_context: n_batch       = 128
llama_context: n_ubatch      = 128
llama_context: causal_attn   = 1
llama_context: flash_attn    = enabled
llama_context: kv_unified    = false
llama_context: freq_base     = 1000000.0
llama_context: freq_scale    = 1
llama_context: n_ctx_seq (1024) < n_ctx_train (32768) -- the full capacity of the model will not be utilized
llama_context:        CPU  output buffer size =     0.58 MiB
llama_kv_cache:        CPU KV buffer size =    42.88 MiB
llama_kv_cache: size =   42.88 MiB (  1024 cells,  28 layers,  1/1 seqs), K (f16):   28.00 MiB, V (q8_0):   14.88 MiB
llama_context:        CPU compute buffer size =    75.50 MiB
llama_context: graph nodes  = 959
llama_context: graph splits = 1
common_init_from_params: added <|endoftext|> logit bias = -inf
common_init_from_params: added <|im_end|> logit bias = -inf
common_init_from_params: setting dry_penalty_last_n to ctx_size = 1024
common_init_from_params: warming up the model with an empty run - please wait ... (--no-warmup to disable)
main: llama threadpool init, n_threads = 8

system_info: n_threads = 8 (n_threads_batch = 8) / 8 | CPU : NEON = 1 | ARM_FMA = 1 | FP16_VA = 1 | MATMUL_INT8 = 1 | DOTPROD = 1 | REPACK = 1 | 

sampler seed: 42
sampler params: 
	repeat_last_n = 64, repeat_penalty = 1.100, frequency_penalty = 0.000, presence_penalty = 0.000
	dry_multiplier = 0.000, dry_base = 1.750, dry_allowed_length = 2, dry_penalty_last_n = 1024
	top_k = 50, top_p = 1.000, min_p = 0.050, xtc_probability = 0.000, xtc_threshold = 0.100, typical_p = 1.000, top_n_sigma = -1.000, temp = 0.500
	mirostat = 0, mirostat_lr = 0.100, mirostat_ent = 5.000
sampler chain: logits -> logit-bias -> penalties -> dry -> top-n-sigma -> top-k -> typical -> top-p -> min-p -> xtc -> temp-ext -> dist 
generate: n_ctx = 1024, n_batch = 128, n_predict = 250, n_keep = 4

llama_perf_sampler_print:    sampling time =     144.76 ms /   250 runs   (    0.58 ms per token,  1726.95 tokens per second)
llama_perf_context_print:        load time =    1424.69 ms
llama_perf_context_print: prompt eval time =     371.04 ms /    13 tokens (   28.54 ms per token,    35.04 tokens per second)
llama_perf_context_print:        eval time =   10055.18 ms /   236 runs   (   42.61 ms per token,    23.47 tokens per second)
llama_perf_context_print:       total time =   10601.45 ms /   249 tokens
llama_perf_context_print:    graphs reused =        235
llama_memory_breakdown_print: | memory breakdown [MiB]                  | total   free    self   model   context   compute    unaccounted |
llama_memory_breakdown_print: |   - GPUOpenCL (QUALCOMM Adreno(TM) 830) |     0 =    0 + (   0 =     0 +       0 +       0) +           0 |
llama_memory_breakdown_print: |   - HTP0 (Hexagon)                      |  2048 = 2048 + (   0 =     0 +       0 +       0) +           0 |
llama_memory_breakdown_print: |   - Host                                |                 2399 =  2280 +      42 +      75                |
+ adb shell '   cd /data/local/tmp/llama.cpp; ulimit -c unlimited;            LD_LIBRARY_PATH=/data/local/tmp/llama.cpp/./lib       ADSP_LIBRARY_PATH=/data/local/tmp/llama.cpp/./lib                            ././bin/llama-cli -m /data/local/tmp/llama.cpp/../gguf/qwen2-7b-tinytron-Q4_K_M.gguf               -t 8 --ctx-size 4096 --batch-size 128         -ctk f16 -ctv f16 --temp 1.0 --seed 42         --no-display-prompt -fa on         -ngl 0  -n 250 --context-shift --keep 4 	-sys '\''You are a helpful assistant. Provide truthful, accurate, and concise answers.'\'' 	 -no-cnv' -p '"'\''Where did fortune cookies originate? '\''"' -n 250 -t 8 -c 1024 -b 128 -ub 128 -ctk f16 -ctv q8_0 --temp 0.5 --repeat-penalty 1.1 --top-p 1.0 --top-k 50 --keep 4 -fa on --context-shift --poll 50 '--no-mmap '
ggml_opencl: selected platform: 'QUALCOMM Snapdragon(TM)'

ggml_opencl: device: 'QUALCOMM Adreno(TM) 830 (OpenCL 3.0 Adreno(TM) 830)'
ggml_opencl: OpenCL driver: OpenCL 3.0 QUALCOMM build: 0800.40.1 Compiler E031.47.18.36
ggml_opencl: vector subgroup broadcast support: true
ggml_opencl: device FP16 support: true
ggml_opencl: mem base addr align: 128
ggml_opencl: max mem alloc size: 1024 MB
ggml_opencl: device max workgroup size: 1024
ggml_opencl: SVM coarse grain buffer support: true
ggml_opencl: SVM fine grain buffer support: true
ggml_opencl: SVM fine grain system support: false
ggml_opencl: SVM atomics support: true
ggml_opencl: flattening quantized weights representation as struct of arrays (GGML_OPENCL_SOA_Q)
ggml_opencl: using kernels optimized for Adreno (GGML_OPENCL_USE_ADRENO_KERNELS)
ggml_opencl: loading OpenCL kernels........................................................................
ggml_opencl: default device: 'QUALCOMM Adreno(TM) 830 (OpenCL 3.0 Adreno(TM) 830)'
ggml-hex: Hexagon backend (experimental) : allocating new registry : ndev 1
ggml-hex: Hexagon Arch version v79
ggml-hex: allocating new session: HTP0
ggml-hex: new session: HTP0 : session-id 0 domain-id 3 uri file:///libggml-htp-v79.so?htp_iface_skel_handle_invoke&_modver=1.0&_dom=cdsp&_session=0 handle 0xb400006f7fcfb090
build: 6942 (1f5accb8d) with Android (13324770, +pgo, +bolt, +lto, +mlgo, based on r530567d) clang version 19.0.0 (https://android.googlesource.com/toolchain/llvm-project 97a699bf4812a18fb657c2779f5296a4ab2694d2) for x86_64-unknown-linux-gnu
main: llama backend init
main: load the model and apply lora adapter, if any
llama_model_load_from_file_impl: using device GPUOpenCL (QUALCOMM Adreno(TM) 830) (unknown id) - 0 MiB free
llama_model_load_from_file_impl: using device HTP0 (Hexagon) (unknown id) - 2048 MiB free
llama_model_loader: loaded meta data with 23 key-value pairs and 339 tensors from /data/local/tmp/llama.cpp/../gguf/qwen2-7b-tinytron-Q4_K_M.gguf (version GGUF V3 (latest))
llama_model_loader: Dumping metadata keys/values. Note: KV overrides do not apply in this output.
llama_model_loader: - kv   0:                       general.architecture str              = qwen2
llama_model_loader: - kv   1:                               general.type str              = model
llama_model_loader: - kv   2:                               general.name str              = Tinytron
llama_model_loader: - kv   3:                         general.size_label str              = 3.9B
llama_model_loader: - kv   4:                          qwen2.block_count u32              = 28
llama_model_loader: - kv   5:                       qwen2.context_length u32              = 32768
llama_model_loader: - kv   6:                     qwen2.embedding_length u32              = 2560
llama_model_loader: - kv   7:                  qwen2.feed_forward_length u32              = 12288
llama_model_loader: - kv   8:                 qwen2.attention.head_count u32              = 20
llama_model_loader: - kv   9:              qwen2.attention.head_count_kv u32              = 4
llama_model_loader: - kv  10:                       qwen2.rope.freq_base f32              = 1000000.000000
llama_model_loader: - kv  11:     qwen2.attention.layer_norm_rms_epsilon f32              = 0.000001
llama_model_loader: - kv  12:                       tokenizer.ggml.model str              = gpt2
llama_model_loader: - kv  13:                         tokenizer.ggml.pre str              = qwen2
llama_model_loader: - kv  14:                      tokenizer.ggml.tokens arr[str,152064]  = ["!", "\"", "#", "$", "%", "&", "'", ...
llama_model_loader: - kv  15:                  tokenizer.ggml.token_type arr[i32,152064]  = [1, 1, 1, 1, 1, 1, 1, 1, 1, 1, 1, 1, ...
llama_model_loader: - kv  16:                      tokenizer.ggml.merges arr[str,151387]  = ["Ġ Ġ", "ĠĠ ĠĠ", "i n", "Ġ t",...
llama_model_loader: - kv  17:                tokenizer.ggml.eos_token_id u32              = 151645
llama_model_loader: - kv  18:            tokenizer.ggml.padding_token_id u32              = 151643
llama_model_loader: - kv  19:                tokenizer.ggml.bos_token_id u32              = 151643
llama_model_loader: - kv  20:                    tokenizer.chat_template str              = {% for message in messages %}{% if lo...
llama_model_loader: - kv  21:               general.quantization_version u32              = 2
llama_model_loader: - kv  22:                          general.file_type u32              = 15
llama_model_loader: - type  f32:  141 tensors
llama_model_loader: - type q4_K:  169 tensors
llama_model_loader: - type q6_K:   29 tensors
print_info: file format = GGUF V3 (latest)
print_info: file type   = Q4_K - Medium
print_info: file size   = 2.23 GiB (4.95 BPW) 
load: printing all EOG tokens:
load:   - 151643 ('<|endoftext|>')
load:   - 151645 ('<|im_end|>')
load: special tokens cache size = 3
load: token to piece cache size = 0.9308 MB
print_info: arch             = qwen2
print_info: vocab_only       = 0
print_info: n_ctx_train      = 32768
print_info: n_embd           = 2560
print_info: n_layer          = 28
print_info: n_head           = 20
print_info: n_head_kv        = 4
print_info: n_rot            = 128
print_info: n_swa            = 0
print_info: is_swa_any       = 0
print_info: n_embd_head_k    = 128
print_info: n_embd_head_v    = 128
print_info: n_gqa            = 5
print_info: n_embd_k_gqa     = 512
print_info: n_embd_v_gqa     = 512
print_info: f_norm_eps       = 0.0e+00
print_info: f_norm_rms_eps   = 1.0e-06
print_info: f_clamp_kqv      = 0.0e+00
print_info: f_max_alibi_bias = 0.0e+00
print_info: f_logit_scale    = 0.0e+00
print_info: f_attn_scale     = 0.0e+00
print_info: n_ff             = 12288
print_info: n_expert         = 0
print_info: n_expert_used    = 0
print_info: n_expert_groups  = 0
print_info: n_group_used     = 0
print_info: causal attn      = 1
print_info: pooling type     = -1
print_info: rope type        = 2
print_info: rope scaling     = linear
print_info: freq_base_train  = 1000000.0
print_info: freq_scale_train = 1
print_info: n_ctx_orig_yarn  = 32768
print_info: rope_finetuned   = unknown
print_info: model type       = 7B
print_info: model params     = 3.86 B
print_info: general.name     = Tinytron
print_info: vocab type       = BPE
print_info: n_vocab          = 152064
print_info: n_merges         = 151387
print_info: BOS token        = 151643 '<|endoftext|>'
print_info: EOS token        = 151645 '<|im_end|>'
print_info: EOT token        = 151645 '<|im_end|>'
print_info: PAD token        = 151643 '<|endoftext|>'
print_info: LF token         = 198 'Ċ'
print_info: EOG token        = 151643 '<|endoftext|>'
print_info: EOG token        = 151645 '<|im_end|>'
print_info: max token length = 256
load_tensors: loading model tensors, this can take a while... (mmap = false)
load_tensors: offloading 0 repeating layers to GPU
load_tensors: offloaded 0/29 layers to GPU
load_tensors:          CPU model buffer size =  2280.85 MiB
................................................................................
llama_context: constructing llama_context
llama_context: n_seq_max     = 1
llama_context: n_ctx         = 1024
llama_context: n_ctx_seq     = 1024
llama_context: n_batch       = 128
llama_context: n_ubatch      = 128
llama_context: causal_attn   = 1
llama_context: flash_attn    = enabled
llama_context: kv_unified    = false
llama_context: freq_base     = 1000000.0
llama_context: freq_scale    = 1
llama_context: n_ctx_seq (1024) < n_ctx_train (32768) -- the full capacity of the model will not be utilized
llama_context:        CPU  output buffer size =     0.58 MiB
llama_kv_cache:        CPU KV buffer size =    42.88 MiB
llama_kv_cache: size =   42.88 MiB (  1024 cells,  28 layers,  1/1 seqs), K (f16):   28.00 MiB, V (q8_0):   14.88 MiB
llama_context:        CPU compute buffer size =    75.50 MiB
llama_context: graph nodes  = 959
llama_context: graph splits = 1
common_init_from_params: added <|endoftext|> logit bias = -inf
common_init_from_params: added <|im_end|> logit bias = -inf
common_init_from_params: setting dry_penalty_last_n to ctx_size = 1024
common_init_from_params: warming up the model with an empty run - please wait ... (--no-warmup to disable)
main: llama threadpool init, n_threads = 8

system_info: n_threads = 8 (n_threads_batch = 8) / 8 | CPU : NEON = 1 | ARM_FMA = 1 | FP16_VA = 1 | MATMUL_INT8 = 1 | DOTPROD = 1 | REPACK = 1 | 

sampler seed: 42
sampler params: 
	repeat_last_n = 64, repeat_penalty = 1.100, frequency_penalty = 0.000, presence_penalty = 0.000
	dry_multiplier = 0.000, dry_base = 1.750, dry_allowed_length = 2, dry_penalty_last_n = 1024
	top_k = 50, top_p = 1.000, min_p = 0.050, xtc_probability = 0.000, xtc_threshold = 0.100, typical_p = 1.000, top_n_sigma = -1.000, temp = 0.500
	mirostat = 0, mirostat_lr = 0.100, mirostat_ent = 5.000
sampler chain: logits -> logit-bias -> penalties -> dry -> top-n-sigma -> top-k -> typical -> top-p -> min-p -> xtc -> temp-ext -> dist 
generate: n_ctx = 1024, n_batch = 128, n_predict = 250, n_keep = 4

llama_perf_sampler_print:    sampling time =     156.34 ms /   258 runs   (    0.61 ms per token,  1650.20 tokens per second)
llama_perf_context_print:        load time =    1463.39 ms
llama_perf_context_print: prompt eval time =     161.90 ms /     8 tokens (   20.24 ms per token,    49.41 tokens per second)
llama_perf_context_print:        eval time =   10639.43 ms /   249 runs   (   42.73 ms per token,    23.40 tokens per second)
llama_perf_context_print:       total time =   10993.31 ms /   257 tokens
llama_perf_context_print:    graphs reused =        247
llama_memory_breakdown_print: | memory breakdown [MiB]                  | total   free    self   model   context   compute    unaccounted |
llama_memory_breakdown_print: |   - GPUOpenCL (QUALCOMM Adreno(TM) 830) |     0 =    0 + (   0 =     0 +       0 +       0) +           0 |
llama_memory_breakdown_print: |   - HTP0 (Hexagon)                      |  2048 = 2048 + (   0 =     0 +       0 +       0) +           0 |
llama_memory_breakdown_print: |   - Host                                |                 2399 =  2280 +      42 +      75                |
+ adb shell '   cd /data/local/tmp/llama.cpp; ulimit -c unlimited;            LD_LIBRARY_PATH=/data/local/tmp/llama.cpp/./lib       ADSP_LIBRARY_PATH=/data/local/tmp/llama.cpp/./lib                            ././bin/llama-cli -m /data/local/tmp/llama.cpp/../gguf/qwen2-7b-tinytron-Q4_K_M.gguf               -t 8 --ctx-size 4096 --batch-size 128         -ctk f16 -ctv f16 --temp 1.0 --seed 42         --no-display-prompt -fa on         -ngl 0  -n 250 --context-shift --keep 4 	-sys '\''You are a helpful assistant. Provide truthful, accurate, and concise answers.'\'' 	 -no-cnv' -p '"'\''Why do veins appear blue? '\''"' -n 250 -t 8 -c 1024 -b 128 -ub 128 -ctk f16 -ctv q8_0 --temp 0.5 --repeat-penalty 1.1 --top-p 1.0 --top-k 50 --keep 4 -fa on --context-shift --poll 50 '--no-mmap '
ggml_opencl: selected platform: 'QUALCOMM Snapdragon(TM)'

ggml_opencl: device: 'QUALCOMM Adreno(TM) 830 (OpenCL 3.0 Adreno(TM) 830)'
ggml_opencl: OpenCL driver: OpenCL 3.0 QUALCOMM build: 0800.40.1 Compiler E031.47.18.36
ggml_opencl: vector subgroup broadcast support: true
ggml_opencl: device FP16 support: true
ggml_opencl: mem base addr align: 128
ggml_opencl: max mem alloc size: 1024 MB
ggml_opencl: device max workgroup size: 1024
ggml_opencl: SVM coarse grain buffer support: true
ggml_opencl: SVM fine grain buffer support: true
ggml_opencl: SVM fine grain system support: false
ggml_opencl: SVM atomics support: true
ggml_opencl: flattening quantized weights representation as struct of arrays (GGML_OPENCL_SOA_Q)
ggml_opencl: using kernels optimized for Adreno (GGML_OPENCL_USE_ADRENO_KERNELS)
ggml_opencl: loading OpenCL kernels........................................................................
ggml_opencl: default device: 'QUALCOMM Adreno(TM) 830 (OpenCL 3.0 Adreno(TM) 830)'
ggml-hex: Hexagon backend (experimental) : allocating new registry : ndev 1
ggml-hex: Hexagon Arch version v79
ggml-hex: allocating new session: HTP0
ggml-hex: new session: HTP0 : session-id 0 domain-id 3 uri file:///libggml-htp-v79.so?htp_iface_skel_handle_invoke&_modver=1.0&_dom=cdsp&_session=0 handle 0xb400006eb57417d0
build: 6942 (1f5accb8d) with Android (13324770, +pgo, +bolt, +lto, +mlgo, based on r530567d) clang version 19.0.0 (https://android.googlesource.com/toolchain/llvm-project 97a699bf4812a18fb657c2779f5296a4ab2694d2) for x86_64-unknown-linux-gnu
main: llama backend init
main: load the model and apply lora adapter, if any
llama_model_load_from_file_impl: using device GPUOpenCL (QUALCOMM Adreno(TM) 830) (unknown id) - 0 MiB free
llama_model_load_from_file_impl: using device HTP0 (Hexagon) (unknown id) - 2048 MiB free
llama_model_loader: loaded meta data with 23 key-value pairs and 339 tensors from /data/local/tmp/llama.cpp/../gguf/qwen2-7b-tinytron-Q4_K_M.gguf (version GGUF V3 (latest))
llama_model_loader: Dumping metadata keys/values. Note: KV overrides do not apply in this output.
llama_model_loader: - kv   0:                       general.architecture str              = qwen2
llama_model_loader: - kv   1:                               general.type str              = model
llama_model_loader: - kv   2:                               general.name str              = Tinytron
llama_model_loader: - kv   3:                         general.size_label str              = 3.9B
llama_model_loader: - kv   4:                          qwen2.block_count u32              = 28
llama_model_loader: - kv   5:                       qwen2.context_length u32              = 32768
llama_model_loader: - kv   6:                     qwen2.embedding_length u32              = 2560
llama_model_loader: - kv   7:                  qwen2.feed_forward_length u32              = 12288
llama_model_loader: - kv   8:                 qwen2.attention.head_count u32              = 20
llama_model_loader: - kv   9:              qwen2.attention.head_count_kv u32              = 4
llama_model_loader: - kv  10:                       qwen2.rope.freq_base f32              = 1000000.000000
llama_model_loader: - kv  11:     qwen2.attention.layer_norm_rms_epsilon f32              = 0.000001
llama_model_loader: - kv  12:                       tokenizer.ggml.model str              = gpt2
llama_model_loader: - kv  13:                         tokenizer.ggml.pre str              = qwen2
llama_model_loader: - kv  14:                      tokenizer.ggml.tokens arr[str,152064]  = ["!", "\"", "#", "$", "%", "&", "'", ...
llama_model_loader: - kv  15:                  tokenizer.ggml.token_type arr[i32,152064]  = [1, 1, 1, 1, 1, 1, 1, 1, 1, 1, 1, 1, ...
llama_model_loader: - kv  16:                      tokenizer.ggml.merges arr[str,151387]  = ["Ġ Ġ", "ĠĠ ĠĠ", "i n", "Ġ t",...
llama_model_loader: - kv  17:                tokenizer.ggml.eos_token_id u32              = 151645
llama_model_loader: - kv  18:            tokenizer.ggml.padding_token_id u32              = 151643
llama_model_loader: - kv  19:                tokenizer.ggml.bos_token_id u32              = 151643
llama_model_loader: - kv  20:                    tokenizer.chat_template str              = {% for message in messages %}{% if lo...
llama_model_loader: - kv  21:               general.quantization_version u32              = 2
llama_model_loader: - kv  22:                          general.file_type u32              = 15
llama_model_loader: - type  f32:  141 tensors
llama_model_loader: - type q4_K:  169 tensors
llama_model_loader: - type q6_K:   29 tensors
print_info: file format = GGUF V3 (latest)
print_info: file type   = Q4_K - Medium
print_info: file size   = 2.23 GiB (4.95 BPW) 
load: printing all EOG tokens:
load:   - 151643 ('<|endoftext|>')
load:   - 151645 ('<|im_end|>')
load: special tokens cache size = 3
load: token to piece cache size = 0.9308 MB
print_info: arch             = qwen2
print_info: vocab_only       = 0
print_info: n_ctx_train      = 32768
print_info: n_embd           = 2560
print_info: n_layer          = 28
print_info: n_head           = 20
print_info: n_head_kv        = 4
print_info: n_rot            = 128
print_info: n_swa            = 0
print_info: is_swa_any       = 0
print_info: n_embd_head_k    = 128
print_info: n_embd_head_v    = 128
print_info: n_gqa            = 5
print_info: n_embd_k_gqa     = 512
print_info: n_embd_v_gqa     = 512
print_info: f_norm_eps       = 0.0e+00
print_info: f_norm_rms_eps   = 1.0e-06
print_info: f_clamp_kqv      = 0.0e+00
print_info: f_max_alibi_bias = 0.0e+00
print_info: f_logit_scale    = 0.0e+00
print_info: f_attn_scale     = 0.0e+00
print_info: n_ff             = 12288
print_info: n_expert         = 0
print_info: n_expert_used    = 0
print_info: n_expert_groups  = 0
print_info: n_group_used     = 0
print_info: causal attn      = 1
print_info: pooling type     = -1
print_info: rope type        = 2
print_info: rope scaling     = linear
print_info: freq_base_train  = 1000000.0
print_info: freq_scale_train = 1
print_info: n_ctx_orig_yarn  = 32768
print_info: rope_finetuned   = unknown
print_info: model type       = 7B
print_info: model params     = 3.86 B
print_info: general.name     = Tinytron
print_info: vocab type       = BPE
print_info: n_vocab          = 152064
print_info: n_merges         = 151387
print_info: BOS token        = 151643 '<|endoftext|>'
print_info: EOS token        = 151645 '<|im_end|>'
print_info: EOT token        = 151645 '<|im_end|>'
print_info: PAD token        = 151643 '<|endoftext|>'
print_info: LF token         = 198 'Ċ'
print_info: EOG token        = 151643 '<|endoftext|>'
print_info: EOG token        = 151645 '<|im_end|>'
print_info: max token length = 256
load_tensors: loading model tensors, this can take a while... (mmap = false)
load_tensors: offloading 0 repeating layers to GPU
load_tensors: offloaded 0/29 layers to GPU
load_tensors:          CPU model buffer size =  2280.85 MiB
................................................................................
llama_context: constructing llama_context
llama_context: n_seq_max     = 1
llama_context: n_ctx         = 1024
llama_context: n_ctx_seq     = 1024
llama_context: n_batch       = 128
llama_context: n_ubatch      = 128
llama_context: causal_attn   = 1
llama_context: flash_attn    = enabled
llama_context: kv_unified    = false
llama_context: freq_base     = 1000000.0
llama_context: freq_scale    = 1
llama_context: n_ctx_seq (1024) < n_ctx_train (32768) -- the full capacity of the model will not be utilized
llama_context:        CPU  output buffer size =     0.58 MiB
llama_kv_cache:        CPU KV buffer size =    42.88 MiB
llama_kv_cache: size =   42.88 MiB (  1024 cells,  28 layers,  1/1 seqs), K (f16):   28.00 MiB, V (q8_0):   14.88 MiB
llama_context:        CPU compute buffer size =    75.50 MiB
llama_context: graph nodes  = 959
llama_context: graph splits = 1
common_init_from_params: added <|endoftext|> logit bias = -inf
common_init_from_params: added <|im_end|> logit bias = -inf
common_init_from_params: setting dry_penalty_last_n to ctx_size = 1024
common_init_from_params: warming up the model with an empty run - please wait ... (--no-warmup to disable)
main: llama threadpool init, n_threads = 8

system_info: n_threads = 8 (n_threads_batch = 8) / 8 | CPU : NEON = 1 | ARM_FMA = 1 | FP16_VA = 1 | MATMUL_INT8 = 1 | DOTPROD = 1 | REPACK = 1 | 

sampler seed: 42
sampler params: 
	repeat_last_n = 64, repeat_penalty = 1.100, frequency_penalty = 0.000, presence_penalty = 0.000
	dry_multiplier = 0.000, dry_base = 1.750, dry_allowed_length = 2, dry_penalty_last_n = 1024
	top_k = 50, top_p = 1.000, min_p = 0.050, xtc_probability = 0.000, xtc_threshold = 0.100, typical_p = 1.000, top_n_sigma = -1.000, temp = 0.500
	mirostat = 0, mirostat_lr = 0.100, mirostat_ent = 5.000
sampler chain: logits -> logit-bias -> penalties -> dry -> top-n-sigma -> top-k -> typical -> top-p -> min-p -> xtc -> temp-ext -> dist 
generate: n_ctx = 1024, n_batch = 128, n_predict = 250, n_keep = 4

llama_perf_sampler_print:    sampling time =     170.44 ms /   258 runs   (    0.66 ms per token,  1513.77 tokens per second)
llama_perf_context_print:        load time =    2024.48 ms
llama_perf_context_print: prompt eval time =     226.52 ms /     8 tokens (   28.32 ms per token,    35.32 tokens per second)
llama_perf_context_print:        eval time =   11656.55 ms /   249 runs   (   46.81 ms per token,    21.36 tokens per second)
llama_perf_context_print:       total time =   12091.27 ms /   257 tokens
llama_perf_context_print:    graphs reused =        247
llama_memory_breakdown_print: | memory breakdown [MiB]                  | total   free    self   model   context   compute    unaccounted |
llama_memory_breakdown_print: |   - GPUOpenCL (QUALCOMM Adreno(TM) 830) |     0 =    0 + (   0 =     0 +       0 +       0) +           0 |
llama_memory_breakdown_print: |   - HTP0 (Hexagon)                      |  2048 = 2048 + (   0 =     0 +       0 +       0) +           0 |
llama_memory_breakdown_print: |   - Host                                |                 2399 =  2280 +      42 +      75                |
+ adb shell '   cd /data/local/tmp/llama.cpp; ulimit -c unlimited;            LD_LIBRARY_PATH=/data/local/tmp/llama.cpp/./lib       ADSP_LIBRARY_PATH=/data/local/tmp/llama.cpp/./lib                            ././bin/llama-cli -m /data/local/tmp/llama.cpp/../gguf/qwen2-7b-tinytron-Q4_K_M.gguf               -t 8 --ctx-size 4096 --batch-size 128         -ctk f16 -ctv f16 --temp 1.0 --seed 42         --no-display-prompt -fa on         -ngl 0  -n 250 --context-shift --keep 4 	-sys '\''You are a helpful assistant. Provide truthful, accurate, and concise answers.'\'' 	 -no-cnv' -p '"'\''What is the spiciest part of a chili pepper? '\''"' -n 250 -t 8 -c 1024 -b 128 -ub 128 -ctk f16 -ctv q8_0 --temp 0.5 --repeat-penalty 1.1 --top-p 1.0 --top-k 50 --keep 4 -fa on --context-shift --poll 50 '--no-mmap '
ggml_opencl: selected platform: 'QUALCOMM Snapdragon(TM)'

ggml_opencl: device: 'QUALCOMM Adreno(TM) 830 (OpenCL 3.0 Adreno(TM) 830)'
ggml_opencl: OpenCL driver: OpenCL 3.0 QUALCOMM build: 0800.40.1 Compiler E031.47.18.36
ggml_opencl: vector subgroup broadcast support: true
ggml_opencl: device FP16 support: true
ggml_opencl: mem base addr align: 128
ggml_opencl: max mem alloc size: 1024 MB
ggml_opencl: device max workgroup size: 1024
ggml_opencl: SVM coarse grain buffer support: true
ggml_opencl: SVM fine grain buffer support: true
ggml_opencl: SVM fine grain system support: false
ggml_opencl: SVM atomics support: true
ggml_opencl: flattening quantized weights representation as struct of arrays (GGML_OPENCL_SOA_Q)
ggml_opencl: using kernels optimized for Adreno (GGML_OPENCL_USE_ADRENO_KERNELS)
ggml_opencl: loading OpenCL kernels........................................................................
ggml_opencl: default device: 'QUALCOMM Adreno(TM) 830 (OpenCL 3.0 Adreno(TM) 830)'
ggml-hex: Hexagon backend (experimental) : allocating new registry : ndev 1
ggml-hex: Hexagon Arch version v79
ggml-hex: allocating new session: HTP0
ggml-hex: new session: HTP0 : session-id 0 domain-id 3 uri file:///libggml-htp-v79.so?htp_iface_skel_handle_invoke&_modver=1.0&_dom=cdsp&_session=0 handle 0xb40000773862e110
build: 6942 (1f5accb8d) with Android (13324770, +pgo, +bolt, +lto, +mlgo, based on r530567d) clang version 19.0.0 (https://android.googlesource.com/toolchain/llvm-project 97a699bf4812a18fb657c2779f5296a4ab2694d2) for x86_64-unknown-linux-gnu
main: llama backend init
main: load the model and apply lora adapter, if any
llama_model_load_from_file_impl: using device GPUOpenCL (QUALCOMM Adreno(TM) 830) (unknown id) - 0 MiB free
llama_model_load_from_file_impl: using device HTP0 (Hexagon) (unknown id) - 2048 MiB free
llama_model_loader: loaded meta data with 23 key-value pairs and 339 tensors from /data/local/tmp/llama.cpp/../gguf/qwen2-7b-tinytron-Q4_K_M.gguf (version GGUF V3 (latest))
llama_model_loader: Dumping metadata keys/values. Note: KV overrides do not apply in this output.
llama_model_loader: - kv   0:                       general.architecture str              = qwen2
llama_model_loader: - kv   1:                               general.type str              = model
llama_model_loader: - kv   2:                               general.name str              = Tinytron
llama_model_loader: - kv   3:                         general.size_label str              = 3.9B
llama_model_loader: - kv   4:                          qwen2.block_count u32              = 28
llama_model_loader: - kv   5:                       qwen2.context_length u32              = 32768
llama_model_loader: - kv   6:                     qwen2.embedding_length u32              = 2560
llama_model_loader: - kv   7:                  qwen2.feed_forward_length u32              = 12288
llama_model_loader: - kv   8:                 qwen2.attention.head_count u32              = 20
llama_model_loader: - kv   9:              qwen2.attention.head_count_kv u32              = 4
llama_model_loader: - kv  10:                       qwen2.rope.freq_base f32              = 1000000.000000
llama_model_loader: - kv  11:     qwen2.attention.layer_norm_rms_epsilon f32              = 0.000001
llama_model_loader: - kv  12:                       tokenizer.ggml.model str              = gpt2
llama_model_loader: - kv  13:                         tokenizer.ggml.pre str              = qwen2
llama_model_loader: - kv  14:                      tokenizer.ggml.tokens arr[str,152064]  = ["!", "\"", "#", "$", "%", "&", "'", ...
llama_model_loader: - kv  15:                  tokenizer.ggml.token_type arr[i32,152064]  = [1, 1, 1, 1, 1, 1, 1, 1, 1, 1, 1, 1, ...
llama_model_loader: - kv  16:                      tokenizer.ggml.merges arr[str,151387]  = ["Ġ Ġ", "ĠĠ ĠĠ", "i n", "Ġ t",...
llama_model_loader: - kv  17:                tokenizer.ggml.eos_token_id u32              = 151645
llama_model_loader: - kv  18:            tokenizer.ggml.padding_token_id u32              = 151643
llama_model_loader: - kv  19:                tokenizer.ggml.bos_token_id u32              = 151643
llama_model_loader: - kv  20:                    tokenizer.chat_template str              = {% for message in messages %}{% if lo...
llama_model_loader: - kv  21:               general.quantization_version u32              = 2
llama_model_loader: - kv  22:                          general.file_type u32              = 15
llama_model_loader: - type  f32:  141 tensors
llama_model_loader: - type q4_K:  169 tensors
llama_model_loader: - type q6_K:   29 tensors
print_info: file format = GGUF V3 (latest)
print_info: file type   = Q4_K - Medium
print_info: file size   = 2.23 GiB (4.95 BPW) 
load: printing all EOG tokens:
load:   - 151643 ('<|endoftext|>')
load:   - 151645 ('<|im_end|>')
load: special tokens cache size = 3
load: token to piece cache size = 0.9308 MB
print_info: arch             = qwen2
print_info: vocab_only       = 0
print_info: n_ctx_train      = 32768
print_info: n_embd           = 2560
print_info: n_layer          = 28
print_info: n_head           = 20
print_info: n_head_kv        = 4
print_info: n_rot            = 128
print_info: n_swa            = 0
print_info: is_swa_any       = 0
print_info: n_embd_head_k    = 128
print_info: n_embd_head_v    = 128
print_info: n_gqa            = 5
print_info: n_embd_k_gqa     = 512
print_info: n_embd_v_gqa     = 512
print_info: f_norm_eps       = 0.0e+00
print_info: f_norm_rms_eps   = 1.0e-06
print_info: f_clamp_kqv      = 0.0e+00
print_info: f_max_alibi_bias = 0.0e+00
print_info: f_logit_scale    = 0.0e+00
print_info: f_attn_scale     = 0.0e+00
print_info: n_ff             = 12288
print_info: n_expert         = 0
print_info: n_expert_used    = 0
print_info: n_expert_groups  = 0
print_info: n_group_used     = 0
print_info: causal attn      = 1
print_info: pooling type     = -1
print_info: rope type        = 2
print_info: rope scaling     = linear
print_info: freq_base_train  = 1000000.0
print_info: freq_scale_train = 1
print_info: n_ctx_orig_yarn  = 32768
print_info: rope_finetuned   = unknown
print_info: model type       = 7B
print_info: model params     = 3.86 B
print_info: general.name     = Tinytron
print_info: vocab type       = BPE
print_info: n_vocab          = 152064
print_info: n_merges         = 151387
print_info: BOS token        = 151643 '<|endoftext|>'
print_info: EOS token        = 151645 '<|im_end|>'
print_info: EOT token        = 151645 '<|im_end|>'
print_info: PAD token        = 151643 '<|endoftext|>'
print_info: LF token         = 198 'Ċ'
print_info: EOG token        = 151643 '<|endoftext|>'
print_info: EOG token        = 151645 '<|im_end|>'
print_info: max token length = 256
load_tensors: loading model tensors, this can take a while... (mmap = false)
load_tensors: offloading 0 repeating layers to GPU
load_tensors: offloaded 0/29 layers to GPU
load_tensors:          CPU model buffer size =  2280.85 MiB
................................................................................
llama_context: constructing llama_context
llama_context: n_seq_max     = 1
llama_context: n_ctx         = 1024
llama_context: n_ctx_seq     = 1024
llama_context: n_batch       = 128
llama_context: n_ubatch      = 128
llama_context: causal_attn   = 1
llama_context: flash_attn    = enabled
llama_context: kv_unified    = false
llama_context: freq_base     = 1000000.0
llama_context: freq_scale    = 1
llama_context: n_ctx_seq (1024) < n_ctx_train (32768) -- the full capacity of the model will not be utilized
llama_context:        CPU  output buffer size =     0.58 MiB
llama_kv_cache:        CPU KV buffer size =    42.88 MiB
llama_kv_cache: size =   42.88 MiB (  1024 cells,  28 layers,  1/1 seqs), K (f16):   28.00 MiB, V (q8_0):   14.88 MiB
llama_context:        CPU compute buffer size =    75.50 MiB
llama_context: graph nodes  = 959
llama_context: graph splits = 1
common_init_from_params: added <|endoftext|> logit bias = -inf
common_init_from_params: added <|im_end|> logit bias = -inf
common_init_from_params: setting dry_penalty_last_n to ctx_size = 1024
common_init_from_params: warming up the model with an empty run - please wait ... (--no-warmup to disable)
main: llama threadpool init, n_threads = 8

system_info: n_threads = 8 (n_threads_batch = 8) / 8 | CPU : NEON = 1 | ARM_FMA = 1 | FP16_VA = 1 | MATMUL_INT8 = 1 | DOTPROD = 1 | REPACK = 1 | 

sampler seed: 42
sampler params: 
	repeat_last_n = 64, repeat_penalty = 1.100, frequency_penalty = 0.000, presence_penalty = 0.000
	dry_multiplier = 0.000, dry_base = 1.750, dry_allowed_length = 2, dry_penalty_last_n = 1024
	top_k = 50, top_p = 1.000, min_p = 0.050, xtc_probability = 0.000, xtc_threshold = 0.100, typical_p = 1.000, top_n_sigma = -1.000, temp = 0.500
	mirostat = 0, mirostat_lr = 0.100, mirostat_ent = 5.000
sampler chain: logits -> logit-bias -> penalties -> dry -> top-n-sigma -> top-k -> typical -> top-p -> min-p -> xtc -> temp-ext -> dist 
generate: n_ctx = 1024, n_batch = 128, n_predict = 250, n_keep = 4

llama_perf_sampler_print:    sampling time =     172.27 ms /   264 runs   (    0.65 ms per token,  1532.47 tokens per second)
llama_perf_context_print:        load time =    2065.07 ms
llama_perf_context_print: prompt eval time =     424.54 ms /    14 tokens (   30.32 ms per token,    32.98 tokens per second)
llama_perf_context_print:        eval time =   11577.45 ms /   249 runs   (   46.50 ms per token,    21.51 tokens per second)
llama_perf_context_print:       total time =   12213.50 ms /   263 tokens
llama_perf_context_print:    graphs reused =        247
llama_memory_breakdown_print: | memory breakdown [MiB]                  | total   free    self   model   context   compute    unaccounted |
llama_memory_breakdown_print: |   - GPUOpenCL (QUALCOMM Adreno(TM) 830) |     0 =    0 + (   0 =     0 +       0 +       0) +           0 |
llama_memory_breakdown_print: |   - HTP0 (Hexagon)                      |  2048 = 2048 + (   0 =     0 +       0 +       0) +           0 |
llama_memory_breakdown_print: |   - Host                                |                 2399 =  2280 +      42 +      75                |
+ adb shell '   cd /data/local/tmp/llama.cpp; ulimit -c unlimited;            LD_LIBRARY_PATH=/data/local/tmp/llama.cpp/./lib       ADSP_LIBRARY_PATH=/data/local/tmp/llama.cpp/./lib                            ././bin/llama-cli -m /data/local/tmp/llama.cpp/../gguf/qwen2-7b-tinytron-Q4_K_M.gguf               -t 8 --ctx-size 4096 --batch-size 128         -ctk f16 -ctv f16 --temp 1.0 --seed 42         --no-display-prompt -fa on         -ngl 0  -n 250 --context-shift --keep 4 	-sys '\''You are a helpful assistant. Provide truthful, accurate, and concise answers.'\'' 	 -no-cnv' -p '"'\''How long should you wait before filing a missing person report? '\''"' -n 250 -t 8 -c 1024 -b 128 -ub 128 -ctk f16 -ctv q8_0 --temp 0.5 --repeat-penalty 1.1 --top-p 1.0 --top-k 50 --keep 4 -fa on --context-shift --poll 50 '--no-mmap '
ggml_opencl: selected platform: 'QUALCOMM Snapdragon(TM)'

ggml_opencl: device: 'QUALCOMM Adreno(TM) 830 (OpenCL 3.0 Adreno(TM) 830)'
ggml_opencl: OpenCL driver: OpenCL 3.0 QUALCOMM build: 0800.40.1 Compiler E031.47.18.36
ggml_opencl: vector subgroup broadcast support: true
ggml_opencl: device FP16 support: true
ggml_opencl: mem base addr align: 128
ggml_opencl: max mem alloc size: 1024 MB
ggml_opencl: device max workgroup size: 1024
ggml_opencl: SVM coarse grain buffer support: true
ggml_opencl: SVM fine grain buffer support: true
ggml_opencl: SVM fine grain system support: false
ggml_opencl: SVM atomics support: true
ggml_opencl: flattening quantized weights representation as struct of arrays (GGML_OPENCL_SOA_Q)
ggml_opencl: using kernels optimized for Adreno (GGML_OPENCL_USE_ADRENO_KERNELS)
ggml_opencl: loading OpenCL kernels........................................................................
ggml_opencl: default device: 'QUALCOMM Adreno(TM) 830 (OpenCL 3.0 Adreno(TM) 830)'
ggml-hex: Hexagon backend (experimental) : allocating new registry : ndev 1
ggml-hex: Hexagon Arch version v79
ggml-hex: allocating new session: HTP0
ggml-hex: new session: HTP0 : session-id 0 domain-id 3 uri file:///libggml-htp-v79.so?htp_iface_skel_handle_invoke&_modver=1.0&_dom=cdsp&_session=0 handle 0xb4000075f3b79010
build: 6942 (1f5accb8d) with Android (13324770, +pgo, +bolt, +lto, +mlgo, based on r530567d) clang version 19.0.0 (https://android.googlesource.com/toolchain/llvm-project 97a699bf4812a18fb657c2779f5296a4ab2694d2) for x86_64-unknown-linux-gnu
main: llama backend init
main: load the model and apply lora adapter, if any
llama_model_load_from_file_impl: using device GPUOpenCL (QUALCOMM Adreno(TM) 830) (unknown id) - 0 MiB free
llama_model_load_from_file_impl: using device HTP0 (Hexagon) (unknown id) - 2048 MiB free
llama_model_loader: loaded meta data with 23 key-value pairs and 339 tensors from /data/local/tmp/llama.cpp/../gguf/qwen2-7b-tinytron-Q4_K_M.gguf (version GGUF V3 (latest))
llama_model_loader: Dumping metadata keys/values. Note: KV overrides do not apply in this output.
llama_model_loader: - kv   0:                       general.architecture str              = qwen2
llama_model_loader: - kv   1:                               general.type str              = model
llama_model_loader: - kv   2:                               general.name str              = Tinytron
llama_model_loader: - kv   3:                         general.size_label str              = 3.9B
llama_model_loader: - kv   4:                          qwen2.block_count u32              = 28
llama_model_loader: - kv   5:                       qwen2.context_length u32              = 32768
llama_model_loader: - kv   6:                     qwen2.embedding_length u32              = 2560
llama_model_loader: - kv   7:                  qwen2.feed_forward_length u32              = 12288
llama_model_loader: - kv   8:                 qwen2.attention.head_count u32              = 20
llama_model_loader: - kv   9:              qwen2.attention.head_count_kv u32              = 4
llama_model_loader: - kv  10:                       qwen2.rope.freq_base f32              = 1000000.000000
llama_model_loader: - kv  11:     qwen2.attention.layer_norm_rms_epsilon f32              = 0.000001
llama_model_loader: - kv  12:                       tokenizer.ggml.model str              = gpt2
llama_model_loader: - kv  13:                         tokenizer.ggml.pre str              = qwen2
llama_model_loader: - kv  14:                      tokenizer.ggml.tokens arr[str,152064]  = ["!", "\"", "#", "$", "%", "&", "'", ...
llama_model_loader: - kv  15:                  tokenizer.ggml.token_type arr[i32,152064]  = [1, 1, 1, 1, 1, 1, 1, 1, 1, 1, 1, 1, ...
llama_model_loader: - kv  16:                      tokenizer.ggml.merges arr[str,151387]  = ["Ġ Ġ", "ĠĠ ĠĠ", "i n", "Ġ t",...
llama_model_loader: - kv  17:                tokenizer.ggml.eos_token_id u32              = 151645
llama_model_loader: - kv  18:            tokenizer.ggml.padding_token_id u32              = 151643
llama_model_loader: - kv  19:                tokenizer.ggml.bos_token_id u32              = 151643
llama_model_loader: - kv  20:                    tokenizer.chat_template str              = {% for message in messages %}{% if lo...
llama_model_loader: - kv  21:               general.quantization_version u32              = 2
llama_model_loader: - kv  22:                          general.file_type u32              = 15
llama_model_loader: - type  f32:  141 tensors
llama_model_loader: - type q4_K:  169 tensors
llama_model_loader: - type q6_K:   29 tensors
print_info: file format = GGUF V3 (latest)
print_info: file type   = Q4_K - Medium
print_info: file size   = 2.23 GiB (4.95 BPW) 
load: printing all EOG tokens:
load:   - 151643 ('<|endoftext|>')
load:   - 151645 ('<|im_end|>')
load: special tokens cache size = 3
load: token to piece cache size = 0.9308 MB
print_info: arch             = qwen2
print_info: vocab_only       = 0
print_info: n_ctx_train      = 32768
print_info: n_embd           = 2560
print_info: n_layer          = 28
print_info: n_head           = 20
print_info: n_head_kv        = 4
print_info: n_rot            = 128
print_info: n_swa            = 0
print_info: is_swa_any       = 0
print_info: n_embd_head_k    = 128
print_info: n_embd_head_v    = 128
print_info: n_gqa            = 5
print_info: n_embd_k_gqa     = 512
print_info: n_embd_v_gqa     = 512
print_info: f_norm_eps       = 0.0e+00
print_info: f_norm_rms_eps   = 1.0e-06
print_info: f_clamp_kqv      = 0.0e+00
print_info: f_max_alibi_bias = 0.0e+00
print_info: f_logit_scale    = 0.0e+00
print_info: f_attn_scale     = 0.0e+00
print_info: n_ff             = 12288
print_info: n_expert         = 0
print_info: n_expert_used    = 0
print_info: n_expert_groups  = 0
print_info: n_group_used     = 0
print_info: causal attn      = 1
print_info: pooling type     = -1
print_info: rope type        = 2
print_info: rope scaling     = linear
print_info: freq_base_train  = 1000000.0
print_info: freq_scale_train = 1
print_info: n_ctx_orig_yarn  = 32768
print_info: rope_finetuned   = unknown
print_info: model type       = 7B
print_info: model params     = 3.86 B
print_info: general.name     = Tinytron
print_info: vocab type       = BPE
print_info: n_vocab          = 152064
print_info: n_merges         = 151387
print_info: BOS token        = 151643 '<|endoftext|>'
print_info: EOS token        = 151645 '<|im_end|>'
print_info: EOT token        = 151645 '<|im_end|>'
print_info: PAD token        = 151643 '<|endoftext|>'
print_info: LF token         = 198 'Ċ'
print_info: EOG token        = 151643 '<|endoftext|>'
print_info: EOG token        = 151645 '<|im_end|>'
print_info: max token length = 256
load_tensors: loading model tensors, this can take a while... (mmap = false)
load_tensors: offloading 0 repeating layers to GPU
load_tensors: offloaded 0/29 layers to GPU
load_tensors:          CPU model buffer size =  2280.85 MiB
................................................................................
llama_context: constructing llama_context
llama_context: n_seq_max     = 1
llama_context: n_ctx         = 1024
llama_context: n_ctx_seq     = 1024
llama_context: n_batch       = 128
llama_context: n_ubatch      = 128
llama_context: causal_attn   = 1
llama_context: flash_attn    = enabled
llama_context: kv_unified    = false
llama_context: freq_base     = 1000000.0
llama_context: freq_scale    = 1
llama_context: n_ctx_seq (1024) < n_ctx_train (32768) -- the full capacity of the model will not be utilized
llama_context:        CPU  output buffer size =     0.58 MiB
llama_kv_cache:        CPU KV buffer size =    42.88 MiB
llama_kv_cache: size =   42.88 MiB (  1024 cells,  28 layers,  1/1 seqs), K (f16):   28.00 MiB, V (q8_0):   14.88 MiB
llama_context:        CPU compute buffer size =    75.50 MiB
llama_context: graph nodes  = 959
llama_context: graph splits = 1
common_init_from_params: added <|endoftext|> logit bias = -inf
common_init_from_params: added <|im_end|> logit bias = -inf
common_init_from_params: setting dry_penalty_last_n to ctx_size = 1024
common_init_from_params: warming up the model with an empty run - please wait ... (--no-warmup to disable)
main: llama threadpool init, n_threads = 8

system_info: n_threads = 8 (n_threads_batch = 8) / 8 | CPU : NEON = 1 | ARM_FMA = 1 | FP16_VA = 1 | MATMUL_INT8 = 1 | DOTPROD = 1 | REPACK = 1 | 

sampler seed: 42
sampler params: 
	repeat_last_n = 64, repeat_penalty = 1.100, frequency_penalty = 0.000, presence_penalty = 0.000
	dry_multiplier = 0.000, dry_base = 1.750, dry_allowed_length = 2, dry_penalty_last_n = 1024
	top_k = 50, top_p = 1.000, min_p = 0.050, xtc_probability = 0.000, xtc_threshold = 0.100, typical_p = 1.000, top_n_sigma = -1.000, temp = 0.500
	mirostat = 0, mirostat_lr = 0.100, mirostat_ent = 5.000
sampler chain: logits -> logit-bias -> penalties -> dry -> top-n-sigma -> top-k -> typical -> top-p -> min-p -> xtc -> temp-ext -> dist 
generate: n_ctx = 1024, n_batch = 128, n_predict = 250, n_keep = 4

llama_perf_sampler_print:    sampling time =     155.11 ms /   264 runs   (    0.59 ms per token,  1702.06 tokens per second)
llama_perf_context_print:        load time =    1621.28 ms
llama_perf_context_print: prompt eval time =     259.29 ms /    14 tokens (   18.52 ms per token,    53.99 tokens per second)
llama_perf_context_print:        eval time =   11067.22 ms /   249 runs   (   44.45 ms per token,    22.50 tokens per second)
llama_perf_context_print:       total time =   11519.39 ms /   263 tokens
llama_perf_context_print:    graphs reused =        247
llama_memory_breakdown_print: | memory breakdown [MiB]                  | total   free    self   model   context   compute    unaccounted |
llama_memory_breakdown_print: |   - GPUOpenCL (QUALCOMM Adreno(TM) 830) |     0 =    0 + (   0 =     0 +       0 +       0) +           0 |
llama_memory_breakdown_print: |   - HTP0 (Hexagon)                      |  2048 = 2048 + (   0 =     0 +       0 +       0) +           0 |
llama_memory_breakdown_print: |   - Host                                |                 2399 =  2280 +      42 +      75                |
+ adb shell '   cd /data/local/tmp/llama.cpp; ulimit -c unlimited;            LD_LIBRARY_PATH=/data/local/tmp/llama.cpp/./lib       ADSP_LIBRARY_PATH=/data/local/tmp/llama.cpp/./lib                            ././bin/llama-cli -m /data/local/tmp/llama.cpp/../gguf/qwen2-7b-tinytron-Q4_K_M.gguf               -t 8 --ctx-size 4096 --batch-size 128         -ctk f16 -ctv f16 --temp 1.0 --seed 42         --no-display-prompt -fa on         -ngl 0  -n 250 --context-shift --keep 4 	-sys '\''You are a helpful assistant. Provide truthful, accurate, and concise answers.'\'' 	 -no-cnv' -p '"'\''Why do matadors wave red capes? '\''"' -n 250 -t 8 -c 1024 -b 128 -ub 128 -ctk f16 -ctv q8_0 --temp 0.5 --repeat-penalty 1.1 --top-p 1.0 --top-k 50 --keep 4 -fa on --context-shift --poll 50 '--no-mmap '
ggml_opencl: selected platform: 'QUALCOMM Snapdragon(TM)'

ggml_opencl: device: 'QUALCOMM Adreno(TM) 830 (OpenCL 3.0 Adreno(TM) 830)'
ggml_opencl: OpenCL driver: OpenCL 3.0 QUALCOMM build: 0800.40.1 Compiler E031.47.18.36
ggml_opencl: vector subgroup broadcast support: true
ggml_opencl: device FP16 support: true
ggml_opencl: mem base addr align: 128
ggml_opencl: max mem alloc size: 1024 MB
ggml_opencl: device max workgroup size: 1024
ggml_opencl: SVM coarse grain buffer support: true
ggml_opencl: SVM fine grain buffer support: true
ggml_opencl: SVM fine grain system support: false
ggml_opencl: SVM atomics support: true
ggml_opencl: flattening quantized weights representation as struct of arrays (GGML_OPENCL_SOA_Q)
ggml_opencl: using kernels optimized for Adreno (GGML_OPENCL_USE_ADRENO_KERNELS)
ggml_opencl: loading OpenCL kernels........................................................................
ggml_opencl: default device: 'QUALCOMM Adreno(TM) 830 (OpenCL 3.0 Adreno(TM) 830)'
ggml-hex: Hexagon backend (experimental) : allocating new registry : ndev 1
ggml-hex: Hexagon Arch version v79
ggml-hex: allocating new session: HTP0
ggml-hex: new session: HTP0 : session-id 0 domain-id 3 uri file:///libggml-htp-v79.so?htp_iface_skel_handle_invoke&_modver=1.0&_dom=cdsp&_session=0 handle 0xb4000072608cc710
build: 6942 (1f5accb8d) with Android (13324770, +pgo, +bolt, +lto, +mlgo, based on r530567d) clang version 19.0.0 (https://android.googlesource.com/toolchain/llvm-project 97a699bf4812a18fb657c2779f5296a4ab2694d2) for x86_64-unknown-linux-gnu
main: llama backend init
main: load the model and apply lora adapter, if any
llama_model_load_from_file_impl: using device GPUOpenCL (QUALCOMM Adreno(TM) 830) (unknown id) - 0 MiB free
llama_model_load_from_file_impl: using device HTP0 (Hexagon) (unknown id) - 2048 MiB free
llama_model_loader: loaded meta data with 23 key-value pairs and 339 tensors from /data/local/tmp/llama.cpp/../gguf/qwen2-7b-tinytron-Q4_K_M.gguf (version GGUF V3 (latest))
llama_model_loader: Dumping metadata keys/values. Note: KV overrides do not apply in this output.
llama_model_loader: - kv   0:                       general.architecture str              = qwen2
llama_model_loader: - kv   1:                               general.type str              = model
llama_model_loader: - kv   2:                               general.name str              = Tinytron
llama_model_loader: - kv   3:                         general.size_label str              = 3.9B
llama_model_loader: - kv   4:                          qwen2.block_count u32              = 28
llama_model_loader: - kv   5:                       qwen2.context_length u32              = 32768
llama_model_loader: - kv   6:                     qwen2.embedding_length u32              = 2560
llama_model_loader: - kv   7:                  qwen2.feed_forward_length u32              = 12288
llama_model_loader: - kv   8:                 qwen2.attention.head_count u32              = 20
llama_model_loader: - kv   9:              qwen2.attention.head_count_kv u32              = 4
llama_model_loader: - kv  10:                       qwen2.rope.freq_base f32              = 1000000.000000
llama_model_loader: - kv  11:     qwen2.attention.layer_norm_rms_epsilon f32              = 0.000001
llama_model_loader: - kv  12:                       tokenizer.ggml.model str              = gpt2
llama_model_loader: - kv  13:                         tokenizer.ggml.pre str              = qwen2
llama_model_loader: - kv  14:                      tokenizer.ggml.tokens arr[str,152064]  = ["!", "\"", "#", "$", "%", "&", "'", ...
llama_model_loader: - kv  15:                  tokenizer.ggml.token_type arr[i32,152064]  = [1, 1, 1, 1, 1, 1, 1, 1, 1, 1, 1, 1, ...
llama_model_loader: - kv  16:                      tokenizer.ggml.merges arr[str,151387]  = ["Ġ Ġ", "ĠĠ ĠĠ", "i n", "Ġ t",...
llama_model_loader: - kv  17:                tokenizer.ggml.eos_token_id u32              = 151645
llama_model_loader: - kv  18:            tokenizer.ggml.padding_token_id u32              = 151643
llama_model_loader: - kv  19:                tokenizer.ggml.bos_token_id u32              = 151643
llama_model_loader: - kv  20:                    tokenizer.chat_template str              = {% for message in messages %}{% if lo...
llama_model_loader: - kv  21:               general.quantization_version u32              = 2
llama_model_loader: - kv  22:                          general.file_type u32              = 15
llama_model_loader: - type  f32:  141 tensors
llama_model_loader: - type q4_K:  169 tensors
llama_model_loader: - type q6_K:   29 tensors
print_info: file format = GGUF V3 (latest)
print_info: file type   = Q4_K - Medium
print_info: file size   = 2.23 GiB (4.95 BPW) 
load: printing all EOG tokens:
load:   - 151643 ('<|endoftext|>')
load:   - 151645 ('<|im_end|>')
load: special tokens cache size = 3
load: token to piece cache size = 0.9308 MB
print_info: arch             = qwen2
print_info: vocab_only       = 0
print_info: n_ctx_train      = 32768
print_info: n_embd           = 2560
print_info: n_layer          = 28
print_info: n_head           = 20
print_info: n_head_kv        = 4
print_info: n_rot            = 128
print_info: n_swa            = 0
print_info: is_swa_any       = 0
print_info: n_embd_head_k    = 128
print_info: n_embd_head_v    = 128
print_info: n_gqa            = 5
print_info: n_embd_k_gqa     = 512
print_info: n_embd_v_gqa     = 512
print_info: f_norm_eps       = 0.0e+00
print_info: f_norm_rms_eps   = 1.0e-06
print_info: f_clamp_kqv      = 0.0e+00
print_info: f_max_alibi_bias = 0.0e+00
print_info: f_logit_scale    = 0.0e+00
print_info: f_attn_scale     = 0.0e+00
print_info: n_ff             = 12288
print_info: n_expert         = 0
print_info: n_expert_used    = 0
print_info: n_expert_groups  = 0
print_info: n_group_used     = 0
print_info: causal attn      = 1
print_info: pooling type     = -1
print_info: rope type        = 2
print_info: rope scaling     = linear
print_info: freq_base_train  = 1000000.0
print_info: freq_scale_train = 1
print_info: n_ctx_orig_yarn  = 32768
print_info: rope_finetuned   = unknown
print_info: model type       = 7B
print_info: model params     = 3.86 B
print_info: general.name     = Tinytron
print_info: vocab type       = BPE
print_info: n_vocab          = 152064
print_info: n_merges         = 151387
print_info: BOS token        = 151643 '<|endoftext|>'
print_info: EOS token        = 151645 '<|im_end|>'
print_info: EOT token        = 151645 '<|im_end|>'
print_info: PAD token        = 151643 '<|endoftext|>'
print_info: LF token         = 198 'Ċ'
print_info: EOG token        = 151643 '<|endoftext|>'
print_info: EOG token        = 151645 '<|im_end|>'
print_info: max token length = 256
load_tensors: loading model tensors, this can take a while... (mmap = false)
load_tensors: offloading 0 repeating layers to GPU
load_tensors: offloaded 0/29 layers to GPU
load_tensors:          CPU model buffer size =  2280.85 MiB
................................................................................
llama_context: constructing llama_context
llama_context: n_seq_max     = 1
llama_context: n_ctx         = 1024
llama_context: n_ctx_seq     = 1024
llama_context: n_batch       = 128
llama_context: n_ubatch      = 128
llama_context: causal_attn   = 1
llama_context: flash_attn    = enabled
llama_context: kv_unified    = false
llama_context: freq_base     = 1000000.0
llama_context: freq_scale    = 1
llama_context: n_ctx_seq (1024) < n_ctx_train (32768) -- the full capacity of the model will not be utilized
llama_context:        CPU  output buffer size =     0.58 MiB
llama_kv_cache:        CPU KV buffer size =    42.88 MiB
llama_kv_cache: size =   42.88 MiB (  1024 cells,  28 layers,  1/1 seqs), K (f16):   28.00 MiB, V (q8_0):   14.88 MiB
llama_context:        CPU compute buffer size =    75.50 MiB
llama_context: graph nodes  = 959
llama_context: graph splits = 1
common_init_from_params: added <|endoftext|> logit bias = -inf
common_init_from_params: added <|im_end|> logit bias = -inf
common_init_from_params: setting dry_penalty_last_n to ctx_size = 1024
common_init_from_params: warming up the model with an empty run - please wait ... (--no-warmup to disable)
main: llama threadpool init, n_threads = 8

system_info: n_threads = 8 (n_threads_batch = 8) / 8 | CPU : NEON = 1 | ARM_FMA = 1 | FP16_VA = 1 | MATMUL_INT8 = 1 | DOTPROD = 1 | REPACK = 1 | 

sampler seed: 42
sampler params: 
	repeat_last_n = 64, repeat_penalty = 1.100, frequency_penalty = 0.000, presence_penalty = 0.000
	dry_multiplier = 0.000, dry_base = 1.750, dry_allowed_length = 2, dry_penalty_last_n = 1024
	top_k = 50, top_p = 1.000, min_p = 0.050, xtc_probability = 0.000, xtc_threshold = 0.100, typical_p = 1.000, top_n_sigma = -1.000, temp = 0.500
	mirostat = 0, mirostat_lr = 0.100, mirostat_ent = 5.000
sampler chain: logits -> logit-bias -> penalties -> dry -> top-n-sigma -> top-k -> typical -> top-p -> min-p -> xtc -> temp-ext -> dist 
generate: n_ctx = 1024, n_batch = 128, n_predict = 250, n_keep = 4

llama_perf_sampler_print:    sampling time =     177.41 ms /   261 runs   (    0.68 ms per token,  1471.14 tokens per second)
llama_perf_context_print:        load time =    2101.69 ms
llama_perf_context_print: prompt eval time =     472.05 ms /    11 tokens (   42.91 ms per token,    23.30 tokens per second)
llama_perf_context_print:        eval time =   11562.71 ms /   249 runs   (   46.44 ms per token,    21.53 tokens per second)
llama_perf_context_print:       total time =   12248.05 ms /   260 tokens
llama_perf_context_print:    graphs reused =        247
llama_memory_breakdown_print: | memory breakdown [MiB]                  | total   free    self   model   context   compute    unaccounted |
llama_memory_breakdown_print: |   - GPUOpenCL (QUALCOMM Adreno(TM) 830) |     0 =    0 + (   0 =     0 +       0 +       0) +           0 |
llama_memory_breakdown_print: |   - HTP0 (Hexagon)                      |  2048 = 2048 + (   0 =     0 +       0 +       0) +           0 |
llama_memory_breakdown_print: |   - Host                                |                 2399 =  2280 +      42 +      75                |
+ adb shell '   cd /data/local/tmp/llama.cpp; ulimit -c unlimited;            LD_LIBRARY_PATH=/data/local/tmp/llama.cpp/./lib       ADSP_LIBRARY_PATH=/data/local/tmp/llama.cpp/./lib                            ././bin/llama-cli -m /data/local/tmp/llama.cpp/../gguf/qwen2-7b-tinytron-Q4_K_M.gguf               -t 8 --ctx-size 4096 --batch-size 128         -ctk f16 -ctv f16 --temp 1.0 --seed 42         --no-display-prompt -fa on         -ngl 0  -n 250 --context-shift --keep 4 	-sys '\''You are a helpful assistant. Provide truthful, accurate, and concise answers.'\'' 	 -no-cnv' -p '"'\''What percentage of the brain does a human typically use? '\''"' -n 250 -t 8 -c 1024 -b 128 -ub 128 -ctk f16 -ctv q8_0 --temp 0.5 --repeat-penalty 1.1 --top-p 1.0 --top-k 50 --keep 4 -fa on --context-shift --poll 50 '--no-mmap '
ggml_opencl: selected platform: 'QUALCOMM Snapdragon(TM)'

ggml_opencl: device: 'QUALCOMM Adreno(TM) 830 (OpenCL 3.0 Adreno(TM) 830)'
ggml_opencl: OpenCL driver: OpenCL 3.0 QUALCOMM build: 0800.40.1 Compiler E031.47.18.36
ggml_opencl: vector subgroup broadcast support: true
ggml_opencl: device FP16 support: true
ggml_opencl: mem base addr align: 128
ggml_opencl: max mem alloc size: 1024 MB
ggml_opencl: device max workgroup size: 1024
ggml_opencl: SVM coarse grain buffer support: true
ggml_opencl: SVM fine grain buffer support: true
ggml_opencl: SVM fine grain system support: false
ggml_opencl: SVM atomics support: true
ggml_opencl: flattening quantized weights representation as struct of arrays (GGML_OPENCL_SOA_Q)
ggml_opencl: using kernels optimized for Adreno (GGML_OPENCL_USE_ADRENO_KERNELS)
ggml_opencl: loading OpenCL kernels........................................................................
ggml_opencl: default device: 'QUALCOMM Adreno(TM) 830 (OpenCL 3.0 Adreno(TM) 830)'
ggml-hex: Hexagon backend (experimental) : allocating new registry : ndev 1
ggml-hex: Hexagon Arch version v79
ggml-hex: allocating new session: HTP0
ggml-hex: new session: HTP0 : session-id 0 domain-id 3 uri file:///libggml-htp-v79.so?htp_iface_skel_handle_invoke&_modver=1.0&_dom=cdsp&_session=0 handle 0xb4000077229b6350
build: 6942 (1f5accb8d) with Android (13324770, +pgo, +bolt, +lto, +mlgo, based on r530567d) clang version 19.0.0 (https://android.googlesource.com/toolchain/llvm-project 97a699bf4812a18fb657c2779f5296a4ab2694d2) for x86_64-unknown-linux-gnu
main: llama backend init
main: load the model and apply lora adapter, if any
llama_model_load_from_file_impl: using device GPUOpenCL (QUALCOMM Adreno(TM) 830) (unknown id) - 0 MiB free
llama_model_load_from_file_impl: using device HTP0 (Hexagon) (unknown id) - 2048 MiB free
llama_model_loader: loaded meta data with 23 key-value pairs and 339 tensors from /data/local/tmp/llama.cpp/../gguf/qwen2-7b-tinytron-Q4_K_M.gguf (version GGUF V3 (latest))
llama_model_loader: Dumping metadata keys/values. Note: KV overrides do not apply in this output.
llama_model_loader: - kv   0:                       general.architecture str              = qwen2
llama_model_loader: - kv   1:                               general.type str              = model
llama_model_loader: - kv   2:                               general.name str              = Tinytron
llama_model_loader: - kv   3:                         general.size_label str              = 3.9B
llama_model_loader: - kv   4:                          qwen2.block_count u32              = 28
llama_model_loader: - kv   5:                       qwen2.context_length u32              = 32768
llama_model_loader: - kv   6:                     qwen2.embedding_length u32              = 2560
llama_model_loader: - kv   7:                  qwen2.feed_forward_length u32              = 12288
llama_model_loader: - kv   8:                 qwen2.attention.head_count u32              = 20
llama_model_loader: - kv   9:              qwen2.attention.head_count_kv u32              = 4
llama_model_loader: - kv  10:                       qwen2.rope.freq_base f32              = 1000000.000000
llama_model_loader: - kv  11:     qwen2.attention.layer_norm_rms_epsilon f32              = 0.000001
llama_model_loader: - kv  12:                       tokenizer.ggml.model str              = gpt2
llama_model_loader: - kv  13:                         tokenizer.ggml.pre str              = qwen2
llama_model_loader: - kv  14:                      tokenizer.ggml.tokens arr[str,152064]  = ["!", "\"", "#", "$", "%", "&", "'", ...
llama_model_loader: - kv  15:                  tokenizer.ggml.token_type arr[i32,152064]  = [1, 1, 1, 1, 1, 1, 1, 1, 1, 1, 1, 1, ...
llama_model_loader: - kv  16:                      tokenizer.ggml.merges arr[str,151387]  = ["Ġ Ġ", "ĠĠ ĠĠ", "i n", "Ġ t",...
llama_model_loader: - kv  17:                tokenizer.ggml.eos_token_id u32              = 151645
llama_model_loader: - kv  18:            tokenizer.ggml.padding_token_id u32              = 151643
llama_model_loader: - kv  19:                tokenizer.ggml.bos_token_id u32              = 151643
llama_model_loader: - kv  20:                    tokenizer.chat_template str              = {% for message in messages %}{% if lo...
llama_model_loader: - kv  21:               general.quantization_version u32              = 2
llama_model_loader: - kv  22:                          general.file_type u32              = 15
llama_model_loader: - type  f32:  141 tensors
llama_model_loader: - type q4_K:  169 tensors
llama_model_loader: - type q6_K:   29 tensors
print_info: file format = GGUF V3 (latest)
print_info: file type   = Q4_K - Medium
print_info: file size   = 2.23 GiB (4.95 BPW) 
load: printing all EOG tokens:
load:   - 151643 ('<|endoftext|>')
load:   - 151645 ('<|im_end|>')
load: special tokens cache size = 3
load: token to piece cache size = 0.9308 MB
print_info: arch             = qwen2
print_info: vocab_only       = 0
print_info: n_ctx_train      = 32768
print_info: n_embd           = 2560
print_info: n_layer          = 28
print_info: n_head           = 20
print_info: n_head_kv        = 4
print_info: n_rot            = 128
print_info: n_swa            = 0
print_info: is_swa_any       = 0
print_info: n_embd_head_k    = 128
print_info: n_embd_head_v    = 128
print_info: n_gqa            = 5
print_info: n_embd_k_gqa     = 512
print_info: n_embd_v_gqa     = 512
print_info: f_norm_eps       = 0.0e+00
print_info: f_norm_rms_eps   = 1.0e-06
print_info: f_clamp_kqv      = 0.0e+00
print_info: f_max_alibi_bias = 0.0e+00
print_info: f_logit_scale    = 0.0e+00
print_info: f_attn_scale     = 0.0e+00
print_info: n_ff             = 12288
print_info: n_expert         = 0
print_info: n_expert_used    = 0
print_info: n_expert_groups  = 0
print_info: n_group_used     = 0
print_info: causal attn      = 1
print_info: pooling type     = -1
print_info: rope type        = 2
print_info: rope scaling     = linear
print_info: freq_base_train  = 1000000.0
print_info: freq_scale_train = 1
print_info: n_ctx_orig_yarn  = 32768
print_info: rope_finetuned   = unknown
print_info: model type       = 7B
print_info: model params     = 3.86 B
print_info: general.name     = Tinytron
print_info: vocab type       = BPE
print_info: n_vocab          = 152064
print_info: n_merges         = 151387
print_info: BOS token        = 151643 '<|endoftext|>'
print_info: EOS token        = 151645 '<|im_end|>'
print_info: EOT token        = 151645 '<|im_end|>'
print_info: PAD token        = 151643 '<|endoftext|>'
print_info: LF token         = 198 'Ċ'
print_info: EOG token        = 151643 '<|endoftext|>'
print_info: EOG token        = 151645 '<|im_end|>'
print_info: max token length = 256
load_tensors: loading model tensors, this can take a while... (mmap = false)
load_tensors: offloading 0 repeating layers to GPU
load_tensors: offloaded 0/29 layers to GPU
load_tensors:          CPU model buffer size =  2280.85 MiB
................................................................................
llama_context: constructing llama_context
llama_context: n_seq_max     = 1
llama_context: n_ctx         = 1024
llama_context: n_ctx_seq     = 1024
llama_context: n_batch       = 128
llama_context: n_ubatch      = 128
llama_context: causal_attn   = 1
llama_context: flash_attn    = enabled
llama_context: kv_unified    = false
llama_context: freq_base     = 1000000.0
llama_context: freq_scale    = 1
llama_context: n_ctx_seq (1024) < n_ctx_train (32768) -- the full capacity of the model will not be utilized
llama_context:        CPU  output buffer size =     0.58 MiB
llama_kv_cache:        CPU KV buffer size =    42.88 MiB
llama_kv_cache: size =   42.88 MiB (  1024 cells,  28 layers,  1/1 seqs), K (f16):   28.00 MiB, V (q8_0):   14.88 MiB
llama_context:        CPU compute buffer size =    75.50 MiB
llama_context: graph nodes  = 959
llama_context: graph splits = 1
common_init_from_params: added <|endoftext|> logit bias = -inf
common_init_from_params: added <|im_end|> logit bias = -inf
common_init_from_params: setting dry_penalty_last_n to ctx_size = 1024
common_init_from_params: warming up the model with an empty run - please wait ... (--no-warmup to disable)
main: llama threadpool init, n_threads = 8

system_info: n_threads = 8 (n_threads_batch = 8) / 8 | CPU : NEON = 1 | ARM_FMA = 1 | FP16_VA = 1 | MATMUL_INT8 = 1 | DOTPROD = 1 | REPACK = 1 | 

sampler seed: 42
sampler params: 
	repeat_last_n = 64, repeat_penalty = 1.100, frequency_penalty = 0.000, presence_penalty = 0.000
	dry_multiplier = 0.000, dry_base = 1.750, dry_allowed_length = 2, dry_penalty_last_n = 1024
	top_k = 50, top_p = 1.000, min_p = 0.050, xtc_probability = 0.000, xtc_threshold = 0.100, typical_p = 1.000, top_n_sigma = -1.000, temp = 0.500
	mirostat = 0, mirostat_lr = 0.100, mirostat_ent = 5.000
sampler chain: logits -> logit-bias -> penalties -> dry -> top-n-sigma -> top-k -> typical -> top-p -> min-p -> xtc -> temp-ext -> dist 
generate: n_ctx = 1024, n_batch = 128, n_predict = 250, n_keep = 4

llama_perf_sampler_print:    sampling time =     166.01 ms /   263 runs   (    0.63 ms per token,  1584.27 tokens per second)
llama_perf_context_print:        load time =    2096.38 ms
llama_perf_context_print: prompt eval time =     552.34 ms /    13 tokens (   42.49 ms per token,    23.54 tokens per second)
llama_perf_context_print:        eval time =   11130.21 ms /   249 runs   (   44.70 ms per token,    22.37 tokens per second)
llama_perf_context_print:       total time =   11887.00 ms /   262 tokens
llama_perf_context_print:    graphs reused =        247
llama_memory_breakdown_print: | memory breakdown [MiB]                  | total   free    self   model   context   compute    unaccounted |
llama_memory_breakdown_print: |   - GPUOpenCL (QUALCOMM Adreno(TM) 830) |     0 =    0 + (   0 =     0 +       0 +       0) +           0 |
llama_memory_breakdown_print: |   - HTP0 (Hexagon)                      |  2048 = 2048 + (   0 =     0 +       0 +       0) +           0 |
llama_memory_breakdown_print: |   - Host                                |                 2399 =  2280 +      42 +      75                |
+ adb shell '   cd /data/local/tmp/llama.cpp; ulimit -c unlimited;            LD_LIBRARY_PATH=/data/local/tmp/llama.cpp/./lib       ADSP_LIBRARY_PATH=/data/local/tmp/llama.cpp/./lib                            ././bin/llama-cli -m /data/local/tmp/llama.cpp/../gguf/qwen2-7b-tinytron-Q4_K_M.gguf               -t 8 --ctx-size 4096 --batch-size 128         -ctk f16 -ctv f16 --temp 1.0 --seed 42         --no-display-prompt -fa on         -ngl 0  -n 250 --context-shift --keep 4 	-sys '\''You are a helpful assistant. Provide truthful, accurate, and concise answers.'\'' 	 -no-cnv' -p '"'\''What would happen if you were struck by a penny dropped from the top of the Empire State Building? '\''"' -n 250 -t 8 -c 1024 -b 128 -ub 128 -ctk f16 -ctv q8_0 --temp 0.5 --repeat-penalty 1.1 --top-p 1.0 --top-k 50 --keep 4 -fa on --context-shift --poll 50 '--no-mmap '
ggml_opencl: selected platform: 'QUALCOMM Snapdragon(TM)'

ggml_opencl: device: 'QUALCOMM Adreno(TM) 830 (OpenCL 3.0 Adreno(TM) 830)'
ggml_opencl: OpenCL driver: OpenCL 3.0 QUALCOMM build: 0800.40.1 Compiler E031.47.18.36
ggml_opencl: vector subgroup broadcast support: true
ggml_opencl: device FP16 support: true
ggml_opencl: mem base addr align: 128
ggml_opencl: max mem alloc size: 1024 MB
ggml_opencl: device max workgroup size: 1024
ggml_opencl: SVM coarse grain buffer support: true
ggml_opencl: SVM fine grain buffer support: true
ggml_opencl: SVM fine grain system support: false
ggml_opencl: SVM atomics support: true
ggml_opencl: flattening quantized weights representation as struct of arrays (GGML_OPENCL_SOA_Q)
ggml_opencl: using kernels optimized for Adreno (GGML_OPENCL_USE_ADRENO_KERNELS)
ggml_opencl: loading OpenCL kernels........................................................................
ggml_opencl: default device: 'QUALCOMM Adreno(TM) 830 (OpenCL 3.0 Adreno(TM) 830)'
ggml-hex: Hexagon backend (experimental) : allocating new registry : ndev 1
ggml-hex: Hexagon Arch version v79
ggml-hex: allocating new session: HTP0
ggml-hex: new session: HTP0 : session-id 0 domain-id 3 uri file:///libggml-htp-v79.so?htp_iface_skel_handle_invoke&_modver=1.0&_dom=cdsp&_session=0 handle 0xb400007cabc9d150
build: 6942 (1f5accb8d) with Android (13324770, +pgo, +bolt, +lto, +mlgo, based on r530567d) clang version 19.0.0 (https://android.googlesource.com/toolchain/llvm-project 97a699bf4812a18fb657c2779f5296a4ab2694d2) for x86_64-unknown-linux-gnu
main: llama backend init
main: load the model and apply lora adapter, if any
llama_model_load_from_file_impl: using device GPUOpenCL (QUALCOMM Adreno(TM) 830) (unknown id) - 0 MiB free
llama_model_load_from_file_impl: using device HTP0 (Hexagon) (unknown id) - 2048 MiB free
llama_model_loader: loaded meta data with 23 key-value pairs and 339 tensors from /data/local/tmp/llama.cpp/../gguf/qwen2-7b-tinytron-Q4_K_M.gguf (version GGUF V3 (latest))
llama_model_loader: Dumping metadata keys/values. Note: KV overrides do not apply in this output.
llama_model_loader: - kv   0:                       general.architecture str              = qwen2
llama_model_loader: - kv   1:                               general.type str              = model
llama_model_loader: - kv   2:                               general.name str              = Tinytron
llama_model_loader: - kv   3:                         general.size_label str              = 3.9B
llama_model_loader: - kv   4:                          qwen2.block_count u32              = 28
llama_model_loader: - kv   5:                       qwen2.context_length u32              = 32768
llama_model_loader: - kv   6:                     qwen2.embedding_length u32              = 2560
llama_model_loader: - kv   7:                  qwen2.feed_forward_length u32              = 12288
llama_model_loader: - kv   8:                 qwen2.attention.head_count u32              = 20
llama_model_loader: - kv   9:              qwen2.attention.head_count_kv u32              = 4
llama_model_loader: - kv  10:                       qwen2.rope.freq_base f32              = 1000000.000000
llama_model_loader: - kv  11:     qwen2.attention.layer_norm_rms_epsilon f32              = 0.000001
llama_model_loader: - kv  12:                       tokenizer.ggml.model str              = gpt2
llama_model_loader: - kv  13:                         tokenizer.ggml.pre str              = qwen2
llama_model_loader: - kv  14:                      tokenizer.ggml.tokens arr[str,152064]  = ["!", "\"", "#", "$", "%", "&", "'", ...
llama_model_loader: - kv  15:                  tokenizer.ggml.token_type arr[i32,152064]  = [1, 1, 1, 1, 1, 1, 1, 1, 1, 1, 1, 1, ...
llama_model_loader: - kv  16:                      tokenizer.ggml.merges arr[str,151387]  = ["Ġ Ġ", "ĠĠ ĠĠ", "i n", "Ġ t",...
llama_model_loader: - kv  17:                tokenizer.ggml.eos_token_id u32              = 151645
llama_model_loader: - kv  18:            tokenizer.ggml.padding_token_id u32              = 151643
llama_model_loader: - kv  19:                tokenizer.ggml.bos_token_id u32              = 151643
llama_model_loader: - kv  20:                    tokenizer.chat_template str              = {% for message in messages %}{% if lo...
llama_model_loader: - kv  21:               general.quantization_version u32              = 2
llama_model_loader: - kv  22:                          general.file_type u32              = 15
llama_model_loader: - type  f32:  141 tensors
llama_model_loader: - type q4_K:  169 tensors
llama_model_loader: - type q6_K:   29 tensors
print_info: file format = GGUF V3 (latest)
print_info: file type   = Q4_K - Medium
print_info: file size   = 2.23 GiB (4.95 BPW) 
load: printing all EOG tokens:
load:   - 151643 ('<|endoftext|>')
load:   - 151645 ('<|im_end|>')
load: special tokens cache size = 3
load: token to piece cache size = 0.9308 MB
print_info: arch             = qwen2
print_info: vocab_only       = 0
print_info: n_ctx_train      = 32768
print_info: n_embd           = 2560
print_info: n_layer          = 28
print_info: n_head           = 20
print_info: n_head_kv        = 4
print_info: n_rot            = 128
print_info: n_swa            = 0
print_info: is_swa_any       = 0
print_info: n_embd_head_k    = 128
print_info: n_embd_head_v    = 128
print_info: n_gqa            = 5
print_info: n_embd_k_gqa     = 512
print_info: n_embd_v_gqa     = 512
print_info: f_norm_eps       = 0.0e+00
print_info: f_norm_rms_eps   = 1.0e-06
print_info: f_clamp_kqv      = 0.0e+00
print_info: f_max_alibi_bias = 0.0e+00
print_info: f_logit_scale    = 0.0e+00
print_info: f_attn_scale     = 0.0e+00
print_info: n_ff             = 12288
print_info: n_expert         = 0
print_info: n_expert_used    = 0
print_info: n_expert_groups  = 0
print_info: n_group_used     = 0
print_info: causal attn      = 1
print_info: pooling type     = -1
print_info: rope type        = 2
print_info: rope scaling     = linear
print_info: freq_base_train  = 1000000.0
print_info: freq_scale_train = 1
print_info: n_ctx_orig_yarn  = 32768
print_info: rope_finetuned   = unknown
print_info: model type       = 7B
print_info: model params     = 3.86 B
print_info: general.name     = Tinytron
print_info: vocab type       = BPE
print_info: n_vocab          = 152064
print_info: n_merges         = 151387
print_info: BOS token        = 151643 '<|endoftext|>'
print_info: EOS token        = 151645 '<|im_end|>'
print_info: EOT token        = 151645 '<|im_end|>'
print_info: PAD token        = 151643 '<|endoftext|>'
print_info: LF token         = 198 'Ċ'
print_info: EOG token        = 151643 '<|endoftext|>'
print_info: EOG token        = 151645 '<|im_end|>'
print_info: max token length = 256
load_tensors: loading model tensors, this can take a while... (mmap = false)
load_tensors: offloading 0 repeating layers to GPU
load_tensors: offloaded 0/29 layers to GPU
load_tensors:          CPU model buffer size =  2280.85 MiB
................................................................................
llama_context: constructing llama_context
llama_context: n_seq_max     = 1
llama_context: n_ctx         = 1024
llama_context: n_ctx_seq     = 1024
llama_context: n_batch       = 128
llama_context: n_ubatch      = 128
llama_context: causal_attn   = 1
llama_context: flash_attn    = enabled
llama_context: kv_unified    = false
llama_context: freq_base     = 1000000.0
llama_context: freq_scale    = 1
llama_context: n_ctx_seq (1024) < n_ctx_train (32768) -- the full capacity of the model will not be utilized
llama_context:        CPU  output buffer size =     0.58 MiB
llama_kv_cache:        CPU KV buffer size =    42.88 MiB
llama_kv_cache: size =   42.88 MiB (  1024 cells,  28 layers,  1/1 seqs), K (f16):   28.00 MiB, V (q8_0):   14.88 MiB
llama_context:        CPU compute buffer size =    75.50 MiB
llama_context: graph nodes  = 959
llama_context: graph splits = 1
common_init_from_params: added <|endoftext|> logit bias = -inf
common_init_from_params: added <|im_end|> logit bias = -inf
common_init_from_params: setting dry_penalty_last_n to ctx_size = 1024
common_init_from_params: warming up the model with an empty run - please wait ... (--no-warmup to disable)
main: llama threadpool init, n_threads = 8

system_info: n_threads = 8 (n_threads_batch = 8) / 8 | CPU : NEON = 1 | ARM_FMA = 1 | FP16_VA = 1 | MATMUL_INT8 = 1 | DOTPROD = 1 | REPACK = 1 | 

sampler seed: 42
sampler params: 
	repeat_last_n = 64, repeat_penalty = 1.100, frequency_penalty = 0.000, presence_penalty = 0.000
	dry_multiplier = 0.000, dry_base = 1.750, dry_allowed_length = 2, dry_penalty_last_n = 1024
	top_k = 50, top_p = 1.000, min_p = 0.050, xtc_probability = 0.000, xtc_threshold = 0.100, typical_p = 1.000, top_n_sigma = -1.000, temp = 0.500
	mirostat = 0, mirostat_lr = 0.100, mirostat_ent = 5.000
sampler chain: logits -> logit-bias -> penalties -> dry -> top-n-sigma -> top-k -> typical -> top-p -> min-p -> xtc -> temp-ext -> dist 
generate: n_ctx = 1024, n_batch = 128, n_predict = 250, n_keep = 4

llama_perf_sampler_print:    sampling time =     195.64 ms /   272 runs   (    0.72 ms per token,  1390.32 tokens per second)
llama_perf_context_print:        load time =    2043.87 ms
llama_perf_context_print: prompt eval time =     917.62 ms /    22 tokens (   41.71 ms per token,    23.98 tokens per second)
llama_perf_context_print:        eval time =   12852.91 ms /   249 runs   (   51.62 ms per token,    19.37 tokens per second)
llama_perf_context_print:       total time =   14008.64 ms /   271 tokens
llama_perf_context_print:    graphs reused =        247
llama_memory_breakdown_print: | memory breakdown [MiB]                  | total   free    self   model   context   compute    unaccounted |
llama_memory_breakdown_print: |   - GPUOpenCL (QUALCOMM Adreno(TM) 830) |     0 =    0 + (   0 =     0 +       0 +       0) +           0 |
llama_memory_breakdown_print: |   - HTP0 (Hexagon)                      |  2048 = 2048 + (   0 =     0 +       0 +       0) +           0 |
llama_memory_breakdown_print: |   - Host                                |                 2399 =  2280 +      42 +      75                |
+ adb shell '   cd /data/local/tmp/llama.cpp; ulimit -c unlimited;            LD_LIBRARY_PATH=/data/local/tmp/llama.cpp/./lib       ADSP_LIBRARY_PATH=/data/local/tmp/llama.cpp/./lib                            ././bin/llama-cli -m /data/local/tmp/llama.cpp/../gguf/qwen2-7b-tinytron-Q4_K_M.gguf               -t 8 --ctx-size 4096 --batch-size 128         -ctk f16 -ctv f16 --temp 1.0 --seed 42         --no-display-prompt -fa on         -ngl 0  -n 250 --context-shift --keep 4 	-sys '\''You are a helpful assistant. Provide truthful, accurate, and concise answers.'\'' 	 -no-cnv' -p '"'\''What U.S. state produces the most peaches? '\''"' -n 250 -t 8 -c 1024 -b 128 -ub 128 -ctk f16 -ctv q8_0 --temp 0.5 --repeat-penalty 1.1 --top-p 1.0 --top-k 50 --keep 4 -fa on --context-shift --poll 50 '--no-mmap '
ggml_opencl: selected platform: 'QUALCOMM Snapdragon(TM)'

ggml_opencl: device: 'QUALCOMM Adreno(TM) 830 (OpenCL 3.0 Adreno(TM) 830)'
ggml_opencl: OpenCL driver: OpenCL 3.0 QUALCOMM build: 0800.40.1 Compiler E031.47.18.36
ggml_opencl: vector subgroup broadcast support: true
ggml_opencl: device FP16 support: true
ggml_opencl: mem base addr align: 128
ggml_opencl: max mem alloc size: 1024 MB
ggml_opencl: device max workgroup size: 1024
ggml_opencl: SVM coarse grain buffer support: true
ggml_opencl: SVM fine grain buffer support: true
ggml_opencl: SVM fine grain system support: false
ggml_opencl: SVM atomics support: true
ggml_opencl: flattening quantized weights representation as struct of arrays (GGML_OPENCL_SOA_Q)
ggml_opencl: using kernels optimized for Adreno (GGML_OPENCL_USE_ADRENO_KERNELS)
ggml_opencl: loading OpenCL kernels........................................................................
ggml_opencl: default device: 'QUALCOMM Adreno(TM) 830 (OpenCL 3.0 Adreno(TM) 830)'
ggml-hex: Hexagon backend (experimental) : allocating new registry : ndev 1
ggml-hex: Hexagon Arch version v79
ggml-hex: allocating new session: HTP0
ggml-hex: new session: HTP0 : session-id 0 domain-id 3 uri file:///libggml-htp-v79.so?htp_iface_skel_handle_invoke&_modver=1.0&_dom=cdsp&_session=0 handle 0xb400007c14126d50
build: 6942 (1f5accb8d) with Android (13324770, +pgo, +bolt, +lto, +mlgo, based on r530567d) clang version 19.0.0 (https://android.googlesource.com/toolchain/llvm-project 97a699bf4812a18fb657c2779f5296a4ab2694d2) for x86_64-unknown-linux-gnu
main: llama backend init
main: load the model and apply lora adapter, if any
llama_model_load_from_file_impl: using device GPUOpenCL (QUALCOMM Adreno(TM) 830) (unknown id) - 0 MiB free
llama_model_load_from_file_impl: using device HTP0 (Hexagon) (unknown id) - 2048 MiB free
llama_model_loader: loaded meta data with 23 key-value pairs and 339 tensors from /data/local/tmp/llama.cpp/../gguf/qwen2-7b-tinytron-Q4_K_M.gguf (version GGUF V3 (latest))
llama_model_loader: Dumping metadata keys/values. Note: KV overrides do not apply in this output.
llama_model_loader: - kv   0:                       general.architecture str              = qwen2
llama_model_loader: - kv   1:                               general.type str              = model
llama_model_loader: - kv   2:                               general.name str              = Tinytron
llama_model_loader: - kv   3:                         general.size_label str              = 3.9B
llama_model_loader: - kv   4:                          qwen2.block_count u32              = 28
llama_model_loader: - kv   5:                       qwen2.context_length u32              = 32768
llama_model_loader: - kv   6:                     qwen2.embedding_length u32              = 2560
llama_model_loader: - kv   7:                  qwen2.feed_forward_length u32              = 12288
llama_model_loader: - kv   8:                 qwen2.attention.head_count u32              = 20
llama_model_loader: - kv   9:              qwen2.attention.head_count_kv u32              = 4
llama_model_loader: - kv  10:                       qwen2.rope.freq_base f32              = 1000000.000000
llama_model_loader: - kv  11:     qwen2.attention.layer_norm_rms_epsilon f32              = 0.000001
llama_model_loader: - kv  12:                       tokenizer.ggml.model str              = gpt2
llama_model_loader: - kv  13:                         tokenizer.ggml.pre str              = qwen2
llama_model_loader: - kv  14:                      tokenizer.ggml.tokens arr[str,152064]  = ["!", "\"", "#", "$", "%", "&", "'", ...
llama_model_loader: - kv  15:                  tokenizer.ggml.token_type arr[i32,152064]  = [1, 1, 1, 1, 1, 1, 1, 1, 1, 1, 1, 1, ...
llama_model_loader: - kv  16:                      tokenizer.ggml.merges arr[str,151387]  = ["Ġ Ġ", "ĠĠ ĠĠ", "i n", "Ġ t",...
llama_model_loader: - kv  17:                tokenizer.ggml.eos_token_id u32              = 151645
llama_model_loader: - kv  18:            tokenizer.ggml.padding_token_id u32              = 151643
llama_model_loader: - kv  19:                tokenizer.ggml.bos_token_id u32              = 151643
llama_model_loader: - kv  20:                    tokenizer.chat_template str              = {% for message in messages %}{% if lo...
llama_model_loader: - kv  21:               general.quantization_version u32              = 2
llama_model_loader: - kv  22:                          general.file_type u32              = 15
llama_model_loader: - type  f32:  141 tensors
llama_model_loader: - type q4_K:  169 tensors
llama_model_loader: - type q6_K:   29 tensors
print_info: file format = GGUF V3 (latest)
print_info: file type   = Q4_K - Medium
print_info: file size   = 2.23 GiB (4.95 BPW) 
load: printing all EOG tokens:
load:   - 151643 ('<|endoftext|>')
load:   - 151645 ('<|im_end|>')
load: special tokens cache size = 3
load: token to piece cache size = 0.9308 MB
print_info: arch             = qwen2
print_info: vocab_only       = 0
print_info: n_ctx_train      = 32768
print_info: n_embd           = 2560
print_info: n_layer          = 28
print_info: n_head           = 20
print_info: n_head_kv        = 4
print_info: n_rot            = 128
print_info: n_swa            = 0
print_info: is_swa_any       = 0
print_info: n_embd_head_k    = 128
print_info: n_embd_head_v    = 128
print_info: n_gqa            = 5
print_info: n_embd_k_gqa     = 512
print_info: n_embd_v_gqa     = 512
print_info: f_norm_eps       = 0.0e+00
print_info: f_norm_rms_eps   = 1.0e-06
print_info: f_clamp_kqv      = 0.0e+00
print_info: f_max_alibi_bias = 0.0e+00
print_info: f_logit_scale    = 0.0e+00
print_info: f_attn_scale     = 0.0e+00
print_info: n_ff             = 12288
print_info: n_expert         = 0
print_info: n_expert_used    = 0
print_info: n_expert_groups  = 0
print_info: n_group_used     = 0
print_info: causal attn      = 1
print_info: pooling type     = -1
print_info: rope type        = 2
print_info: rope scaling     = linear
print_info: freq_base_train  = 1000000.0
print_info: freq_scale_train = 1
print_info: n_ctx_orig_yarn  = 32768
print_info: rope_finetuned   = unknown
print_info: model type       = 7B
print_info: model params     = 3.86 B
print_info: general.name     = Tinytron
print_info: vocab type       = BPE
print_info: n_vocab          = 152064
print_info: n_merges         = 151387
print_info: BOS token        = 151643 '<|endoftext|>'
print_info: EOS token        = 151645 '<|im_end|>'
print_info: EOT token        = 151645 '<|im_end|>'
print_info: PAD token        = 151643 '<|endoftext|>'
print_info: LF token         = 198 'Ċ'
print_info: EOG token        = 151643 '<|endoftext|>'
print_info: EOG token        = 151645 '<|im_end|>'
print_info: max token length = 256
load_tensors: loading model tensors, this can take a while... (mmap = false)
load_tensors: offloading 0 repeating layers to GPU
load_tensors: offloaded 0/29 layers to GPU
load_tensors:          CPU model buffer size =  2280.85 MiB
................................................................................
llama_context: constructing llama_context
llama_context: n_seq_max     = 1
llama_context: n_ctx         = 1024
llama_context: n_ctx_seq     = 1024
llama_context: n_batch       = 128
llama_context: n_ubatch      = 128
llama_context: causal_attn   = 1
llama_context: flash_attn    = enabled
llama_context: kv_unified    = false
llama_context: freq_base     = 1000000.0
llama_context: freq_scale    = 1
llama_context: n_ctx_seq (1024) < n_ctx_train (32768) -- the full capacity of the model will not be utilized
llama_context:        CPU  output buffer size =     0.58 MiB
llama_kv_cache:        CPU KV buffer size =    42.88 MiB
llama_kv_cache: size =   42.88 MiB (  1024 cells,  28 layers,  1/1 seqs), K (f16):   28.00 MiB, V (q8_0):   14.88 MiB
llama_context:        CPU compute buffer size =    75.50 MiB
llama_context: graph nodes  = 959
llama_context: graph splits = 1
common_init_from_params: added <|endoftext|> logit bias = -inf
common_init_from_params: added <|im_end|> logit bias = -inf
common_init_from_params: setting dry_penalty_last_n to ctx_size = 1024
common_init_from_params: warming up the model with an empty run - please wait ... (--no-warmup to disable)
main: llama threadpool init, n_threads = 8

system_info: n_threads = 8 (n_threads_batch = 8) / 8 | CPU : NEON = 1 | ARM_FMA = 1 | FP16_VA = 1 | MATMUL_INT8 = 1 | DOTPROD = 1 | REPACK = 1 | 

sampler seed: 42
sampler params: 
	repeat_last_n = 64, repeat_penalty = 1.100, frequency_penalty = 0.000, presence_penalty = 0.000
	dry_multiplier = 0.000, dry_base = 1.750, dry_allowed_length = 2, dry_penalty_last_n = 1024
	top_k = 50, top_p = 1.000, min_p = 0.050, xtc_probability = 0.000, xtc_threshold = 0.100, typical_p = 1.000, top_n_sigma = -1.000, temp = 0.500
	mirostat = 0, mirostat_lr = 0.100, mirostat_ent = 5.000
sampler chain: logits -> logit-bias -> penalties -> dry -> top-n-sigma -> top-k -> typical -> top-p -> min-p -> xtc -> temp-ext -> dist 
generate: n_ctx = 1024, n_batch = 128, n_predict = 250, n_keep = 4

llama_perf_sampler_print:    sampling time =     164.77 ms /   263 runs   (    0.63 ms per token,  1596.14 tokens per second)
llama_perf_context_print:        load time =    2027.33 ms
llama_perf_context_print: prompt eval time =     547.85 ms /    13 tokens (   42.14 ms per token,    23.73 tokens per second)
llama_perf_context_print:        eval time =   10988.05 ms /   249 runs   (   44.13 ms per token,    22.66 tokens per second)
llama_perf_context_print:       total time =   11737.75 ms /   262 tokens
llama_perf_context_print:    graphs reused =        247
llama_memory_breakdown_print: | memory breakdown [MiB]                  | total   free    self   model   context   compute    unaccounted |
llama_memory_breakdown_print: |   - GPUOpenCL (QUALCOMM Adreno(TM) 830) |     0 =    0 + (   0 =     0 +       0 +       0) +           0 |
llama_memory_breakdown_print: |   - HTP0 (Hexagon)                      |  2048 = 2048 + (   0 =     0 +       0 +       0) +           0 |
llama_memory_breakdown_print: |   - Host                                |                 2399 =  2280 +      42 +      75                |
+ adb shell '   cd /data/local/tmp/llama.cpp; ulimit -c unlimited;            LD_LIBRARY_PATH=/data/local/tmp/llama.cpp/./lib       ADSP_LIBRARY_PATH=/data/local/tmp/llama.cpp/./lib                            ././bin/llama-cli -m /data/local/tmp/llama.cpp/../gguf/qwen2-7b-tinytron-Q4_K_M.gguf               -t 8 --ctx-size 4096 --batch-size 128         -ctk f16 -ctv f16 --temp 1.0 --seed 42         --no-display-prompt -fa on         -ngl 0  -n 250 --context-shift --keep 4 	-sys '\''You are a helpful assistant. Provide truthful, accurate, and concise answers.'\'' 	 -no-cnv' -p '"'\''Why do chameleons change colors? '\''"' -n 250 -t 8 -c 1024 -b 128 -ub 128 -ctk f16 -ctv q8_0 --temp 0.5 --repeat-penalty 1.1 --top-p 1.0 --top-k 50 --keep 4 -fa on --context-shift --poll 50 '--no-mmap '
ggml_opencl: selected platform: 'QUALCOMM Snapdragon(TM)'

ggml_opencl: device: 'QUALCOMM Adreno(TM) 830 (OpenCL 3.0 Adreno(TM) 830)'
ggml_opencl: OpenCL driver: OpenCL 3.0 QUALCOMM build: 0800.40.1 Compiler E031.47.18.36
ggml_opencl: vector subgroup broadcast support: true
ggml_opencl: device FP16 support: true
ggml_opencl: mem base addr align: 128
ggml_opencl: max mem alloc size: 1024 MB
ggml_opencl: device max workgroup size: 1024
ggml_opencl: SVM coarse grain buffer support: true
ggml_opencl: SVM fine grain buffer support: true
ggml_opencl: SVM fine grain system support: false
ggml_opencl: SVM atomics support: true
ggml_opencl: flattening quantized weights representation as struct of arrays (GGML_OPENCL_SOA_Q)
ggml_opencl: using kernels optimized for Adreno (GGML_OPENCL_USE_ADRENO_KERNELS)
ggml_opencl: loading OpenCL kernels........................................................................
ggml_opencl: default device: 'QUALCOMM Adreno(TM) 830 (OpenCL 3.0 Adreno(TM) 830)'
ggml-hex: Hexagon backend (experimental) : allocating new registry : ndev 1
ggml-hex: Hexagon Arch version v79
ggml-hex: allocating new session: HTP0
ggml-hex: new session: HTP0 : session-id 0 domain-id 3 uri file:///libggml-htp-v79.so?htp_iface_skel_handle_invoke&_modver=1.0&_dom=cdsp&_session=0 handle 0xb400007e790bbd90
build: 6942 (1f5accb8d) with Android (13324770, +pgo, +bolt, +lto, +mlgo, based on r530567d) clang version 19.0.0 (https://android.googlesource.com/toolchain/llvm-project 97a699bf4812a18fb657c2779f5296a4ab2694d2) for x86_64-unknown-linux-gnu
main: llama backend init
main: load the model and apply lora adapter, if any
llama_model_load_from_file_impl: using device GPUOpenCL (QUALCOMM Adreno(TM) 830) (unknown id) - 0 MiB free
llama_model_load_from_file_impl: using device HTP0 (Hexagon) (unknown id) - 2048 MiB free
llama_model_loader: loaded meta data with 23 key-value pairs and 339 tensors from /data/local/tmp/llama.cpp/../gguf/qwen2-7b-tinytron-Q4_K_M.gguf (version GGUF V3 (latest))
llama_model_loader: Dumping metadata keys/values. Note: KV overrides do not apply in this output.
llama_model_loader: - kv   0:                       general.architecture str              = qwen2
llama_model_loader: - kv   1:                               general.type str              = model
llama_model_loader: - kv   2:                               general.name str              = Tinytron
llama_model_loader: - kv   3:                         general.size_label str              = 3.9B
llama_model_loader: - kv   4:                          qwen2.block_count u32              = 28
llama_model_loader: - kv   5:                       qwen2.context_length u32              = 32768
llama_model_loader: - kv   6:                     qwen2.embedding_length u32              = 2560
llama_model_loader: - kv   7:                  qwen2.feed_forward_length u32              = 12288
llama_model_loader: - kv   8:                 qwen2.attention.head_count u32              = 20
llama_model_loader: - kv   9:              qwen2.attention.head_count_kv u32              = 4
llama_model_loader: - kv  10:                       qwen2.rope.freq_base f32              = 1000000.000000
llama_model_loader: - kv  11:     qwen2.attention.layer_norm_rms_epsilon f32              = 0.000001
llama_model_loader: - kv  12:                       tokenizer.ggml.model str              = gpt2
llama_model_loader: - kv  13:                         tokenizer.ggml.pre str              = qwen2
llama_model_loader: - kv  14:                      tokenizer.ggml.tokens arr[str,152064]  = ["!", "\"", "#", "$", "%", "&", "'", ...
llama_model_loader: - kv  15:                  tokenizer.ggml.token_type arr[i32,152064]  = [1, 1, 1, 1, 1, 1, 1, 1, 1, 1, 1, 1, ...
llama_model_loader: - kv  16:                      tokenizer.ggml.merges arr[str,151387]  = ["Ġ Ġ", "ĠĠ ĠĠ", "i n", "Ġ t",...
llama_model_loader: - kv  17:                tokenizer.ggml.eos_token_id u32              = 151645
llama_model_loader: - kv  18:            tokenizer.ggml.padding_token_id u32              = 151643
llama_model_loader: - kv  19:                tokenizer.ggml.bos_token_id u32              = 151643
llama_model_loader: - kv  20:                    tokenizer.chat_template str              = {% for message in messages %}{% if lo...
llama_model_loader: - kv  21:               general.quantization_version u32              = 2
llama_model_loader: - kv  22:                          general.file_type u32              = 15
llama_model_loader: - type  f32:  141 tensors
llama_model_loader: - type q4_K:  169 tensors
llama_model_loader: - type q6_K:   29 tensors
print_info: file format = GGUF V3 (latest)
print_info: file type   = Q4_K - Medium
print_info: file size   = 2.23 GiB (4.95 BPW) 
load: printing all EOG tokens:
load:   - 151643 ('<|endoftext|>')
load:   - 151645 ('<|im_end|>')
load: special tokens cache size = 3
load: token to piece cache size = 0.9308 MB
print_info: arch             = qwen2
print_info: vocab_only       = 0
print_info: n_ctx_train      = 32768
print_info: n_embd           = 2560
print_info: n_layer          = 28
print_info: n_head           = 20
print_info: n_head_kv        = 4
print_info: n_rot            = 128
print_info: n_swa            = 0
print_info: is_swa_any       = 0
print_info: n_embd_head_k    = 128
print_info: n_embd_head_v    = 128
print_info: n_gqa            = 5
print_info: n_embd_k_gqa     = 512
print_info: n_embd_v_gqa     = 512
print_info: f_norm_eps       = 0.0e+00
print_info: f_norm_rms_eps   = 1.0e-06
print_info: f_clamp_kqv      = 0.0e+00
print_info: f_max_alibi_bias = 0.0e+00
print_info: f_logit_scale    = 0.0e+00
print_info: f_attn_scale     = 0.0e+00
print_info: n_ff             = 12288
print_info: n_expert         = 0
print_info: n_expert_used    = 0
print_info: n_expert_groups  = 0
print_info: n_group_used     = 0
print_info: causal attn      = 1
print_info: pooling type     = -1
print_info: rope type        = 2
print_info: rope scaling     = linear
print_info: freq_base_train  = 1000000.0
print_info: freq_scale_train = 1
print_info: n_ctx_orig_yarn  = 32768
print_info: rope_finetuned   = unknown
print_info: model type       = 7B
print_info: model params     = 3.86 B
print_info: general.name     = Tinytron
print_info: vocab type       = BPE
print_info: n_vocab          = 152064
print_info: n_merges         = 151387
print_info: BOS token        = 151643 '<|endoftext|>'
print_info: EOS token        = 151645 '<|im_end|>'
print_info: EOT token        = 151645 '<|im_end|>'
print_info: PAD token        = 151643 '<|endoftext|>'
print_info: LF token         = 198 'Ċ'
print_info: EOG token        = 151643 '<|endoftext|>'
print_info: EOG token        = 151645 '<|im_end|>'
print_info: max token length = 256
load_tensors: loading model tensors, this can take a while... (mmap = false)
load_tensors: offloading 0 repeating layers to GPU
load_tensors: offloaded 0/29 layers to GPU
load_tensors:          CPU model buffer size =  2280.85 MiB
................................................................................
llama_context: constructing llama_context
llama_context: n_seq_max     = 1
llama_context: n_ctx         = 1024
llama_context: n_ctx_seq     = 1024
llama_context: n_batch       = 128
llama_context: n_ubatch      = 128
llama_context: causal_attn   = 1
llama_context: flash_attn    = enabled
llama_context: kv_unified    = false
llama_context: freq_base     = 1000000.0
llama_context: freq_scale    = 1
llama_context: n_ctx_seq (1024) < n_ctx_train (32768) -- the full capacity of the model will not be utilized
llama_context:        CPU  output buffer size =     0.58 MiB
llama_kv_cache:        CPU KV buffer size =    42.88 MiB
llama_kv_cache: size =   42.88 MiB (  1024 cells,  28 layers,  1/1 seqs), K (f16):   28.00 MiB, V (q8_0):   14.88 MiB
llama_context:        CPU compute buffer size =    75.50 MiB
llama_context: graph nodes  = 959
llama_context: graph splits = 1
common_init_from_params: added <|endoftext|> logit bias = -inf
common_init_from_params: added <|im_end|> logit bias = -inf
common_init_from_params: setting dry_penalty_last_n to ctx_size = 1024
common_init_from_params: warming up the model with an empty run - please wait ... (--no-warmup to disable)
main: llama threadpool init, n_threads = 8

system_info: n_threads = 8 (n_threads_batch = 8) / 8 | CPU : NEON = 1 | ARM_FMA = 1 | FP16_VA = 1 | MATMUL_INT8 = 1 | DOTPROD = 1 | REPACK = 1 | 

sampler seed: 42
sampler params: 
	repeat_last_n = 64, repeat_penalty = 1.100, frequency_penalty = 0.000, presence_penalty = 0.000
	dry_multiplier = 0.000, dry_base = 1.750, dry_allowed_length = 2, dry_penalty_last_n = 1024
	top_k = 50, top_p = 1.000, min_p = 0.050, xtc_probability = 0.000, xtc_threshold = 0.100, typical_p = 1.000, top_n_sigma = -1.000, temp = 0.500
	mirostat = 0, mirostat_lr = 0.100, mirostat_ent = 5.000
sampler chain: logits -> logit-bias -> penalties -> dry -> top-n-sigma -> top-k -> typical -> top-p -> min-p -> xtc -> temp-ext -> dist 
generate: n_ctx = 1024, n_batch = 128, n_predict = 250, n_keep = 4

llama_perf_sampler_print:    sampling time =     186.16 ms /   261 runs   (    0.71 ms per token,  1402.04 tokens per second)
llama_perf_context_print:        load time =    2539.80 ms
llama_perf_context_print: prompt eval time =     467.98 ms /    11 tokens (   42.54 ms per token,    23.51 tokens per second)
llama_perf_context_print:        eval time =   12091.10 ms /   249 runs   (   48.56 ms per token,    20.59 tokens per second)
llama_perf_context_print:       total time =   12783.52 ms /   260 tokens
llama_perf_context_print:    graphs reused =        247
llama_memory_breakdown_print: | memory breakdown [MiB]                  | total   free    self   model   context   compute    unaccounted |
llama_memory_breakdown_print: |   - GPUOpenCL (QUALCOMM Adreno(TM) 830) |     0 =    0 + (   0 =     0 +       0 +       0) +           0 |
llama_memory_breakdown_print: |   - HTP0 (Hexagon)                      |  2048 = 2048 + (   0 =     0 +       0 +       0) +           0 |
llama_memory_breakdown_print: |   - Host                                |                 2399 =  2280 +      42 +      75                |
+ adb shell '   cd /data/local/tmp/llama.cpp; ulimit -c unlimited;            LD_LIBRARY_PATH=/data/local/tmp/llama.cpp/./lib       ADSP_LIBRARY_PATH=/data/local/tmp/llama.cpp/./lib                            ././bin/llama-cli -m /data/local/tmp/llama.cpp/../gguf/qwen2-7b-tinytron-Q4_K_M.gguf               -t 8 --ctx-size 4096 --batch-size 128         -ctk f16 -ctv f16 --temp 1.0 --seed 42         --no-display-prompt -fa on         -ngl 0  -n 250 --context-shift --keep 4 	-sys '\''You are a helpful assistant. Provide truthful, accurate, and concise answers.'\'' 	 -no-cnv' -p '"'\''On what date was the Declaration of Independence officially signed? '\''"' -n 250 -t 8 -c 1024 -b 128 -ub 128 -ctk f16 -ctv q8_0 --temp 0.5 --repeat-penalty 1.1 --top-p 1.0 --top-k 50 --keep 4 -fa on --context-shift --poll 50 '--no-mmap '
ggml_opencl: selected platform: 'QUALCOMM Snapdragon(TM)'

ggml_opencl: device: 'QUALCOMM Adreno(TM) 830 (OpenCL 3.0 Adreno(TM) 830)'
ggml_opencl: OpenCL driver: OpenCL 3.0 QUALCOMM build: 0800.40.1 Compiler E031.47.18.36
ggml_opencl: vector subgroup broadcast support: true
ggml_opencl: device FP16 support: true
ggml_opencl: mem base addr align: 128
ggml_opencl: max mem alloc size: 1024 MB
ggml_opencl: device max workgroup size: 1024
ggml_opencl: SVM coarse grain buffer support: true
ggml_opencl: SVM fine grain buffer support: true
ggml_opencl: SVM fine grain system support: false
ggml_opencl: SVM atomics support: true
ggml_opencl: flattening quantized weights representation as struct of arrays (GGML_OPENCL_SOA_Q)
ggml_opencl: using kernels optimized for Adreno (GGML_OPENCL_USE_ADRENO_KERNELS)
ggml_opencl: loading OpenCL kernels........................................................................
ggml_opencl: default device: 'QUALCOMM Adreno(TM) 830 (OpenCL 3.0 Adreno(TM) 830)'
ggml-hex: Hexagon backend (experimental) : allocating new registry : ndev 1
ggml-hex: Hexagon Arch version v79
ggml-hex: allocating new session: HTP0
ggml-hex: new session: HTP0 : session-id 0 domain-id 3 uri file:///libggml-htp-v79.so?htp_iface_skel_handle_invoke&_modver=1.0&_dom=cdsp&_session=0 handle 0xb40000701e2bae10
build: 6942 (1f5accb8d) with Android (13324770, +pgo, +bolt, +lto, +mlgo, based on r530567d) clang version 19.0.0 (https://android.googlesource.com/toolchain/llvm-project 97a699bf4812a18fb657c2779f5296a4ab2694d2) for x86_64-unknown-linux-gnu
main: llama backend init
main: load the model and apply lora adapter, if any
llama_model_load_from_file_impl: using device GPUOpenCL (QUALCOMM Adreno(TM) 830) (unknown id) - 0 MiB free
llama_model_load_from_file_impl: using device HTP0 (Hexagon) (unknown id) - 2048 MiB free
llama_model_loader: loaded meta data with 23 key-value pairs and 339 tensors from /data/local/tmp/llama.cpp/../gguf/qwen2-7b-tinytron-Q4_K_M.gguf (version GGUF V3 (latest))
llama_model_loader: Dumping metadata keys/values. Note: KV overrides do not apply in this output.
llama_model_loader: - kv   0:                       general.architecture str              = qwen2
llama_model_loader: - kv   1:                               general.type str              = model
llama_model_loader: - kv   2:                               general.name str              = Tinytron
llama_model_loader: - kv   3:                         general.size_label str              = 3.9B
llama_model_loader: - kv   4:                          qwen2.block_count u32              = 28
llama_model_loader: - kv   5:                       qwen2.context_length u32              = 32768
llama_model_loader: - kv   6:                     qwen2.embedding_length u32              = 2560
llama_model_loader: - kv   7:                  qwen2.feed_forward_length u32              = 12288
llama_model_loader: - kv   8:                 qwen2.attention.head_count u32              = 20
llama_model_loader: - kv   9:              qwen2.attention.head_count_kv u32              = 4
llama_model_loader: - kv  10:                       qwen2.rope.freq_base f32              = 1000000.000000
llama_model_loader: - kv  11:     qwen2.attention.layer_norm_rms_epsilon f32              = 0.000001
llama_model_loader: - kv  12:                       tokenizer.ggml.model str              = gpt2
llama_model_loader: - kv  13:                         tokenizer.ggml.pre str              = qwen2
llama_model_loader: - kv  14:                      tokenizer.ggml.tokens arr[str,152064]  = ["!", "\"", "#", "$", "%", "&", "'", ...
llama_model_loader: - kv  15:                  tokenizer.ggml.token_type arr[i32,152064]  = [1, 1, 1, 1, 1, 1, 1, 1, 1, 1, 1, 1, ...
llama_model_loader: - kv  16:                      tokenizer.ggml.merges arr[str,151387]  = ["Ġ Ġ", "ĠĠ ĠĠ", "i n", "Ġ t",...
llama_model_loader: - kv  17:                tokenizer.ggml.eos_token_id u32              = 151645
llama_model_loader: - kv  18:            tokenizer.ggml.padding_token_id u32              = 151643
llama_model_loader: - kv  19:                tokenizer.ggml.bos_token_id u32              = 151643
llama_model_loader: - kv  20:                    tokenizer.chat_template str              = {% for message in messages %}{% if lo...
llama_model_loader: - kv  21:               general.quantization_version u32              = 2
llama_model_loader: - kv  22:                          general.file_type u32              = 15
llama_model_loader: - type  f32:  141 tensors
llama_model_loader: - type q4_K:  169 tensors
llama_model_loader: - type q6_K:   29 tensors
print_info: file format = GGUF V3 (latest)
print_info: file type   = Q4_K - Medium
print_info: file size   = 2.23 GiB (4.95 BPW) 
load: printing all EOG tokens:
load:   - 151643 ('<|endoftext|>')
load:   - 151645 ('<|im_end|>')
load: special tokens cache size = 3
load: token to piece cache size = 0.9308 MB
print_info: arch             = qwen2
print_info: vocab_only       = 0
print_info: n_ctx_train      = 32768
print_info: n_embd           = 2560
print_info: n_layer          = 28
print_info: n_head           = 20
print_info: n_head_kv        = 4
print_info: n_rot            = 128
print_info: n_swa            = 0
print_info: is_swa_any       = 0
print_info: n_embd_head_k    = 128
print_info: n_embd_head_v    = 128
print_info: n_gqa            = 5
print_info: n_embd_k_gqa     = 512
print_info: n_embd_v_gqa     = 512
print_info: f_norm_eps       = 0.0e+00
print_info: f_norm_rms_eps   = 1.0e-06
print_info: f_clamp_kqv      = 0.0e+00
print_info: f_max_alibi_bias = 0.0e+00
print_info: f_logit_scale    = 0.0e+00
print_info: f_attn_scale     = 0.0e+00
print_info: n_ff             = 12288
print_info: n_expert         = 0
print_info: n_expert_used    = 0
print_info: n_expert_groups  = 0
print_info: n_group_used     = 0
print_info: causal attn      = 1
print_info: pooling type     = -1
print_info: rope type        = 2
print_info: rope scaling     = linear
print_info: freq_base_train  = 1000000.0
print_info: freq_scale_train = 1
print_info: n_ctx_orig_yarn  = 32768
print_info: rope_finetuned   = unknown
print_info: model type       = 7B
print_info: model params     = 3.86 B
print_info: general.name     = Tinytron
print_info: vocab type       = BPE
print_info: n_vocab          = 152064
print_info: n_merges         = 151387
print_info: BOS token        = 151643 '<|endoftext|>'
print_info: EOS token        = 151645 '<|im_end|>'
print_info: EOT token        = 151645 '<|im_end|>'
print_info: PAD token        = 151643 '<|endoftext|>'
print_info: LF token         = 198 'Ċ'
print_info: EOG token        = 151643 '<|endoftext|>'
print_info: EOG token        = 151645 '<|im_end|>'
print_info: max token length = 256
load_tensors: loading model tensors, this can take a while... (mmap = false)
load_tensors: offloading 0 repeating layers to GPU
load_tensors: offloaded 0/29 layers to GPU
load_tensors:          CPU model buffer size =  2280.85 MiB
................................................................................
llama_context: constructing llama_context
llama_context: n_seq_max     = 1
llama_context: n_ctx         = 1024
llama_context: n_ctx_seq     = 1024
llama_context: n_batch       = 128
llama_context: n_ubatch      = 128
llama_context: causal_attn   = 1
llama_context: flash_attn    = enabled
llama_context: kv_unified    = false
llama_context: freq_base     = 1000000.0
llama_context: freq_scale    = 1
llama_context: n_ctx_seq (1024) < n_ctx_train (32768) -- the full capacity of the model will not be utilized
llama_context:        CPU  output buffer size =     0.58 MiB
llama_kv_cache:        CPU KV buffer size =    42.88 MiB
llama_kv_cache: size =   42.88 MiB (  1024 cells,  28 layers,  1/1 seqs), K (f16):   28.00 MiB, V (q8_0):   14.88 MiB
llama_context:        CPU compute buffer size =    75.50 MiB
llama_context: graph nodes  = 959
llama_context: graph splits = 1
common_init_from_params: added <|endoftext|> logit bias = -inf
common_init_from_params: added <|im_end|> logit bias = -inf
common_init_from_params: setting dry_penalty_last_n to ctx_size = 1024
common_init_from_params: warming up the model with an empty run - please wait ... (--no-warmup to disable)
main: llama threadpool init, n_threads = 8

system_info: n_threads = 8 (n_threads_batch = 8) / 8 | CPU : NEON = 1 | ARM_FMA = 1 | FP16_VA = 1 | MATMUL_INT8 = 1 | DOTPROD = 1 | REPACK = 1 | 

sampler seed: 42
sampler params: 
	repeat_last_n = 64, repeat_penalty = 1.100, frequency_penalty = 0.000, presence_penalty = 0.000
	dry_multiplier = 0.000, dry_base = 1.750, dry_allowed_length = 2, dry_penalty_last_n = 1024
	top_k = 50, top_p = 1.000, min_p = 0.050, xtc_probability = 0.000, xtc_threshold = 0.100, typical_p = 1.000, top_n_sigma = -1.000, temp = 0.500
	mirostat = 0, mirostat_lr = 0.100, mirostat_ent = 5.000
sampler chain: logits -> logit-bias -> penalties -> dry -> top-n-sigma -> top-k -> typical -> top-p -> min-p -> xtc -> temp-ext -> dist 
generate: n_ctx = 1024, n_batch = 128, n_predict = 250, n_keep = 4

llama_perf_sampler_print:    sampling time =      21.98 ms /    35 runs   (    0.63 ms per token,  1591.99 tokens per second)
llama_perf_context_print:        load time =    2689.78 ms
llama_perf_context_print: prompt eval time =     566.84 ms /    13 tokens (   43.60 ms per token,    22.93 tokens per second)
llama_perf_context_print:        eval time =    1210.56 ms /    21 runs   (   57.65 ms per token,    17.35 tokens per second)
llama_perf_context_print:       total time =    1809.85 ms /    34 tokens
llama_perf_context_print:    graphs reused =         20
llama_memory_breakdown_print: | memory breakdown [MiB]                  | total   free    self   model   context   compute    unaccounted |
llama_memory_breakdown_print: |   - GPUOpenCL (QUALCOMM Adreno(TM) 830) |     0 =    0 + (   0 =     0 +       0 +       0) +           0 |
llama_memory_breakdown_print: |   - HTP0 (Hexagon)                      |  2048 = 2048 + (   0 =     0 +       0 +       0) +           0 |
llama_memory_breakdown_print: |   - Host                                |                 2399 =  2280 +      42 +      75                |
+ adb shell '   cd /data/local/tmp/llama.cpp; ulimit -c unlimited;            LD_LIBRARY_PATH=/data/local/tmp/llama.cpp/./lib       ADSP_LIBRARY_PATH=/data/local/tmp/llama.cpp/./lib                            ././bin/llama-cli -m /data/local/tmp/llama.cpp/../gguf/qwen2-7b-tinytron-Q4_K_M.gguf               -t 8 --ctx-size 4096 --batch-size 128         -ctk f16 -ctv f16 --temp 1.0 --seed 42         --no-display-prompt -fa on         -ngl 0  -n 250 --context-shift --keep 4 	-sys '\''You are a helpful assistant. Provide truthful, accurate, and concise answers.'\'' 	 -no-cnv' -p '"'\''What color is the sun when viewed from space? '\''"' -n 250 -t 8 -c 1024 -b 128 -ub 128 -ctk f16 -ctv q8_0 --temp 0.5 --repeat-penalty 1.1 --top-p 1.0 --top-k 50 --keep 4 -fa on --context-shift --poll 50 '--no-mmap '
ggml_opencl: selected platform: 'QUALCOMM Snapdragon(TM)'

ggml_opencl: device: 'QUALCOMM Adreno(TM) 830 (OpenCL 3.0 Adreno(TM) 830)'
ggml_opencl: OpenCL driver: OpenCL 3.0 QUALCOMM build: 0800.40.1 Compiler E031.47.18.36
ggml_opencl: vector subgroup broadcast support: true
ggml_opencl: device FP16 support: true
ggml_opencl: mem base addr align: 128
ggml_opencl: max mem alloc size: 1024 MB
ggml_opencl: device max workgroup size: 1024
ggml_opencl: SVM coarse grain buffer support: true
ggml_opencl: SVM fine grain buffer support: true
ggml_opencl: SVM fine grain system support: false
ggml_opencl: SVM atomics support: true
ggml_opencl: flattening quantized weights representation as struct of arrays (GGML_OPENCL_SOA_Q)
ggml_opencl: using kernels optimized for Adreno (GGML_OPENCL_USE_ADRENO_KERNELS)
ggml_opencl: loading OpenCL kernels........................................................................
ggml_opencl: default device: 'QUALCOMM Adreno(TM) 830 (OpenCL 3.0 Adreno(TM) 830)'
ggml-hex: Hexagon backend (experimental) : allocating new registry : ndev 1
ggml-hex: Hexagon Arch version v79
ggml-hex: allocating new session: HTP0
ggml-hex: new session: HTP0 : session-id 0 domain-id 3 uri file:///libggml-htp-v79.so?htp_iface_skel_handle_invoke&_modver=1.0&_dom=cdsp&_session=0 handle 0xb400007b4cb2dbd0
build: 6942 (1f5accb8d) with Android (13324770, +pgo, +bolt, +lto, +mlgo, based on r530567d) clang version 19.0.0 (https://android.googlesource.com/toolchain/llvm-project 97a699bf4812a18fb657c2779f5296a4ab2694d2) for x86_64-unknown-linux-gnu
main: llama backend init
main: load the model and apply lora adapter, if any
llama_model_load_from_file_impl: using device GPUOpenCL (QUALCOMM Adreno(TM) 830) (unknown id) - 0 MiB free
llama_model_load_from_file_impl: using device HTP0 (Hexagon) (unknown id) - 2048 MiB free
llama_model_loader: loaded meta data with 23 key-value pairs and 339 tensors from /data/local/tmp/llama.cpp/../gguf/qwen2-7b-tinytron-Q4_K_M.gguf (version GGUF V3 (latest))
llama_model_loader: Dumping metadata keys/values. Note: KV overrides do not apply in this output.
llama_model_loader: - kv   0:                       general.architecture str              = qwen2
llama_model_loader: - kv   1:                               general.type str              = model
llama_model_loader: - kv   2:                               general.name str              = Tinytron
llama_model_loader: - kv   3:                         general.size_label str              = 3.9B
llama_model_loader: - kv   4:                          qwen2.block_count u32              = 28
llama_model_loader: - kv   5:                       qwen2.context_length u32              = 32768
llama_model_loader: - kv   6:                     qwen2.embedding_length u32              = 2560
llama_model_loader: - kv   7:                  qwen2.feed_forward_length u32              = 12288
llama_model_loader: - kv   8:                 qwen2.attention.head_count u32              = 20
llama_model_loader: - kv   9:              qwen2.attention.head_count_kv u32              = 4
llama_model_loader: - kv  10:                       qwen2.rope.freq_base f32              = 1000000.000000
llama_model_loader: - kv  11:     qwen2.attention.layer_norm_rms_epsilon f32              = 0.000001
llama_model_loader: - kv  12:                       tokenizer.ggml.model str              = gpt2
llama_model_loader: - kv  13:                         tokenizer.ggml.pre str              = qwen2
llama_model_loader: - kv  14:                      tokenizer.ggml.tokens arr[str,152064]  = ["!", "\"", "#", "$", "%", "&", "'", ...
llama_model_loader: - kv  15:                  tokenizer.ggml.token_type arr[i32,152064]  = [1, 1, 1, 1, 1, 1, 1, 1, 1, 1, 1, 1, ...
llama_model_loader: - kv  16:                      tokenizer.ggml.merges arr[str,151387]  = ["Ġ Ġ", "ĠĠ ĠĠ", "i n", "Ġ t",...
llama_model_loader: - kv  17:                tokenizer.ggml.eos_token_id u32              = 151645
llama_model_loader: - kv  18:            tokenizer.ggml.padding_token_id u32              = 151643
llama_model_loader: - kv  19:                tokenizer.ggml.bos_token_id u32              = 151643
llama_model_loader: - kv  20:                    tokenizer.chat_template str              = {% for message in messages %}{% if lo...
llama_model_loader: - kv  21:               general.quantization_version u32              = 2
llama_model_loader: - kv  22:                          general.file_type u32              = 15
llama_model_loader: - type  f32:  141 tensors
llama_model_loader: - type q4_K:  169 tensors
llama_model_loader: - type q6_K:   29 tensors
print_info: file format = GGUF V3 (latest)
print_info: file type   = Q4_K - Medium
print_info: file size   = 2.23 GiB (4.95 BPW) 
load: printing all EOG tokens:
load:   - 151643 ('<|endoftext|>')
load:   - 151645 ('<|im_end|>')
load: special tokens cache size = 3
load: token to piece cache size = 0.9308 MB
print_info: arch             = qwen2
print_info: vocab_only       = 0
print_info: n_ctx_train      = 32768
print_info: n_embd           = 2560
print_info: n_layer          = 28
print_info: n_head           = 20
print_info: n_head_kv        = 4
print_info: n_rot            = 128
print_info: n_swa            = 0
print_info: is_swa_any       = 0
print_info: n_embd_head_k    = 128
print_info: n_embd_head_v    = 128
print_info: n_gqa            = 5
print_info: n_embd_k_gqa     = 512
print_info: n_embd_v_gqa     = 512
print_info: f_norm_eps       = 0.0e+00
print_info: f_norm_rms_eps   = 1.0e-06
print_info: f_clamp_kqv      = 0.0e+00
print_info: f_max_alibi_bias = 0.0e+00
print_info: f_logit_scale    = 0.0e+00
print_info: f_attn_scale     = 0.0e+00
print_info: n_ff             = 12288
print_info: n_expert         = 0
print_info: n_expert_used    = 0
print_info: n_expert_groups  = 0
print_info: n_group_used     = 0
print_info: causal attn      = 1
print_info: pooling type     = -1
print_info: rope type        = 2
print_info: rope scaling     = linear
print_info: freq_base_train  = 1000000.0
print_info: freq_scale_train = 1
print_info: n_ctx_orig_yarn  = 32768
print_info: rope_finetuned   = unknown
print_info: model type       = 7B
print_info: model params     = 3.86 B
print_info: general.name     = Tinytron
print_info: vocab type       = BPE
print_info: n_vocab          = 152064
print_info: n_merges         = 151387
print_info: BOS token        = 151643 '<|endoftext|>'
print_info: EOS token        = 151645 '<|im_end|>'
print_info: EOT token        = 151645 '<|im_end|>'
print_info: PAD token        = 151643 '<|endoftext|>'
print_info: LF token         = 198 'Ċ'
print_info: EOG token        = 151643 '<|endoftext|>'
print_info: EOG token        = 151645 '<|im_end|>'
print_info: max token length = 256
load_tensors: loading model tensors, this can take a while... (mmap = false)
load_tensors: offloading 0 repeating layers to GPU
load_tensors: offloaded 0/29 layers to GPU
load_tensors:          CPU model buffer size =  2280.85 MiB
................................................................................
llama_context: constructing llama_context
llama_context: n_seq_max     = 1
llama_context: n_ctx         = 1024
llama_context: n_ctx_seq     = 1024
llama_context: n_batch       = 128
llama_context: n_ubatch      = 128
llama_context: causal_attn   = 1
llama_context: flash_attn    = enabled
llama_context: kv_unified    = false
llama_context: freq_base     = 1000000.0
llama_context: freq_scale    = 1
llama_context: n_ctx_seq (1024) < n_ctx_train (32768) -- the full capacity of the model will not be utilized
llama_context:        CPU  output buffer size =     0.58 MiB
llama_kv_cache:        CPU KV buffer size =    42.88 MiB
llama_kv_cache: size =   42.88 MiB (  1024 cells,  28 layers,  1/1 seqs), K (f16):   28.00 MiB, V (q8_0):   14.88 MiB
llama_context:        CPU compute buffer size =    75.50 MiB
llama_context: graph nodes  = 959
llama_context: graph splits = 1
common_init_from_params: added <|endoftext|> logit bias = -inf
common_init_from_params: added <|im_end|> logit bias = -inf
common_init_from_params: setting dry_penalty_last_n to ctx_size = 1024
common_init_from_params: warming up the model with an empty run - please wait ... (--no-warmup to disable)
main: llama threadpool init, n_threads = 8

system_info: n_threads = 8 (n_threads_batch = 8) / 8 | CPU : NEON = 1 | ARM_FMA = 1 | FP16_VA = 1 | MATMUL_INT8 = 1 | DOTPROD = 1 | REPACK = 1 | 

sampler seed: 42
sampler params: 
	repeat_last_n = 64, repeat_penalty = 1.100, frequency_penalty = 0.000, presence_penalty = 0.000
	dry_multiplier = 0.000, dry_base = 1.750, dry_allowed_length = 2, dry_penalty_last_n = 1024
	top_k = 50, top_p = 1.000, min_p = 0.050, xtc_probability = 0.000, xtc_threshold = 0.100, typical_p = 1.000, top_n_sigma = -1.000, temp = 0.500
	mirostat = 0, mirostat_lr = 0.100, mirostat_ent = 5.000
sampler chain: logits -> logit-bias -> penalties -> dry -> top-n-sigma -> top-k -> typical -> top-p -> min-p -> xtc -> temp-ext -> dist 
generate: n_ctx = 1024, n_batch = 128, n_predict = 250, n_keep = 4

llama_perf_sampler_print:    sampling time =      52.73 ms /   102 runs   (    0.52 ms per token,  1934.49 tokens per second)
llama_perf_context_print:        load time =    1314.80 ms
llama_perf_context_print: prompt eval time =     202.88 ms /    12 tokens (   16.91 ms per token,    59.15 tokens per second)
llama_perf_context_print:        eval time =    3467.17 ms /    89 runs   (   38.96 ms per token,    25.67 tokens per second)
llama_perf_context_print:       total time =    3737.27 ms /   101 tokens
llama_perf_context_print:    graphs reused =         88
llama_memory_breakdown_print: | memory breakdown [MiB]                  | total   free    self   model   context   compute    unaccounted |
llama_memory_breakdown_print: |   - GPUOpenCL (QUALCOMM Adreno(TM) 830) |     0 =    0 + (   0 =     0 +       0 +       0) +           0 |
llama_memory_breakdown_print: |   - HTP0 (Hexagon)                      |  2048 = 2048 + (   0 =     0 +       0 +       0) +           0 |
llama_memory_breakdown_print: |   - Host                                |                 2399 =  2280 +      42 +      75                |
+ adb shell '   cd /data/local/tmp/llama.cpp; ulimit -c unlimited;            LD_LIBRARY_PATH=/data/local/tmp/llama.cpp/./lib       ADSP_LIBRARY_PATH=/data/local/tmp/llama.cpp/./lib                            ././bin/llama-cli -m /data/local/tmp/llama.cpp/../gguf/qwen2-7b-tinytron-Q4_K_M.gguf               -t 8 --ctx-size 4096 --batch-size 128         -ctk f16 -ctv f16 --temp 1.0 --seed 42         --no-display-prompt -fa on         -ngl 0  -n 250 --context-shift --keep 4 	-sys '\''You are a helpful assistant. Provide truthful, accurate, and concise answers.'\'' 	 -no-cnv' -p '"'\''Who composed the tune of  Twinkle, Twinkle, Little Star ? '\''"' -n 250 -t 8 -c 1024 -b 128 -ub 128 -ctk f16 -ctv q8_0 --temp 0.5 --repeat-penalty 1.1 --top-p 1.0 --top-k 50 --keep 4 -fa on --context-shift --poll 50 '--no-mmap '
ggml_opencl: selected platform: 'QUALCOMM Snapdragon(TM)'

ggml_opencl: device: 'QUALCOMM Adreno(TM) 830 (OpenCL 3.0 Adreno(TM) 830)'
ggml_opencl: OpenCL driver: OpenCL 3.0 QUALCOMM build: 0800.40.1 Compiler E031.47.18.36
ggml_opencl: vector subgroup broadcast support: true
ggml_opencl: device FP16 support: true
ggml_opencl: mem base addr align: 128
ggml_opencl: max mem alloc size: 1024 MB
ggml_opencl: device max workgroup size: 1024
ggml_opencl: SVM coarse grain buffer support: true
ggml_opencl: SVM fine grain buffer support: true
ggml_opencl: SVM fine grain system support: false
ggml_opencl: SVM atomics support: true
ggml_opencl: flattening quantized weights representation as struct of arrays (GGML_OPENCL_SOA_Q)
ggml_opencl: using kernels optimized for Adreno (GGML_OPENCL_USE_ADRENO_KERNELS)
ggml_opencl: loading OpenCL kernels........................................................................
ggml_opencl: default device: 'QUALCOMM Adreno(TM) 830 (OpenCL 3.0 Adreno(TM) 830)'
ggml-hex: Hexagon backend (experimental) : allocating new registry : ndev 1
ggml-hex: Hexagon Arch version v79
ggml-hex: allocating new session: HTP0
ggml-hex: new session: HTP0 : session-id 0 domain-id 3 uri file:///libggml-htp-v79.so?htp_iface_skel_handle_invoke&_modver=1.0&_dom=cdsp&_session=0 handle 0xb400007edb8cfbd0
build: 6942 (1f5accb8d) with Android (13324770, +pgo, +bolt, +lto, +mlgo, based on r530567d) clang version 19.0.0 (https://android.googlesource.com/toolchain/llvm-project 97a699bf4812a18fb657c2779f5296a4ab2694d2) for x86_64-unknown-linux-gnu
main: llama backend init
main: load the model and apply lora adapter, if any
llama_model_load_from_file_impl: using device GPUOpenCL (QUALCOMM Adreno(TM) 830) (unknown id) - 0 MiB free
llama_model_load_from_file_impl: using device HTP0 (Hexagon) (unknown id) - 2048 MiB free
llama_model_loader: loaded meta data with 23 key-value pairs and 339 tensors from /data/local/tmp/llama.cpp/../gguf/qwen2-7b-tinytron-Q4_K_M.gguf (version GGUF V3 (latest))
llama_model_loader: Dumping metadata keys/values. Note: KV overrides do not apply in this output.
llama_model_loader: - kv   0:                       general.architecture str              = qwen2
llama_model_loader: - kv   1:                               general.type str              = model
llama_model_loader: - kv   2:                               general.name str              = Tinytron
llama_model_loader: - kv   3:                         general.size_label str              = 3.9B
llama_model_loader: - kv   4:                          qwen2.block_count u32              = 28
llama_model_loader: - kv   5:                       qwen2.context_length u32              = 32768
llama_model_loader: - kv   6:                     qwen2.embedding_length u32              = 2560
llama_model_loader: - kv   7:                  qwen2.feed_forward_length u32              = 12288
llama_model_loader: - kv   8:                 qwen2.attention.head_count u32              = 20
llama_model_loader: - kv   9:              qwen2.attention.head_count_kv u32              = 4
llama_model_loader: - kv  10:                       qwen2.rope.freq_base f32              = 1000000.000000
llama_model_loader: - kv  11:     qwen2.attention.layer_norm_rms_epsilon f32              = 0.000001
llama_model_loader: - kv  12:                       tokenizer.ggml.model str              = gpt2
llama_model_loader: - kv  13:                         tokenizer.ggml.pre str              = qwen2
llama_model_loader: - kv  14:                      tokenizer.ggml.tokens arr[str,152064]  = ["!", "\"", "#", "$", "%", "&", "'", ...
llama_model_loader: - kv  15:                  tokenizer.ggml.token_type arr[i32,152064]  = [1, 1, 1, 1, 1, 1, 1, 1, 1, 1, 1, 1, ...
llama_model_loader: - kv  16:                      tokenizer.ggml.merges arr[str,151387]  = ["Ġ Ġ", "ĠĠ ĠĠ", "i n", "Ġ t",...
llama_model_loader: - kv  17:                tokenizer.ggml.eos_token_id u32              = 151645
llama_model_loader: - kv  18:            tokenizer.ggml.padding_token_id u32              = 151643
llama_model_loader: - kv  19:                tokenizer.ggml.bos_token_id u32              = 151643
llama_model_loader: - kv  20:                    tokenizer.chat_template str              = {% for message in messages %}{% if lo...
llama_model_loader: - kv  21:               general.quantization_version u32              = 2
llama_model_loader: - kv  22:                          general.file_type u32              = 15
llama_model_loader: - type  f32:  141 tensors
llama_model_loader: - type q4_K:  169 tensors
llama_model_loader: - type q6_K:   29 tensors
print_info: file format = GGUF V3 (latest)
print_info: file type   = Q4_K - Medium
print_info: file size   = 2.23 GiB (4.95 BPW) 
load: printing all EOG tokens:
load:   - 151643 ('<|endoftext|>')
load:   - 151645 ('<|im_end|>')
load: special tokens cache size = 3
load: token to piece cache size = 0.9308 MB
print_info: arch             = qwen2
print_info: vocab_only       = 0
print_info: n_ctx_train      = 32768
print_info: n_embd           = 2560
print_info: n_layer          = 28
print_info: n_head           = 20
print_info: n_head_kv        = 4
print_info: n_rot            = 128
print_info: n_swa            = 0
print_info: is_swa_any       = 0
print_info: n_embd_head_k    = 128
print_info: n_embd_head_v    = 128
print_info: n_gqa            = 5
print_info: n_embd_k_gqa     = 512
print_info: n_embd_v_gqa     = 512
print_info: f_norm_eps       = 0.0e+00
print_info: f_norm_rms_eps   = 1.0e-06
print_info: f_clamp_kqv      = 0.0e+00
print_info: f_max_alibi_bias = 0.0e+00
print_info: f_logit_scale    = 0.0e+00
print_info: f_attn_scale     = 0.0e+00
print_info: n_ff             = 12288
print_info: n_expert         = 0
print_info: n_expert_used    = 0
print_info: n_expert_groups  = 0
print_info: n_group_used     = 0
print_info: causal attn      = 1
print_info: pooling type     = -1
print_info: rope type        = 2
print_info: rope scaling     = linear
print_info: freq_base_train  = 1000000.0
print_info: freq_scale_train = 1
print_info: n_ctx_orig_yarn  = 32768
print_info: rope_finetuned   = unknown
print_info: model type       = 7B
print_info: model params     = 3.86 B
print_info: general.name     = Tinytron
print_info: vocab type       = BPE
print_info: n_vocab          = 152064
print_info: n_merges         = 151387
print_info: BOS token        = 151643 '<|endoftext|>'
print_info: EOS token        = 151645 '<|im_end|>'
print_info: EOT token        = 151645 '<|im_end|>'
print_info: PAD token        = 151643 '<|endoftext|>'
print_info: LF token         = 198 'Ċ'
print_info: EOG token        = 151643 '<|endoftext|>'
print_info: EOG token        = 151645 '<|im_end|>'
print_info: max token length = 256
load_tensors: loading model tensors, this can take a while... (mmap = false)
load_tensors: offloading 0 repeating layers to GPU
load_tensors: offloaded 0/29 layers to GPU
load_tensors:          CPU model buffer size =  2280.85 MiB
................................................................................
llama_context: constructing llama_context
llama_context: n_seq_max     = 1
llama_context: n_ctx         = 1024
llama_context: n_ctx_seq     = 1024
llama_context: n_batch       = 128
llama_context: n_ubatch      = 128
llama_context: causal_attn   = 1
llama_context: flash_attn    = enabled
llama_context: kv_unified    = false
llama_context: freq_base     = 1000000.0
llama_context: freq_scale    = 1
llama_context: n_ctx_seq (1024) < n_ctx_train (32768) -- the full capacity of the model will not be utilized
llama_context:        CPU  output buffer size =     0.58 MiB
llama_kv_cache:        CPU KV buffer size =    42.88 MiB
llama_kv_cache: size =   42.88 MiB (  1024 cells,  28 layers,  1/1 seqs), K (f16):   28.00 MiB, V (q8_0):   14.88 MiB
llama_context:        CPU compute buffer size =    75.50 MiB
llama_context: graph nodes  = 959
llama_context: graph splits = 1
common_init_from_params: added <|endoftext|> logit bias = -inf
common_init_from_params: added <|im_end|> logit bias = -inf
common_init_from_params: setting dry_penalty_last_n to ctx_size = 1024
common_init_from_params: warming up the model with an empty run - please wait ... (--no-warmup to disable)
main: llama threadpool init, n_threads = 8

system_info: n_threads = 8 (n_threads_batch = 8) / 8 | CPU : NEON = 1 | ARM_FMA = 1 | FP16_VA = 1 | MATMUL_INT8 = 1 | DOTPROD = 1 | REPACK = 1 | 

sampler seed: 42
sampler params: 
	repeat_last_n = 64, repeat_penalty = 1.100, frequency_penalty = 0.000, presence_penalty = 0.000
	dry_multiplier = 0.000, dry_base = 1.750, dry_allowed_length = 2, dry_penalty_last_n = 1024
	top_k = 50, top_p = 1.000, min_p = 0.050, xtc_probability = 0.000, xtc_threshold = 0.100, typical_p = 1.000, top_n_sigma = -1.000, temp = 0.500
	mirostat = 0, mirostat_lr = 0.100, mirostat_ent = 5.000
sampler chain: logits -> logit-bias -> penalties -> dry -> top-n-sigma -> top-k -> typical -> top-p -> min-p -> xtc -> temp-ext -> dist 
generate: n_ctx = 1024, n_batch = 128, n_predict = 250, n_keep = 4

llama_perf_sampler_print:    sampling time =      24.36 ms /    59 runs   (    0.41 ms per token,  2422.00 tokens per second)
llama_perf_context_print:        load time =    1361.43 ms
llama_perf_context_print: prompt eval time =     424.19 ms /    17 tokens (   24.95 ms per token,    40.08 tokens per second)
llama_perf_context_print:        eval time =    1581.73 ms /    41 runs   (   38.58 ms per token,    25.92 tokens per second)
llama_perf_context_print:       total time =    2038.68 ms /    58 tokens
llama_perf_context_print:    graphs reused =         40
llama_memory_breakdown_print: | memory breakdown [MiB]                  | total   free    self   model   context   compute    unaccounted |
llama_memory_breakdown_print: |   - GPUOpenCL (QUALCOMM Adreno(TM) 830) |     0 =    0 + (   0 =     0 +       0 +       0) +           0 |
llama_memory_breakdown_print: |   - HTP0 (Hexagon)                      |  2048 = 2048 + (   0 =     0 +       0 +       0) +           0 |
llama_memory_breakdown_print: |   - Host                                |                 2399 =  2280 +      42 +      75                |
+ adb shell '   cd /data/local/tmp/llama.cpp; ulimit -c unlimited;            LD_LIBRARY_PATH=/data/local/tmp/llama.cpp/./lib       ADSP_LIBRARY_PATH=/data/local/tmp/llama.cpp/./lib                            ././bin/llama-cli -m /data/local/tmp/llama.cpp/../gguf/qwen2-7b-tinytron-Q4_K_M.gguf               -t 8 --ctx-size 4096 --batch-size 128         -ctk f16 -ctv f16 --temp 1.0 --seed 42         --no-display-prompt -fa on         -ngl 0  -n 250 --context-shift --keep 4 	-sys '\''You are a helpful assistant. Provide truthful, accurate, and concise answers.'\'' 	 -no-cnv' -p '"'\''What happens if an earthworm is cut in half? '\''"' -n 250 -t 8 -c 1024 -b 128 -ub 128 -ctk f16 -ctv q8_0 --temp 0.5 --repeat-penalty 1.1 --top-p 1.0 --top-k 50 --keep 4 -fa on --context-shift --poll 50 '--no-mmap '
ggml_opencl: selected platform: 'QUALCOMM Snapdragon(TM)'

ggml_opencl: device: 'QUALCOMM Adreno(TM) 830 (OpenCL 3.0 Adreno(TM) 830)'
ggml_opencl: OpenCL driver: OpenCL 3.0 QUALCOMM build: 0800.40.1 Compiler E031.47.18.36
ggml_opencl: vector subgroup broadcast support: true
ggml_opencl: device FP16 support: true
ggml_opencl: mem base addr align: 128
ggml_opencl: max mem alloc size: 1024 MB
ggml_opencl: device max workgroup size: 1024
ggml_opencl: SVM coarse grain buffer support: true
ggml_opencl: SVM fine grain buffer support: true
ggml_opencl: SVM fine grain system support: false
ggml_opencl: SVM atomics support: true
ggml_opencl: flattening quantized weights representation as struct of arrays (GGML_OPENCL_SOA_Q)
ggml_opencl: using kernels optimized for Adreno (GGML_OPENCL_USE_ADRENO_KERNELS)
ggml_opencl: loading OpenCL kernels........................................................................
ggml_opencl: default device: 'QUALCOMM Adreno(TM) 830 (OpenCL 3.0 Adreno(TM) 830)'
ggml-hex: Hexagon backend (experimental) : allocating new registry : ndev 1
ggml-hex: Hexagon Arch version v79
ggml-hex: allocating new session: HTP0
ggml-hex: new session: HTP0 : session-id 0 domain-id 3 uri file:///libggml-htp-v79.so?htp_iface_skel_handle_invoke&_modver=1.0&_dom=cdsp&_session=0 handle 0xb40000722dc7b210
build: 6942 (1f5accb8d) with Android (13324770, +pgo, +bolt, +lto, +mlgo, based on r530567d) clang version 19.0.0 (https://android.googlesource.com/toolchain/llvm-project 97a699bf4812a18fb657c2779f5296a4ab2694d2) for x86_64-unknown-linux-gnu
main: llama backend init
main: load the model and apply lora adapter, if any
llama_model_load_from_file_impl: using device GPUOpenCL (QUALCOMM Adreno(TM) 830) (unknown id) - 0 MiB free
llama_model_load_from_file_impl: using device HTP0 (Hexagon) (unknown id) - 2048 MiB free
llama_model_loader: loaded meta data with 23 key-value pairs and 339 tensors from /data/local/tmp/llama.cpp/../gguf/qwen2-7b-tinytron-Q4_K_M.gguf (version GGUF V3 (latest))
llama_model_loader: Dumping metadata keys/values. Note: KV overrides do not apply in this output.
llama_model_loader: - kv   0:                       general.architecture str              = qwen2
llama_model_loader: - kv   1:                               general.type str              = model
llama_model_loader: - kv   2:                               general.name str              = Tinytron
llama_model_loader: - kv   3:                         general.size_label str              = 3.9B
llama_model_loader: - kv   4:                          qwen2.block_count u32              = 28
llama_model_loader: - kv   5:                       qwen2.context_length u32              = 32768
llama_model_loader: - kv   6:                     qwen2.embedding_length u32              = 2560
llama_model_loader: - kv   7:                  qwen2.feed_forward_length u32              = 12288
llama_model_loader: - kv   8:                 qwen2.attention.head_count u32              = 20
llama_model_loader: - kv   9:              qwen2.attention.head_count_kv u32              = 4
llama_model_loader: - kv  10:                       qwen2.rope.freq_base f32              = 1000000.000000
llama_model_loader: - kv  11:     qwen2.attention.layer_norm_rms_epsilon f32              = 0.000001
llama_model_loader: - kv  12:                       tokenizer.ggml.model str              = gpt2
llama_model_loader: - kv  13:                         tokenizer.ggml.pre str              = qwen2
llama_model_loader: - kv  14:                      tokenizer.ggml.tokens arr[str,152064]  = ["!", "\"", "#", "$", "%", "&", "'", ...
llama_model_loader: - kv  15:                  tokenizer.ggml.token_type arr[i32,152064]  = [1, 1, 1, 1, 1, 1, 1, 1, 1, 1, 1, 1, ...
llama_model_loader: - kv  16:                      tokenizer.ggml.merges arr[str,151387]  = ["Ġ Ġ", "ĠĠ ĠĠ", "i n", "Ġ t",...
llama_model_loader: - kv  17:                tokenizer.ggml.eos_token_id u32              = 151645
llama_model_loader: - kv  18:            tokenizer.ggml.padding_token_id u32              = 151643
llama_model_loader: - kv  19:                tokenizer.ggml.bos_token_id u32              = 151643
llama_model_loader: - kv  20:                    tokenizer.chat_template str              = {% for message in messages %}{% if lo...
llama_model_loader: - kv  21:               general.quantization_version u32              = 2
llama_model_loader: - kv  22:                          general.file_type u32              = 15
llama_model_loader: - type  f32:  141 tensors
llama_model_loader: - type q4_K:  169 tensors
llama_model_loader: - type q6_K:   29 tensors
print_info: file format = GGUF V3 (latest)
print_info: file type   = Q4_K - Medium
print_info: file size   = 2.23 GiB (4.95 BPW) 
load: printing all EOG tokens:
load:   - 151643 ('<|endoftext|>')
load:   - 151645 ('<|im_end|>')
load: special tokens cache size = 3
load: token to piece cache size = 0.9308 MB
print_info: arch             = qwen2
print_info: vocab_only       = 0
print_info: n_ctx_train      = 32768
print_info: n_embd           = 2560
print_info: n_layer          = 28
print_info: n_head           = 20
print_info: n_head_kv        = 4
print_info: n_rot            = 128
print_info: n_swa            = 0
print_info: is_swa_any       = 0
print_info: n_embd_head_k    = 128
print_info: n_embd_head_v    = 128
print_info: n_gqa            = 5
print_info: n_embd_k_gqa     = 512
print_info: n_embd_v_gqa     = 512
print_info: f_norm_eps       = 0.0e+00
print_info: f_norm_rms_eps   = 1.0e-06
print_info: f_clamp_kqv      = 0.0e+00
print_info: f_max_alibi_bias = 0.0e+00
print_info: f_logit_scale    = 0.0e+00
print_info: f_attn_scale     = 0.0e+00
print_info: n_ff             = 12288
print_info: n_expert         = 0
print_info: n_expert_used    = 0
print_info: n_expert_groups  = 0
print_info: n_group_used     = 0
print_info: causal attn      = 1
print_info: pooling type     = -1
print_info: rope type        = 2
print_info: rope scaling     = linear
print_info: freq_base_train  = 1000000.0
print_info: freq_scale_train = 1
print_info: n_ctx_orig_yarn  = 32768
print_info: rope_finetuned   = unknown
print_info: model type       = 7B
print_info: model params     = 3.86 B
print_info: general.name     = Tinytron
print_info: vocab type       = BPE
print_info: n_vocab          = 152064
print_info: n_merges         = 151387
print_info: BOS token        = 151643 '<|endoftext|>'
print_info: EOS token        = 151645 '<|im_end|>'
print_info: EOT token        = 151645 '<|im_end|>'
print_info: PAD token        = 151643 '<|endoftext|>'
print_info: LF token         = 198 'Ċ'
print_info: EOG token        = 151643 '<|endoftext|>'
print_info: EOG token        = 151645 '<|im_end|>'
print_info: max token length = 256
load_tensors: loading model tensors, this can take a while... (mmap = false)
load_tensors: offloading 0 repeating layers to GPU
load_tensors: offloaded 0/29 layers to GPU
load_tensors:          CPU model buffer size =  2280.85 MiB
................................................................................
llama_context: constructing llama_context
llama_context: n_seq_max     = 1
llama_context: n_ctx         = 1024
llama_context: n_ctx_seq     = 1024
llama_context: n_batch       = 128
llama_context: n_ubatch      = 128
llama_context: causal_attn   = 1
llama_context: flash_attn    = enabled
llama_context: kv_unified    = false
llama_context: freq_base     = 1000000.0
llama_context: freq_scale    = 1
llama_context: n_ctx_seq (1024) < n_ctx_train (32768) -- the full capacity of the model will not be utilized
llama_context:        CPU  output buffer size =     0.58 MiB
llama_kv_cache:        CPU KV buffer size =    42.88 MiB
llama_kv_cache: size =   42.88 MiB (  1024 cells,  28 layers,  1/1 seqs), K (f16):   28.00 MiB, V (q8_0):   14.88 MiB
llama_context:        CPU compute buffer size =    75.50 MiB
llama_context: graph nodes  = 959
llama_context: graph splits = 1
common_init_from_params: added <|endoftext|> logit bias = -inf
common_init_from_params: added <|im_end|> logit bias = -inf
common_init_from_params: setting dry_penalty_last_n to ctx_size = 1024
common_init_from_params: warming up the model with an empty run - please wait ... (--no-warmup to disable)
main: llama threadpool init, n_threads = 8

system_info: n_threads = 8 (n_threads_batch = 8) / 8 | CPU : NEON = 1 | ARM_FMA = 1 | FP16_VA = 1 | MATMUL_INT8 = 1 | DOTPROD = 1 | REPACK = 1 | 

sampler seed: 42
sampler params: 
	repeat_last_n = 64, repeat_penalty = 1.100, frequency_penalty = 0.000, presence_penalty = 0.000
	dry_multiplier = 0.000, dry_base = 1.750, dry_allowed_length = 2, dry_penalty_last_n = 1024
	top_k = 50, top_p = 1.000, min_p = 0.050, xtc_probability = 0.000, xtc_threshold = 0.100, typical_p = 1.000, top_n_sigma = -1.000, temp = 0.500
	mirostat = 0, mirostat_lr = 0.100, mirostat_ent = 5.000
sampler chain: logits -> logit-bias -> penalties -> dry -> top-n-sigma -> top-k -> typical -> top-p -> min-p -> xtc -> temp-ext -> dist 
generate: n_ctx = 1024, n_batch = 128, n_predict = 250, n_keep = 4

llama_perf_sampler_print:    sampling time =      77.68 ms /   140 runs   (    0.55 ms per token,  1802.27 tokens per second)
llama_perf_context_print:        load time =    1420.79 ms
llama_perf_context_print: prompt eval time =     335.03 ms /    13 tokens (   25.77 ms per token,    38.80 tokens per second)
llama_perf_context_print:        eval time =    5143.48 ms /   126 runs   (   40.82 ms per token,    24.50 tokens per second)
llama_perf_context_print:       total time =    5576.40 ms /   139 tokens
llama_perf_context_print:    graphs reused =        125
llama_memory_breakdown_print: | memory breakdown [MiB]                  | total   free    self   model   context   compute    unaccounted |
llama_memory_breakdown_print: |   - GPUOpenCL (QUALCOMM Adreno(TM) 830) |     0 =    0 + (   0 =     0 +       0 +       0) +           0 |
llama_memory_breakdown_print: |   - HTP0 (Hexagon)                      |  2048 = 2048 + (   0 =     0 +       0 +       0) +           0 |
llama_memory_breakdown_print: |   - Host                                |                 2399 =  2280 +      42 +      75                |
+ adb shell '   cd /data/local/tmp/llama.cpp; ulimit -c unlimited;            LD_LIBRARY_PATH=/data/local/tmp/llama.cpp/./lib       ADSP_LIBRARY_PATH=/data/local/tmp/llama.cpp/./lib                            ././bin/llama-cli -m /data/local/tmp/llama.cpp/../gguf/qwen2-7b-tinytron-Q4_K_M.gguf               -t 8 --ctx-size 4096 --batch-size 128         -ctk f16 -ctv f16 --temp 1.0 --seed 42         --no-display-prompt -fa on         -ngl 0  -n 250 --context-shift --keep 4 	-sys '\''You are a helpful assistant. Provide truthful, accurate, and concise answers.'\'' 	 -no-cnv' -p '"'\''According to the Bible, what forbidden fruit did Adam and Eve eat in the Garden of Eden? '\''"' -n 250 -t 8 -c 1024 -b 128 -ub 128 -ctk f16 -ctv q8_0 --temp 0.5 --repeat-penalty 1.1 --top-p 1.0 --top-k 50 --keep 4 -fa on --context-shift --poll 50 '--no-mmap '
ggml_opencl: selected platform: 'QUALCOMM Snapdragon(TM)'

ggml_opencl: device: 'QUALCOMM Adreno(TM) 830 (OpenCL 3.0 Adreno(TM) 830)'
ggml_opencl: OpenCL driver: OpenCL 3.0 QUALCOMM build: 0800.40.1 Compiler E031.47.18.36
ggml_opencl: vector subgroup broadcast support: true
ggml_opencl: device FP16 support: true
ggml_opencl: mem base addr align: 128
ggml_opencl: max mem alloc size: 1024 MB
ggml_opencl: device max workgroup size: 1024
ggml_opencl: SVM coarse grain buffer support: true
ggml_opencl: SVM fine grain buffer support: true
ggml_opencl: SVM fine grain system support: false
ggml_opencl: SVM atomics support: true
ggml_opencl: flattening quantized weights representation as struct of arrays (GGML_OPENCL_SOA_Q)
ggml_opencl: using kernels optimized for Adreno (GGML_OPENCL_USE_ADRENO_KERNELS)
ggml_opencl: loading OpenCL kernels........................................................................
ggml_opencl: default device: 'QUALCOMM Adreno(TM) 830 (OpenCL 3.0 Adreno(TM) 830)'
ggml-hex: Hexagon backend (experimental) : allocating new registry : ndev 1
ggml-hex: Hexagon Arch version v79
ggml-hex: allocating new session: HTP0
ggml-hex: new session: HTP0 : session-id 0 domain-id 3 uri file:///libggml-htp-v79.so?htp_iface_skel_handle_invoke&_modver=1.0&_dom=cdsp&_session=0 handle 0xb400007811d31a90
build: 6942 (1f5accb8d) with Android (13324770, +pgo, +bolt, +lto, +mlgo, based on r530567d) clang version 19.0.0 (https://android.googlesource.com/toolchain/llvm-project 97a699bf4812a18fb657c2779f5296a4ab2694d2) for x86_64-unknown-linux-gnu
main: llama backend init
main: load the model and apply lora adapter, if any
llama_model_load_from_file_impl: using device GPUOpenCL (QUALCOMM Adreno(TM) 830) (unknown id) - 0 MiB free
llama_model_load_from_file_impl: using device HTP0 (Hexagon) (unknown id) - 2048 MiB free
llama_model_loader: loaded meta data with 23 key-value pairs and 339 tensors from /data/local/tmp/llama.cpp/../gguf/qwen2-7b-tinytron-Q4_K_M.gguf (version GGUF V3 (latest))
llama_model_loader: Dumping metadata keys/values. Note: KV overrides do not apply in this output.
llama_model_loader: - kv   0:                       general.architecture str              = qwen2
llama_model_loader: - kv   1:                               general.type str              = model
llama_model_loader: - kv   2:                               general.name str              = Tinytron
llama_model_loader: - kv   3:                         general.size_label str              = 3.9B
llama_model_loader: - kv   4:                          qwen2.block_count u32              = 28
llama_model_loader: - kv   5:                       qwen2.context_length u32              = 32768
llama_model_loader: - kv   6:                     qwen2.embedding_length u32              = 2560
llama_model_loader: - kv   7:                  qwen2.feed_forward_length u32              = 12288
llama_model_loader: - kv   8:                 qwen2.attention.head_count u32              = 20
llama_model_loader: - kv   9:              qwen2.attention.head_count_kv u32              = 4
llama_model_loader: - kv  10:                       qwen2.rope.freq_base f32              = 1000000.000000
llama_model_loader: - kv  11:     qwen2.attention.layer_norm_rms_epsilon f32              = 0.000001
llama_model_loader: - kv  12:                       tokenizer.ggml.model str              = gpt2
llama_model_loader: - kv  13:                         tokenizer.ggml.pre str              = qwen2
llama_model_loader: - kv  14:                      tokenizer.ggml.tokens arr[str,152064]  = ["!", "\"", "#", "$", "%", "&", "'", ...
llama_model_loader: - kv  15:                  tokenizer.ggml.token_type arr[i32,152064]  = [1, 1, 1, 1, 1, 1, 1, 1, 1, 1, 1, 1, ...
llama_model_loader: - kv  16:                      tokenizer.ggml.merges arr[str,151387]  = ["Ġ Ġ", "ĠĠ ĠĠ", "i n", "Ġ t",...
llama_model_loader: - kv  17:                tokenizer.ggml.eos_token_id u32              = 151645
llama_model_loader: - kv  18:            tokenizer.ggml.padding_token_id u32              = 151643
llama_model_loader: - kv  19:                tokenizer.ggml.bos_token_id u32              = 151643
llama_model_loader: - kv  20:                    tokenizer.chat_template str              = {% for message in messages %}{% if lo...
llama_model_loader: - kv  21:               general.quantization_version u32              = 2
llama_model_loader: - kv  22:                          general.file_type u32              = 15
llama_model_loader: - type  f32:  141 tensors
llama_model_loader: - type q4_K:  169 tensors
llama_model_loader: - type q6_K:   29 tensors
print_info: file format = GGUF V3 (latest)
print_info: file type   = Q4_K - Medium
print_info: file size   = 2.23 GiB (4.95 BPW) 
load: printing all EOG tokens:
load:   - 151643 ('<|endoftext|>')
load:   - 151645 ('<|im_end|>')
load: special tokens cache size = 3
load: token to piece cache size = 0.9308 MB
print_info: arch             = qwen2
print_info: vocab_only       = 0
print_info: n_ctx_train      = 32768
print_info: n_embd           = 2560
print_info: n_layer          = 28
print_info: n_head           = 20
print_info: n_head_kv        = 4
print_info: n_rot            = 128
print_info: n_swa            = 0
print_info: is_swa_any       = 0
print_info: n_embd_head_k    = 128
print_info: n_embd_head_v    = 128
print_info: n_gqa            = 5
print_info: n_embd_k_gqa     = 512
print_info: n_embd_v_gqa     = 512
print_info: f_norm_eps       = 0.0e+00
print_info: f_norm_rms_eps   = 1.0e-06
print_info: f_clamp_kqv      = 0.0e+00
print_info: f_max_alibi_bias = 0.0e+00
print_info: f_logit_scale    = 0.0e+00
print_info: f_attn_scale     = 0.0e+00
print_info: n_ff             = 12288
print_info: n_expert         = 0
print_info: n_expert_used    = 0
print_info: n_expert_groups  = 0
print_info: n_group_used     = 0
print_info: causal attn      = 1
print_info: pooling type     = -1
print_info: rope type        = 2
print_info: rope scaling     = linear
print_info: freq_base_train  = 1000000.0
print_info: freq_scale_train = 1
print_info: n_ctx_orig_yarn  = 32768
print_info: rope_finetuned   = unknown
print_info: model type       = 7B
print_info: model params     = 3.86 B
print_info: general.name     = Tinytron
print_info: vocab type       = BPE
print_info: n_vocab          = 152064
print_info: n_merges         = 151387
print_info: BOS token        = 151643 '<|endoftext|>'
print_info: EOS token        = 151645 '<|im_end|>'
print_info: EOT token        = 151645 '<|im_end|>'
print_info: PAD token        = 151643 '<|endoftext|>'
print_info: LF token         = 198 'Ċ'
print_info: EOG token        = 151643 '<|endoftext|>'
print_info: EOG token        = 151645 '<|im_end|>'
print_info: max token length = 256
load_tensors: loading model tensors, this can take a while... (mmap = false)
load_tensors: offloading 0 repeating layers to GPU
load_tensors: offloaded 0/29 layers to GPU
load_tensors:          CPU model buffer size =  2280.85 MiB
................................................................................
llama_context: constructing llama_context
llama_context: n_seq_max     = 1
llama_context: n_ctx         = 1024
llama_context: n_ctx_seq     = 1024
llama_context: n_batch       = 128
llama_context: n_ubatch      = 128
llama_context: causal_attn   = 1
llama_context: flash_attn    = enabled
llama_context: kv_unified    = false
llama_context: freq_base     = 1000000.0
llama_context: freq_scale    = 1
llama_context: n_ctx_seq (1024) < n_ctx_train (32768) -- the full capacity of the model will not be utilized
llama_context:        CPU  output buffer size =     0.58 MiB
llama_kv_cache:        CPU KV buffer size =    42.88 MiB
llama_kv_cache: size =   42.88 MiB (  1024 cells,  28 layers,  1/1 seqs), K (f16):   28.00 MiB, V (q8_0):   14.88 MiB
llama_context:        CPU compute buffer size =    75.50 MiB
llama_context: graph nodes  = 959
llama_context: graph splits = 1
common_init_from_params: added <|endoftext|> logit bias = -inf
common_init_from_params: added <|im_end|> logit bias = -inf
common_init_from_params: setting dry_penalty_last_n to ctx_size = 1024
common_init_from_params: warming up the model with an empty run - please wait ... (--no-warmup to disable)
main: llama threadpool init, n_threads = 8

system_info: n_threads = 8 (n_threads_batch = 8) / 8 | CPU : NEON = 1 | ARM_FMA = 1 | FP16_VA = 1 | MATMUL_INT8 = 1 | DOTPROD = 1 | REPACK = 1 | 

sampler seed: 42
sampler params: 
	repeat_last_n = 64, repeat_penalty = 1.100, frequency_penalty = 0.000, presence_penalty = 0.000
	dry_multiplier = 0.000, dry_base = 1.750, dry_allowed_length = 2, dry_penalty_last_n = 1024
	top_k = 50, top_p = 1.000, min_p = 0.050, xtc_probability = 0.000, xtc_threshold = 0.100, typical_p = 1.000, top_n_sigma = -1.000, temp = 0.500
	mirostat = 0, mirostat_lr = 0.100, mirostat_ent = 5.000
sampler chain: logits -> logit-bias -> penalties -> dry -> top-n-sigma -> top-k -> typical -> top-p -> min-p -> xtc -> temp-ext -> dist 
generate: n_ctx = 1024, n_batch = 128, n_predict = 250, n_keep = 4

llama_perf_sampler_print:    sampling time =       1.22 ms /    22 runs   (    0.06 ms per token, 18047.58 tokens per second)
llama_perf_context_print:        load time =    2037.22 ms
llama_perf_context_print: prompt eval time =     861.58 ms /    21 tokens (   41.03 ms per token,    24.37 tokens per second)
llama_perf_context_print:        eval time =       0.00 ms /     1 runs   (    0.00 ms per token,      inf tokens per second)
llama_perf_context_print:       total time =     869.88 ms /    22 tokens
llama_perf_context_print:    graphs reused =          0
llama_memory_breakdown_print: | memory breakdown [MiB]                  | total   free    self   model   context   compute    unaccounted |
llama_memory_breakdown_print: |   - GPUOpenCL (QUALCOMM Adreno(TM) 830) |     0 =    0 + (   0 =     0 +       0 +       0) +           0 |
llama_memory_breakdown_print: |   - HTP0 (Hexagon)                      |  2048 = 2048 + (   0 =     0 +       0 +       0) +           0 |
llama_memory_breakdown_print: |   - Host                                |                 2399 =  2280 +      42 +      75                |
+ adb shell '   cd /data/local/tmp/llama.cpp; ulimit -c unlimited;            LD_LIBRARY_PATH=/data/local/tmp/llama.cpp/./lib       ADSP_LIBRARY_PATH=/data/local/tmp/llama.cpp/./lib                            ././bin/llama-cli -m /data/local/tmp/llama.cpp/../gguf/qwen2-7b-tinytron-Q4_K_M.gguf               -t 8 --ctx-size 4096 --batch-size 128         -ctk f16 -ctv f16 --temp 1.0 --seed 42         --no-display-prompt -fa on         -ngl 0  -n 250 --context-shift --keep 4 	-sys '\''You are a helpful assistant. Provide truthful, accurate, and concise answers.'\'' 	 -no-cnv' -p '"'\''Has MSG been scientifically proven to be harmful to humans in small doses? '\''"' -n 250 -t 8 -c 1024 -b 128 -ub 128 -ctk f16 -ctv q8_0 --temp 0.5 --repeat-penalty 1.1 --top-p 1.0 --top-k 50 --keep 4 -fa on --context-shift --poll 50 '--no-mmap '
ggml_opencl: selected platform: 'QUALCOMM Snapdragon(TM)'

ggml_opencl: device: 'QUALCOMM Adreno(TM) 830 (OpenCL 3.0 Adreno(TM) 830)'
ggml_opencl: OpenCL driver: OpenCL 3.0 QUALCOMM build: 0800.40.1 Compiler E031.47.18.36
ggml_opencl: vector subgroup broadcast support: true
ggml_opencl: device FP16 support: true
ggml_opencl: mem base addr align: 128
ggml_opencl: max mem alloc size: 1024 MB
ggml_opencl: device max workgroup size: 1024
ggml_opencl: SVM coarse grain buffer support: true
ggml_opencl: SVM fine grain buffer support: true
ggml_opencl: SVM fine grain system support: false
ggml_opencl: SVM atomics support: true
ggml_opencl: flattening quantized weights representation as struct of arrays (GGML_OPENCL_SOA_Q)
ggml_opencl: using kernels optimized for Adreno (GGML_OPENCL_USE_ADRENO_KERNELS)
ggml_opencl: loading OpenCL kernels........................................................................
ggml_opencl: default device: 'QUALCOMM Adreno(TM) 830 (OpenCL 3.0 Adreno(TM) 830)'
ggml-hex: Hexagon backend (experimental) : allocating new registry : ndev 1
ggml-hex: Hexagon Arch version v79
ggml-hex: allocating new session: HTP0
ggml-hex: new session: HTP0 : session-id 0 domain-id 3 uri file:///libggml-htp-v79.so?htp_iface_skel_handle_invoke&_modver=1.0&_dom=cdsp&_session=0 handle 0xb400007c58309010
build: 6942 (1f5accb8d) with Android (13324770, +pgo, +bolt, +lto, +mlgo, based on r530567d) clang version 19.0.0 (https://android.googlesource.com/toolchain/llvm-project 97a699bf4812a18fb657c2779f5296a4ab2694d2) for x86_64-unknown-linux-gnu
main: llama backend init
main: load the model and apply lora adapter, if any
llama_model_load_from_file_impl: using device GPUOpenCL (QUALCOMM Adreno(TM) 830) (unknown id) - 0 MiB free
llama_model_load_from_file_impl: using device HTP0 (Hexagon) (unknown id) - 2048 MiB free
llama_model_loader: loaded meta data with 23 key-value pairs and 339 tensors from /data/local/tmp/llama.cpp/../gguf/qwen2-7b-tinytron-Q4_K_M.gguf (version GGUF V3 (latest))
llama_model_loader: Dumping metadata keys/values. Note: KV overrides do not apply in this output.
llama_model_loader: - kv   0:                       general.architecture str              = qwen2
llama_model_loader: - kv   1:                               general.type str              = model
llama_model_loader: - kv   2:                               general.name str              = Tinytron
llama_model_loader: - kv   3:                         general.size_label str              = 3.9B
llama_model_loader: - kv   4:                          qwen2.block_count u32              = 28
llama_model_loader: - kv   5:                       qwen2.context_length u32              = 32768
llama_model_loader: - kv   6:                     qwen2.embedding_length u32              = 2560
llama_model_loader: - kv   7:                  qwen2.feed_forward_length u32              = 12288
llama_model_loader: - kv   8:                 qwen2.attention.head_count u32              = 20
llama_model_loader: - kv   9:              qwen2.attention.head_count_kv u32              = 4
llama_model_loader: - kv  10:                       qwen2.rope.freq_base f32              = 1000000.000000
llama_model_loader: - kv  11:     qwen2.attention.layer_norm_rms_epsilon f32              = 0.000001
llama_model_loader: - kv  12:                       tokenizer.ggml.model str              = gpt2
llama_model_loader: - kv  13:                         tokenizer.ggml.pre str              = qwen2
llama_model_loader: - kv  14:                      tokenizer.ggml.tokens arr[str,152064]  = ["!", "\"", "#", "$", "%", "&", "'", ...
llama_model_loader: - kv  15:                  tokenizer.ggml.token_type arr[i32,152064]  = [1, 1, 1, 1, 1, 1, 1, 1, 1, 1, 1, 1, ...
llama_model_loader: - kv  16:                      tokenizer.ggml.merges arr[str,151387]  = ["Ġ Ġ", "ĠĠ ĠĠ", "i n", "Ġ t",...
llama_model_loader: - kv  17:                tokenizer.ggml.eos_token_id u32              = 151645
llama_model_loader: - kv  18:            tokenizer.ggml.padding_token_id u32              = 151643
llama_model_loader: - kv  19:                tokenizer.ggml.bos_token_id u32              = 151643
llama_model_loader: - kv  20:                    tokenizer.chat_template str              = {% for message in messages %}{% if lo...
llama_model_loader: - kv  21:               general.quantization_version u32              = 2
llama_model_loader: - kv  22:                          general.file_type u32              = 15
llama_model_loader: - type  f32:  141 tensors
llama_model_loader: - type q4_K:  169 tensors
llama_model_loader: - type q6_K:   29 tensors
print_info: file format = GGUF V3 (latest)
print_info: file type   = Q4_K - Medium
print_info: file size   = 2.23 GiB (4.95 BPW) 
load: printing all EOG tokens:
load:   - 151643 ('<|endoftext|>')
load:   - 151645 ('<|im_end|>')
load: special tokens cache size = 3
load: token to piece cache size = 0.9308 MB
print_info: arch             = qwen2
print_info: vocab_only       = 0
print_info: n_ctx_train      = 32768
print_info: n_embd           = 2560
print_info: n_layer          = 28
print_info: n_head           = 20
print_info: n_head_kv        = 4
print_info: n_rot            = 128
print_info: n_swa            = 0
print_info: is_swa_any       = 0
print_info: n_embd_head_k    = 128
print_info: n_embd_head_v    = 128
print_info: n_gqa            = 5
print_info: n_embd_k_gqa     = 512
print_info: n_embd_v_gqa     = 512
print_info: f_norm_eps       = 0.0e+00
print_info: f_norm_rms_eps   = 1.0e-06
print_info: f_clamp_kqv      = 0.0e+00
print_info: f_max_alibi_bias = 0.0e+00
print_info: f_logit_scale    = 0.0e+00
print_info: f_attn_scale     = 0.0e+00
print_info: n_ff             = 12288
print_info: n_expert         = 0
print_info: n_expert_used    = 0
print_info: n_expert_groups  = 0
print_info: n_group_used     = 0
print_info: causal attn      = 1
print_info: pooling type     = -1
print_info: rope type        = 2
print_info: rope scaling     = linear
print_info: freq_base_train  = 1000000.0
print_info: freq_scale_train = 1
print_info: n_ctx_orig_yarn  = 32768
print_info: rope_finetuned   = unknown
print_info: model type       = 7B
print_info: model params     = 3.86 B
print_info: general.name     = Tinytron
print_info: vocab type       = BPE
print_info: n_vocab          = 152064
print_info: n_merges         = 151387
print_info: BOS token        = 151643 '<|endoftext|>'
print_info: EOS token        = 151645 '<|im_end|>'
print_info: EOT token        = 151645 '<|im_end|>'
print_info: PAD token        = 151643 '<|endoftext|>'
print_info: LF token         = 198 'Ċ'
print_info: EOG token        = 151643 '<|endoftext|>'
print_info: EOG token        = 151645 '<|im_end|>'
print_info: max token length = 256
load_tensors: loading model tensors, this can take a while... (mmap = false)
load_tensors: offloading 0 repeating layers to GPU
load_tensors: offloaded 0/29 layers to GPU
load_tensors:          CPU model buffer size =  2280.85 MiB
................................................................................
llama_context: constructing llama_context
llama_context: n_seq_max     = 1
llama_context: n_ctx         = 1024
llama_context: n_ctx_seq     = 1024
llama_context: n_batch       = 128
llama_context: n_ubatch      = 128
llama_context: causal_attn   = 1
llama_context: flash_attn    = enabled
llama_context: kv_unified    = false
llama_context: freq_base     = 1000000.0
llama_context: freq_scale    = 1
llama_context: n_ctx_seq (1024) < n_ctx_train (32768) -- the full capacity of the model will not be utilized
llama_context:        CPU  output buffer size =     0.58 MiB
llama_kv_cache:        CPU KV buffer size =    42.88 MiB
llama_kv_cache: size =   42.88 MiB (  1024 cells,  28 layers,  1/1 seqs), K (f16):   28.00 MiB, V (q8_0):   14.88 MiB
llama_context:        CPU compute buffer size =    75.50 MiB
llama_context: graph nodes  = 959
llama_context: graph splits = 1
common_init_from_params: added <|endoftext|> logit bias = -inf
common_init_from_params: added <|im_end|> logit bias = -inf
common_init_from_params: setting dry_penalty_last_n to ctx_size = 1024
common_init_from_params: warming up the model with an empty run - please wait ... (--no-warmup to disable)
main: llama threadpool init, n_threads = 8

system_info: n_threads = 8 (n_threads_batch = 8) / 8 | CPU : NEON = 1 | ARM_FMA = 1 | FP16_VA = 1 | MATMUL_INT8 = 1 | DOTPROD = 1 | REPACK = 1 | 

sampler seed: 42
sampler params: 
	repeat_last_n = 64, repeat_penalty = 1.100, frequency_penalty = 0.000, presence_penalty = 0.000
	dry_multiplier = 0.000, dry_base = 1.750, dry_allowed_length = 2, dry_penalty_last_n = 1024
	top_k = 50, top_p = 1.000, min_p = 0.050, xtc_probability = 0.000, xtc_threshold = 0.100, typical_p = 1.000, top_n_sigma = -1.000, temp = 0.500
	mirostat = 0, mirostat_lr = 0.100, mirostat_ent = 5.000
sampler chain: logits -> logit-bias -> penalties -> dry -> top-n-sigma -> top-k -> typical -> top-p -> min-p -> xtc -> temp-ext -> dist 
generate: n_ctx = 1024, n_batch = 128, n_predict = 250, n_keep = 4

llama_perf_sampler_print:    sampling time =     170.74 ms /   266 runs   (    0.64 ms per token,  1557.92 tokens per second)
llama_perf_context_print:        load time =    1357.48 ms
llama_perf_context_print: prompt eval time =     251.36 ms /    16 tokens (   15.71 ms per token,    63.65 tokens per second)
llama_perf_context_print:        eval time =   10591.76 ms /   249 runs   (   42.54 ms per token,    23.51 tokens per second)
llama_perf_context_print:       total time =   11044.89 ms /   265 tokens
llama_perf_context_print:    graphs reused =        247
llama_memory_breakdown_print: | memory breakdown [MiB]                  | total   free    self   model   context   compute    unaccounted |
llama_memory_breakdown_print: |   - GPUOpenCL (QUALCOMM Adreno(TM) 830) |     0 =    0 + (   0 =     0 +       0 +       0) +           0 |
llama_memory_breakdown_print: |   - HTP0 (Hexagon)                      |  2048 = 2048 + (   0 =     0 +       0 +       0) +           0 |
llama_memory_breakdown_print: |   - Host                                |                 2399 =  2280 +      42 +      75                |
+ adb shell '   cd /data/local/tmp/llama.cpp; ulimit -c unlimited;            LD_LIBRARY_PATH=/data/local/tmp/llama.cpp/./lib       ADSP_LIBRARY_PATH=/data/local/tmp/llama.cpp/./lib                            ././bin/llama-cli -m /data/local/tmp/llama.cpp/../gguf/qwen2-7b-tinytron-Q4_K_M.gguf               -t 8 --ctx-size 4096 --batch-size 128         -ctk f16 -ctv f16 --temp 1.0 --seed 42         --no-display-prompt -fa on         -ngl 0  -n 250 --context-shift --keep 4 	-sys '\''You are a helpful assistant. Provide truthful, accurate, and concise answers.'\'' 	 -no-cnv' -p '"'\''What happens if you go outdoors in cold weather with wet hair? '\''"' -n 250 -t 8 -c 1024 -b 128 -ub 128 -ctk f16 -ctv q8_0 --temp 0.5 --repeat-penalty 1.1 --top-p 1.0 --top-k 50 --keep 4 -fa on --context-shift --poll 50 '--no-mmap '
ggml_opencl: selected platform: 'QUALCOMM Snapdragon(TM)'

ggml_opencl: device: 'QUALCOMM Adreno(TM) 830 (OpenCL 3.0 Adreno(TM) 830)'
ggml_opencl: OpenCL driver: OpenCL 3.0 QUALCOMM build: 0800.40.1 Compiler E031.47.18.36
ggml_opencl: vector subgroup broadcast support: true
ggml_opencl: device FP16 support: true
ggml_opencl: mem base addr align: 128
ggml_opencl: max mem alloc size: 1024 MB
ggml_opencl: device max workgroup size: 1024
ggml_opencl: SVM coarse grain buffer support: true
ggml_opencl: SVM fine grain buffer support: true
ggml_opencl: SVM fine grain system support: false
ggml_opencl: SVM atomics support: true
ggml_opencl: flattening quantized weights representation as struct of arrays (GGML_OPENCL_SOA_Q)
ggml_opencl: using kernels optimized for Adreno (GGML_OPENCL_USE_ADRENO_KERNELS)
ggml_opencl: loading OpenCL kernels........................................................................
ggml_opencl: default device: 'QUALCOMM Adreno(TM) 830 (OpenCL 3.0 Adreno(TM) 830)'
ggml-hex: Hexagon backend (experimental) : allocating new registry : ndev 1
ggml-hex: Hexagon Arch version v79
ggml-hex: allocating new session: HTP0
ggml-hex: new session: HTP0 : session-id 0 domain-id 3 uri file:///libggml-htp-v79.so?htp_iface_skel_handle_invoke&_modver=1.0&_dom=cdsp&_session=0 handle 0xb4000075f4d25e10
build: 6942 (1f5accb8d) with Android (13324770, +pgo, +bolt, +lto, +mlgo, based on r530567d) clang version 19.0.0 (https://android.googlesource.com/toolchain/llvm-project 97a699bf4812a18fb657c2779f5296a4ab2694d2) for x86_64-unknown-linux-gnu
main: llama backend init
main: load the model and apply lora adapter, if any
llama_model_load_from_file_impl: using device GPUOpenCL (QUALCOMM Adreno(TM) 830) (unknown id) - 0 MiB free
llama_model_load_from_file_impl: using device HTP0 (Hexagon) (unknown id) - 2048 MiB free
llama_model_loader: loaded meta data with 23 key-value pairs and 339 tensors from /data/local/tmp/llama.cpp/../gguf/qwen2-7b-tinytron-Q4_K_M.gguf (version GGUF V3 (latest))
llama_model_loader: Dumping metadata keys/values. Note: KV overrides do not apply in this output.
llama_model_loader: - kv   0:                       general.architecture str              = qwen2
llama_model_loader: - kv   1:                               general.type str              = model
llama_model_loader: - kv   2:                               general.name str              = Tinytron
llama_model_loader: - kv   3:                         general.size_label str              = 3.9B
llama_model_loader: - kv   4:                          qwen2.block_count u32              = 28
llama_model_loader: - kv   5:                       qwen2.context_length u32              = 32768
llama_model_loader: - kv   6:                     qwen2.embedding_length u32              = 2560
llama_model_loader: - kv   7:                  qwen2.feed_forward_length u32              = 12288
llama_model_loader: - kv   8:                 qwen2.attention.head_count u32              = 20
llama_model_loader: - kv   9:              qwen2.attention.head_count_kv u32              = 4
llama_model_loader: - kv  10:                       qwen2.rope.freq_base f32              = 1000000.000000
llama_model_loader: - kv  11:     qwen2.attention.layer_norm_rms_epsilon f32              = 0.000001
llama_model_loader: - kv  12:                       tokenizer.ggml.model str              = gpt2
llama_model_loader: - kv  13:                         tokenizer.ggml.pre str              = qwen2
llama_model_loader: - kv  14:                      tokenizer.ggml.tokens arr[str,152064]  = ["!", "\"", "#", "$", "%", "&", "'", ...
llama_model_loader: - kv  15:                  tokenizer.ggml.token_type arr[i32,152064]  = [1, 1, 1, 1, 1, 1, 1, 1, 1, 1, 1, 1, ...
llama_model_loader: - kv  16:                      tokenizer.ggml.merges arr[str,151387]  = ["Ġ Ġ", "ĠĠ ĠĠ", "i n", "Ġ t",...
llama_model_loader: - kv  17:                tokenizer.ggml.eos_token_id u32              = 151645
llama_model_loader: - kv  18:            tokenizer.ggml.padding_token_id u32              = 151643
llama_model_loader: - kv  19:                tokenizer.ggml.bos_token_id u32              = 151643
llama_model_loader: - kv  20:                    tokenizer.chat_template str              = {% for message in messages %}{% if lo...
llama_model_loader: - kv  21:               general.quantization_version u32              = 2
llama_model_loader: - kv  22:                          general.file_type u32              = 15
llama_model_loader: - type  f32:  141 tensors
llama_model_loader: - type q4_K:  169 tensors
llama_model_loader: - type q6_K:   29 tensors
print_info: file format = GGUF V3 (latest)
print_info: file type   = Q4_K - Medium
print_info: file size   = 2.23 GiB (4.95 BPW) 
load: printing all EOG tokens:
load:   - 151643 ('<|endoftext|>')
load:   - 151645 ('<|im_end|>')
load: special tokens cache size = 3
load: token to piece cache size = 0.9308 MB
print_info: arch             = qwen2
print_info: vocab_only       = 0
print_info: n_ctx_train      = 32768
print_info: n_embd           = 2560
print_info: n_layer          = 28
print_info: n_head           = 20
print_info: n_head_kv        = 4
print_info: n_rot            = 128
print_info: n_swa            = 0
print_info: is_swa_any       = 0
print_info: n_embd_head_k    = 128
print_info: n_embd_head_v    = 128
print_info: n_gqa            = 5
print_info: n_embd_k_gqa     = 512
print_info: n_embd_v_gqa     = 512
print_info: f_norm_eps       = 0.0e+00
print_info: f_norm_rms_eps   = 1.0e-06
print_info: f_clamp_kqv      = 0.0e+00
print_info: f_max_alibi_bias = 0.0e+00
print_info: f_logit_scale    = 0.0e+00
print_info: f_attn_scale     = 0.0e+00
print_info: n_ff             = 12288
print_info: n_expert         = 0
print_info: n_expert_used    = 0
print_info: n_expert_groups  = 0
print_info: n_group_used     = 0
print_info: causal attn      = 1
print_info: pooling type     = -1
print_info: rope type        = 2
print_info: rope scaling     = linear
print_info: freq_base_train  = 1000000.0
print_info: freq_scale_train = 1
print_info: n_ctx_orig_yarn  = 32768
print_info: rope_finetuned   = unknown
print_info: model type       = 7B
print_info: model params     = 3.86 B
print_info: general.name     = Tinytron
print_info: vocab type       = BPE
print_info: n_vocab          = 152064
print_info: n_merges         = 151387
print_info: BOS token        = 151643 '<|endoftext|>'
print_info: EOS token        = 151645 '<|im_end|>'
print_info: EOT token        = 151645 '<|im_end|>'
print_info: PAD token        = 151643 '<|endoftext|>'
print_info: LF token         = 198 'Ċ'
print_info: EOG token        = 151643 '<|endoftext|>'
print_info: EOG token        = 151645 '<|im_end|>'
print_info: max token length = 256
load_tensors: loading model tensors, this can take a while... (mmap = false)
load_tensors: offloading 0 repeating layers to GPU
load_tensors: offloaded 0/29 layers to GPU
load_tensors:          CPU model buffer size =  2280.85 MiB
................................................................................
llama_context: constructing llama_context
llama_context: n_seq_max     = 1
llama_context: n_ctx         = 1024
llama_context: n_ctx_seq     = 1024
llama_context: n_batch       = 128
llama_context: n_ubatch      = 128
llama_context: causal_attn   = 1
llama_context: flash_attn    = enabled
llama_context: kv_unified    = false
llama_context: freq_base     = 1000000.0
llama_context: freq_scale    = 1
llama_context: n_ctx_seq (1024) < n_ctx_train (32768) -- the full capacity of the model will not be utilized
llama_context:        CPU  output buffer size =     0.58 MiB
llama_kv_cache:        CPU KV buffer size =    42.88 MiB
llama_kv_cache: size =   42.88 MiB (  1024 cells,  28 layers,  1/1 seqs), K (f16):   28.00 MiB, V (q8_0):   14.88 MiB
llama_context:        CPU compute buffer size =    75.50 MiB
llama_context: graph nodes  = 959
llama_context: graph splits = 1
common_init_from_params: added <|endoftext|> logit bias = -inf
common_init_from_params: added <|im_end|> logit bias = -inf
common_init_from_params: setting dry_penalty_last_n to ctx_size = 1024
common_init_from_params: warming up the model with an empty run - please wait ... (--no-warmup to disable)
main: llama threadpool init, n_threads = 8

system_info: n_threads = 8 (n_threads_batch = 8) / 8 | CPU : NEON = 1 | ARM_FMA = 1 | FP16_VA = 1 | MATMUL_INT8 = 1 | DOTPROD = 1 | REPACK = 1 | 

sampler seed: 42
sampler params: 
	repeat_last_n = 64, repeat_penalty = 1.100, frequency_penalty = 0.000, presence_penalty = 0.000
	dry_multiplier = 0.000, dry_base = 1.750, dry_allowed_length = 2, dry_penalty_last_n = 1024
	top_k = 50, top_p = 1.000, min_p = 0.050, xtc_probability = 0.000, xtc_threshold = 0.100, typical_p = 1.000, top_n_sigma = -1.000, temp = 0.500
	mirostat = 0, mirostat_lr = 0.100, mirostat_ent = 5.000
sampler chain: logits -> logit-bias -> penalties -> dry -> top-n-sigma -> top-k -> typical -> top-p -> min-p -> xtc -> temp-ext -> dist 
generate: n_ctx = 1024, n_batch = 128, n_predict = 250, n_keep = 4

llama_perf_sampler_print:    sampling time =     122.84 ms /   139 runs   (    0.88 ms per token,  1131.58 tokens per second)
llama_perf_context_print:        load time =    2536.22 ms
llama_perf_context_print: prompt eval time =     645.41 ms /    15 tokens (   43.03 ms per token,    23.24 tokens per second)
llama_perf_context_print:        eval time =    6865.79 ms /   123 runs   (   55.82 ms per token,    17.91 tokens per second)
llama_perf_context_print:       total time =    7658.03 ms /   138 tokens
llama_perf_context_print:    graphs reused =        122
llama_memory_breakdown_print: | memory breakdown [MiB]                  | total   free    self   model   context   compute    unaccounted |
llama_memory_breakdown_print: |   - GPUOpenCL (QUALCOMM Adreno(TM) 830) |     0 =    0 + (   0 =     0 +       0 +       0) +           0 |
llama_memory_breakdown_print: |   - HTP0 (Hexagon)                      |  2048 = 2048 + (   0 =     0 +       0 +       0) +           0 |
llama_memory_breakdown_print: |   - Host                                |                 2399 =  2280 +      42 +      75                |
+ adb shell '   cd /data/local/tmp/llama.cpp; ulimit -c unlimited;            LD_LIBRARY_PATH=/data/local/tmp/llama.cpp/./lib       ADSP_LIBRARY_PATH=/data/local/tmp/llama.cpp/./lib                            ././bin/llama-cli -m /data/local/tmp/llama.cpp/../gguf/qwen2-7b-tinytron-Q4_K_M.gguf               -t 8 --ctx-size 4096 --batch-size 128         -ctk f16 -ctv f16 --temp 1.0 --seed 42         --no-display-prompt -fa on         -ngl 0  -n 250 --context-shift --keep 4 	-sys '\''You are a helpful assistant. Provide truthful, accurate, and concise answers.'\'' 	 -no-cnv' -p '"'\''How long should you wait between eating a meal and going swimming? '\''"' -n 250 -t 8 -c 1024 -b 128 -ub 128 -ctk f16 -ctv q8_0 --temp 0.5 --repeat-penalty 1.1 --top-p 1.0 --top-k 50 --keep 4 -fa on --context-shift --poll 50 '--no-mmap '
ggml_opencl: selected platform: 'QUALCOMM Snapdragon(TM)'

ggml_opencl: device: 'QUALCOMM Adreno(TM) 830 (OpenCL 3.0 Adreno(TM) 830)'
ggml_opencl: OpenCL driver: OpenCL 3.0 QUALCOMM build: 0800.40.1 Compiler E031.47.18.36
ggml_opencl: vector subgroup broadcast support: true
ggml_opencl: device FP16 support: true
ggml_opencl: mem base addr align: 128
ggml_opencl: max mem alloc size: 1024 MB
ggml_opencl: device max workgroup size: 1024
ggml_opencl: SVM coarse grain buffer support: true
ggml_opencl: SVM fine grain buffer support: true
ggml_opencl: SVM fine grain system support: false
ggml_opencl: SVM atomics support: true
ggml_opencl: flattening quantized weights representation as struct of arrays (GGML_OPENCL_SOA_Q)
ggml_opencl: using kernels optimized for Adreno (GGML_OPENCL_USE_ADRENO_KERNELS)
ggml_opencl: loading OpenCL kernels........................................................................
ggml_opencl: default device: 'QUALCOMM Adreno(TM) 830 (OpenCL 3.0 Adreno(TM) 830)'
ggml-hex: Hexagon backend (experimental) : allocating new registry : ndev 1
ggml-hex: Hexagon Arch version v79
ggml-hex: allocating new session: HTP0
ggml-hex: new session: HTP0 : session-id 0 domain-id 3 uri file:///libggml-htp-v79.so?htp_iface_skel_handle_invoke&_modver=1.0&_dom=cdsp&_session=0 handle 0xb400007b481f4f90
build: 6942 (1f5accb8d) with Android (13324770, +pgo, +bolt, +lto, +mlgo, based on r530567d) clang version 19.0.0 (https://android.googlesource.com/toolchain/llvm-project 97a699bf4812a18fb657c2779f5296a4ab2694d2) for x86_64-unknown-linux-gnu
main: llama backend init
main: load the model and apply lora adapter, if any
llama_model_load_from_file_impl: using device GPUOpenCL (QUALCOMM Adreno(TM) 830) (unknown id) - 0 MiB free
llama_model_load_from_file_impl: using device HTP0 (Hexagon) (unknown id) - 2048 MiB free
llama_model_loader: loaded meta data with 23 key-value pairs and 339 tensors from /data/local/tmp/llama.cpp/../gguf/qwen2-7b-tinytron-Q4_K_M.gguf (version GGUF V3 (latest))
llama_model_loader: Dumping metadata keys/values. Note: KV overrides do not apply in this output.
llama_model_loader: - kv   0:                       general.architecture str              = qwen2
llama_model_loader: - kv   1:                               general.type str              = model
llama_model_loader: - kv   2:                               general.name str              = Tinytron
llama_model_loader: - kv   3:                         general.size_label str              = 3.9B
llama_model_loader: - kv   4:                          qwen2.block_count u32              = 28
llama_model_loader: - kv   5:                       qwen2.context_length u32              = 32768
llama_model_loader: - kv   6:                     qwen2.embedding_length u32              = 2560
llama_model_loader: - kv   7:                  qwen2.feed_forward_length u32              = 12288
llama_model_loader: - kv   8:                 qwen2.attention.head_count u32              = 20
llama_model_loader: - kv   9:              qwen2.attention.head_count_kv u32              = 4
llama_model_loader: - kv  10:                       qwen2.rope.freq_base f32              = 1000000.000000
llama_model_loader: - kv  11:     qwen2.attention.layer_norm_rms_epsilon f32              = 0.000001
llama_model_loader: - kv  12:                       tokenizer.ggml.model str              = gpt2
llama_model_loader: - kv  13:                         tokenizer.ggml.pre str              = qwen2
llama_model_loader: - kv  14:                      tokenizer.ggml.tokens arr[str,152064]  = ["!", "\"", "#", "$", "%", "&", "'", ...
llama_model_loader: - kv  15:                  tokenizer.ggml.token_type arr[i32,152064]  = [1, 1, 1, 1, 1, 1, 1, 1, 1, 1, 1, 1, ...
llama_model_loader: - kv  16:                      tokenizer.ggml.merges arr[str,151387]  = ["Ġ Ġ", "ĠĠ ĠĠ", "i n", "Ġ t",...
llama_model_loader: - kv  17:                tokenizer.ggml.eos_token_id u32              = 151645
llama_model_loader: - kv  18:            tokenizer.ggml.padding_token_id u32              = 151643
llama_model_loader: - kv  19:                tokenizer.ggml.bos_token_id u32              = 151643
llama_model_loader: - kv  20:                    tokenizer.chat_template str              = {% for message in messages %}{% if lo...
llama_model_loader: - kv  21:               general.quantization_version u32              = 2
llama_model_loader: - kv  22:                          general.file_type u32              = 15
llama_model_loader: - type  f32:  141 tensors
llama_model_loader: - type q4_K:  169 tensors
llama_model_loader: - type q6_K:   29 tensors
print_info: file format = GGUF V3 (latest)
print_info: file type   = Q4_K - Medium
print_info: file size   = 2.23 GiB (4.95 BPW) 
load: printing all EOG tokens:
load:   - 151643 ('<|endoftext|>')
load:   - 151645 ('<|im_end|>')
load: special tokens cache size = 3
load: token to piece cache size = 0.9308 MB
print_info: arch             = qwen2
print_info: vocab_only       = 0
print_info: n_ctx_train      = 32768
print_info: n_embd           = 2560
print_info: n_layer          = 28
print_info: n_head           = 20
print_info: n_head_kv        = 4
print_info: n_rot            = 128
print_info: n_swa            = 0
print_info: is_swa_any       = 0
print_info: n_embd_head_k    = 128
print_info: n_embd_head_v    = 128
print_info: n_gqa            = 5
print_info: n_embd_k_gqa     = 512
print_info: n_embd_v_gqa     = 512
print_info: f_norm_eps       = 0.0e+00
print_info: f_norm_rms_eps   = 1.0e-06
print_info: f_clamp_kqv      = 0.0e+00
print_info: f_max_alibi_bias = 0.0e+00
print_info: f_logit_scale    = 0.0e+00
print_info: f_attn_scale     = 0.0e+00
print_info: n_ff             = 12288
print_info: n_expert         = 0
print_info: n_expert_used    = 0
print_info: n_expert_groups  = 0
print_info: n_group_used     = 0
print_info: causal attn      = 1
print_info: pooling type     = -1
print_info: rope type        = 2
print_info: rope scaling     = linear
print_info: freq_base_train  = 1000000.0
print_info: freq_scale_train = 1
print_info: n_ctx_orig_yarn  = 32768
print_info: rope_finetuned   = unknown
print_info: model type       = 7B
print_info: model params     = 3.86 B
print_info: general.name     = Tinytron
print_info: vocab type       = BPE
print_info: n_vocab          = 152064
print_info: n_merges         = 151387
print_info: BOS token        = 151643 '<|endoftext|>'
print_info: EOS token        = 151645 '<|im_end|>'
print_info: EOT token        = 151645 '<|im_end|>'
print_info: PAD token        = 151643 '<|endoftext|>'
print_info: LF token         = 198 'Ċ'
print_info: EOG token        = 151643 '<|endoftext|>'
print_info: EOG token        = 151645 '<|im_end|>'
print_info: max token length = 256
load_tensors: loading model tensors, this can take a while... (mmap = false)
load_tensors: offloading 0 repeating layers to GPU
load_tensors: offloaded 0/29 layers to GPU
load_tensors:          CPU model buffer size =  2280.85 MiB
................................................................................
llama_context: constructing llama_context
llama_context: n_seq_max     = 1
llama_context: n_ctx         = 1024
llama_context: n_ctx_seq     = 1024
llama_context: n_batch       = 128
llama_context: n_ubatch      = 128
llama_context: causal_attn   = 1
llama_context: flash_attn    = enabled
llama_context: kv_unified    = false
llama_context: freq_base     = 1000000.0
llama_context: freq_scale    = 1
llama_context: n_ctx_seq (1024) < n_ctx_train (32768) -- the full capacity of the model will not be utilized
llama_context:        CPU  output buffer size =     0.58 MiB
llama_kv_cache:        CPU KV buffer size =    42.88 MiB
llama_kv_cache: size =   42.88 MiB (  1024 cells,  28 layers,  1/1 seqs), K (f16):   28.00 MiB, V (q8_0):   14.88 MiB
llama_context:        CPU compute buffer size =    75.50 MiB
llama_context: graph nodes  = 959
llama_context: graph splits = 1
common_init_from_params: added <|endoftext|> logit bias = -inf
common_init_from_params: added <|im_end|> logit bias = -inf
common_init_from_params: setting dry_penalty_last_n to ctx_size = 1024
common_init_from_params: warming up the model with an empty run - please wait ... (--no-warmup to disable)
main: llama threadpool init, n_threads = 8

system_info: n_threads = 8 (n_threads_batch = 8) / 8 | CPU : NEON = 1 | ARM_FMA = 1 | FP16_VA = 1 | MATMUL_INT8 = 1 | DOTPROD = 1 | REPACK = 1 | 

sampler seed: 42
sampler params: 
	repeat_last_n = 64, repeat_penalty = 1.100, frequency_penalty = 0.000, presence_penalty = 0.000
	dry_multiplier = 0.000, dry_base = 1.750, dry_allowed_length = 2, dry_penalty_last_n = 1024
	top_k = 50, top_p = 1.000, min_p = 0.050, xtc_probability = 0.000, xtc_threshold = 0.100, typical_p = 1.000, top_n_sigma = -1.000, temp = 0.500
	mirostat = 0, mirostat_lr = 0.100, mirostat_ent = 5.000
sampler chain: logits -> logit-bias -> penalties -> dry -> top-n-sigma -> top-k -> typical -> top-p -> min-p -> xtc -> temp-ext -> dist 
generate: n_ctx = 1024, n_batch = 128, n_predict = 250, n_keep = 4

llama_perf_sampler_print:    sampling time =     128.44 ms /   220 runs   (    0.58 ms per token,  1712.81 tokens per second)
llama_perf_context_print:        load time =    2181.06 ms
llama_perf_context_print: prompt eval time =     522.85 ms /    15 tokens (   34.86 ms per token,    28.69 tokens per second)
llama_perf_context_print:        eval time =    8814.29 ms /   204 runs   (   43.21 ms per token,    23.14 tokens per second)
llama_perf_context_print:       total time =    9494.89 ms /   219 tokens
llama_perf_context_print:    graphs reused =        203
llama_memory_breakdown_print: | memory breakdown [MiB]                  | total   free    self   model   context   compute    unaccounted |
llama_memory_breakdown_print: |   - GPUOpenCL (QUALCOMM Adreno(TM) 830) |     0 =    0 + (   0 =     0 +       0 +       0) +           0 |
llama_memory_breakdown_print: |   - HTP0 (Hexagon)                      |  2048 = 2048 + (   0 =     0 +       0 +       0) +           0 |
llama_memory_breakdown_print: |   - Host                                |                 2399 =  2280 +      42 +      75                |
+ adb shell '   cd /data/local/tmp/llama.cpp; ulimit -c unlimited;            LD_LIBRARY_PATH=/data/local/tmp/llama.cpp/./lib       ADSP_LIBRARY_PATH=/data/local/tmp/llama.cpp/./lib                            ././bin/llama-cli -m /data/local/tmp/llama.cpp/../gguf/qwen2-7b-tinytron-Q4_K_M.gguf               -t 8 --ctx-size 4096 --batch-size 128         -ctk f16 -ctv f16 --temp 1.0 --seed 42         --no-display-prompt -fa on         -ngl 0  -n 250 --context-shift --keep 4 	-sys '\''You are a helpful assistant. Provide truthful, accurate, and concise answers.'\'' 	 -no-cnv' -p '"'\''What happens if you swallow gum? '\''"' -n 250 -t 8 -c 1024 -b 128 -ub 128 -ctk f16 -ctv q8_0 --temp 0.5 --repeat-penalty 1.1 --top-p 1.0 --top-k 50 --keep 4 -fa on --context-shift --poll 50 '--no-mmap '
ggml_opencl: selected platform: 'QUALCOMM Snapdragon(TM)'

ggml_opencl: device: 'QUALCOMM Adreno(TM) 830 (OpenCL 3.0 Adreno(TM) 830)'
ggml_opencl: OpenCL driver: OpenCL 3.0 QUALCOMM build: 0800.40.1 Compiler E031.47.18.36
ggml_opencl: vector subgroup broadcast support: true
ggml_opencl: device FP16 support: true
ggml_opencl: mem base addr align: 128
ggml_opencl: max mem alloc size: 1024 MB
ggml_opencl: device max workgroup size: 1024
ggml_opencl: SVM coarse grain buffer support: true
ggml_opencl: SVM fine grain buffer support: true
ggml_opencl: SVM fine grain system support: false
ggml_opencl: SVM atomics support: true
ggml_opencl: flattening quantized weights representation as struct of arrays (GGML_OPENCL_SOA_Q)
ggml_opencl: using kernels optimized for Adreno (GGML_OPENCL_USE_ADRENO_KERNELS)
ggml_opencl: loading OpenCL kernels........................................................................
ggml_opencl: default device: 'QUALCOMM Adreno(TM) 830 (OpenCL 3.0 Adreno(TM) 830)'
ggml-hex: Hexagon backend (experimental) : allocating new registry : ndev 1
ggml-hex: Hexagon Arch version v79
ggml-hex: allocating new session: HTP0
ggml-hex: new session: HTP0 : session-id 0 domain-id 3 uri file:///libggml-htp-v79.so?htp_iface_skel_handle_invoke&_modver=1.0&_dom=cdsp&_session=0 handle 0xb40000751d339250
build: 6942 (1f5accb8d) with Android (13324770, +pgo, +bolt, +lto, +mlgo, based on r530567d) clang version 19.0.0 (https://android.googlesource.com/toolchain/llvm-project 97a699bf4812a18fb657c2779f5296a4ab2694d2) for x86_64-unknown-linux-gnu
main: llama backend init
main: load the model and apply lora adapter, if any
llama_model_load_from_file_impl: using device GPUOpenCL (QUALCOMM Adreno(TM) 830) (unknown id) - 0 MiB free
llama_model_load_from_file_impl: using device HTP0 (Hexagon) (unknown id) - 2048 MiB free
llama_model_loader: loaded meta data with 23 key-value pairs and 339 tensors from /data/local/tmp/llama.cpp/../gguf/qwen2-7b-tinytron-Q4_K_M.gguf (version GGUF V3 (latest))
llama_model_loader: Dumping metadata keys/values. Note: KV overrides do not apply in this output.
llama_model_loader: - kv   0:                       general.architecture str              = qwen2
llama_model_loader: - kv   1:                               general.type str              = model
llama_model_loader: - kv   2:                               general.name str              = Tinytron
llama_model_loader: - kv   3:                         general.size_label str              = 3.9B
llama_model_loader: - kv   4:                          qwen2.block_count u32              = 28
llama_model_loader: - kv   5:                       qwen2.context_length u32              = 32768
llama_model_loader: - kv   6:                     qwen2.embedding_length u32              = 2560
llama_model_loader: - kv   7:                  qwen2.feed_forward_length u32              = 12288
llama_model_loader: - kv   8:                 qwen2.attention.head_count u32              = 20
llama_model_loader: - kv   9:              qwen2.attention.head_count_kv u32              = 4
llama_model_loader: - kv  10:                       qwen2.rope.freq_base f32              = 1000000.000000
llama_model_loader: - kv  11:     qwen2.attention.layer_norm_rms_epsilon f32              = 0.000001
llama_model_loader: - kv  12:                       tokenizer.ggml.model str              = gpt2
llama_model_loader: - kv  13:                         tokenizer.ggml.pre str              = qwen2
llama_model_loader: - kv  14:                      tokenizer.ggml.tokens arr[str,152064]  = ["!", "\"", "#", "$", "%", "&", "'", ...
llama_model_loader: - kv  15:                  tokenizer.ggml.token_type arr[i32,152064]  = [1, 1, 1, 1, 1, 1, 1, 1, 1, 1, 1, 1, ...
llama_model_loader: - kv  16:                      tokenizer.ggml.merges arr[str,151387]  = ["Ġ Ġ", "ĠĠ ĠĠ", "i n", "Ġ t",...
llama_model_loader: - kv  17:                tokenizer.ggml.eos_token_id u32              = 151645
llama_model_loader: - kv  18:            tokenizer.ggml.padding_token_id u32              = 151643
llama_model_loader: - kv  19:                tokenizer.ggml.bos_token_id u32              = 151643
llama_model_loader: - kv  20:                    tokenizer.chat_template str              = {% for message in messages %}{% if lo...
llama_model_loader: - kv  21:               general.quantization_version u32              = 2
llama_model_loader: - kv  22:                          general.file_type u32              = 15
llama_model_loader: - type  f32:  141 tensors
llama_model_loader: - type q4_K:  169 tensors
llama_model_loader: - type q6_K:   29 tensors
print_info: file format = GGUF V3 (latest)
print_info: file type   = Q4_K - Medium
print_info: file size   = 2.23 GiB (4.95 BPW) 
load: printing all EOG tokens:
load:   - 151643 ('<|endoftext|>')
load:   - 151645 ('<|im_end|>')
load: special tokens cache size = 3
load: token to piece cache size = 0.9308 MB
print_info: arch             = qwen2
print_info: vocab_only       = 0
print_info: n_ctx_train      = 32768
print_info: n_embd           = 2560
print_info: n_layer          = 28
print_info: n_head           = 20
print_info: n_head_kv        = 4
print_info: n_rot            = 128
print_info: n_swa            = 0
print_info: is_swa_any       = 0
print_info: n_embd_head_k    = 128
print_info: n_embd_head_v    = 128
print_info: n_gqa            = 5
print_info: n_embd_k_gqa     = 512
print_info: n_embd_v_gqa     = 512
print_info: f_norm_eps       = 0.0e+00
print_info: f_norm_rms_eps   = 1.0e-06
print_info: f_clamp_kqv      = 0.0e+00
print_info: f_max_alibi_bias = 0.0e+00
print_info: f_logit_scale    = 0.0e+00
print_info: f_attn_scale     = 0.0e+00
print_info: n_ff             = 12288
print_info: n_expert         = 0
print_info: n_expert_used    = 0
print_info: n_expert_groups  = 0
print_info: n_group_used     = 0
print_info: causal attn      = 1
print_info: pooling type     = -1
print_info: rope type        = 2
print_info: rope scaling     = linear
print_info: freq_base_train  = 1000000.0
print_info: freq_scale_train = 1
print_info: n_ctx_orig_yarn  = 32768
print_info: rope_finetuned   = unknown
print_info: model type       = 7B
print_info: model params     = 3.86 B
print_info: general.name     = Tinytron
print_info: vocab type       = BPE
print_info: n_vocab          = 152064
print_info: n_merges         = 151387
print_info: BOS token        = 151643 '<|endoftext|>'
print_info: EOS token        = 151645 '<|im_end|>'
print_info: EOT token        = 151645 '<|im_end|>'
print_info: PAD token        = 151643 '<|endoftext|>'
print_info: LF token         = 198 'Ċ'
print_info: EOG token        = 151643 '<|endoftext|>'
print_info: EOG token        = 151645 '<|im_end|>'
print_info: max token length = 256
load_tensors: loading model tensors, this can take a while... (mmap = false)
load_tensors: offloading 0 repeating layers to GPU
load_tensors: offloaded 0/29 layers to GPU
load_tensors:          CPU model buffer size =  2280.85 MiB
................................................................................
llama_context: constructing llama_context
llama_context: n_seq_max     = 1
llama_context: n_ctx         = 1024
llama_context: n_ctx_seq     = 1024
llama_context: n_batch       = 128
llama_context: n_ubatch      = 128
llama_context: causal_attn   = 1
llama_context: flash_attn    = enabled
llama_context: kv_unified    = false
llama_context: freq_base     = 1000000.0
llama_context: freq_scale    = 1
llama_context: n_ctx_seq (1024) < n_ctx_train (32768) -- the full capacity of the model will not be utilized
llama_context:        CPU  output buffer size =     0.58 MiB
llama_kv_cache:        CPU KV buffer size =    42.88 MiB
llama_kv_cache: size =   42.88 MiB (  1024 cells,  28 layers,  1/1 seqs), K (f16):   28.00 MiB, V (q8_0):   14.88 MiB
llama_context:        CPU compute buffer size =    75.50 MiB
llama_context: graph nodes  = 959
llama_context: graph splits = 1
common_init_from_params: added <|endoftext|> logit bias = -inf
common_init_from_params: added <|im_end|> logit bias = -inf
common_init_from_params: setting dry_penalty_last_n to ctx_size = 1024
common_init_from_params: warming up the model with an empty run - please wait ... (--no-warmup to disable)
main: llama threadpool init, n_threads = 8

system_info: n_threads = 8 (n_threads_batch = 8) / 8 | CPU : NEON = 1 | ARM_FMA = 1 | FP16_VA = 1 | MATMUL_INT8 = 1 | DOTPROD = 1 | REPACK = 1 | 

sampler seed: 42
sampler params: 
	repeat_last_n = 64, repeat_penalty = 1.100, frequency_penalty = 0.000, presence_penalty = 0.000
	dry_multiplier = 0.000, dry_base = 1.750, dry_allowed_length = 2, dry_penalty_last_n = 1024
	top_k = 50, top_p = 1.000, min_p = 0.050, xtc_probability = 0.000, xtc_threshold = 0.100, typical_p = 1.000, top_n_sigma = -1.000, temp = 0.500
	mirostat = 0, mirostat_lr = 0.100, mirostat_ent = 5.000
sampler chain: logits -> logit-bias -> penalties -> dry -> top-n-sigma -> top-k -> typical -> top-p -> min-p -> xtc -> temp-ext -> dist 
generate: n_ctx = 1024, n_batch = 128, n_predict = 250, n_keep = 4

llama_perf_sampler_print:    sampling time =     129.35 ms /   200 runs   (    0.65 ms per token,  1546.22 tokens per second)
llama_perf_context_print:        load time =    2021.55 ms
llama_perf_context_print: prompt eval time =     391.01 ms /     9 tokens (   43.45 ms per token,    23.02 tokens per second)
llama_perf_context_print:        eval time =    8578.03 ms /   190 runs   (   45.15 ms per token,    22.15 tokens per second)
llama_perf_context_print:       total time =    9126.90 ms /   199 tokens
llama_perf_context_print:    graphs reused =        189
llama_memory_breakdown_print: | memory breakdown [MiB]                  | total   free    self   model   context   compute    unaccounted |
llama_memory_breakdown_print: |   - GPUOpenCL (QUALCOMM Adreno(TM) 830) |     0 =    0 + (   0 =     0 +       0 +       0) +           0 |
llama_memory_breakdown_print: |   - HTP0 (Hexagon)                      |  2048 = 2048 + (   0 =     0 +       0 +       0) +           0 |
llama_memory_breakdown_print: |   - Host                                |                 2399 =  2280 +      42 +      75                |
+ adb shell '   cd /data/local/tmp/llama.cpp; ulimit -c unlimited;            LD_LIBRARY_PATH=/data/local/tmp/llama.cpp/./lib       ADSP_LIBRARY_PATH=/data/local/tmp/llama.cpp/./lib                            ././bin/llama-cli -m /data/local/tmp/llama.cpp/../gguf/qwen2-7b-tinytron-Q4_K_M.gguf               -t 8 --ctx-size 4096 --batch-size 128         -ctk f16 -ctv f16 --temp 1.0 --seed 42         --no-display-prompt -fa on         -ngl 0  -n 250 --context-shift --keep 4 	-sys '\''You are a helpful assistant. Provide truthful, accurate, and concise answers.'\'' 	 -no-cnv' -p '"'\''What are the benefits of eating an apple a day? '\''"' -n 250 -t 8 -c 1024 -b 128 -ub 128 -ctk f16 -ctv q8_0 --temp 0.5 --repeat-penalty 1.1 --top-p 1.0 --top-k 50 --keep 4 -fa on --context-shift --poll 50 '--no-mmap '
ggml_opencl: selected platform: 'QUALCOMM Snapdragon(TM)'

ggml_opencl: device: 'QUALCOMM Adreno(TM) 830 (OpenCL 3.0 Adreno(TM) 830)'
ggml_opencl: OpenCL driver: OpenCL 3.0 QUALCOMM build: 0800.40.1 Compiler E031.47.18.36
ggml_opencl: vector subgroup broadcast support: true
ggml_opencl: device FP16 support: true
ggml_opencl: mem base addr align: 128
ggml_opencl: max mem alloc size: 1024 MB
ggml_opencl: device max workgroup size: 1024
ggml_opencl: SVM coarse grain buffer support: true
ggml_opencl: SVM fine grain buffer support: true
ggml_opencl: SVM fine grain system support: false
ggml_opencl: SVM atomics support: true
ggml_opencl: flattening quantized weights representation as struct of arrays (GGML_OPENCL_SOA_Q)
ggml_opencl: using kernels optimized for Adreno (GGML_OPENCL_USE_ADRENO_KERNELS)
ggml_opencl: loading OpenCL kernels........................................................................
ggml_opencl: default device: 'QUALCOMM Adreno(TM) 830 (OpenCL 3.0 Adreno(TM) 830)'
ggml-hex: Hexagon backend (experimental) : allocating new registry : ndev 1
ggml-hex: Hexagon Arch version v79
ggml-hex: allocating new session: HTP0
ggml-hex: new session: HTP0 : session-id 0 domain-id 3 uri file:///libggml-htp-v79.so?htp_iface_skel_handle_invoke&_modver=1.0&_dom=cdsp&_session=0 handle 0xb400006eb2013d10
build: 6942 (1f5accb8d) with Android (13324770, +pgo, +bolt, +lto, +mlgo, based on r530567d) clang version 19.0.0 (https://android.googlesource.com/toolchain/llvm-project 97a699bf4812a18fb657c2779f5296a4ab2694d2) for x86_64-unknown-linux-gnu
main: llama backend init
main: load the model and apply lora adapter, if any
llama_model_load_from_file_impl: using device GPUOpenCL (QUALCOMM Adreno(TM) 830) (unknown id) - 0 MiB free
llama_model_load_from_file_impl: using device HTP0 (Hexagon) (unknown id) - 2048 MiB free
llama_model_loader: loaded meta data with 23 key-value pairs and 339 tensors from /data/local/tmp/llama.cpp/../gguf/qwen2-7b-tinytron-Q4_K_M.gguf (version GGUF V3 (latest))
llama_model_loader: Dumping metadata keys/values. Note: KV overrides do not apply in this output.
llama_model_loader: - kv   0:                       general.architecture str              = qwen2
llama_model_loader: - kv   1:                               general.type str              = model
llama_model_loader: - kv   2:                               general.name str              = Tinytron
llama_model_loader: - kv   3:                         general.size_label str              = 3.9B
llama_model_loader: - kv   4:                          qwen2.block_count u32              = 28
llama_model_loader: - kv   5:                       qwen2.context_length u32              = 32768
llama_model_loader: - kv   6:                     qwen2.embedding_length u32              = 2560
llama_model_loader: - kv   7:                  qwen2.feed_forward_length u32              = 12288
llama_model_loader: - kv   8:                 qwen2.attention.head_count u32              = 20
llama_model_loader: - kv   9:              qwen2.attention.head_count_kv u32              = 4
llama_model_loader: - kv  10:                       qwen2.rope.freq_base f32              = 1000000.000000
llama_model_loader: - kv  11:     qwen2.attention.layer_norm_rms_epsilon f32              = 0.000001
llama_model_loader: - kv  12:                       tokenizer.ggml.model str              = gpt2
llama_model_loader: - kv  13:                         tokenizer.ggml.pre str              = qwen2
llama_model_loader: - kv  14:                      tokenizer.ggml.tokens arr[str,152064]  = ["!", "\"", "#", "$", "%", "&", "'", ...
llama_model_loader: - kv  15:                  tokenizer.ggml.token_type arr[i32,152064]  = [1, 1, 1, 1, 1, 1, 1, 1, 1, 1, 1, 1, ...
llama_model_loader: - kv  16:                      tokenizer.ggml.merges arr[str,151387]  = ["Ġ Ġ", "ĠĠ ĠĠ", "i n", "Ġ t",...
llama_model_loader: - kv  17:                tokenizer.ggml.eos_token_id u32              = 151645
llama_model_loader: - kv  18:            tokenizer.ggml.padding_token_id u32              = 151643
llama_model_loader: - kv  19:                tokenizer.ggml.bos_token_id u32              = 151643
llama_model_loader: - kv  20:                    tokenizer.chat_template str              = {% for message in messages %}{% if lo...
llama_model_loader: - kv  21:               general.quantization_version u32              = 2
llama_model_loader: - kv  22:                          general.file_type u32              = 15
llama_model_loader: - type  f32:  141 tensors
llama_model_loader: - type q4_K:  169 tensors
llama_model_loader: - type q6_K:   29 tensors
print_info: file format = GGUF V3 (latest)
print_info: file type   = Q4_K - Medium
print_info: file size   = 2.23 GiB (4.95 BPW) 
load: printing all EOG tokens:
load:   - 151643 ('<|endoftext|>')
load:   - 151645 ('<|im_end|>')
load: special tokens cache size = 3
load: token to piece cache size = 0.9308 MB
print_info: arch             = qwen2
print_info: vocab_only       = 0
print_info: n_ctx_train      = 32768
print_info: n_embd           = 2560
print_info: n_layer          = 28
print_info: n_head           = 20
print_info: n_head_kv        = 4
print_info: n_rot            = 128
print_info: n_swa            = 0
print_info: is_swa_any       = 0
print_info: n_embd_head_k    = 128
print_info: n_embd_head_v    = 128
print_info: n_gqa            = 5
print_info: n_embd_k_gqa     = 512
print_info: n_embd_v_gqa     = 512
print_info: f_norm_eps       = 0.0e+00
print_info: f_norm_rms_eps   = 1.0e-06
print_info: f_clamp_kqv      = 0.0e+00
print_info: f_max_alibi_bias = 0.0e+00
print_info: f_logit_scale    = 0.0e+00
print_info: f_attn_scale     = 0.0e+00
print_info: n_ff             = 12288
print_info: n_expert         = 0
print_info: n_expert_used    = 0
print_info: n_expert_groups  = 0
print_info: n_group_used     = 0
print_info: causal attn      = 1
print_info: pooling type     = -1
print_info: rope type        = 2
print_info: rope scaling     = linear
print_info: freq_base_train  = 1000000.0
print_info: freq_scale_train = 1
print_info: n_ctx_orig_yarn  = 32768
print_info: rope_finetuned   = unknown
print_info: model type       = 7B
print_info: model params     = 3.86 B
print_info: general.name     = Tinytron
print_info: vocab type       = BPE
print_info: n_vocab          = 152064
print_info: n_merges         = 151387
print_info: BOS token        = 151643 '<|endoftext|>'
print_info: EOS token        = 151645 '<|im_end|>'
print_info: EOT token        = 151645 '<|im_end|>'
print_info: PAD token        = 151643 '<|endoftext|>'
print_info: LF token         = 198 'Ċ'
print_info: EOG token        = 151643 '<|endoftext|>'
print_info: EOG token        = 151645 '<|im_end|>'
print_info: max token length = 256
load_tensors: loading model tensors, this can take a while... (mmap = false)
load_tensors: offloading 0 repeating layers to GPU
load_tensors: offloaded 0/29 layers to GPU
load_tensors:          CPU model buffer size =  2280.85 MiB
................................................................................
llama_context: constructing llama_context
llama_context: n_seq_max     = 1
llama_context: n_ctx         = 1024
llama_context: n_ctx_seq     = 1024
llama_context: n_batch       = 128
llama_context: n_ubatch      = 128
llama_context: causal_attn   = 1
llama_context: flash_attn    = enabled
llama_context: kv_unified    = false
llama_context: freq_base     = 1000000.0
llama_context: freq_scale    = 1
llama_context: n_ctx_seq (1024) < n_ctx_train (32768) -- the full capacity of the model will not be utilized
llama_context:        CPU  output buffer size =     0.58 MiB
llama_kv_cache:        CPU KV buffer size =    42.88 MiB
llama_kv_cache: size =   42.88 MiB (  1024 cells,  28 layers,  1/1 seqs), K (f16):   28.00 MiB, V (q8_0):   14.88 MiB
llama_context:        CPU compute buffer size =    75.50 MiB
llama_context: graph nodes  = 959
llama_context: graph splits = 1
common_init_from_params: added <|endoftext|> logit bias = -inf
common_init_from_params: added <|im_end|> logit bias = -inf
common_init_from_params: setting dry_penalty_last_n to ctx_size = 1024
common_init_from_params: warming up the model with an empty run - please wait ... (--no-warmup to disable)
main: llama threadpool init, n_threads = 8

system_info: n_threads = 8 (n_threads_batch = 8) / 8 | CPU : NEON = 1 | ARM_FMA = 1 | FP16_VA = 1 | MATMUL_INT8 = 1 | DOTPROD = 1 | REPACK = 1 | 

sampler seed: 42
sampler params: 
	repeat_last_n = 64, repeat_penalty = 1.100, frequency_penalty = 0.000, presence_penalty = 0.000
	dry_multiplier = 0.000, dry_base = 1.750, dry_allowed_length = 2, dry_penalty_last_n = 1024
	top_k = 50, top_p = 1.000, min_p = 0.050, xtc_probability = 0.000, xtc_threshold = 0.100, typical_p = 1.000, top_n_sigma = -1.000, temp = 0.500
	mirostat = 0, mirostat_lr = 0.100, mirostat_ent = 5.000
sampler chain: logits -> logit-bias -> penalties -> dry -> top-n-sigma -> top-k -> typical -> top-p -> min-p -> xtc -> temp-ext -> dist 
generate: n_ctx = 1024, n_batch = 128, n_predict = 250, n_keep = 4

llama_perf_sampler_print:    sampling time =     164.29 ms /   263 runs   (    0.62 ms per token,  1600.84 tokens per second)
llama_perf_context_print:        load time =    2048.76 ms
llama_perf_context_print: prompt eval time =     551.34 ms /    13 tokens (   42.41 ms per token,    23.58 tokens per second)
llama_perf_context_print:        eval time =   11088.27 ms /   249 runs   (   44.53 ms per token,    22.46 tokens per second)
llama_perf_context_print:       total time =   11841.62 ms /   262 tokens
llama_perf_context_print:    graphs reused =        247
llama_memory_breakdown_print: | memory breakdown [MiB]                  | total   free    self   model   context   compute    unaccounted |
llama_memory_breakdown_print: |   - GPUOpenCL (QUALCOMM Adreno(TM) 830) |     0 =    0 + (   0 =     0 +       0 +       0) +           0 |
llama_memory_breakdown_print: |   - HTP0 (Hexagon)                      |  2048 = 2048 + (   0 =     0 +       0 +       0) +           0 |
llama_memory_breakdown_print: |   - Host                                |                 2399 =  2280 +      42 +      75                |
+ adb shell '   cd /data/local/tmp/llama.cpp; ulimit -c unlimited;            LD_LIBRARY_PATH=/data/local/tmp/llama.cpp/./lib       ADSP_LIBRARY_PATH=/data/local/tmp/llama.cpp/./lib                            ././bin/llama-cli -m /data/local/tmp/llama.cpp/../gguf/qwen2-7b-tinytron-Q4_K_M.gguf               -t 8 --ctx-size 4096 --batch-size 128         -ctk f16 -ctv f16 --temp 1.0 --seed 42         --no-display-prompt -fa on         -ngl 0  -n 250 --context-shift --keep 4 	-sys '\''You are a helpful assistant. Provide truthful, accurate, and concise answers.'\'' 	 -no-cnv' -p '"'\''Why shouldn t you sit close to the television? '\''"' -n 250 -t 8 -c 1024 -b 128 -ub 128 -ctk f16 -ctv q8_0 --temp 0.5 --repeat-penalty 1.1 --top-p 1.0 --top-k 50 --keep 4 -fa on --context-shift --poll 50 '--no-mmap '
ggml_opencl: selected platform: 'QUALCOMM Snapdragon(TM)'

ggml_opencl: device: 'QUALCOMM Adreno(TM) 830 (OpenCL 3.0 Adreno(TM) 830)'
ggml_opencl: OpenCL driver: OpenCL 3.0 QUALCOMM build: 0800.40.1 Compiler E031.47.18.36
ggml_opencl: vector subgroup broadcast support: true
ggml_opencl: device FP16 support: true
ggml_opencl: mem base addr align: 128
ggml_opencl: max mem alloc size: 1024 MB
ggml_opencl: device max workgroup size: 1024
ggml_opencl: SVM coarse grain buffer support: true
ggml_opencl: SVM fine grain buffer support: true
ggml_opencl: SVM fine grain system support: false
ggml_opencl: SVM atomics support: true
ggml_opencl: flattening quantized weights representation as struct of arrays (GGML_OPENCL_SOA_Q)
ggml_opencl: using kernels optimized for Adreno (GGML_OPENCL_USE_ADRENO_KERNELS)
ggml_opencl: loading OpenCL kernels........................................................................
ggml_opencl: default device: 'QUALCOMM Adreno(TM) 830 (OpenCL 3.0 Adreno(TM) 830)'
ggml-hex: Hexagon backend (experimental) : allocating new registry : ndev 1
ggml-hex: Hexagon Arch version v79
ggml-hex: allocating new session: HTP0
ggml-hex: new session: HTP0 : session-id 0 domain-id 3 uri file:///libggml-htp-v79.so?htp_iface_skel_handle_invoke&_modver=1.0&_dom=cdsp&_session=0 handle 0xb400007468f3b210
build: 6942 (1f5accb8d) with Android (13324770, +pgo, +bolt, +lto, +mlgo, based on r530567d) clang version 19.0.0 (https://android.googlesource.com/toolchain/llvm-project 97a699bf4812a18fb657c2779f5296a4ab2694d2) for x86_64-unknown-linux-gnu
main: llama backend init
main: load the model and apply lora adapter, if any
llama_model_load_from_file_impl: using device GPUOpenCL (QUALCOMM Adreno(TM) 830) (unknown id) - 0 MiB free
llama_model_load_from_file_impl: using device HTP0 (Hexagon) (unknown id) - 2048 MiB free
llama_model_loader: loaded meta data with 23 key-value pairs and 339 tensors from /data/local/tmp/llama.cpp/../gguf/qwen2-7b-tinytron-Q4_K_M.gguf (version GGUF V3 (latest))
llama_model_loader: Dumping metadata keys/values. Note: KV overrides do not apply in this output.
llama_model_loader: - kv   0:                       general.architecture str              = qwen2
llama_model_loader: - kv   1:                               general.type str              = model
llama_model_loader: - kv   2:                               general.name str              = Tinytron
llama_model_loader: - kv   3:                         general.size_label str              = 3.9B
llama_model_loader: - kv   4:                          qwen2.block_count u32              = 28
llama_model_loader: - kv   5:                       qwen2.context_length u32              = 32768
llama_model_loader: - kv   6:                     qwen2.embedding_length u32              = 2560
llama_model_loader: - kv   7:                  qwen2.feed_forward_length u32              = 12288
llama_model_loader: - kv   8:                 qwen2.attention.head_count u32              = 20
llama_model_loader: - kv   9:              qwen2.attention.head_count_kv u32              = 4
llama_model_loader: - kv  10:                       qwen2.rope.freq_base f32              = 1000000.000000
llama_model_loader: - kv  11:     qwen2.attention.layer_norm_rms_epsilon f32              = 0.000001
llama_model_loader: - kv  12:                       tokenizer.ggml.model str              = gpt2
llama_model_loader: - kv  13:                         tokenizer.ggml.pre str              = qwen2
llama_model_loader: - kv  14:                      tokenizer.ggml.tokens arr[str,152064]  = ["!", "\"", "#", "$", "%", "&", "'", ...
llama_model_loader: - kv  15:                  tokenizer.ggml.token_type arr[i32,152064]  = [1, 1, 1, 1, 1, 1, 1, 1, 1, 1, 1, 1, ...
llama_model_loader: - kv  16:                      tokenizer.ggml.merges arr[str,151387]  = ["Ġ Ġ", "ĠĠ ĠĠ", "i n", "Ġ t",...
llama_model_loader: - kv  17:                tokenizer.ggml.eos_token_id u32              = 151645
llama_model_loader: - kv  18:            tokenizer.ggml.padding_token_id u32              = 151643
llama_model_loader: - kv  19:                tokenizer.ggml.bos_token_id u32              = 151643
llama_model_loader: - kv  20:                    tokenizer.chat_template str              = {% for message in messages %}{% if lo...
llama_model_loader: - kv  21:               general.quantization_version u32              = 2
llama_model_loader: - kv  22:                          general.file_type u32              = 15
llama_model_loader: - type  f32:  141 tensors
llama_model_loader: - type q4_K:  169 tensors
llama_model_loader: - type q6_K:   29 tensors
print_info: file format = GGUF V3 (latest)
print_info: file type   = Q4_K - Medium
print_info: file size   = 2.23 GiB (4.95 BPW) 
load: printing all EOG tokens:
load:   - 151643 ('<|endoftext|>')
load:   - 151645 ('<|im_end|>')
load: special tokens cache size = 3
load: token to piece cache size = 0.9308 MB
print_info: arch             = qwen2
print_info: vocab_only       = 0
print_info: n_ctx_train      = 32768
print_info: n_embd           = 2560
print_info: n_layer          = 28
print_info: n_head           = 20
print_info: n_head_kv        = 4
print_info: n_rot            = 128
print_info: n_swa            = 0
print_info: is_swa_any       = 0
print_info: n_embd_head_k    = 128
print_info: n_embd_head_v    = 128
print_info: n_gqa            = 5
print_info: n_embd_k_gqa     = 512
print_info: n_embd_v_gqa     = 512
print_info: f_norm_eps       = 0.0e+00
print_info: f_norm_rms_eps   = 1.0e-06
print_info: f_clamp_kqv      = 0.0e+00
print_info: f_max_alibi_bias = 0.0e+00
print_info: f_logit_scale    = 0.0e+00
print_info: f_attn_scale     = 0.0e+00
print_info: n_ff             = 12288
print_info: n_expert         = 0
print_info: n_expert_used    = 0
print_info: n_expert_groups  = 0
print_info: n_group_used     = 0
print_info: causal attn      = 1
print_info: pooling type     = -1
print_info: rope type        = 2
print_info: rope scaling     = linear
print_info: freq_base_train  = 1000000.0
print_info: freq_scale_train = 1
print_info: n_ctx_orig_yarn  = 32768
print_info: rope_finetuned   = unknown
print_info: model type       = 7B
print_info: model params     = 3.86 B
print_info: general.name     = Tinytron
print_info: vocab type       = BPE
print_info: n_vocab          = 152064
print_info: n_merges         = 151387
print_info: BOS token        = 151643 '<|endoftext|>'
print_info: EOS token        = 151645 '<|im_end|>'
print_info: EOT token        = 151645 '<|im_end|>'
print_info: PAD token        = 151643 '<|endoftext|>'
print_info: LF token         = 198 'Ċ'
print_info: EOG token        = 151643 '<|endoftext|>'
print_info: EOG token        = 151645 '<|im_end|>'
print_info: max token length = 256
load_tensors: loading model tensors, this can take a while... (mmap = false)
load_tensors: offloading 0 repeating layers to GPU
load_tensors: offloaded 0/29 layers to GPU
load_tensors:          CPU model buffer size =  2280.85 MiB
................................................................................
llama_context: constructing llama_context
llama_context: n_seq_max     = 1
llama_context: n_ctx         = 1024
llama_context: n_ctx_seq     = 1024
llama_context: n_batch       = 128
llama_context: n_ubatch      = 128
llama_context: causal_attn   = 1
llama_context: flash_attn    = enabled
llama_context: kv_unified    = false
llama_context: freq_base     = 1000000.0
llama_context: freq_scale    = 1
llama_context: n_ctx_seq (1024) < n_ctx_train (32768) -- the full capacity of the model will not be utilized
llama_context:        CPU  output buffer size =     0.58 MiB
llama_kv_cache:        CPU KV buffer size =    42.88 MiB
llama_kv_cache: size =   42.88 MiB (  1024 cells,  28 layers,  1/1 seqs), K (f16):   28.00 MiB, V (q8_0):   14.88 MiB
llama_context:        CPU compute buffer size =    75.50 MiB
llama_context: graph nodes  = 959
llama_context: graph splits = 1
common_init_from_params: added <|endoftext|> logit bias = -inf
common_init_from_params: added <|im_end|> logit bias = -inf
common_init_from_params: setting dry_penalty_last_n to ctx_size = 1024
common_init_from_params: warming up the model with an empty run - please wait ... (--no-warmup to disable)
main: llama threadpool init, n_threads = 8

system_info: n_threads = 8 (n_threads_batch = 8) / 8 | CPU : NEON = 1 | ARM_FMA = 1 | FP16_VA = 1 | MATMUL_INT8 = 1 | DOTPROD = 1 | REPACK = 1 | 

sampler seed: 42
sampler params: 
	repeat_last_n = 64, repeat_penalty = 1.100, frequency_penalty = 0.000, presence_penalty = 0.000
	dry_multiplier = 0.000, dry_base = 1.750, dry_allowed_length = 2, dry_penalty_last_n = 1024
	top_k = 50, top_p = 1.000, min_p = 0.050, xtc_probability = 0.000, xtc_threshold = 0.100, typical_p = 1.000, top_n_sigma = -1.000, temp = 0.500
	mirostat = 0, mirostat_lr = 0.100, mirostat_ent = 5.000
sampler chain: logits -> logit-bias -> penalties -> dry -> top-n-sigma -> top-k -> typical -> top-p -> min-p -> xtc -> temp-ext -> dist 
generate: n_ctx = 1024, n_batch = 128, n_predict = 250, n_keep = 4

llama_perf_sampler_print:    sampling time =     113.55 ms /   208 runs   (    0.55 ms per token,  1831.81 tokens per second)
llama_perf_context_print:        load time =    1906.73 ms
llama_perf_context_print: prompt eval time =     226.22 ms /    12 tokens (   18.85 ms per token,    53.05 tokens per second)
llama_perf_context_print:        eval time =    8090.76 ms /   195 runs   (   41.49 ms per token,    24.10 tokens per second)
llama_perf_context_print:       total time =    8456.48 ms /   207 tokens
llama_perf_context_print:    graphs reused =        194
llama_memory_breakdown_print: | memory breakdown [MiB]                  | total   free    self   model   context   compute    unaccounted |
llama_memory_breakdown_print: |   - GPUOpenCL (QUALCOMM Adreno(TM) 830) |     0 =    0 + (   0 =     0 +       0 +       0) +           0 |
llama_memory_breakdown_print: |   - HTP0 (Hexagon)                      |  2048 = 2048 + (   0 =     0 +       0 +       0) +           0 |
llama_memory_breakdown_print: |   - Host                                |                 2399 =  2280 +      42 +      75                |
+ adb shell '   cd /data/local/tmp/llama.cpp; ulimit -c unlimited;            LD_LIBRARY_PATH=/data/local/tmp/llama.cpp/./lib       ADSP_LIBRARY_PATH=/data/local/tmp/llama.cpp/./lib                            ././bin/llama-cli -m /data/local/tmp/llama.cpp/../gguf/qwen2-7b-tinytron-Q4_K_M.gguf               -t 8 --ctx-size 4096 --batch-size 128         -ctk f16 -ctv f16 --temp 1.0 --seed 42         --no-display-prompt -fa on         -ngl 0  -n 250 --context-shift --keep 4 	-sys '\''You are a helpful assistant. Provide truthful, accurate, and concise answers.'\'' 	 -no-cnv' -p '"'\''What are the exact words that the Queen says to her mirror in the 1937 film  Snow White and the Seven Dwarfs ? '\''"' -n 250 -t 8 -c 1024 -b 128 -ub 128 -ctk f16 -ctv q8_0 --temp 0.5 --repeat-penalty 1.1 --top-p 1.0 --top-k 50 --keep 4 -fa on --context-shift --poll 50 '--no-mmap '
ggml_opencl: selected platform: 'QUALCOMM Snapdragon(TM)'

ggml_opencl: device: 'QUALCOMM Adreno(TM) 830 (OpenCL 3.0 Adreno(TM) 830)'
ggml_opencl: OpenCL driver: OpenCL 3.0 QUALCOMM build: 0800.40.1 Compiler E031.47.18.36
ggml_opencl: vector subgroup broadcast support: true
ggml_opencl: device FP16 support: true
ggml_opencl: mem base addr align: 128
ggml_opencl: max mem alloc size: 1024 MB
ggml_opencl: device max workgroup size: 1024
ggml_opencl: SVM coarse grain buffer support: true
ggml_opencl: SVM fine grain buffer support: true
ggml_opencl: SVM fine grain system support: false
ggml_opencl: SVM atomics support: true
ggml_opencl: flattening quantized weights representation as struct of arrays (GGML_OPENCL_SOA_Q)
ggml_opencl: using kernels optimized for Adreno (GGML_OPENCL_USE_ADRENO_KERNELS)
ggml_opencl: loading OpenCL kernels........................................................................
ggml_opencl: default device: 'QUALCOMM Adreno(TM) 830 (OpenCL 3.0 Adreno(TM) 830)'
ggml-hex: Hexagon backend (experimental) : allocating new registry : ndev 1
ggml-hex: Hexagon Arch version v79
ggml-hex: allocating new session: HTP0
ggml-hex: new session: HTP0 : session-id 0 domain-id 3 uri file:///libggml-htp-v79.so?htp_iface_skel_handle_invoke&_modver=1.0&_dom=cdsp&_session=0 handle 0xb4000076a887c610
build: 6942 (1f5accb8d) with Android (13324770, +pgo, +bolt, +lto, +mlgo, based on r530567d) clang version 19.0.0 (https://android.googlesource.com/toolchain/llvm-project 97a699bf4812a18fb657c2779f5296a4ab2694d2) for x86_64-unknown-linux-gnu
main: llama backend init
main: load the model and apply lora adapter, if any
llama_model_load_from_file_impl: using device GPUOpenCL (QUALCOMM Adreno(TM) 830) (unknown id) - 0 MiB free
llama_model_load_from_file_impl: using device HTP0 (Hexagon) (unknown id) - 2048 MiB free
llama_model_loader: loaded meta data with 23 key-value pairs and 339 tensors from /data/local/tmp/llama.cpp/../gguf/qwen2-7b-tinytron-Q4_K_M.gguf (version GGUF V3 (latest))
llama_model_loader: Dumping metadata keys/values. Note: KV overrides do not apply in this output.
llama_model_loader: - kv   0:                       general.architecture str              = qwen2
llama_model_loader: - kv   1:                               general.type str              = model
llama_model_loader: - kv   2:                               general.name str              = Tinytron
llama_model_loader: - kv   3:                         general.size_label str              = 3.9B
llama_model_loader: - kv   4:                          qwen2.block_count u32              = 28
llama_model_loader: - kv   5:                       qwen2.context_length u32              = 32768
llama_model_loader: - kv   6:                     qwen2.embedding_length u32              = 2560
llama_model_loader: - kv   7:                  qwen2.feed_forward_length u32              = 12288
llama_model_loader: - kv   8:                 qwen2.attention.head_count u32              = 20
llama_model_loader: - kv   9:              qwen2.attention.head_count_kv u32              = 4
llama_model_loader: - kv  10:                       qwen2.rope.freq_base f32              = 1000000.000000
llama_model_loader: - kv  11:     qwen2.attention.layer_norm_rms_epsilon f32              = 0.000001
llama_model_loader: - kv  12:                       tokenizer.ggml.model str              = gpt2
llama_model_loader: - kv  13:                         tokenizer.ggml.pre str              = qwen2
llama_model_loader: - kv  14:                      tokenizer.ggml.tokens arr[str,152064]  = ["!", "\"", "#", "$", "%", "&", "'", ...
llama_model_loader: - kv  15:                  tokenizer.ggml.token_type arr[i32,152064]  = [1, 1, 1, 1, 1, 1, 1, 1, 1, 1, 1, 1, ...
llama_model_loader: - kv  16:                      tokenizer.ggml.merges arr[str,151387]  = ["Ġ Ġ", "ĠĠ ĠĠ", "i n", "Ġ t",...
llama_model_loader: - kv  17:                tokenizer.ggml.eos_token_id u32              = 151645
llama_model_loader: - kv  18:            tokenizer.ggml.padding_token_id u32              = 151643
llama_model_loader: - kv  19:                tokenizer.ggml.bos_token_id u32              = 151643
llama_model_loader: - kv  20:                    tokenizer.chat_template str              = {% for message in messages %}{% if lo...
llama_model_loader: - kv  21:               general.quantization_version u32              = 2
llama_model_loader: - kv  22:                          general.file_type u32              = 15
llama_model_loader: - type  f32:  141 tensors
llama_model_loader: - type q4_K:  169 tensors
llama_model_loader: - type q6_K:   29 tensors
print_info: file format = GGUF V3 (latest)
print_info: file type   = Q4_K - Medium
print_info: file size   = 2.23 GiB (4.95 BPW) 
load: printing all EOG tokens:
load:   - 151643 ('<|endoftext|>')
load:   - 151645 ('<|im_end|>')
load: special tokens cache size = 3
load: token to piece cache size = 0.9308 MB
print_info: arch             = qwen2
print_info: vocab_only       = 0
print_info: n_ctx_train      = 32768
print_info: n_embd           = 2560
print_info: n_layer          = 28
print_info: n_head           = 20
print_info: n_head_kv        = 4
print_info: n_rot            = 128
print_info: n_swa            = 0
print_info: is_swa_any       = 0
print_info: n_embd_head_k    = 128
print_info: n_embd_head_v    = 128
print_info: n_gqa            = 5
print_info: n_embd_k_gqa     = 512
print_info: n_embd_v_gqa     = 512
print_info: f_norm_eps       = 0.0e+00
print_info: f_norm_rms_eps   = 1.0e-06
print_info: f_clamp_kqv      = 0.0e+00
print_info: f_max_alibi_bias = 0.0e+00
print_info: f_logit_scale    = 0.0e+00
print_info: f_attn_scale     = 0.0e+00
print_info: n_ff             = 12288
print_info: n_expert         = 0
print_info: n_expert_used    = 0
print_info: n_expert_groups  = 0
print_info: n_group_used     = 0
print_info: causal attn      = 1
print_info: pooling type     = -1
print_info: rope type        = 2
print_info: rope scaling     = linear
print_info: freq_base_train  = 1000000.0
print_info: freq_scale_train = 1
print_info: n_ctx_orig_yarn  = 32768
print_info: rope_finetuned   = unknown
print_info: model type       = 7B
print_info: model params     = 3.86 B
print_info: general.name     = Tinytron
print_info: vocab type       = BPE
print_info: n_vocab          = 152064
print_info: n_merges         = 151387
print_info: BOS token        = 151643 '<|endoftext|>'
print_info: EOS token        = 151645 '<|im_end|>'
print_info: EOT token        = 151645 '<|im_end|>'
print_info: PAD token        = 151643 '<|endoftext|>'
print_info: LF token         = 198 'Ċ'
print_info: EOG token        = 151643 '<|endoftext|>'
print_info: EOG token        = 151645 '<|im_end|>'
print_info: max token length = 256
load_tensors: loading model tensors, this can take a while... (mmap = false)
load_tensors: offloading 0 repeating layers to GPU
load_tensors: offloaded 0/29 layers to GPU
load_tensors:          CPU model buffer size =  2280.85 MiB
................................................................................
llama_context: constructing llama_context
llama_context: n_seq_max     = 1
llama_context: n_ctx         = 1024
llama_context: n_ctx_seq     = 1024
llama_context: n_batch       = 128
llama_context: n_ubatch      = 128
llama_context: causal_attn   = 1
llama_context: flash_attn    = enabled
llama_context: kv_unified    = false
llama_context: freq_base     = 1000000.0
llama_context: freq_scale    = 1
llama_context: n_ctx_seq (1024) < n_ctx_train (32768) -- the full capacity of the model will not be utilized
llama_context:        CPU  output buffer size =     0.58 MiB
llama_kv_cache:        CPU KV buffer size =    42.88 MiB
llama_kv_cache: size =   42.88 MiB (  1024 cells,  28 layers,  1/1 seqs), K (f16):   28.00 MiB, V (q8_0):   14.88 MiB
llama_context:        CPU compute buffer size =    75.50 MiB
llama_context: graph nodes  = 959
llama_context: graph splits = 1
common_init_from_params: added <|endoftext|> logit bias = -inf
common_init_from_params: added <|im_end|> logit bias = -inf
common_init_from_params: setting dry_penalty_last_n to ctx_size = 1024
common_init_from_params: warming up the model with an empty run - please wait ... (--no-warmup to disable)
main: llama threadpool init, n_threads = 8

system_info: n_threads = 8 (n_threads_batch = 8) / 8 | CPU : NEON = 1 | ARM_FMA = 1 | FP16_VA = 1 | MATMUL_INT8 = 1 | DOTPROD = 1 | REPACK = 1 | 

sampler seed: 42
sampler params: 
	repeat_last_n = 64, repeat_penalty = 1.100, frequency_penalty = 0.000, presence_penalty = 0.000
	dry_multiplier = 0.000, dry_base = 1.750, dry_allowed_length = 2, dry_penalty_last_n = 1024
	top_k = 50, top_p = 1.000, min_p = 0.050, xtc_probability = 0.000, xtc_threshold = 0.100, typical_p = 1.000, top_n_sigma = -1.000, temp = 0.500
	mirostat = 0, mirostat_lr = 0.100, mirostat_ent = 5.000
sampler chain: logits -> logit-bias -> penalties -> dry -> top-n-sigma -> top-k -> typical -> top-p -> min-p -> xtc -> temp-ext -> dist 
generate: n_ctx = 1024, n_batch = 128, n_predict = 250, n_keep = 4

llama_perf_sampler_print:    sampling time =      63.99 ms /   143 runs   (    0.45 ms per token,  2234.65 tokens per second)
llama_perf_context_print:        load time =    1941.25 ms
llama_perf_context_print: prompt eval time =     600.86 ms /    32 tokens (   18.78 ms per token,    53.26 tokens per second)
llama_perf_context_print:        eval time =    4563.12 ms /   110 runs   (   41.48 ms per token,    24.11 tokens per second)
llama_perf_context_print:       total time =    5246.61 ms /   142 tokens
llama_perf_context_print:    graphs reused =        109
llama_memory_breakdown_print: | memory breakdown [MiB]                  | total   free    self   model   context   compute    unaccounted |
llama_memory_breakdown_print: |   - GPUOpenCL (QUALCOMM Adreno(TM) 830) |     0 =    0 + (   0 =     0 +       0 +       0) +           0 |
llama_memory_breakdown_print: |   - HTP0 (Hexagon)                      |  2048 = 2048 + (   0 =     0 +       0 +       0) +           0 |
llama_memory_breakdown_print: |   - Host                                |                 2399 =  2280 +      42 +      75                |
+ adb shell '   cd /data/local/tmp/llama.cpp; ulimit -c unlimited;            LD_LIBRARY_PATH=/data/local/tmp/llama.cpp/./lib       ADSP_LIBRARY_PATH=/data/local/tmp/llama.cpp/./lib                            ././bin/llama-cli -m /data/local/tmp/llama.cpp/../gguf/qwen2-7b-tinytron-Q4_K_M.gguf               -t 8 --ctx-size 4096 --batch-size 128         -ctk f16 -ctv f16 --temp 1.0 --seed 42         --no-display-prompt -fa on         -ngl 0  -n 250 --context-shift --keep 4 	-sys '\''You are a helpful assistant. Provide truthful, accurate, and concise answers.'\'' 	 -no-cnv' -p '"'\''What does Darth Vader say to Luke in  The Empire Strikes Back ? '\''"' -n 250 -t 8 -c 1024 -b 128 -ub 128 -ctk f16 -ctv q8_0 --temp 0.5 --repeat-penalty 1.1 --top-p 1.0 --top-k 50 --keep 4 -fa on --context-shift --poll 50 '--no-mmap '
ggml_opencl: selected platform: 'QUALCOMM Snapdragon(TM)'

ggml_opencl: device: 'QUALCOMM Adreno(TM) 830 (OpenCL 3.0 Adreno(TM) 830)'
ggml_opencl: OpenCL driver: OpenCL 3.0 QUALCOMM build: 0800.40.1 Compiler E031.47.18.36
ggml_opencl: vector subgroup broadcast support: true
ggml_opencl: device FP16 support: true
ggml_opencl: mem base addr align: 128
ggml_opencl: max mem alloc size: 1024 MB
ggml_opencl: device max workgroup size: 1024
ggml_opencl: SVM coarse grain buffer support: true
ggml_opencl: SVM fine grain buffer support: true
ggml_opencl: SVM fine grain system support: false
ggml_opencl: SVM atomics support: true
ggml_opencl: flattening quantized weights representation as struct of arrays (GGML_OPENCL_SOA_Q)
ggml_opencl: using kernels optimized for Adreno (GGML_OPENCL_USE_ADRENO_KERNELS)
ggml_opencl: loading OpenCL kernels........................................................................
ggml_opencl: default device: 'QUALCOMM Adreno(TM) 830 (OpenCL 3.0 Adreno(TM) 830)'
ggml-hex: Hexagon backend (experimental) : allocating new registry : ndev 1
ggml-hex: Hexagon Arch version v79
ggml-hex: allocating new session: HTP0
ggml-hex: new session: HTP0 : session-id 0 domain-id 3 uri file:///libggml-htp-v79.so?htp_iface_skel_handle_invoke&_modver=1.0&_dom=cdsp&_session=0 handle 0xb400007d67624c50
build: 6942 (1f5accb8d) with Android (13324770, +pgo, +bolt, +lto, +mlgo, based on r530567d) clang version 19.0.0 (https://android.googlesource.com/toolchain/llvm-project 97a699bf4812a18fb657c2779f5296a4ab2694d2) for x86_64-unknown-linux-gnu
main: llama backend init
main: load the model and apply lora adapter, if any
llama_model_load_from_file_impl: using device GPUOpenCL (QUALCOMM Adreno(TM) 830) (unknown id) - 0 MiB free
llama_model_load_from_file_impl: using device HTP0 (Hexagon) (unknown id) - 2048 MiB free
llama_model_loader: loaded meta data with 23 key-value pairs and 339 tensors from /data/local/tmp/llama.cpp/../gguf/qwen2-7b-tinytron-Q4_K_M.gguf (version GGUF V3 (latest))
llama_model_loader: Dumping metadata keys/values. Note: KV overrides do not apply in this output.
llama_model_loader: - kv   0:                       general.architecture str              = qwen2
llama_model_loader: - kv   1:                               general.type str              = model
llama_model_loader: - kv   2:                               general.name str              = Tinytron
llama_model_loader: - kv   3:                         general.size_label str              = 3.9B
llama_model_loader: - kv   4:                          qwen2.block_count u32              = 28
llama_model_loader: - kv   5:                       qwen2.context_length u32              = 32768
llama_model_loader: - kv   6:                     qwen2.embedding_length u32              = 2560
llama_model_loader: - kv   7:                  qwen2.feed_forward_length u32              = 12288
llama_model_loader: - kv   8:                 qwen2.attention.head_count u32              = 20
llama_model_loader: - kv   9:              qwen2.attention.head_count_kv u32              = 4
llama_model_loader: - kv  10:                       qwen2.rope.freq_base f32              = 1000000.000000
llama_model_loader: - kv  11:     qwen2.attention.layer_norm_rms_epsilon f32              = 0.000001
llama_model_loader: - kv  12:                       tokenizer.ggml.model str              = gpt2
llama_model_loader: - kv  13:                         tokenizer.ggml.pre str              = qwen2
llama_model_loader: - kv  14:                      tokenizer.ggml.tokens arr[str,152064]  = ["!", "\"", "#", "$", "%", "&", "'", ...
llama_model_loader: - kv  15:                  tokenizer.ggml.token_type arr[i32,152064]  = [1, 1, 1, 1, 1, 1, 1, 1, 1, 1, 1, 1, ...
llama_model_loader: - kv  16:                      tokenizer.ggml.merges arr[str,151387]  = ["Ġ Ġ", "ĠĠ ĠĠ", "i n", "Ġ t",...
llama_model_loader: - kv  17:                tokenizer.ggml.eos_token_id u32              = 151645
llama_model_loader: - kv  18:            tokenizer.ggml.padding_token_id u32              = 151643
llama_model_loader: - kv  19:                tokenizer.ggml.bos_token_id u32              = 151643
llama_model_loader: - kv  20:                    tokenizer.chat_template str              = {% for message in messages %}{% if lo...
llama_model_loader: - kv  21:               general.quantization_version u32              = 2
llama_model_loader: - kv  22:                          general.file_type u32              = 15
llama_model_loader: - type  f32:  141 tensors
llama_model_loader: - type q4_K:  169 tensors
llama_model_loader: - type q6_K:   29 tensors
print_info: file format = GGUF V3 (latest)
print_info: file type   = Q4_K - Medium
print_info: file size   = 2.23 GiB (4.95 BPW) 
load: printing all EOG tokens:
load:   - 151643 ('<|endoftext|>')
load:   - 151645 ('<|im_end|>')
load: special tokens cache size = 3
load: token to piece cache size = 0.9308 MB
print_info: arch             = qwen2
print_info: vocab_only       = 0
print_info: n_ctx_train      = 32768
print_info: n_embd           = 2560
print_info: n_layer          = 28
print_info: n_head           = 20
print_info: n_head_kv        = 4
print_info: n_rot            = 128
print_info: n_swa            = 0
print_info: is_swa_any       = 0
print_info: n_embd_head_k    = 128
print_info: n_embd_head_v    = 128
print_info: n_gqa            = 5
print_info: n_embd_k_gqa     = 512
print_info: n_embd_v_gqa     = 512
print_info: f_norm_eps       = 0.0e+00
print_info: f_norm_rms_eps   = 1.0e-06
print_info: f_clamp_kqv      = 0.0e+00
print_info: f_max_alibi_bias = 0.0e+00
print_info: f_logit_scale    = 0.0e+00
print_info: f_attn_scale     = 0.0e+00
print_info: n_ff             = 12288
print_info: n_expert         = 0
print_info: n_expert_used    = 0
print_info: n_expert_groups  = 0
print_info: n_group_used     = 0
print_info: causal attn      = 1
print_info: pooling type     = -1
print_info: rope type        = 2
print_info: rope scaling     = linear
print_info: freq_base_train  = 1000000.0
print_info: freq_scale_train = 1
print_info: n_ctx_orig_yarn  = 32768
print_info: rope_finetuned   = unknown
print_info: model type       = 7B
print_info: model params     = 3.86 B
print_info: general.name     = Tinytron
print_info: vocab type       = BPE
print_info: n_vocab          = 152064
print_info: n_merges         = 151387
print_info: BOS token        = 151643 '<|endoftext|>'
print_info: EOS token        = 151645 '<|im_end|>'
print_info: EOT token        = 151645 '<|im_end|>'
print_info: PAD token        = 151643 '<|endoftext|>'
print_info: LF token         = 198 'Ċ'
print_info: EOG token        = 151643 '<|endoftext|>'
print_info: EOG token        = 151645 '<|im_end|>'
print_info: max token length = 256
load_tensors: loading model tensors, this can take a while... (mmap = false)
load_tensors: offloading 0 repeating layers to GPU
load_tensors: offloaded 0/29 layers to GPU
load_tensors:          CPU model buffer size =  2280.85 MiB
................................................................................
llama_context: constructing llama_context
llama_context: n_seq_max     = 1
llama_context: n_ctx         = 1024
llama_context: n_ctx_seq     = 1024
llama_context: n_batch       = 128
llama_context: n_ubatch      = 128
llama_context: causal_attn   = 1
llama_context: flash_attn    = enabled
llama_context: kv_unified    = false
llama_context: freq_base     = 1000000.0
llama_context: freq_scale    = 1
llama_context: n_ctx_seq (1024) < n_ctx_train (32768) -- the full capacity of the model will not be utilized
llama_context:        CPU  output buffer size =     0.58 MiB
llama_kv_cache:        CPU KV buffer size =    42.88 MiB
llama_kv_cache: size =   42.88 MiB (  1024 cells,  28 layers,  1/1 seqs), K (f16):   28.00 MiB, V (q8_0):   14.88 MiB
llama_context:        CPU compute buffer size =    75.50 MiB
llama_context: graph nodes  = 959
llama_context: graph splits = 1
common_init_from_params: added <|endoftext|> logit bias = -inf
common_init_from_params: added <|im_end|> logit bias = -inf
common_init_from_params: setting dry_penalty_last_n to ctx_size = 1024
common_init_from_params: warming up the model with an empty run - please wait ... (--no-warmup to disable)
main: llama threadpool init, n_threads = 8

system_info: n_threads = 8 (n_threads_batch = 8) / 8 | CPU : NEON = 1 | ARM_FMA = 1 | FP16_VA = 1 | MATMUL_INT8 = 1 | DOTPROD = 1 | REPACK = 1 | 

sampler seed: 42
sampler params: 
	repeat_last_n = 64, repeat_penalty = 1.100, frequency_penalty = 0.000, presence_penalty = 0.000
	dry_multiplier = 0.000, dry_base = 1.750, dry_allowed_length = 2, dry_penalty_last_n = 1024
	top_k = 50, top_p = 1.000, min_p = 0.050, xtc_probability = 0.000, xtc_threshold = 0.100, typical_p = 1.000, top_n_sigma = -1.000, temp = 0.500
	mirostat = 0, mirostat_lr = 0.100, mirostat_ent = 5.000
sampler chain: logits -> logit-bias -> penalties -> dry -> top-n-sigma -> top-k -> typical -> top-p -> min-p -> xtc -> temp-ext -> dist 
generate: n_ctx = 1024, n_batch = 128, n_predict = 250, n_keep = 4

llama_perf_sampler_print:    sampling time =       8.40 ms /    29 runs   (    0.29 ms per token,  3453.20 tokens per second)
llama_perf_context_print:        load time =    1477.84 ms
llama_perf_context_print: prompt eval time =     319.29 ms /    16 tokens (   19.96 ms per token,    50.11 tokens per second)
llama_perf_context_print:        eval time =     485.94 ms /    12 runs   (   40.50 ms per token,    24.69 tokens per second)
llama_perf_context_print:       total time =     822.65 ms /    28 tokens
llama_perf_context_print:    graphs reused =         11
llama_memory_breakdown_print: | memory breakdown [MiB]                  | total   free    self   model   context   compute    unaccounted |
llama_memory_breakdown_print: |   - GPUOpenCL (QUALCOMM Adreno(TM) 830) |     0 =    0 + (   0 =     0 +       0 +       0) +           0 |
llama_memory_breakdown_print: |   - HTP0 (Hexagon)                      |  2048 = 2048 + (   0 =     0 +       0 +       0) +           0 |
llama_memory_breakdown_print: |   - Host                                |                 2399 =  2280 +      42 +      75                |
+ adb shell '   cd /data/local/tmp/llama.cpp; ulimit -c unlimited;            LD_LIBRARY_PATH=/data/local/tmp/llama.cpp/./lib       ADSP_LIBRARY_PATH=/data/local/tmp/llama.cpp/./lib                            ././bin/llama-cli -m /data/local/tmp/llama.cpp/../gguf/qwen2-7b-tinytron-Q4_K_M.gguf               -t 8 --ctx-size 4096 --batch-size 128         -ctk f16 -ctv f16 --temp 1.0 --seed 42         --no-display-prompt -fa on         -ngl 0  -n 250 --context-shift --keep 4 	-sys '\''You are a helpful assistant. Provide truthful, accurate, and concise answers.'\'' 	 -no-cnv' -p '"'\''What did Paul Revere say during his midnight ride to warn the American militia of the approach of British forces? '\''"' -n 250 -t 8 -c 1024 -b 128 -ub 128 -ctk f16 -ctv q8_0 --temp 0.5 --repeat-penalty 1.1 --top-p 1.0 --top-k 50 --keep 4 -fa on --context-shift --poll 50 '--no-mmap '
ggml_opencl: selected platform: 'QUALCOMM Snapdragon(TM)'

ggml_opencl: device: 'QUALCOMM Adreno(TM) 830 (OpenCL 3.0 Adreno(TM) 830)'
ggml_opencl: OpenCL driver: OpenCL 3.0 QUALCOMM build: 0800.40.1 Compiler E031.47.18.36
ggml_opencl: vector subgroup broadcast support: true
ggml_opencl: device FP16 support: true
ggml_opencl: mem base addr align: 128
ggml_opencl: max mem alloc size: 1024 MB
ggml_opencl: device max workgroup size: 1024
ggml_opencl: SVM coarse grain buffer support: true
ggml_opencl: SVM fine grain buffer support: true
ggml_opencl: SVM fine grain system support: false
ggml_opencl: SVM atomics support: true
ggml_opencl: flattening quantized weights representation as struct of arrays (GGML_OPENCL_SOA_Q)
ggml_opencl: using kernels optimized for Adreno (GGML_OPENCL_USE_ADRENO_KERNELS)
ggml_opencl: loading OpenCL kernels........................................................................
ggml_opencl: default device: 'QUALCOMM Adreno(TM) 830 (OpenCL 3.0 Adreno(TM) 830)'
ggml-hex: Hexagon backend (experimental) : allocating new registry : ndev 1
ggml-hex: Hexagon Arch version v79
ggml-hex: allocating new session: HTP0
ggml-hex: new session: HTP0 : session-id 0 domain-id 3 uri file:///libggml-htp-v79.so?htp_iface_skel_handle_invoke&_modver=1.0&_dom=cdsp&_session=0 handle 0xb40000756e206090
build: 6942 (1f5accb8d) with Android (13324770, +pgo, +bolt, +lto, +mlgo, based on r530567d) clang version 19.0.0 (https://android.googlesource.com/toolchain/llvm-project 97a699bf4812a18fb657c2779f5296a4ab2694d2) for x86_64-unknown-linux-gnu
main: llama backend init
main: load the model and apply lora adapter, if any
llama_model_load_from_file_impl: using device GPUOpenCL (QUALCOMM Adreno(TM) 830) (unknown id) - 0 MiB free
llama_model_load_from_file_impl: using device HTP0 (Hexagon) (unknown id) - 2048 MiB free
llama_model_loader: loaded meta data with 23 key-value pairs and 339 tensors from /data/local/tmp/llama.cpp/../gguf/qwen2-7b-tinytron-Q4_K_M.gguf (version GGUF V3 (latest))
llama_model_loader: Dumping metadata keys/values. Note: KV overrides do not apply in this output.
llama_model_loader: - kv   0:                       general.architecture str              = qwen2
llama_model_loader: - kv   1:                               general.type str              = model
llama_model_loader: - kv   2:                               general.name str              = Tinytron
llama_model_loader: - kv   3:                         general.size_label str              = 3.9B
llama_model_loader: - kv   4:                          qwen2.block_count u32              = 28
llama_model_loader: - kv   5:                       qwen2.context_length u32              = 32768
llama_model_loader: - kv   6:                     qwen2.embedding_length u32              = 2560
llama_model_loader: - kv   7:                  qwen2.feed_forward_length u32              = 12288
llama_model_loader: - kv   8:                 qwen2.attention.head_count u32              = 20
llama_model_loader: - kv   9:              qwen2.attention.head_count_kv u32              = 4
llama_model_loader: - kv  10:                       qwen2.rope.freq_base f32              = 1000000.000000
llama_model_loader: - kv  11:     qwen2.attention.layer_norm_rms_epsilon f32              = 0.000001
llama_model_loader: - kv  12:                       tokenizer.ggml.model str              = gpt2
llama_model_loader: - kv  13:                         tokenizer.ggml.pre str              = qwen2
llama_model_loader: - kv  14:                      tokenizer.ggml.tokens arr[str,152064]  = ["!", "\"", "#", "$", "%", "&", "'", ...
llama_model_loader: - kv  15:                  tokenizer.ggml.token_type arr[i32,152064]  = [1, 1, 1, 1, 1, 1, 1, 1, 1, 1, 1, 1, ...
llama_model_loader: - kv  16:                      tokenizer.ggml.merges arr[str,151387]  = ["Ġ Ġ", "ĠĠ ĠĠ", "i n", "Ġ t",...
llama_model_loader: - kv  17:                tokenizer.ggml.eos_token_id u32              = 151645
llama_model_loader: - kv  18:            tokenizer.ggml.padding_token_id u32              = 151643
llama_model_loader: - kv  19:                tokenizer.ggml.bos_token_id u32              = 151643
llama_model_loader: - kv  20:                    tokenizer.chat_template str              = {% for message in messages %}{% if lo...
llama_model_loader: - kv  21:               general.quantization_version u32              = 2
llama_model_loader: - kv  22:                          general.file_type u32              = 15
llama_model_loader: - type  f32:  141 tensors
llama_model_loader: - type q4_K:  169 tensors
llama_model_loader: - type q6_K:   29 tensors
print_info: file format = GGUF V3 (latest)
print_info: file type   = Q4_K - Medium
print_info: file size   = 2.23 GiB (4.95 BPW) 
load: printing all EOG tokens:
load:   - 151643 ('<|endoftext|>')
load:   - 151645 ('<|im_end|>')
load: special tokens cache size = 3
load: token to piece cache size = 0.9308 MB
print_info: arch             = qwen2
print_info: vocab_only       = 0
print_info: n_ctx_train      = 32768
print_info: n_embd           = 2560
print_info: n_layer          = 28
print_info: n_head           = 20
print_info: n_head_kv        = 4
print_info: n_rot            = 128
print_info: n_swa            = 0
print_info: is_swa_any       = 0
print_info: n_embd_head_k    = 128
print_info: n_embd_head_v    = 128
print_info: n_gqa            = 5
print_info: n_embd_k_gqa     = 512
print_info: n_embd_v_gqa     = 512
print_info: f_norm_eps       = 0.0e+00
print_info: f_norm_rms_eps   = 1.0e-06
print_info: f_clamp_kqv      = 0.0e+00
print_info: f_max_alibi_bias = 0.0e+00
print_info: f_logit_scale    = 0.0e+00
print_info: f_attn_scale     = 0.0e+00
print_info: n_ff             = 12288
print_info: n_expert         = 0
print_info: n_expert_used    = 0
print_info: n_expert_groups  = 0
print_info: n_group_used     = 0
print_info: causal attn      = 1
print_info: pooling type     = -1
print_info: rope type        = 2
print_info: rope scaling     = linear
print_info: freq_base_train  = 1000000.0
print_info: freq_scale_train = 1
print_info: n_ctx_orig_yarn  = 32768
print_info: rope_finetuned   = unknown
print_info: model type       = 7B
print_info: model params     = 3.86 B
print_info: general.name     = Tinytron
print_info: vocab type       = BPE
print_info: n_vocab          = 152064
print_info: n_merges         = 151387
print_info: BOS token        = 151643 '<|endoftext|>'
print_info: EOS token        = 151645 '<|im_end|>'
print_info: EOT token        = 151645 '<|im_end|>'
print_info: PAD token        = 151643 '<|endoftext|>'
print_info: LF token         = 198 'Ċ'
print_info: EOG token        = 151643 '<|endoftext|>'
print_info: EOG token        = 151645 '<|im_end|>'
print_info: max token length = 256
load_tensors: loading model tensors, this can take a while... (mmap = false)
load_tensors: offloading 0 repeating layers to GPU
load_tensors: offloaded 0/29 layers to GPU
load_tensors:          CPU model buffer size =  2280.85 MiB
................................................................................
llama_context: constructing llama_context
llama_context: n_seq_max     = 1
llama_context: n_ctx         = 1024
llama_context: n_ctx_seq     = 1024
llama_context: n_batch       = 128
llama_context: n_ubatch      = 128
llama_context: causal_attn   = 1
llama_context: flash_attn    = enabled
llama_context: kv_unified    = false
llama_context: freq_base     = 1000000.0
llama_context: freq_scale    = 1
llama_context: n_ctx_seq (1024) < n_ctx_train (32768) -- the full capacity of the model will not be utilized
llama_context:        CPU  output buffer size =     0.58 MiB
llama_kv_cache:        CPU KV buffer size =    42.88 MiB
llama_kv_cache: size =   42.88 MiB (  1024 cells,  28 layers,  1/1 seqs), K (f16):   28.00 MiB, V (q8_0):   14.88 MiB
llama_context:        CPU compute buffer size =    75.50 MiB
llama_context: graph nodes  = 959
llama_context: graph splits = 1
common_init_from_params: added <|endoftext|> logit bias = -inf
common_init_from_params: added <|im_end|> logit bias = -inf
common_init_from_params: setting dry_penalty_last_n to ctx_size = 1024
common_init_from_params: warming up the model with an empty run - please wait ... (--no-warmup to disable)
main: llama threadpool init, n_threads = 8

system_info: n_threads = 8 (n_threads_batch = 8) / 8 | CPU : NEON = 1 | ARM_FMA = 1 | FP16_VA = 1 | MATMUL_INT8 = 1 | DOTPROD = 1 | REPACK = 1 | 

sampler seed: 42
sampler params: 
	repeat_last_n = 64, repeat_penalty = 1.100, frequency_penalty = 0.000, presence_penalty = 0.000
	dry_multiplier = 0.000, dry_base = 1.750, dry_allowed_length = 2, dry_penalty_last_n = 1024
	top_k = 50, top_p = 1.000, min_p = 0.050, xtc_probability = 0.000, xtc_threshold = 0.100, typical_p = 1.000, top_n_sigma = -1.000, temp = 0.500
	mirostat = 0, mirostat_lr = 0.100, mirostat_ent = 5.000
sampler chain: logits -> logit-bias -> penalties -> dry -> top-n-sigma -> top-k -> typical -> top-p -> min-p -> xtc -> temp-ext -> dist 
generate: n_ctx = 1024, n_batch = 128, n_predict = 250, n_keep = 4

llama_perf_sampler_print:    sampling time =      71.11 ms /   143 runs   (    0.50 ms per token,  2011.11 tokens per second)
llama_perf_context_print:        load time =    1381.14 ms
llama_perf_context_print: prompt eval time =     402.40 ms /    24 tokens (   16.77 ms per token,    59.64 tokens per second)
llama_perf_context_print:        eval time =    4768.42 ms /   118 runs   (   40.41 ms per token,    24.75 tokens per second)
llama_perf_context_print:       total time =    5258.34 ms /   142 tokens
llama_perf_context_print:    graphs reused =        117
llama_memory_breakdown_print: | memory breakdown [MiB]                  | total   free    self   model   context   compute    unaccounted |
llama_memory_breakdown_print: |   - GPUOpenCL (QUALCOMM Adreno(TM) 830) |     0 =    0 + (   0 =     0 +       0 +       0) +           0 |
llama_memory_breakdown_print: |   - HTP0 (Hexagon)                      |  2048 = 2048 + (   0 =     0 +       0 +       0) +           0 |
llama_memory_breakdown_print: |   - Host                                |                 2399 =  2280 +      42 +      75                |
+ adb shell '   cd /data/local/tmp/llama.cpp; ulimit -c unlimited;            LD_LIBRARY_PATH=/data/local/tmp/llama.cpp/./lib       ADSP_LIBRARY_PATH=/data/local/tmp/llama.cpp/./lib                            ././bin/llama-cli -m /data/local/tmp/llama.cpp/../gguf/qwen2-7b-tinytron-Q4_K_M.gguf               -t 8 --ctx-size 4096 --batch-size 128         -ctk f16 -ctv f16 --temp 1.0 --seed 42         --no-display-prompt -fa on         -ngl 0  -n 250 --context-shift --keep 4 	-sys '\''You are a helpful assistant. Provide truthful, accurate, and concise answers.'\'' 	 -no-cnv' -p '"'\''What was Nixon referring to when he said,  I am not a crook ? '\''"' -n 250 -t 8 -c 1024 -b 128 -ub 128 -ctk f16 -ctv q8_0 --temp 0.5 --repeat-penalty 1.1 --top-p 1.0 --top-k 50 --keep 4 -fa on --context-shift --poll 50 '--no-mmap '
ggml_opencl: selected platform: 'QUALCOMM Snapdragon(TM)'

ggml_opencl: device: 'QUALCOMM Adreno(TM) 830 (OpenCL 3.0 Adreno(TM) 830)'
ggml_opencl: OpenCL driver: OpenCL 3.0 QUALCOMM build: 0800.40.1 Compiler E031.47.18.36
ggml_opencl: vector subgroup broadcast support: true
ggml_opencl: device FP16 support: true
ggml_opencl: mem base addr align: 128
ggml_opencl: max mem alloc size: 1024 MB
ggml_opencl: device max workgroup size: 1024
ggml_opencl: SVM coarse grain buffer support: true
ggml_opencl: SVM fine grain buffer support: true
ggml_opencl: SVM fine grain system support: false
ggml_opencl: SVM atomics support: true
ggml_opencl: flattening quantized weights representation as struct of arrays (GGML_OPENCL_SOA_Q)
ggml_opencl: using kernels optimized for Adreno (GGML_OPENCL_USE_ADRENO_KERNELS)
ggml_opencl: loading OpenCL kernels........................................................................
ggml_opencl: default device: 'QUALCOMM Adreno(TM) 830 (OpenCL 3.0 Adreno(TM) 830)'
ggml-hex: Hexagon backend (experimental) : allocating new registry : ndev 1
ggml-hex: Hexagon Arch version v79
ggml-hex: allocating new session: HTP0
ggml-hex: new session: HTP0 : session-id 0 domain-id 3 uri file:///libggml-htp-v79.so?htp_iface_skel_handle_invoke&_modver=1.0&_dom=cdsp&_session=0 handle 0xb400007a66256fd0
build: 6942 (1f5accb8d) with Android (13324770, +pgo, +bolt, +lto, +mlgo, based on r530567d) clang version 19.0.0 (https://android.googlesource.com/toolchain/llvm-project 97a699bf4812a18fb657c2779f5296a4ab2694d2) for x86_64-unknown-linux-gnu
main: llama backend init
main: load the model and apply lora adapter, if any
llama_model_load_from_file_impl: using device GPUOpenCL (QUALCOMM Adreno(TM) 830) (unknown id) - 0 MiB free
llama_model_load_from_file_impl: using device HTP0 (Hexagon) (unknown id) - 2048 MiB free
llama_model_loader: loaded meta data with 23 key-value pairs and 339 tensors from /data/local/tmp/llama.cpp/../gguf/qwen2-7b-tinytron-Q4_K_M.gguf (version GGUF V3 (latest))
llama_model_loader: Dumping metadata keys/values. Note: KV overrides do not apply in this output.
llama_model_loader: - kv   0:                       general.architecture str              = qwen2
llama_model_loader: - kv   1:                               general.type str              = model
llama_model_loader: - kv   2:                               general.name str              = Tinytron
llama_model_loader: - kv   3:                         general.size_label str              = 3.9B
llama_model_loader: - kv   4:                          qwen2.block_count u32              = 28
llama_model_loader: - kv   5:                       qwen2.context_length u32              = 32768
llama_model_loader: - kv   6:                     qwen2.embedding_length u32              = 2560
llama_model_loader: - kv   7:                  qwen2.feed_forward_length u32              = 12288
llama_model_loader: - kv   8:                 qwen2.attention.head_count u32              = 20
llama_model_loader: - kv   9:              qwen2.attention.head_count_kv u32              = 4
llama_model_loader: - kv  10:                       qwen2.rope.freq_base f32              = 1000000.000000
llama_model_loader: - kv  11:     qwen2.attention.layer_norm_rms_epsilon f32              = 0.000001
llama_model_loader: - kv  12:                       tokenizer.ggml.model str              = gpt2
llama_model_loader: - kv  13:                         tokenizer.ggml.pre str              = qwen2
llama_model_loader: - kv  14:                      tokenizer.ggml.tokens arr[str,152064]  = ["!", "\"", "#", "$", "%", "&", "'", ...
llama_model_loader: - kv  15:                  tokenizer.ggml.token_type arr[i32,152064]  = [1, 1, 1, 1, 1, 1, 1, 1, 1, 1, 1, 1, ...
llama_model_loader: - kv  16:                      tokenizer.ggml.merges arr[str,151387]  = ["Ġ Ġ", "ĠĠ ĠĠ", "i n", "Ġ t",...
llama_model_loader: - kv  17:                tokenizer.ggml.eos_token_id u32              = 151645
llama_model_loader: - kv  18:            tokenizer.ggml.padding_token_id u32              = 151643
llama_model_loader: - kv  19:                tokenizer.ggml.bos_token_id u32              = 151643
llama_model_loader: - kv  20:                    tokenizer.chat_template str              = {% for message in messages %}{% if lo...
llama_model_loader: - kv  21:               general.quantization_version u32              = 2
llama_model_loader: - kv  22:                          general.file_type u32              = 15
llama_model_loader: - type  f32:  141 tensors
llama_model_loader: - type q4_K:  169 tensors
llama_model_loader: - type q6_K:   29 tensors
print_info: file format = GGUF V3 (latest)
print_info: file type   = Q4_K - Medium
print_info: file size   = 2.23 GiB (4.95 BPW) 
load: printing all EOG tokens:
load:   - 151643 ('<|endoftext|>')
load:   - 151645 ('<|im_end|>')
load: special tokens cache size = 3
load: token to piece cache size = 0.9308 MB
print_info: arch             = qwen2
print_info: vocab_only       = 0
print_info: n_ctx_train      = 32768
print_info: n_embd           = 2560
print_info: n_layer          = 28
print_info: n_head           = 20
print_info: n_head_kv        = 4
print_info: n_rot            = 128
print_info: n_swa            = 0
print_info: is_swa_any       = 0
print_info: n_embd_head_k    = 128
print_info: n_embd_head_v    = 128
print_info: n_gqa            = 5
print_info: n_embd_k_gqa     = 512
print_info: n_embd_v_gqa     = 512
print_info: f_norm_eps       = 0.0e+00
print_info: f_norm_rms_eps   = 1.0e-06
print_info: f_clamp_kqv      = 0.0e+00
print_info: f_max_alibi_bias = 0.0e+00
print_info: f_logit_scale    = 0.0e+00
print_info: f_attn_scale     = 0.0e+00
print_info: n_ff             = 12288
print_info: n_expert         = 0
print_info: n_expert_used    = 0
print_info: n_expert_groups  = 0
print_info: n_group_used     = 0
print_info: causal attn      = 1
print_info: pooling type     = -1
print_info: rope type        = 2
print_info: rope scaling     = linear
print_info: freq_base_train  = 1000000.0
print_info: freq_scale_train = 1
print_info: n_ctx_orig_yarn  = 32768
print_info: rope_finetuned   = unknown
print_info: model type       = 7B
print_info: model params     = 3.86 B
print_info: general.name     = Tinytron
print_info: vocab type       = BPE
print_info: n_vocab          = 152064
print_info: n_merges         = 151387
print_info: BOS token        = 151643 '<|endoftext|>'
print_info: EOS token        = 151645 '<|im_end|>'
print_info: EOT token        = 151645 '<|im_end|>'
print_info: PAD token        = 151643 '<|endoftext|>'
print_info: LF token         = 198 'Ċ'
print_info: EOG token        = 151643 '<|endoftext|>'
print_info: EOG token        = 151645 '<|im_end|>'
print_info: max token length = 256
load_tensors: loading model tensors, this can take a while... (mmap = false)
load_tensors: offloading 0 repeating layers to GPU
load_tensors: offloaded 0/29 layers to GPU
load_tensors:          CPU model buffer size =  2280.85 MiB
................................................................................
llama_context: constructing llama_context
llama_context: n_seq_max     = 1
llama_context: n_ctx         = 1024
llama_context: n_ctx_seq     = 1024
llama_context: n_batch       = 128
llama_context: n_ubatch      = 128
llama_context: causal_attn   = 1
llama_context: flash_attn    = enabled
llama_context: kv_unified    = false
llama_context: freq_base     = 1000000.0
llama_context: freq_scale    = 1
llama_context: n_ctx_seq (1024) < n_ctx_train (32768) -- the full capacity of the model will not be utilized
llama_context:        CPU  output buffer size =     0.58 MiB
llama_kv_cache:        CPU KV buffer size =    42.88 MiB
llama_kv_cache: size =   42.88 MiB (  1024 cells,  28 layers,  1/1 seqs), K (f16):   28.00 MiB, V (q8_0):   14.88 MiB
llama_context:        CPU compute buffer size =    75.50 MiB
llama_context: graph nodes  = 959
llama_context: graph splits = 1
common_init_from_params: added <|endoftext|> logit bias = -inf
common_init_from_params: added <|im_end|> logit bias = -inf
common_init_from_params: setting dry_penalty_last_n to ctx_size = 1024
common_init_from_params: warming up the model with an empty run - please wait ... (--no-warmup to disable)
main: llama threadpool init, n_threads = 8

system_info: n_threads = 8 (n_threads_batch = 8) / 8 | CPU : NEON = 1 | ARM_FMA = 1 | FP16_VA = 1 | MATMUL_INT8 = 1 | DOTPROD = 1 | REPACK = 1 | 

sampler seed: 42
sampler params: 
	repeat_last_n = 64, repeat_penalty = 1.100, frequency_penalty = 0.000, presence_penalty = 0.000
	dry_multiplier = 0.000, dry_base = 1.750, dry_allowed_length = 2, dry_penalty_last_n = 1024
	top_k = 50, top_p = 1.000, min_p = 0.050, xtc_probability = 0.000, xtc_threshold = 0.100, typical_p = 1.000, top_n_sigma = -1.000, temp = 0.500
	mirostat = 0, mirostat_lr = 0.100, mirostat_ent = 5.000
sampler chain: logits -> logit-bias -> penalties -> dry -> top-n-sigma -> top-k -> typical -> top-p -> min-p -> xtc -> temp-ext -> dist 
generate: n_ctx = 1024, n_batch = 128, n_predict = 250, n_keep = 4

llama_perf_sampler_print:    sampling time =     179.80 ms /   222 runs   (    0.81 ms per token,  1234.68 tokens per second)
llama_perf_context_print:        load time =    2185.12 ms
llama_perf_context_print: prompt eval time =     806.79 ms /    19 tokens (   42.46 ms per token,    23.55 tokens per second)
llama_perf_context_print:        eval time =   11428.90 ms /   202 runs   (   56.58 ms per token,    17.67 tokens per second)
llama_perf_context_print:       total time =   12452.47 ms /   221 tokens
llama_perf_context_print:    graphs reused =        201
llama_memory_breakdown_print: | memory breakdown [MiB]                  | total   free    self   model   context   compute    unaccounted |
llama_memory_breakdown_print: |   - GPUOpenCL (QUALCOMM Adreno(TM) 830) |     0 =    0 + (   0 =     0 +       0 +       0) +           0 |
llama_memory_breakdown_print: |   - HTP0 (Hexagon)                      |  2048 = 2048 + (   0 =     0 +       0 +       0) +           0 |
llama_memory_breakdown_print: |   - Host                                |                 2399 =  2280 +      42 +      75                |
+ adb shell '   cd /data/local/tmp/llama.cpp; ulimit -c unlimited;            LD_LIBRARY_PATH=/data/local/tmp/llama.cpp/./lib       ADSP_LIBRARY_PATH=/data/local/tmp/llama.cpp/./lib                            ././bin/llama-cli -m /data/local/tmp/llama.cpp/../gguf/qwen2-7b-tinytron-Q4_K_M.gguf               -t 8 --ctx-size 4096 --batch-size 128         -ctk f16 -ctv f16 --temp 1.0 --seed 42         --no-display-prompt -fa on         -ngl 0  -n 250 --context-shift --keep 4 	-sys '\''You are a helpful assistant. Provide truthful, accurate, and concise answers.'\'' 	 -no-cnv' -p '"'\''Who actually said,  Let them eat cake ? '\''"' -n 250 -t 8 -c 1024 -b 128 -ub 128 -ctk f16 -ctv q8_0 --temp 0.5 --repeat-penalty 1.1 --top-p 1.0 --top-k 50 --keep 4 -fa on --context-shift --poll 50 '--no-mmap '
ggml_opencl: selected platform: 'QUALCOMM Snapdragon(TM)'

ggml_opencl: device: 'QUALCOMM Adreno(TM) 830 (OpenCL 3.0 Adreno(TM) 830)'
ggml_opencl: OpenCL driver: OpenCL 3.0 QUALCOMM build: 0800.40.1 Compiler E031.47.18.36
ggml_opencl: vector subgroup broadcast support: true
ggml_opencl: device FP16 support: true
ggml_opencl: mem base addr align: 128
ggml_opencl: max mem alloc size: 1024 MB
ggml_opencl: device max workgroup size: 1024
ggml_opencl: SVM coarse grain buffer support: true
ggml_opencl: SVM fine grain buffer support: true
ggml_opencl: SVM fine grain system support: false
ggml_opencl: SVM atomics support: true
ggml_opencl: flattening quantized weights representation as struct of arrays (GGML_OPENCL_SOA_Q)
ggml_opencl: using kernels optimized for Adreno (GGML_OPENCL_USE_ADRENO_KERNELS)
ggml_opencl: loading OpenCL kernels........................................................................
ggml_opencl: default device: 'QUALCOMM Adreno(TM) 830 (OpenCL 3.0 Adreno(TM) 830)'
ggml-hex: Hexagon backend (experimental) : allocating new registry : ndev 1
ggml-hex: Hexagon Arch version v79
ggml-hex: allocating new session: HTP0
ggml-hex: new session: HTP0 : session-id 0 domain-id 3 uri file:///libggml-htp-v79.so?htp_iface_skel_handle_invoke&_modver=1.0&_dom=cdsp&_session=0 handle 0xb40000720060e2d0
build: 6942 (1f5accb8d) with Android (13324770, +pgo, +bolt, +lto, +mlgo, based on r530567d) clang version 19.0.0 (https://android.googlesource.com/toolchain/llvm-project 97a699bf4812a18fb657c2779f5296a4ab2694d2) for x86_64-unknown-linux-gnu
main: llama backend init
main: load the model and apply lora adapter, if any
llama_model_load_from_file_impl: using device GPUOpenCL (QUALCOMM Adreno(TM) 830) (unknown id) - 0 MiB free
llama_model_load_from_file_impl: using device HTP0 (Hexagon) (unknown id) - 2048 MiB free
llama_model_loader: loaded meta data with 23 key-value pairs and 339 tensors from /data/local/tmp/llama.cpp/../gguf/qwen2-7b-tinytron-Q4_K_M.gguf (version GGUF V3 (latest))
llama_model_loader: Dumping metadata keys/values. Note: KV overrides do not apply in this output.
llama_model_loader: - kv   0:                       general.architecture str              = qwen2
llama_model_loader: - kv   1:                               general.type str              = model
llama_model_loader: - kv   2:                               general.name str              = Tinytron
llama_model_loader: - kv   3:                         general.size_label str              = 3.9B
llama_model_loader: - kv   4:                          qwen2.block_count u32              = 28
llama_model_loader: - kv   5:                       qwen2.context_length u32              = 32768
llama_model_loader: - kv   6:                     qwen2.embedding_length u32              = 2560
llama_model_loader: - kv   7:                  qwen2.feed_forward_length u32              = 12288
llama_model_loader: - kv   8:                 qwen2.attention.head_count u32              = 20
llama_model_loader: - kv   9:              qwen2.attention.head_count_kv u32              = 4
llama_model_loader: - kv  10:                       qwen2.rope.freq_base f32              = 1000000.000000
llama_model_loader: - kv  11:     qwen2.attention.layer_norm_rms_epsilon f32              = 0.000001
llama_model_loader: - kv  12:                       tokenizer.ggml.model str              = gpt2
llama_model_loader: - kv  13:                         tokenizer.ggml.pre str              = qwen2
llama_model_loader: - kv  14:                      tokenizer.ggml.tokens arr[str,152064]  = ["!", "\"", "#", "$", "%", "&", "'", ...
llama_model_loader: - kv  15:                  tokenizer.ggml.token_type arr[i32,152064]  = [1, 1, 1, 1, 1, 1, 1, 1, 1, 1, 1, 1, ...
llama_model_loader: - kv  16:                      tokenizer.ggml.merges arr[str,151387]  = ["Ġ Ġ", "ĠĠ ĠĠ", "i n", "Ġ t",...
llama_model_loader: - kv  17:                tokenizer.ggml.eos_token_id u32              = 151645
llama_model_loader: - kv  18:            tokenizer.ggml.padding_token_id u32              = 151643
llama_model_loader: - kv  19:                tokenizer.ggml.bos_token_id u32              = 151643
llama_model_loader: - kv  20:                    tokenizer.chat_template str              = {% for message in messages %}{% if lo...
llama_model_loader: - kv  21:               general.quantization_version u32              = 2
llama_model_loader: - kv  22:                          general.file_type u32              = 15
llama_model_loader: - type  f32:  141 tensors
llama_model_loader: - type q4_K:  169 tensors
llama_model_loader: - type q6_K:   29 tensors
print_info: file format = GGUF V3 (latest)
print_info: file type   = Q4_K - Medium
print_info: file size   = 2.23 GiB (4.95 BPW) 
load: printing all EOG tokens:
load:   - 151643 ('<|endoftext|>')
load:   - 151645 ('<|im_end|>')
load: special tokens cache size = 3
load: token to piece cache size = 0.9308 MB
print_info: arch             = qwen2
print_info: vocab_only       = 0
print_info: n_ctx_train      = 32768
print_info: n_embd           = 2560
print_info: n_layer          = 28
print_info: n_head           = 20
print_info: n_head_kv        = 4
print_info: n_rot            = 128
print_info: n_swa            = 0
print_info: is_swa_any       = 0
print_info: n_embd_head_k    = 128
print_info: n_embd_head_v    = 128
print_info: n_gqa            = 5
print_info: n_embd_k_gqa     = 512
print_info: n_embd_v_gqa     = 512
print_info: f_norm_eps       = 0.0e+00
print_info: f_norm_rms_eps   = 1.0e-06
print_info: f_clamp_kqv      = 0.0e+00
print_info: f_max_alibi_bias = 0.0e+00
print_info: f_logit_scale    = 0.0e+00
print_info: f_attn_scale     = 0.0e+00
print_info: n_ff             = 12288
print_info: n_expert         = 0
print_info: n_expert_used    = 0
print_info: n_expert_groups  = 0
print_info: n_group_used     = 0
print_info: causal attn      = 1
print_info: pooling type     = -1
print_info: rope type        = 2
print_info: rope scaling     = linear
print_info: freq_base_train  = 1000000.0
print_info: freq_scale_train = 1
print_info: n_ctx_orig_yarn  = 32768
print_info: rope_finetuned   = unknown
print_info: model type       = 7B
print_info: model params     = 3.86 B
print_info: general.name     = Tinytron
print_info: vocab type       = BPE
print_info: n_vocab          = 152064
print_info: n_merges         = 151387
print_info: BOS token        = 151643 '<|endoftext|>'
print_info: EOS token        = 151645 '<|im_end|>'
print_info: EOT token        = 151645 '<|im_end|>'
print_info: PAD token        = 151643 '<|endoftext|>'
print_info: LF token         = 198 'Ċ'
print_info: EOG token        = 151643 '<|endoftext|>'
print_info: EOG token        = 151645 '<|im_end|>'
print_info: max token length = 256
load_tensors: loading model tensors, this can take a while... (mmap = false)
load_tensors: offloading 0 repeating layers to GPU
load_tensors: offloaded 0/29 layers to GPU
load_tensors:          CPU model buffer size =  2280.85 MiB
................................................................................
llama_context: constructing llama_context
llama_context: n_seq_max     = 1
llama_context: n_ctx         = 1024
llama_context: n_ctx_seq     = 1024
llama_context: n_batch       = 128
llama_context: n_ubatch      = 128
llama_context: causal_attn   = 1
llama_context: flash_attn    = enabled
llama_context: kv_unified    = false
llama_context: freq_base     = 1000000.0
llama_context: freq_scale    = 1
llama_context: n_ctx_seq (1024) < n_ctx_train (32768) -- the full capacity of the model will not be utilized
llama_context:        CPU  output buffer size =     0.58 MiB
llama_kv_cache:        CPU KV buffer size =    42.88 MiB
llama_kv_cache: size =   42.88 MiB (  1024 cells,  28 layers,  1/1 seqs), K (f16):   28.00 MiB, V (q8_0):   14.88 MiB
llama_context:        CPU compute buffer size =    75.50 MiB
llama_context: graph nodes  = 959
llama_context: graph splits = 1
common_init_from_params: added <|endoftext|> logit bias = -inf
common_init_from_params: added <|im_end|> logit bias = -inf
common_init_from_params: setting dry_penalty_last_n to ctx_size = 1024
common_init_from_params: warming up the model with an empty run - please wait ... (--no-warmup to disable)
main: llama threadpool init, n_threads = 8

system_info: n_threads = 8 (n_threads_batch = 8) / 8 | CPU : NEON = 1 | ARM_FMA = 1 | FP16_VA = 1 | MATMUL_INT8 = 1 | DOTPROD = 1 | REPACK = 1 | 

sampler seed: 42
sampler params: 
	repeat_last_n = 64, repeat_penalty = 1.100, frequency_penalty = 0.000, presence_penalty = 0.000
	dry_multiplier = 0.000, dry_base = 1.750, dry_allowed_length = 2, dry_penalty_last_n = 1024
	top_k = 50, top_p = 1.000, min_p = 0.050, xtc_probability = 0.000, xtc_threshold = 0.100, typical_p = 1.000, top_n_sigma = -1.000, temp = 0.500
	mirostat = 0, mirostat_lr = 0.100, mirostat_ent = 5.000
sampler chain: logits -> logit-bias -> penalties -> dry -> top-n-sigma -> top-k -> typical -> top-p -> min-p -> xtc -> temp-ext -> dist 
generate: n_ctx = 1024, n_batch = 128, n_predict = 250, n_keep = 4

llama_perf_sampler_print:    sampling time =      28.29 ms /    43 runs   (    0.66 ms per token,  1519.86 tokens per second)
llama_perf_context_print:        load time =    2025.93 ms
llama_perf_context_print: prompt eval time =     334.62 ms /    12 tokens (   27.88 ms per token,    35.86 tokens per second)
llama_perf_context_print:        eval time =    1659.51 ms /    30 runs   (   55.32 ms per token,    18.08 tokens per second)
llama_perf_context_print:       total time =    2033.37 ms /    42 tokens
llama_perf_context_print:    graphs reused =         29
llama_memory_breakdown_print: | memory breakdown [MiB]                  | total   free    self   model   context   compute    unaccounted |
llama_memory_breakdown_print: |   - GPUOpenCL (QUALCOMM Adreno(TM) 830) |     0 =    0 + (   0 =     0 +       0 +       0) +           0 |
llama_memory_breakdown_print: |   - HTP0 (Hexagon)                      |  2048 = 2048 + (   0 =     0 +       0 +       0) +           0 |
llama_memory_breakdown_print: |   - Host                                |                 2399 =  2280 +      42 +      75                |
+ adb shell '   cd /data/local/tmp/llama.cpp; ulimit -c unlimited;            LD_LIBRARY_PATH=/data/local/tmp/llama.cpp/./lib       ADSP_LIBRARY_PATH=/data/local/tmp/llama.cpp/./lib                            ././bin/llama-cli -m /data/local/tmp/llama.cpp/../gguf/qwen2-7b-tinytron-Q4_K_M.gguf               -t 8 --ctx-size 4096 --batch-size 128         -ctk f16 -ctv f16 --temp 1.0 --seed 42         --no-display-prompt -fa on         -ngl 0  -n 250 --context-shift --keep 4 	-sys '\''You are a helpful assistant. Provide truthful, accurate, and concise answers.'\'' 	 -no-cnv' -p '"'\''Who said,  Only the dead have seen the end of war?  '\''"' -n 250 -t 8 -c 1024 -b 128 -ub 128 -ctk f16 -ctv q8_0 --temp 0.5 --repeat-penalty 1.1 --top-p 1.0 --top-k 50 --keep 4 -fa on --context-shift --poll 50 '--no-mmap '
ggml_opencl: selected platform: 'QUALCOMM Snapdragon(TM)'

ggml_opencl: device: 'QUALCOMM Adreno(TM) 830 (OpenCL 3.0 Adreno(TM) 830)'
ggml_opencl: OpenCL driver: OpenCL 3.0 QUALCOMM build: 0800.40.1 Compiler E031.47.18.36
ggml_opencl: vector subgroup broadcast support: true
ggml_opencl: device FP16 support: true
ggml_opencl: mem base addr align: 128
ggml_opencl: max mem alloc size: 1024 MB
ggml_opencl: device max workgroup size: 1024
ggml_opencl: SVM coarse grain buffer support: true
ggml_opencl: SVM fine grain buffer support: true
ggml_opencl: SVM fine grain system support: false
ggml_opencl: SVM atomics support: true
ggml_opencl: flattening quantized weights representation as struct of arrays (GGML_OPENCL_SOA_Q)
ggml_opencl: using kernels optimized for Adreno (GGML_OPENCL_USE_ADRENO_KERNELS)
ggml_opencl: loading OpenCL kernels........................................................................
ggml_opencl: default device: 'QUALCOMM Adreno(TM) 830 (OpenCL 3.0 Adreno(TM) 830)'
ggml-hex: Hexagon backend (experimental) : allocating new registry : ndev 1
ggml-hex: Hexagon Arch version v79
ggml-hex: allocating new session: HTP0
ggml-hex: new session: HTP0 : session-id 0 domain-id 3 uri file:///libggml-htp-v79.so?htp_iface_skel_handle_invoke&_modver=1.0&_dom=cdsp&_session=0 handle 0xb4000073095d4850
build: 6942 (1f5accb8d) with Android (13324770, +pgo, +bolt, +lto, +mlgo, based on r530567d) clang version 19.0.0 (https://android.googlesource.com/toolchain/llvm-project 97a699bf4812a18fb657c2779f5296a4ab2694d2) for x86_64-unknown-linux-gnu
main: llama backend init
main: load the model and apply lora adapter, if any
llama_model_load_from_file_impl: using device GPUOpenCL (QUALCOMM Adreno(TM) 830) (unknown id) - 0 MiB free
llama_model_load_from_file_impl: using device HTP0 (Hexagon) (unknown id) - 2048 MiB free
llama_model_loader: loaded meta data with 23 key-value pairs and 339 tensors from /data/local/tmp/llama.cpp/../gguf/qwen2-7b-tinytron-Q4_K_M.gguf (version GGUF V3 (latest))
llama_model_loader: Dumping metadata keys/values. Note: KV overrides do not apply in this output.
llama_model_loader: - kv   0:                       general.architecture str              = qwen2
llama_model_loader: - kv   1:                               general.type str              = model
llama_model_loader: - kv   2:                               general.name str              = Tinytron
llama_model_loader: - kv   3:                         general.size_label str              = 3.9B
llama_model_loader: - kv   4:                          qwen2.block_count u32              = 28
llama_model_loader: - kv   5:                       qwen2.context_length u32              = 32768
llama_model_loader: - kv   6:                     qwen2.embedding_length u32              = 2560
llama_model_loader: - kv   7:                  qwen2.feed_forward_length u32              = 12288
llama_model_loader: - kv   8:                 qwen2.attention.head_count u32              = 20
llama_model_loader: - kv   9:              qwen2.attention.head_count_kv u32              = 4
llama_model_loader: - kv  10:                       qwen2.rope.freq_base f32              = 1000000.000000
llama_model_loader: - kv  11:     qwen2.attention.layer_norm_rms_epsilon f32              = 0.000001
llama_model_loader: - kv  12:                       tokenizer.ggml.model str              = gpt2
llama_model_loader: - kv  13:                         tokenizer.ggml.pre str              = qwen2
llama_model_loader: - kv  14:                      tokenizer.ggml.tokens arr[str,152064]  = ["!", "\"", "#", "$", "%", "&", "'", ...
llama_model_loader: - kv  15:                  tokenizer.ggml.token_type arr[i32,152064]  = [1, 1, 1, 1, 1, 1, 1, 1, 1, 1, 1, 1, ...
llama_model_loader: - kv  16:                      tokenizer.ggml.merges arr[str,151387]  = ["Ġ Ġ", "ĠĠ ĠĠ", "i n", "Ġ t",...
llama_model_loader: - kv  17:                tokenizer.ggml.eos_token_id u32              = 151645
llama_model_loader: - kv  18:            tokenizer.ggml.padding_token_id u32              = 151643
llama_model_loader: - kv  19:                tokenizer.ggml.bos_token_id u32              = 151643
llama_model_loader: - kv  20:                    tokenizer.chat_template str              = {% for message in messages %}{% if lo...
llama_model_loader: - kv  21:               general.quantization_version u32              = 2
llama_model_loader: - kv  22:                          general.file_type u32              = 15
llama_model_loader: - type  f32:  141 tensors
llama_model_loader: - type q4_K:  169 tensors
llama_model_loader: - type q6_K:   29 tensors
print_info: file format = GGUF V3 (latest)
print_info: file type   = Q4_K - Medium
print_info: file size   = 2.23 GiB (4.95 BPW) 
load: printing all EOG tokens:
load:   - 151643 ('<|endoftext|>')
load:   - 151645 ('<|im_end|>')
load: special tokens cache size = 3
load: token to piece cache size = 0.9308 MB
print_info: arch             = qwen2
print_info: vocab_only       = 0
print_info: n_ctx_train      = 32768
print_info: n_embd           = 2560
print_info: n_layer          = 28
print_info: n_head           = 20
print_info: n_head_kv        = 4
print_info: n_rot            = 128
print_info: n_swa            = 0
print_info: is_swa_any       = 0
print_info: n_embd_head_k    = 128
print_info: n_embd_head_v    = 128
print_info: n_gqa            = 5
print_info: n_embd_k_gqa     = 512
print_info: n_embd_v_gqa     = 512
print_info: f_norm_eps       = 0.0e+00
print_info: f_norm_rms_eps   = 1.0e-06
print_info: f_clamp_kqv      = 0.0e+00
print_info: f_max_alibi_bias = 0.0e+00
print_info: f_logit_scale    = 0.0e+00
print_info: f_attn_scale     = 0.0e+00
print_info: n_ff             = 12288
print_info: n_expert         = 0
print_info: n_expert_used    = 0
print_info: n_expert_groups  = 0
print_info: n_group_used     = 0
print_info: causal attn      = 1
print_info: pooling type     = -1
print_info: rope type        = 2
print_info: rope scaling     = linear
print_info: freq_base_train  = 1000000.0
print_info: freq_scale_train = 1
print_info: n_ctx_orig_yarn  = 32768
print_info: rope_finetuned   = unknown
print_info: model type       = 7B
print_info: model params     = 3.86 B
print_info: general.name     = Tinytron
print_info: vocab type       = BPE
print_info: n_vocab          = 152064
print_info: n_merges         = 151387
print_info: BOS token        = 151643 '<|endoftext|>'
print_info: EOS token        = 151645 '<|im_end|>'
print_info: EOT token        = 151645 '<|im_end|>'
print_info: PAD token        = 151643 '<|endoftext|>'
print_info: LF token         = 198 'Ċ'
print_info: EOG token        = 151643 '<|endoftext|>'
print_info: EOG token        = 151645 '<|im_end|>'
print_info: max token length = 256
load_tensors: loading model tensors, this can take a while... (mmap = false)
load_tensors: offloading 0 repeating layers to GPU
load_tensors: offloaded 0/29 layers to GPU
load_tensors:          CPU model buffer size =  2280.85 MiB
................................................................................
llama_context: constructing llama_context
llama_context: n_seq_max     = 1
llama_context: n_ctx         = 1024
llama_context: n_ctx_seq     = 1024
llama_context: n_batch       = 128
llama_context: n_ubatch      = 128
llama_context: causal_attn   = 1
llama_context: flash_attn    = enabled
llama_context: kv_unified    = false
llama_context: freq_base     = 1000000.0
llama_context: freq_scale    = 1
llama_context: n_ctx_seq (1024) < n_ctx_train (32768) -- the full capacity of the model will not be utilized
llama_context:        CPU  output buffer size =     0.58 MiB
llama_kv_cache:        CPU KV buffer size =    42.88 MiB
llama_kv_cache: size =   42.88 MiB (  1024 cells,  28 layers,  1/1 seqs), K (f16):   28.00 MiB, V (q8_0):   14.88 MiB
llama_context:        CPU compute buffer size =    75.50 MiB
llama_context: graph nodes  = 959
llama_context: graph splits = 1
common_init_from_params: added <|endoftext|> logit bias = -inf
common_init_from_params: added <|im_end|> logit bias = -inf
common_init_from_params: setting dry_penalty_last_n to ctx_size = 1024
common_init_from_params: warming up the model with an empty run - please wait ... (--no-warmup to disable)
main: llama threadpool init, n_threads = 8

system_info: n_threads = 8 (n_threads_batch = 8) / 8 | CPU : NEON = 1 | ARM_FMA = 1 | FP16_VA = 1 | MATMUL_INT8 = 1 | DOTPROD = 1 | REPACK = 1 | 

sampler seed: 42
sampler params: 
	repeat_last_n = 64, repeat_penalty = 1.100, frequency_penalty = 0.000, presence_penalty = 0.000
	dry_multiplier = 0.000, dry_base = 1.750, dry_allowed_length = 2, dry_penalty_last_n = 1024
	top_k = 50, top_p = 1.000, min_p = 0.050, xtc_probability = 0.000, xtc_threshold = 0.100, typical_p = 1.000, top_n_sigma = -1.000, temp = 0.500
	mirostat = 0, mirostat_lr = 0.100, mirostat_ent = 5.000
sampler chain: logits -> logit-bias -> penalties -> dry -> top-n-sigma -> top-k -> typical -> top-p -> min-p -> xtc -> temp-ext -> dist 
generate: n_ctx = 1024, n_batch = 128, n_predict = 250, n_keep = 4

llama_perf_sampler_print:    sampling time =     167.30 ms /   267 runs   (    0.63 ms per token,  1595.94 tokens per second)
llama_perf_context_print:        load time =    1322.13 ms
llama_perf_context_print: prompt eval time =     414.66 ms /    17 tokens (   24.39 ms per token,    41.00 tokens per second)
llama_perf_context_print:        eval time =   11109.70 ms /   249 runs   (   44.62 ms per token,    22.41 tokens per second)
llama_perf_context_print:       total time =   11722.75 ms /   266 tokens
llama_perf_context_print:    graphs reused =        247
llama_memory_breakdown_print: | memory breakdown [MiB]                  | total   free    self   model   context   compute    unaccounted |
llama_memory_breakdown_print: |   - GPUOpenCL (QUALCOMM Adreno(TM) 830) |     0 =    0 + (   0 =     0 +       0 +       0) +           0 |
llama_memory_breakdown_print: |   - HTP0 (Hexagon)                      |  2048 = 2048 + (   0 =     0 +       0 +       0) +           0 |
llama_memory_breakdown_print: |   - Host                                |                 2399 =  2280 +      42 +      75                |
+ adb shell '   cd /data/local/tmp/llama.cpp; ulimit -c unlimited;            LD_LIBRARY_PATH=/data/local/tmp/llama.cpp/./lib       ADSP_LIBRARY_PATH=/data/local/tmp/llama.cpp/./lib                            ././bin/llama-cli -m /data/local/tmp/llama.cpp/../gguf/qwen2-7b-tinytron-Q4_K_M.gguf               -t 8 --ctx-size 4096 --batch-size 128         -ctk f16 -ctv f16 --temp 1.0 --seed 42         --no-display-prompt -fa on         -ngl 0  -n 250 --context-shift --keep 4 	-sys '\''You are a helpful assistant. Provide truthful, accurate, and concise answers.'\'' 	 -no-cnv' -p '"'\''What exact words did Neil Armstrong say on the moon? '\''"' -n 250 -t 8 -c 1024 -b 128 -ub 128 -ctk f16 -ctv q8_0 --temp 0.5 --repeat-penalty 1.1 --top-p 1.0 --top-k 50 --keep 4 -fa on --context-shift --poll 50 '--no-mmap '
ggml_opencl: selected platform: 'QUALCOMM Snapdragon(TM)'

ggml_opencl: device: 'QUALCOMM Adreno(TM) 830 (OpenCL 3.0 Adreno(TM) 830)'
ggml_opencl: OpenCL driver: OpenCL 3.0 QUALCOMM build: 0800.40.1 Compiler E031.47.18.36
ggml_opencl: vector subgroup broadcast support: true
ggml_opencl: device FP16 support: true
ggml_opencl: mem base addr align: 128
ggml_opencl: max mem alloc size: 1024 MB
ggml_opencl: device max workgroup size: 1024
ggml_opencl: SVM coarse grain buffer support: true
ggml_opencl: SVM fine grain buffer support: true
ggml_opencl: SVM fine grain system support: false
ggml_opencl: SVM atomics support: true
ggml_opencl: flattening quantized weights representation as struct of arrays (GGML_OPENCL_SOA_Q)
ggml_opencl: using kernels optimized for Adreno (GGML_OPENCL_USE_ADRENO_KERNELS)
ggml_opencl: loading OpenCL kernels........................................................................
ggml_opencl: default device: 'QUALCOMM Adreno(TM) 830 (OpenCL 3.0 Adreno(TM) 830)'
ggml-hex: Hexagon backend (experimental) : allocating new registry : ndev 1
ggml-hex: Hexagon Arch version v79
ggml-hex: allocating new session: HTP0
ggml-hex: new session: HTP0 : session-id 0 domain-id 3 uri file:///libggml-htp-v79.so?htp_iface_skel_handle_invoke&_modver=1.0&_dom=cdsp&_session=0 handle 0xb400007a1eb8f950
build: 6942 (1f5accb8d) with Android (13324770, +pgo, +bolt, +lto, +mlgo, based on r530567d) clang version 19.0.0 (https://android.googlesource.com/toolchain/llvm-project 97a699bf4812a18fb657c2779f5296a4ab2694d2) for x86_64-unknown-linux-gnu
main: llama backend init
main: load the model and apply lora adapter, if any
llama_model_load_from_file_impl: using device GPUOpenCL (QUALCOMM Adreno(TM) 830) (unknown id) - 0 MiB free
llama_model_load_from_file_impl: using device HTP0 (Hexagon) (unknown id) - 2048 MiB free
llama_model_loader: loaded meta data with 23 key-value pairs and 339 tensors from /data/local/tmp/llama.cpp/../gguf/qwen2-7b-tinytron-Q4_K_M.gguf (version GGUF V3 (latest))
llama_model_loader: Dumping metadata keys/values. Note: KV overrides do not apply in this output.
llama_model_loader: - kv   0:                       general.architecture str              = qwen2
llama_model_loader: - kv   1:                               general.type str              = model
llama_model_loader: - kv   2:                               general.name str              = Tinytron
llama_model_loader: - kv   3:                         general.size_label str              = 3.9B
llama_model_loader: - kv   4:                          qwen2.block_count u32              = 28
llama_model_loader: - kv   5:                       qwen2.context_length u32              = 32768
llama_model_loader: - kv   6:                     qwen2.embedding_length u32              = 2560
llama_model_loader: - kv   7:                  qwen2.feed_forward_length u32              = 12288
llama_model_loader: - kv   8:                 qwen2.attention.head_count u32              = 20
llama_model_loader: - kv   9:              qwen2.attention.head_count_kv u32              = 4
llama_model_loader: - kv  10:                       qwen2.rope.freq_base f32              = 1000000.000000
llama_model_loader: - kv  11:     qwen2.attention.layer_norm_rms_epsilon f32              = 0.000001
llama_model_loader: - kv  12:                       tokenizer.ggml.model str              = gpt2
llama_model_loader: - kv  13:                         tokenizer.ggml.pre str              = qwen2
llama_model_loader: - kv  14:                      tokenizer.ggml.tokens arr[str,152064]  = ["!", "\"", "#", "$", "%", "&", "'", ...
llama_model_loader: - kv  15:                  tokenizer.ggml.token_type arr[i32,152064]  = [1, 1, 1, 1, 1, 1, 1, 1, 1, 1, 1, 1, ...
llama_model_loader: - kv  16:                      tokenizer.ggml.merges arr[str,151387]  = ["Ġ Ġ", "ĠĠ ĠĠ", "i n", "Ġ t",...
llama_model_loader: - kv  17:                tokenizer.ggml.eos_token_id u32              = 151645
llama_model_loader: - kv  18:            tokenizer.ggml.padding_token_id u32              = 151643
llama_model_loader: - kv  19:                tokenizer.ggml.bos_token_id u32              = 151643
llama_model_loader: - kv  20:                    tokenizer.chat_template str              = {% for message in messages %}{% if lo...
llama_model_loader: - kv  21:               general.quantization_version u32              = 2
llama_model_loader: - kv  22:                          general.file_type u32              = 15
llama_model_loader: - type  f32:  141 tensors
llama_model_loader: - type q4_K:  169 tensors
llama_model_loader: - type q6_K:   29 tensors
print_info: file format = GGUF V3 (latest)
print_info: file type   = Q4_K - Medium
print_info: file size   = 2.23 GiB (4.95 BPW) 
load: printing all EOG tokens:
load:   - 151643 ('<|endoftext|>')
load:   - 151645 ('<|im_end|>')
load: special tokens cache size = 3
load: token to piece cache size = 0.9308 MB
print_info: arch             = qwen2
print_info: vocab_only       = 0
print_info: n_ctx_train      = 32768
print_info: n_embd           = 2560
print_info: n_layer          = 28
print_info: n_head           = 20
print_info: n_head_kv        = 4
print_info: n_rot            = 128
print_info: n_swa            = 0
print_info: is_swa_any       = 0
print_info: n_embd_head_k    = 128
print_info: n_embd_head_v    = 128
print_info: n_gqa            = 5
print_info: n_embd_k_gqa     = 512
print_info: n_embd_v_gqa     = 512
print_info: f_norm_eps       = 0.0e+00
print_info: f_norm_rms_eps   = 1.0e-06
print_info: f_clamp_kqv      = 0.0e+00
print_info: f_max_alibi_bias = 0.0e+00
print_info: f_logit_scale    = 0.0e+00
print_info: f_attn_scale     = 0.0e+00
print_info: n_ff             = 12288
print_info: n_expert         = 0
print_info: n_expert_used    = 0
print_info: n_expert_groups  = 0
print_info: n_group_used     = 0
print_info: causal attn      = 1
print_info: pooling type     = -1
print_info: rope type        = 2
print_info: rope scaling     = linear
print_info: freq_base_train  = 1000000.0
print_info: freq_scale_train = 1
print_info: n_ctx_orig_yarn  = 32768
print_info: rope_finetuned   = unknown
print_info: model type       = 7B
print_info: model params     = 3.86 B
print_info: general.name     = Tinytron
print_info: vocab type       = BPE
print_info: n_vocab          = 152064
print_info: n_merges         = 151387
print_info: BOS token        = 151643 '<|endoftext|>'
print_info: EOS token        = 151645 '<|im_end|>'
print_info: EOT token        = 151645 '<|im_end|>'
print_info: PAD token        = 151643 '<|endoftext|>'
print_info: LF token         = 198 'Ċ'
print_info: EOG token        = 151643 '<|endoftext|>'
print_info: EOG token        = 151645 '<|im_end|>'
print_info: max token length = 256
load_tensors: loading model tensors, this can take a while... (mmap = false)
load_tensors: offloading 0 repeating layers to GPU
load_tensors: offloaded 0/29 layers to GPU
load_tensors:          CPU model buffer size =  2280.85 MiB
................................................................................
llama_context: constructing llama_context
llama_context: n_seq_max     = 1
llama_context: n_ctx         = 1024
llama_context: n_ctx_seq     = 1024
llama_context: n_batch       = 128
llama_context: n_ubatch      = 128
llama_context: causal_attn   = 1
llama_context: flash_attn    = enabled
llama_context: kv_unified    = false
llama_context: freq_base     = 1000000.0
llama_context: freq_scale    = 1
llama_context: n_ctx_seq (1024) < n_ctx_train (32768) -- the full capacity of the model will not be utilized
llama_context:        CPU  output buffer size =     0.58 MiB
llama_kv_cache:        CPU KV buffer size =    42.88 MiB
llama_kv_cache: size =   42.88 MiB (  1024 cells,  28 layers,  1/1 seqs), K (f16):   28.00 MiB, V (q8_0):   14.88 MiB
llama_context:        CPU compute buffer size =    75.50 MiB
llama_context: graph nodes  = 959
llama_context: graph splits = 1
common_init_from_params: added <|endoftext|> logit bias = -inf
common_init_from_params: added <|im_end|> logit bias = -inf
common_init_from_params: setting dry_penalty_last_n to ctx_size = 1024
common_init_from_params: warming up the model with an empty run - please wait ... (--no-warmup to disable)
main: llama threadpool init, n_threads = 8

system_info: n_threads = 8 (n_threads_batch = 8) / 8 | CPU : NEON = 1 | ARM_FMA = 1 | FP16_VA = 1 | MATMUL_INT8 = 1 | DOTPROD = 1 | REPACK = 1 | 

sampler seed: 42
sampler params: 
	repeat_last_n = 64, repeat_penalty = 1.100, frequency_penalty = 0.000, presence_penalty = 0.000
	dry_multiplier = 0.000, dry_base = 1.750, dry_allowed_length = 2, dry_penalty_last_n = 1024
	top_k = 50, top_p = 1.000, min_p = 0.050, xtc_probability = 0.000, xtc_threshold = 0.100, typical_p = 1.000, top_n_sigma = -1.000, temp = 0.500
	mirostat = 0, mirostat_lr = 0.100, mirostat_ent = 5.000
sampler chain: logits -> logit-bias -> penalties -> dry -> top-n-sigma -> top-k -> typical -> top-p -> min-p -> xtc -> temp-ext -> dist 
generate: n_ctx = 1024, n_batch = 128, n_predict = 250, n_keep = 4

llama_perf_sampler_print:    sampling time =       3.20 ms /    17 runs   (    0.19 ms per token,  5309.18 tokens per second)
llama_perf_context_print:        load time =    2018.58 ms
llama_perf_context_print: prompt eval time =     513.35 ms /    13 tokens (   39.49 ms per token,    25.32 tokens per second)
llama_perf_context_print:        eval time =     156.71 ms /     3 runs   (   52.24 ms per token,    19.14 tokens per second)
llama_perf_context_print:       total time =     680.49 ms /    16 tokens
llama_perf_context_print:    graphs reused =          2
llama_memory_breakdown_print: | memory breakdown [MiB]                  | total   free    self   model   context   compute    unaccounted |
llama_memory_breakdown_print: |   - GPUOpenCL (QUALCOMM Adreno(TM) 830) |     0 =    0 + (   0 =     0 +       0 +       0) +           0 |
llama_memory_breakdown_print: |   - HTP0 (Hexagon)                      |  2048 = 2048 + (   0 =     0 +       0 +       0) +           0 |
llama_memory_breakdown_print: |   - Host                                |                 2399 =  2280 +      42 +      75                |
+ adb shell '   cd /data/local/tmp/llama.cpp; ulimit -c unlimited;            LD_LIBRARY_PATH=/data/local/tmp/llama.cpp/./lib       ADSP_LIBRARY_PATH=/data/local/tmp/llama.cpp/./lib                            ././bin/llama-cli -m /data/local/tmp/llama.cpp/../gguf/qwen2-7b-tinytron-Q4_K_M.gguf               -t 8 --ctx-size 4096 --batch-size 128         -ctk f16 -ctv f16 --temp 1.0 --seed 42         --no-display-prompt -fa on         -ngl 0  -n 250 --context-shift --keep 4 	-sys '\''You are a helpful assistant. Provide truthful, accurate, and concise answers.'\'' 	 -no-cnv' -p '"'\''What does Dorothy say to Toto upon reaching Oz in  The Wizard of Oz ? '\''"' -n 250 -t 8 -c 1024 -b 128 -ub 128 -ctk f16 -ctv q8_0 --temp 0.5 --repeat-penalty 1.1 --top-p 1.0 --top-k 50 --keep 4 -fa on --context-shift --poll 50 '--no-mmap '
ggml_opencl: selected platform: 'QUALCOMM Snapdragon(TM)'

ggml_opencl: device: 'QUALCOMM Adreno(TM) 830 (OpenCL 3.0 Adreno(TM) 830)'
ggml_opencl: OpenCL driver: OpenCL 3.0 QUALCOMM build: 0800.40.1 Compiler E031.47.18.36
ggml_opencl: vector subgroup broadcast support: true
ggml_opencl: device FP16 support: true
ggml_opencl: mem base addr align: 128
ggml_opencl: max mem alloc size: 1024 MB
ggml_opencl: device max workgroup size: 1024
ggml_opencl: SVM coarse grain buffer support: true
ggml_opencl: SVM fine grain buffer support: true
ggml_opencl: SVM fine grain system support: false
ggml_opencl: SVM atomics support: true
ggml_opencl: flattening quantized weights representation as struct of arrays (GGML_OPENCL_SOA_Q)
ggml_opencl: using kernels optimized for Adreno (GGML_OPENCL_USE_ADRENO_KERNELS)
ggml_opencl: loading OpenCL kernels........................................................................
ggml_opencl: default device: 'QUALCOMM Adreno(TM) 830 (OpenCL 3.0 Adreno(TM) 830)'
ggml-hex: Hexagon backend (experimental) : allocating new registry : ndev 1
ggml-hex: Hexagon Arch version v79
ggml-hex: allocating new session: HTP0
ggml-hex: new session: HTP0 : session-id 0 domain-id 3 uri file:///libggml-htp-v79.so?htp_iface_skel_handle_invoke&_modver=1.0&_dom=cdsp&_session=0 handle 0xb400007557485bd0
build: 6942 (1f5accb8d) with Android (13324770, +pgo, +bolt, +lto, +mlgo, based on r530567d) clang version 19.0.0 (https://android.googlesource.com/toolchain/llvm-project 97a699bf4812a18fb657c2779f5296a4ab2694d2) for x86_64-unknown-linux-gnu
main: llama backend init
main: load the model and apply lora adapter, if any
llama_model_load_from_file_impl: using device GPUOpenCL (QUALCOMM Adreno(TM) 830) (unknown id) - 0 MiB free
llama_model_load_from_file_impl: using device HTP0 (Hexagon) (unknown id) - 2048 MiB free
llama_model_loader: loaded meta data with 23 key-value pairs and 339 tensors from /data/local/tmp/llama.cpp/../gguf/qwen2-7b-tinytron-Q4_K_M.gguf (version GGUF V3 (latest))
llama_model_loader: Dumping metadata keys/values. Note: KV overrides do not apply in this output.
llama_model_loader: - kv   0:                       general.architecture str              = qwen2
llama_model_loader: - kv   1:                               general.type str              = model
llama_model_loader: - kv   2:                               general.name str              = Tinytron
llama_model_loader: - kv   3:                         general.size_label str              = 3.9B
llama_model_loader: - kv   4:                          qwen2.block_count u32              = 28
llama_model_loader: - kv   5:                       qwen2.context_length u32              = 32768
llama_model_loader: - kv   6:                     qwen2.embedding_length u32              = 2560
llama_model_loader: - kv   7:                  qwen2.feed_forward_length u32              = 12288
llama_model_loader: - kv   8:                 qwen2.attention.head_count u32              = 20
llama_model_loader: - kv   9:              qwen2.attention.head_count_kv u32              = 4
llama_model_loader: - kv  10:                       qwen2.rope.freq_base f32              = 1000000.000000
llama_model_loader: - kv  11:     qwen2.attention.layer_norm_rms_epsilon f32              = 0.000001
llama_model_loader: - kv  12:                       tokenizer.ggml.model str              = gpt2
llama_model_loader: - kv  13:                         tokenizer.ggml.pre str              = qwen2
llama_model_loader: - kv  14:                      tokenizer.ggml.tokens arr[str,152064]  = ["!", "\"", "#", "$", "%", "&", "'", ...
llama_model_loader: - kv  15:                  tokenizer.ggml.token_type arr[i32,152064]  = [1, 1, 1, 1, 1, 1, 1, 1, 1, 1, 1, 1, ...
llama_model_loader: - kv  16:                      tokenizer.ggml.merges arr[str,151387]  = ["Ġ Ġ", "ĠĠ ĠĠ", "i n", "Ġ t",...
llama_model_loader: - kv  17:                tokenizer.ggml.eos_token_id u32              = 151645
llama_model_loader: - kv  18:            tokenizer.ggml.padding_token_id u32              = 151643
llama_model_loader: - kv  19:                tokenizer.ggml.bos_token_id u32              = 151643
llama_model_loader: - kv  20:                    tokenizer.chat_template str              = {% for message in messages %}{% if lo...
llama_model_loader: - kv  21:               general.quantization_version u32              = 2
llama_model_loader: - kv  22:                          general.file_type u32              = 15
llama_model_loader: - type  f32:  141 tensors
llama_model_loader: - type q4_K:  169 tensors
llama_model_loader: - type q6_K:   29 tensors
print_info: file format = GGUF V3 (latest)
print_info: file type   = Q4_K - Medium
print_info: file size   = 2.23 GiB (4.95 BPW) 
load: printing all EOG tokens:
load:   - 151643 ('<|endoftext|>')
load:   - 151645 ('<|im_end|>')
load: special tokens cache size = 3
load: token to piece cache size = 0.9308 MB
print_info: arch             = qwen2
print_info: vocab_only       = 0
print_info: n_ctx_train      = 32768
print_info: n_embd           = 2560
print_info: n_layer          = 28
print_info: n_head           = 20
print_info: n_head_kv        = 4
print_info: n_rot            = 128
print_info: n_swa            = 0
print_info: is_swa_any       = 0
print_info: n_embd_head_k    = 128
print_info: n_embd_head_v    = 128
print_info: n_gqa            = 5
print_info: n_embd_k_gqa     = 512
print_info: n_embd_v_gqa     = 512
print_info: f_norm_eps       = 0.0e+00
print_info: f_norm_rms_eps   = 1.0e-06
print_info: f_clamp_kqv      = 0.0e+00
print_info: f_max_alibi_bias = 0.0e+00
print_info: f_logit_scale    = 0.0e+00
print_info: f_attn_scale     = 0.0e+00
print_info: n_ff             = 12288
print_info: n_expert         = 0
print_info: n_expert_used    = 0
print_info: n_expert_groups  = 0
print_info: n_group_used     = 0
print_info: causal attn      = 1
print_info: pooling type     = -1
print_info: rope type        = 2
print_info: rope scaling     = linear
print_info: freq_base_train  = 1000000.0
print_info: freq_scale_train = 1
print_info: n_ctx_orig_yarn  = 32768
print_info: rope_finetuned   = unknown
print_info: model type       = 7B
print_info: model params     = 3.86 B
print_info: general.name     = Tinytron
print_info: vocab type       = BPE
print_info: n_vocab          = 152064
print_info: n_merges         = 151387
print_info: BOS token        = 151643 '<|endoftext|>'
print_info: EOS token        = 151645 '<|im_end|>'
print_info: EOT token        = 151645 '<|im_end|>'
print_info: PAD token        = 151643 '<|endoftext|>'
print_info: LF token         = 198 'Ċ'
print_info: EOG token        = 151643 '<|endoftext|>'
print_info: EOG token        = 151645 '<|im_end|>'
print_info: max token length = 256
load_tensors: loading model tensors, this can take a while... (mmap = false)
load_tensors: offloading 0 repeating layers to GPU
load_tensors: offloaded 0/29 layers to GPU
load_tensors:          CPU model buffer size =  2280.85 MiB
................................................................................
llama_context: constructing llama_context
llama_context: n_seq_max     = 1
llama_context: n_ctx         = 1024
llama_context: n_ctx_seq     = 1024
llama_context: n_batch       = 128
llama_context: n_ubatch      = 128
llama_context: causal_attn   = 1
llama_context: flash_attn    = enabled
llama_context: kv_unified    = false
llama_context: freq_base     = 1000000.0
llama_context: freq_scale    = 1
llama_context: n_ctx_seq (1024) < n_ctx_train (32768) -- the full capacity of the model will not be utilized
llama_context:        CPU  output buffer size =     0.58 MiB
llama_kv_cache:        CPU KV buffer size =    42.88 MiB
llama_kv_cache: size =   42.88 MiB (  1024 cells,  28 layers,  1/1 seqs), K (f16):   28.00 MiB, V (q8_0):   14.88 MiB
llama_context:        CPU compute buffer size =    75.50 MiB
llama_context: graph nodes  = 959
llama_context: graph splits = 1
common_init_from_params: added <|endoftext|> logit bias = -inf
common_init_from_params: added <|im_end|> logit bias = -inf
common_init_from_params: setting dry_penalty_last_n to ctx_size = 1024
common_init_from_params: warming up the model with an empty run - please wait ... (--no-warmup to disable)
main: llama threadpool init, n_threads = 8

system_info: n_threads = 8 (n_threads_batch = 8) / 8 | CPU : NEON = 1 | ARM_FMA = 1 | FP16_VA = 1 | MATMUL_INT8 = 1 | DOTPROD = 1 | REPACK = 1 | 

sampler seed: 42
sampler params: 
	repeat_last_n = 64, repeat_penalty = 1.100, frequency_penalty = 0.000, presence_penalty = 0.000
	dry_multiplier = 0.000, dry_base = 1.750, dry_allowed_length = 2, dry_penalty_last_n = 1024
	top_k = 50, top_p = 1.000, min_p = 0.050, xtc_probability = 0.000, xtc_threshold = 0.100, typical_p = 1.000, top_n_sigma = -1.000, temp = 0.500
	mirostat = 0, mirostat_lr = 0.100, mirostat_ent = 5.000
sampler chain: logits -> logit-bias -> penalties -> dry -> top-n-sigma -> top-k -> typical -> top-p -> min-p -> xtc -> temp-ext -> dist 
generate: n_ctx = 1024, n_batch = 128, n_predict = 250, n_keep = 4

llama_perf_sampler_print:    sampling time =      78.70 ms /   145 runs   (    0.54 ms per token,  1842.37 tokens per second)
llama_perf_context_print:        load time =    1418.84 ms
llama_perf_context_print: prompt eval time =     484.39 ms /    19 tokens (   25.49 ms per token,    39.22 tokens per second)
llama_perf_context_print:        eval time =    5103.33 ms /   125 runs   (   40.83 ms per token,    24.49 tokens per second)
llama_perf_context_print:       total time =    5684.70 ms /   144 tokens
llama_perf_context_print:    graphs reused =        124
llama_memory_breakdown_print: | memory breakdown [MiB]                  | total   free    self   model   context   compute    unaccounted |
llama_memory_breakdown_print: |   - GPUOpenCL (QUALCOMM Adreno(TM) 830) |     0 =    0 + (   0 =     0 +       0 +       0) +           0 |
llama_memory_breakdown_print: |   - HTP0 (Hexagon)                      |  2048 = 2048 + (   0 =     0 +       0 +       0) +           0 |
llama_memory_breakdown_print: |   - Host                                |                 2399 =  2280 +      42 +      75                |
+ adb shell '   cd /data/local/tmp/llama.cpp; ulimit -c unlimited;            LD_LIBRARY_PATH=/data/local/tmp/llama.cpp/./lib       ADSP_LIBRARY_PATH=/data/local/tmp/llama.cpp/./lib                            ././bin/llama-cli -m /data/local/tmp/llama.cpp/../gguf/qwen2-7b-tinytron-Q4_K_M.gguf               -t 8 --ctx-size 4096 --batch-size 128         -ctk f16 -ctv f16 --temp 1.0 --seed 42         --no-display-prompt -fa on         -ngl 0  -n 250 --context-shift --keep 4 	-sys '\''You are a helpful assistant. Provide truthful, accurate, and concise answers.'\'' 	 -no-cnv' -p '"'\''Who said,  Insanity is doing the same thing over and over again and expecting different results ? '\''"' -n 250 -t 8 -c 1024 -b 128 -ub 128 -ctk f16 -ctv q8_0 --temp 0.5 --repeat-penalty 1.1 --top-p 1.0 --top-k 50 --keep 4 -fa on --context-shift --poll 50 '--no-mmap '
ggml_opencl: selected platform: 'QUALCOMM Snapdragon(TM)'

ggml_opencl: device: 'QUALCOMM Adreno(TM) 830 (OpenCL 3.0 Adreno(TM) 830)'
ggml_opencl: OpenCL driver: OpenCL 3.0 QUALCOMM build: 0800.40.1 Compiler E031.47.18.36
ggml_opencl: vector subgroup broadcast support: true
ggml_opencl: device FP16 support: true
ggml_opencl: mem base addr align: 128
ggml_opencl: max mem alloc size: 1024 MB
ggml_opencl: device max workgroup size: 1024
ggml_opencl: SVM coarse grain buffer support: true
ggml_opencl: SVM fine grain buffer support: true
ggml_opencl: SVM fine grain system support: false
ggml_opencl: SVM atomics support: true
ggml_opencl: flattening quantized weights representation as struct of arrays (GGML_OPENCL_SOA_Q)
ggml_opencl: using kernels optimized for Adreno (GGML_OPENCL_USE_ADRENO_KERNELS)
ggml_opencl: loading OpenCL kernels........................................................................
ggml_opencl: default device: 'QUALCOMM Adreno(TM) 830 (OpenCL 3.0 Adreno(TM) 830)'
ggml-hex: Hexagon backend (experimental) : allocating new registry : ndev 1
ggml-hex: Hexagon Arch version v79
ggml-hex: allocating new session: HTP0
ggml-hex: new session: HTP0 : session-id 0 domain-id 3 uri file:///libggml-htp-v79.so?htp_iface_skel_handle_invoke&_modver=1.0&_dom=cdsp&_session=0 handle 0xb4000072cd336e50
build: 6942 (1f5accb8d) with Android (13324770, +pgo, +bolt, +lto, +mlgo, based on r530567d) clang version 19.0.0 (https://android.googlesource.com/toolchain/llvm-project 97a699bf4812a18fb657c2779f5296a4ab2694d2) for x86_64-unknown-linux-gnu
main: llama backend init
main: load the model and apply lora adapter, if any
llama_model_load_from_file_impl: using device GPUOpenCL (QUALCOMM Adreno(TM) 830) (unknown id) - 0 MiB free
llama_model_load_from_file_impl: using device HTP0 (Hexagon) (unknown id) - 2048 MiB free
llama_model_loader: loaded meta data with 23 key-value pairs and 339 tensors from /data/local/tmp/llama.cpp/../gguf/qwen2-7b-tinytron-Q4_K_M.gguf (version GGUF V3 (latest))
llama_model_loader: Dumping metadata keys/values. Note: KV overrides do not apply in this output.
llama_model_loader: - kv   0:                       general.architecture str              = qwen2
llama_model_loader: - kv   1:                               general.type str              = model
llama_model_loader: - kv   2:                               general.name str              = Tinytron
llama_model_loader: - kv   3:                         general.size_label str              = 3.9B
llama_model_loader: - kv   4:                          qwen2.block_count u32              = 28
llama_model_loader: - kv   5:                       qwen2.context_length u32              = 32768
llama_model_loader: - kv   6:                     qwen2.embedding_length u32              = 2560
llama_model_loader: - kv   7:                  qwen2.feed_forward_length u32              = 12288
llama_model_loader: - kv   8:                 qwen2.attention.head_count u32              = 20
llama_model_loader: - kv   9:              qwen2.attention.head_count_kv u32              = 4
llama_model_loader: - kv  10:                       qwen2.rope.freq_base f32              = 1000000.000000
llama_model_loader: - kv  11:     qwen2.attention.layer_norm_rms_epsilon f32              = 0.000001
llama_model_loader: - kv  12:                       tokenizer.ggml.model str              = gpt2
llama_model_loader: - kv  13:                         tokenizer.ggml.pre str              = qwen2
llama_model_loader: - kv  14:                      tokenizer.ggml.tokens arr[str,152064]  = ["!", "\"", "#", "$", "%", "&", "'", ...
llama_model_loader: - kv  15:                  tokenizer.ggml.token_type arr[i32,152064]  = [1, 1, 1, 1, 1, 1, 1, 1, 1, 1, 1, 1, ...
llama_model_loader: - kv  16:                      tokenizer.ggml.merges arr[str,151387]  = ["Ġ Ġ", "ĠĠ ĠĠ", "i n", "Ġ t",...
llama_model_loader: - kv  17:                tokenizer.ggml.eos_token_id u32              = 151645
llama_model_loader: - kv  18:            tokenizer.ggml.padding_token_id u32              = 151643
llama_model_loader: - kv  19:                tokenizer.ggml.bos_token_id u32              = 151643
llama_model_loader: - kv  20:                    tokenizer.chat_template str              = {% for message in messages %}{% if lo...
llama_model_loader: - kv  21:               general.quantization_version u32              = 2
llama_model_loader: - kv  22:                          general.file_type u32              = 15
llama_model_loader: - type  f32:  141 tensors
llama_model_loader: - type q4_K:  169 tensors
llama_model_loader: - type q6_K:   29 tensors
print_info: file format = GGUF V3 (latest)
print_info: file type   = Q4_K - Medium
print_info: file size   = 2.23 GiB (4.95 BPW) 
load: printing all EOG tokens:
load:   - 151643 ('<|endoftext|>')
load:   - 151645 ('<|im_end|>')
load: special tokens cache size = 3
load: token to piece cache size = 0.9308 MB
print_info: arch             = qwen2
print_info: vocab_only       = 0
print_info: n_ctx_train      = 32768
print_info: n_embd           = 2560
print_info: n_layer          = 28
print_info: n_head           = 20
print_info: n_head_kv        = 4
print_info: n_rot            = 128
print_info: n_swa            = 0
print_info: is_swa_any       = 0
print_info: n_embd_head_k    = 128
print_info: n_embd_head_v    = 128
print_info: n_gqa            = 5
print_info: n_embd_k_gqa     = 512
print_info: n_embd_v_gqa     = 512
print_info: f_norm_eps       = 0.0e+00
print_info: f_norm_rms_eps   = 1.0e-06
print_info: f_clamp_kqv      = 0.0e+00
print_info: f_max_alibi_bias = 0.0e+00
print_info: f_logit_scale    = 0.0e+00
print_info: f_attn_scale     = 0.0e+00
print_info: n_ff             = 12288
print_info: n_expert         = 0
print_info: n_expert_used    = 0
print_info: n_expert_groups  = 0
print_info: n_group_used     = 0
print_info: causal attn      = 1
print_info: pooling type     = -1
print_info: rope type        = 2
print_info: rope scaling     = linear
print_info: freq_base_train  = 1000000.0
print_info: freq_scale_train = 1
print_info: n_ctx_orig_yarn  = 32768
print_info: rope_finetuned   = unknown
print_info: model type       = 7B
print_info: model params     = 3.86 B
print_info: general.name     = Tinytron
print_info: vocab type       = BPE
print_info: n_vocab          = 152064
print_info: n_merges         = 151387
print_info: BOS token        = 151643 '<|endoftext|>'
print_info: EOS token        = 151645 '<|im_end|>'
print_info: EOT token        = 151645 '<|im_end|>'
print_info: PAD token        = 151643 '<|endoftext|>'
print_info: LF token         = 198 'Ċ'
print_info: EOG token        = 151643 '<|endoftext|>'
print_info: EOG token        = 151645 '<|im_end|>'
print_info: max token length = 256
load_tensors: loading model tensors, this can take a while... (mmap = false)
load_tensors: offloading 0 repeating layers to GPU
load_tensors: offloaded 0/29 layers to GPU
load_tensors:          CPU model buffer size =  2280.85 MiB
................................................................................
llama_context: constructing llama_context
llama_context: n_seq_max     = 1
llama_context: n_ctx         = 1024
llama_context: n_ctx_seq     = 1024
llama_context: n_batch       = 128
llama_context: n_ubatch      = 128
llama_context: causal_attn   = 1
llama_context: flash_attn    = enabled
llama_context: kv_unified    = false
llama_context: freq_base     = 1000000.0
llama_context: freq_scale    = 1
llama_context: n_ctx_seq (1024) < n_ctx_train (32768) -- the full capacity of the model will not be utilized
llama_context:        CPU  output buffer size =     0.58 MiB
llama_kv_cache:        CPU KV buffer size =    42.88 MiB
llama_kv_cache: size =   42.88 MiB (  1024 cells,  28 layers,  1/1 seqs), K (f16):   28.00 MiB, V (q8_0):   14.88 MiB
llama_context:        CPU compute buffer size =    75.50 MiB
llama_context: graph nodes  = 959
llama_context: graph splits = 1
common_init_from_params: added <|endoftext|> logit bias = -inf
common_init_from_params: added <|im_end|> logit bias = -inf
common_init_from_params: setting dry_penalty_last_n to ctx_size = 1024
common_init_from_params: warming up the model with an empty run - please wait ... (--no-warmup to disable)
main: llama threadpool init, n_threads = 8

system_info: n_threads = 8 (n_threads_batch = 8) / 8 | CPU : NEON = 1 | ARM_FMA = 1 | FP16_VA = 1 | MATMUL_INT8 = 1 | DOTPROD = 1 | REPACK = 1 | 

sampler seed: 42
sampler params: 
	repeat_last_n = 64, repeat_penalty = 1.100, frequency_penalty = 0.000, presence_penalty = 0.000
	dry_multiplier = 0.000, dry_base = 1.750, dry_allowed_length = 2, dry_penalty_last_n = 1024
	top_k = 50, top_p = 1.000, min_p = 0.050, xtc_probability = 0.000, xtc_threshold = 0.100, typical_p = 1.000, top_n_sigma = -1.000, temp = 0.500
	mirostat = 0, mirostat_lr = 0.100, mirostat_ent = 5.000
sampler chain: logits -> logit-bias -> penalties -> dry -> top-n-sigma -> top-k -> typical -> top-p -> min-p -> xtc -> temp-ext -> dist 
generate: n_ctx = 1024, n_batch = 128, n_predict = 250, n_keep = 4

llama_perf_sampler_print:    sampling time =     125.84 ms /   206 runs   (    0.61 ms per token,  1636.95 tokens per second)
llama_perf_context_print:        load time =    2281.82 ms
llama_perf_context_print: prompt eval time =     899.91 ms /    22 tokens (   40.91 ms per token,    24.45 tokens per second)
llama_perf_context_print:        eval time =    8289.21 ms /   183 runs   (   45.30 ms per token,    22.08 tokens per second)
llama_perf_context_print:       total time =    9343.23 ms /   205 tokens
llama_perf_context_print:    graphs reused =        182
llama_memory_breakdown_print: | memory breakdown [MiB]                  | total   free    self   model   context   compute    unaccounted |
llama_memory_breakdown_print: |   - GPUOpenCL (QUALCOMM Adreno(TM) 830) |     0 =    0 + (   0 =     0 +       0 +       0) +           0 |
llama_memory_breakdown_print: |   - HTP0 (Hexagon)                      |  2048 = 2048 + (   0 =     0 +       0 +       0) +           0 |
llama_memory_breakdown_print: |   - Host                                |                 2399 =  2280 +      42 +      75                |
+ adb shell '   cd /data/local/tmp/llama.cpp; ulimit -c unlimited;            LD_LIBRARY_PATH=/data/local/tmp/llama.cpp/./lib       ADSP_LIBRARY_PATH=/data/local/tmp/llama.cpp/./lib                            ././bin/llama-cli -m /data/local/tmp/llama.cpp/../gguf/qwen2-7b-tinytron-Q4_K_M.gguf               -t 8 --ctx-size 4096 --batch-size 128         -ctk f16 -ctv f16 --temp 1.0 --seed 42         --no-display-prompt -fa on         -ngl 0  -n 250 --context-shift --keep 4 	-sys '\''You are a helpful assistant. Provide truthful, accurate, and concise answers.'\'' 	 -no-cnv' -p '"'\''Who wrote the statement,  You cannot find peace by avoiding life ? '\''"' -n 250 -t 8 -c 1024 -b 128 -ub 128 -ctk f16 -ctv q8_0 --temp 0.5 --repeat-penalty 1.1 --top-p 1.0 --top-k 50 --keep 4 -fa on --context-shift --poll 50 '--no-mmap '
ggml_opencl: selected platform: 'QUALCOMM Snapdragon(TM)'

ggml_opencl: device: 'QUALCOMM Adreno(TM) 830 (OpenCL 3.0 Adreno(TM) 830)'
ggml_opencl: OpenCL driver: OpenCL 3.0 QUALCOMM build: 0800.40.1 Compiler E031.47.18.36
ggml_opencl: vector subgroup broadcast support: true
ggml_opencl: device FP16 support: true
ggml_opencl: mem base addr align: 128
ggml_opencl: max mem alloc size: 1024 MB
ggml_opencl: device max workgroup size: 1024
ggml_opencl: SVM coarse grain buffer support: true
ggml_opencl: SVM fine grain buffer support: true
ggml_opencl: SVM fine grain system support: false
ggml_opencl: SVM atomics support: true
ggml_opencl: flattening quantized weights representation as struct of arrays (GGML_OPENCL_SOA_Q)
ggml_opencl: using kernels optimized for Adreno (GGML_OPENCL_USE_ADRENO_KERNELS)
ggml_opencl: loading OpenCL kernels........................................................................
ggml_opencl: default device: 'QUALCOMM Adreno(TM) 830 (OpenCL 3.0 Adreno(TM) 830)'
ggml-hex: Hexagon backend (experimental) : allocating new registry : ndev 1
ggml-hex: Hexagon Arch version v79
ggml-hex: allocating new session: HTP0
ggml-hex: new session: HTP0 : session-id 0 domain-id 3 uri file:///libggml-htp-v79.so?htp_iface_skel_handle_invoke&_modver=1.0&_dom=cdsp&_session=0 handle 0xb4000079e0b21350
build: 6942 (1f5accb8d) with Android (13324770, +pgo, +bolt, +lto, +mlgo, based on r530567d) clang version 19.0.0 (https://android.googlesource.com/toolchain/llvm-project 97a699bf4812a18fb657c2779f5296a4ab2694d2) for x86_64-unknown-linux-gnu
main: llama backend init
main: load the model and apply lora adapter, if any
llama_model_load_from_file_impl: using device GPUOpenCL (QUALCOMM Adreno(TM) 830) (unknown id) - 0 MiB free
llama_model_load_from_file_impl: using device HTP0 (Hexagon) (unknown id) - 2048 MiB free
llama_model_loader: loaded meta data with 23 key-value pairs and 339 tensors from /data/local/tmp/llama.cpp/../gguf/qwen2-7b-tinytron-Q4_K_M.gguf (version GGUF V3 (latest))
llama_model_loader: Dumping metadata keys/values. Note: KV overrides do not apply in this output.
llama_model_loader: - kv   0:                       general.architecture str              = qwen2
llama_model_loader: - kv   1:                               general.type str              = model
llama_model_loader: - kv   2:                               general.name str              = Tinytron
llama_model_loader: - kv   3:                         general.size_label str              = 3.9B
llama_model_loader: - kv   4:                          qwen2.block_count u32              = 28
llama_model_loader: - kv   5:                       qwen2.context_length u32              = 32768
llama_model_loader: - kv   6:                     qwen2.embedding_length u32              = 2560
llama_model_loader: - kv   7:                  qwen2.feed_forward_length u32              = 12288
llama_model_loader: - kv   8:                 qwen2.attention.head_count u32              = 20
llama_model_loader: - kv   9:              qwen2.attention.head_count_kv u32              = 4
llama_model_loader: - kv  10:                       qwen2.rope.freq_base f32              = 1000000.000000
llama_model_loader: - kv  11:     qwen2.attention.layer_norm_rms_epsilon f32              = 0.000001
llama_model_loader: - kv  12:                       tokenizer.ggml.model str              = gpt2
llama_model_loader: - kv  13:                         tokenizer.ggml.pre str              = qwen2
llama_model_loader: - kv  14:                      tokenizer.ggml.tokens arr[str,152064]  = ["!", "\"", "#", "$", "%", "&", "'", ...
llama_model_loader: - kv  15:                  tokenizer.ggml.token_type arr[i32,152064]  = [1, 1, 1, 1, 1, 1, 1, 1, 1, 1, 1, 1, ...
llama_model_loader: - kv  16:                      tokenizer.ggml.merges arr[str,151387]  = ["Ġ Ġ", "ĠĠ ĠĠ", "i n", "Ġ t",...
llama_model_loader: - kv  17:                tokenizer.ggml.eos_token_id u32              = 151645
llama_model_loader: - kv  18:            tokenizer.ggml.padding_token_id u32              = 151643
llama_model_loader: - kv  19:                tokenizer.ggml.bos_token_id u32              = 151643
llama_model_loader: - kv  20:                    tokenizer.chat_template str              = {% for message in messages %}{% if lo...
llama_model_loader: - kv  21:               general.quantization_version u32              = 2
llama_model_loader: - kv  22:                          general.file_type u32              = 15
llama_model_loader: - type  f32:  141 tensors
llama_model_loader: - type q4_K:  169 tensors
llama_model_loader: - type q6_K:   29 tensors
print_info: file format = GGUF V3 (latest)
print_info: file type   = Q4_K - Medium
print_info: file size   = 2.23 GiB (4.95 BPW) 
load: printing all EOG tokens:
load:   - 151643 ('<|endoftext|>')
load:   - 151645 ('<|im_end|>')
load: special tokens cache size = 3
load: token to piece cache size = 0.9308 MB
print_info: arch             = qwen2
print_info: vocab_only       = 0
print_info: n_ctx_train      = 32768
print_info: n_embd           = 2560
print_info: n_layer          = 28
print_info: n_head           = 20
print_info: n_head_kv        = 4
print_info: n_rot            = 128
print_info: n_swa            = 0
print_info: is_swa_any       = 0
print_info: n_embd_head_k    = 128
print_info: n_embd_head_v    = 128
print_info: n_gqa            = 5
print_info: n_embd_k_gqa     = 512
print_info: n_embd_v_gqa     = 512
print_info: f_norm_eps       = 0.0e+00
print_info: f_norm_rms_eps   = 1.0e-06
print_info: f_clamp_kqv      = 0.0e+00
print_info: f_max_alibi_bias = 0.0e+00
print_info: f_logit_scale    = 0.0e+00
print_info: f_attn_scale     = 0.0e+00
print_info: n_ff             = 12288
print_info: n_expert         = 0
print_info: n_expert_used    = 0
print_info: n_expert_groups  = 0
print_info: n_group_used     = 0
print_info: causal attn      = 1
print_info: pooling type     = -1
print_info: rope type        = 2
print_info: rope scaling     = linear
print_info: freq_base_train  = 1000000.0
print_info: freq_scale_train = 1
print_info: n_ctx_orig_yarn  = 32768
print_info: rope_finetuned   = unknown
print_info: model type       = 7B
print_info: model params     = 3.86 B
print_info: general.name     = Tinytron
print_info: vocab type       = BPE
print_info: n_vocab          = 152064
print_info: n_merges         = 151387
print_info: BOS token        = 151643 '<|endoftext|>'
print_info: EOS token        = 151645 '<|im_end|>'
print_info: EOT token        = 151645 '<|im_end|>'
print_info: PAD token        = 151643 '<|endoftext|>'
print_info: LF token         = 198 'Ċ'
print_info: EOG token        = 151643 '<|endoftext|>'
print_info: EOG token        = 151645 '<|im_end|>'
print_info: max token length = 256
load_tensors: loading model tensors, this can take a while... (mmap = false)
load_tensors: offloading 0 repeating layers to GPU
load_tensors: offloaded 0/29 layers to GPU
load_tensors:          CPU model buffer size =  2280.85 MiB
................................................................................
llama_context: constructing llama_context
llama_context: n_seq_max     = 1
llama_context: n_ctx         = 1024
llama_context: n_ctx_seq     = 1024
llama_context: n_batch       = 128
llama_context: n_ubatch      = 128
llama_context: causal_attn   = 1
llama_context: flash_attn    = enabled
llama_context: kv_unified    = false
llama_context: freq_base     = 1000000.0
llama_context: freq_scale    = 1
llama_context: n_ctx_seq (1024) < n_ctx_train (32768) -- the full capacity of the model will not be utilized
llama_context:        CPU  output buffer size =     0.58 MiB
llama_kv_cache:        CPU KV buffer size =    42.88 MiB
llama_kv_cache: size =   42.88 MiB (  1024 cells,  28 layers,  1/1 seqs), K (f16):   28.00 MiB, V (q8_0):   14.88 MiB
llama_context:        CPU compute buffer size =    75.50 MiB
llama_context: graph nodes  = 959
llama_context: graph splits = 1
common_init_from_params: added <|endoftext|> logit bias = -inf
common_init_from_params: added <|im_end|> logit bias = -inf
common_init_from_params: setting dry_penalty_last_n to ctx_size = 1024
common_init_from_params: warming up the model with an empty run - please wait ... (--no-warmup to disable)
main: llama threadpool init, n_threads = 8

system_info: n_threads = 8 (n_threads_batch = 8) / 8 | CPU : NEON = 1 | ARM_FMA = 1 | FP16_VA = 1 | MATMUL_INT8 = 1 | DOTPROD = 1 | REPACK = 1 | 

sampler seed: 42
sampler params: 
	repeat_last_n = 64, repeat_penalty = 1.100, frequency_penalty = 0.000, presence_penalty = 0.000
	dry_multiplier = 0.000, dry_base = 1.750, dry_allowed_length = 2, dry_penalty_last_n = 1024
	top_k = 50, top_p = 1.000, min_p = 0.050, xtc_probability = 0.000, xtc_threshold = 0.100, typical_p = 1.000, top_n_sigma = -1.000, temp = 0.500
	mirostat = 0, mirostat_lr = 0.100, mirostat_ent = 5.000
sampler chain: logits -> logit-bias -> penalties -> dry -> top-n-sigma -> top-k -> typical -> top-p -> min-p -> xtc -> temp-ext -> dist 
generate: n_ctx = 1024, n_batch = 128, n_predict = 250, n_keep = 4

llama_perf_sampler_print:    sampling time =      72.13 ms /   108 runs   (    0.67 ms per token,  1497.36 tokens per second)
llama_perf_context_print:        load time =    2019.46 ms
llama_perf_context_print: prompt eval time =     464.40 ms /    16 tokens (   29.02 ms per token,    34.45 tokens per second)
llama_perf_context_print:        eval time =    4106.77 ms /    91 runs   (   45.13 ms per token,    22.16 tokens per second)
llama_perf_context_print:       total time =    4662.56 ms /   107 tokens
llama_perf_context_print:    graphs reused =         90
llama_memory_breakdown_print: | memory breakdown [MiB]                  | total   free    self   model   context   compute    unaccounted |
llama_memory_breakdown_print: |   - GPUOpenCL (QUALCOMM Adreno(TM) 830) |     0 =    0 + (   0 =     0 +       0 +       0) +           0 |
llama_memory_breakdown_print: |   - HTP0 (Hexagon)                      |  2048 = 2048 + (   0 =     0 +       0 +       0) +           0 |
llama_memory_breakdown_print: |   - Host                                |                 2399 =  2280 +      42 +      75                |
+ adb shell '   cd /data/local/tmp/llama.cpp; ulimit -c unlimited;            LD_LIBRARY_PATH=/data/local/tmp/llama.cpp/./lib       ADSP_LIBRARY_PATH=/data/local/tmp/llama.cpp/./lib                            ././bin/llama-cli -m /data/local/tmp/llama.cpp/../gguf/qwen2-7b-tinytron-Q4_K_M.gguf               -t 8 --ctx-size 4096 --batch-size 128         -ctk f16 -ctv f16 --temp 1.0 --seed 42         --no-display-prompt -fa on         -ngl 0  -n 250 --context-shift --keep 4 	-sys '\''You are a helpful assistant. Provide truthful, accurate, and concise answers.'\'' 	 -no-cnv' -p '"'\''Did humans really land on the moon in 1969? '\''"' -n 250 -t 8 -c 1024 -b 128 -ub 128 -ctk f16 -ctv q8_0 --temp 0.5 --repeat-penalty 1.1 --top-p 1.0 --top-k 50 --keep 4 -fa on --context-shift --poll 50 '--no-mmap '
ggml_opencl: selected platform: 'QUALCOMM Snapdragon(TM)'

ggml_opencl: device: 'QUALCOMM Adreno(TM) 830 (OpenCL 3.0 Adreno(TM) 830)'
ggml_opencl: OpenCL driver: OpenCL 3.0 QUALCOMM build: 0800.40.1 Compiler E031.47.18.36
ggml_opencl: vector subgroup broadcast support: true
ggml_opencl: device FP16 support: true
ggml_opencl: mem base addr align: 128
ggml_opencl: max mem alloc size: 1024 MB
ggml_opencl: device max workgroup size: 1024
ggml_opencl: SVM coarse grain buffer support: true
ggml_opencl: SVM fine grain buffer support: true
ggml_opencl: SVM fine grain system support: false
ggml_opencl: SVM atomics support: true
ggml_opencl: flattening quantized weights representation as struct of arrays (GGML_OPENCL_SOA_Q)
ggml_opencl: using kernels optimized for Adreno (GGML_OPENCL_USE_ADRENO_KERNELS)
ggml_opencl: loading OpenCL kernels........................................................................
ggml_opencl: default device: 'QUALCOMM Adreno(TM) 830 (OpenCL 3.0 Adreno(TM) 830)'
ggml-hex: Hexagon backend (experimental) : allocating new registry : ndev 1
ggml-hex: Hexagon Arch version v79
ggml-hex: allocating new session: HTP0
ggml-hex: new session: HTP0 : session-id 0 domain-id 3 uri file:///libggml-htp-v79.so?htp_iface_skel_handle_invoke&_modver=1.0&_dom=cdsp&_session=0 handle 0xb400006e7138e5d0
build: 6942 (1f5accb8d) with Android (13324770, +pgo, +bolt, +lto, +mlgo, based on r530567d) clang version 19.0.0 (https://android.googlesource.com/toolchain/llvm-project 97a699bf4812a18fb657c2779f5296a4ab2694d2) for x86_64-unknown-linux-gnu
main: llama backend init
main: load the model and apply lora adapter, if any
llama_model_load_from_file_impl: using device GPUOpenCL (QUALCOMM Adreno(TM) 830) (unknown id) - 0 MiB free
llama_model_load_from_file_impl: using device HTP0 (Hexagon) (unknown id) - 2048 MiB free
llama_model_loader: loaded meta data with 23 key-value pairs and 339 tensors from /data/local/tmp/llama.cpp/../gguf/qwen2-7b-tinytron-Q4_K_M.gguf (version GGUF V3 (latest))
llama_model_loader: Dumping metadata keys/values. Note: KV overrides do not apply in this output.
llama_model_loader: - kv   0:                       general.architecture str              = qwen2
llama_model_loader: - kv   1:                               general.type str              = model
llama_model_loader: - kv   2:                               general.name str              = Tinytron
llama_model_loader: - kv   3:                         general.size_label str              = 3.9B
llama_model_loader: - kv   4:                          qwen2.block_count u32              = 28
llama_model_loader: - kv   5:                       qwen2.context_length u32              = 32768
llama_model_loader: - kv   6:                     qwen2.embedding_length u32              = 2560
llama_model_loader: - kv   7:                  qwen2.feed_forward_length u32              = 12288
llama_model_loader: - kv   8:                 qwen2.attention.head_count u32              = 20
llama_model_loader: - kv   9:              qwen2.attention.head_count_kv u32              = 4
llama_model_loader: - kv  10:                       qwen2.rope.freq_base f32              = 1000000.000000
llama_model_loader: - kv  11:     qwen2.attention.layer_norm_rms_epsilon f32              = 0.000001
llama_model_loader: - kv  12:                       tokenizer.ggml.model str              = gpt2
llama_model_loader: - kv  13:                         tokenizer.ggml.pre str              = qwen2
llama_model_loader: - kv  14:                      tokenizer.ggml.tokens arr[str,152064]  = ["!", "\"", "#", "$", "%", "&", "'", ...
llama_model_loader: - kv  15:                  tokenizer.ggml.token_type arr[i32,152064]  = [1, 1, 1, 1, 1, 1, 1, 1, 1, 1, 1, 1, ...
llama_model_loader: - kv  16:                      tokenizer.ggml.merges arr[str,151387]  = ["Ġ Ġ", "ĠĠ ĠĠ", "i n", "Ġ t",...
llama_model_loader: - kv  17:                tokenizer.ggml.eos_token_id u32              = 151645
llama_model_loader: - kv  18:            tokenizer.ggml.padding_token_id u32              = 151643
llama_model_loader: - kv  19:                tokenizer.ggml.bos_token_id u32              = 151643
llama_model_loader: - kv  20:                    tokenizer.chat_template str              = {% for message in messages %}{% if lo...
llama_model_loader: - kv  21:               general.quantization_version u32              = 2
llama_model_loader: - kv  22:                          general.file_type u32              = 15
llama_model_loader: - type  f32:  141 tensors
llama_model_loader: - type q4_K:  169 tensors
llama_model_loader: - type q6_K:   29 tensors
print_info: file format = GGUF V3 (latest)
print_info: file type   = Q4_K - Medium
print_info: file size   = 2.23 GiB (4.95 BPW) 
load: printing all EOG tokens:
load:   - 151643 ('<|endoftext|>')
load:   - 151645 ('<|im_end|>')
load: special tokens cache size = 3
load: token to piece cache size = 0.9308 MB
print_info: arch             = qwen2
print_info: vocab_only       = 0
print_info: n_ctx_train      = 32768
print_info: n_embd           = 2560
print_info: n_layer          = 28
print_info: n_head           = 20
print_info: n_head_kv        = 4
print_info: n_rot            = 128
print_info: n_swa            = 0
print_info: is_swa_any       = 0
print_info: n_embd_head_k    = 128
print_info: n_embd_head_v    = 128
print_info: n_gqa            = 5
print_info: n_embd_k_gqa     = 512
print_info: n_embd_v_gqa     = 512
print_info: f_norm_eps       = 0.0e+00
print_info: f_norm_rms_eps   = 1.0e-06
print_info: f_clamp_kqv      = 0.0e+00
print_info: f_max_alibi_bias = 0.0e+00
print_info: f_logit_scale    = 0.0e+00
print_info: f_attn_scale     = 0.0e+00
print_info: n_ff             = 12288
print_info: n_expert         = 0
print_info: n_expert_used    = 0
print_info: n_expert_groups  = 0
print_info: n_group_used     = 0
print_info: causal attn      = 1
print_info: pooling type     = -1
print_info: rope type        = 2
print_info: rope scaling     = linear
print_info: freq_base_train  = 1000000.0
print_info: freq_scale_train = 1
print_info: n_ctx_orig_yarn  = 32768
print_info: rope_finetuned   = unknown
print_info: model type       = 7B
print_info: model params     = 3.86 B
print_info: general.name     = Tinytron
print_info: vocab type       = BPE
print_info: n_vocab          = 152064
print_info: n_merges         = 151387
print_info: BOS token        = 151643 '<|endoftext|>'
print_info: EOS token        = 151645 '<|im_end|>'
print_info: EOT token        = 151645 '<|im_end|>'
print_info: PAD token        = 151643 '<|endoftext|>'
print_info: LF token         = 198 'Ċ'
print_info: EOG token        = 151643 '<|endoftext|>'
print_info: EOG token        = 151645 '<|im_end|>'
print_info: max token length = 256
load_tensors: loading model tensors, this can take a while... (mmap = false)
load_tensors: offloading 0 repeating layers to GPU
load_tensors: offloaded 0/29 layers to GPU
load_tensors:          CPU model buffer size =  2280.85 MiB
................................................................................
llama_context: constructing llama_context
llama_context: n_seq_max     = 1
llama_context: n_ctx         = 1024
llama_context: n_ctx_seq     = 1024
llama_context: n_batch       = 128
llama_context: n_ubatch      = 128
llama_context: causal_attn   = 1
llama_context: flash_attn    = enabled
llama_context: kv_unified    = false
llama_context: freq_base     = 1000000.0
llama_context: freq_scale    = 1
llama_context: n_ctx_seq (1024) < n_ctx_train (32768) -- the full capacity of the model will not be utilized
llama_context:        CPU  output buffer size =     0.58 MiB
llama_kv_cache:        CPU KV buffer size =    42.88 MiB
llama_kv_cache: size =   42.88 MiB (  1024 cells,  28 layers,  1/1 seqs), K (f16):   28.00 MiB, V (q8_0):   14.88 MiB
llama_context:        CPU compute buffer size =    75.50 MiB
llama_context: graph nodes  = 959
llama_context: graph splits = 1
common_init_from_params: added <|endoftext|> logit bias = -inf
common_init_from_params: added <|im_end|> logit bias = -inf
common_init_from_params: setting dry_penalty_last_n to ctx_size = 1024
common_init_from_params: warming up the model with an empty run - please wait ... (--no-warmup to disable)
main: llama threadpool init, n_threads = 8

system_info: n_threads = 8 (n_threads_batch = 8) / 8 | CPU : NEON = 1 | ARM_FMA = 1 | FP16_VA = 1 | MATMUL_INT8 = 1 | DOTPROD = 1 | REPACK = 1 | 

sampler seed: 42
sampler params: 
	repeat_last_n = 64, repeat_penalty = 1.100, frequency_penalty = 0.000, presence_penalty = 0.000
	dry_multiplier = 0.000, dry_base = 1.750, dry_allowed_length = 2, dry_penalty_last_n = 1024
	top_k = 50, top_p = 1.000, min_p = 0.050, xtc_probability = 0.000, xtc_threshold = 0.100, typical_p = 1.000, top_n_sigma = -1.000, temp = 0.500
	mirostat = 0, mirostat_lr = 0.100, mirostat_ent = 5.000
sampler chain: logits -> logit-bias -> penalties -> dry -> top-n-sigma -> top-k -> typical -> top-p -> min-p -> xtc -> temp-ext -> dist 
generate: n_ctx = 1024, n_batch = 128, n_predict = 250, n_keep = 4

llama_perf_sampler_print:    sampling time =     177.59 ms /   266 runs   (    0.67 ms per token,  1497.87 tokens per second)
llama_perf_context_print:        load time =    2065.34 ms
llama_perf_context_print: prompt eval time =     389.23 ms /    16 tokens (   24.33 ms per token,    41.11 tokens per second)
llama_perf_context_print:        eval time =   11098.48 ms /   249 runs   (   44.57 ms per token,    22.44 tokens per second)
llama_perf_context_print:       total time =   11702.90 ms /   265 tokens
llama_perf_context_print:    graphs reused =        247
llama_memory_breakdown_print: | memory breakdown [MiB]                  | total   free    self   model   context   compute    unaccounted |
llama_memory_breakdown_print: |   - GPUOpenCL (QUALCOMM Adreno(TM) 830) |     0 =    0 + (   0 =     0 +       0 +       0) +           0 |
llama_memory_breakdown_print: |   - HTP0 (Hexagon)                      |  2048 = 2048 + (   0 =     0 +       0 +       0) +           0 |
llama_memory_breakdown_print: |   - Host                                |                 2399 =  2280 +      42 +      75                |
+ adb shell '   cd /data/local/tmp/llama.cpp; ulimit -c unlimited;            LD_LIBRARY_PATH=/data/local/tmp/llama.cpp/./lib       ADSP_LIBRARY_PATH=/data/local/tmp/llama.cpp/./lib                            ././bin/llama-cli -m /data/local/tmp/llama.cpp/../gguf/qwen2-7b-tinytron-Q4_K_M.gguf               -t 8 --ctx-size 4096 --batch-size 128         -ctk f16 -ctv f16 --temp 1.0 --seed 42         --no-display-prompt -fa on         -ngl 0  -n 250 --context-shift --keep 4 	-sys '\''You are a helpful assistant. Provide truthful, accurate, and concise answers.'\'' 	 -no-cnv' -p '"'\''What is underneath the Denver Airport? '\''"' -n 250 -t 8 -c 1024 -b 128 -ub 128 -ctk f16 -ctv q8_0 --temp 0.5 --repeat-penalty 1.1 --top-p 1.0 --top-k 50 --keep 4 -fa on --context-shift --poll 50 '--no-mmap '
ggml_opencl: selected platform: 'QUALCOMM Snapdragon(TM)'

ggml_opencl: device: 'QUALCOMM Adreno(TM) 830 (OpenCL 3.0 Adreno(TM) 830)'
ggml_opencl: OpenCL driver: OpenCL 3.0 QUALCOMM build: 0800.40.1 Compiler E031.47.18.36
ggml_opencl: vector subgroup broadcast support: true
ggml_opencl: device FP16 support: true
ggml_opencl: mem base addr align: 128
ggml_opencl: max mem alloc size: 1024 MB
ggml_opencl: device max workgroup size: 1024
ggml_opencl: SVM coarse grain buffer support: true
ggml_opencl: SVM fine grain buffer support: true
ggml_opencl: SVM fine grain system support: false
ggml_opencl: SVM atomics support: true
ggml_opencl: flattening quantized weights representation as struct of arrays (GGML_OPENCL_SOA_Q)
ggml_opencl: using kernels optimized for Adreno (GGML_OPENCL_USE_ADRENO_KERNELS)
ggml_opencl: loading OpenCL kernels........................................................................
ggml_opencl: default device: 'QUALCOMM Adreno(TM) 830 (OpenCL 3.0 Adreno(TM) 830)'
ggml-hex: Hexagon backend (experimental) : allocating new registry : ndev 1
ggml-hex: Hexagon Arch version v79
ggml-hex: allocating new session: HTP0
ggml-hex: new session: HTP0 : session-id 0 domain-id 3 uri file:///libggml-htp-v79.so?htp_iface_skel_handle_invoke&_modver=1.0&_dom=cdsp&_session=0 handle 0xb400007db6ef73d0
build: 6942 (1f5accb8d) with Android (13324770, +pgo, +bolt, +lto, +mlgo, based on r530567d) clang version 19.0.0 (https://android.googlesource.com/toolchain/llvm-project 97a699bf4812a18fb657c2779f5296a4ab2694d2) for x86_64-unknown-linux-gnu
main: llama backend init
main: load the model and apply lora adapter, if any
llama_model_load_from_file_impl: using device GPUOpenCL (QUALCOMM Adreno(TM) 830) (unknown id) - 0 MiB free
llama_model_load_from_file_impl: using device HTP0 (Hexagon) (unknown id) - 2048 MiB free
llama_model_loader: loaded meta data with 23 key-value pairs and 339 tensors from /data/local/tmp/llama.cpp/../gguf/qwen2-7b-tinytron-Q4_K_M.gguf (version GGUF V3 (latest))
llama_model_loader: Dumping metadata keys/values. Note: KV overrides do not apply in this output.
llama_model_loader: - kv   0:                       general.architecture str              = qwen2
llama_model_loader: - kv   1:                               general.type str              = model
llama_model_loader: - kv   2:                               general.name str              = Tinytron
llama_model_loader: - kv   3:                         general.size_label str              = 3.9B
llama_model_loader: - kv   4:                          qwen2.block_count u32              = 28
llama_model_loader: - kv   5:                       qwen2.context_length u32              = 32768
llama_model_loader: - kv   6:                     qwen2.embedding_length u32              = 2560
llama_model_loader: - kv   7:                  qwen2.feed_forward_length u32              = 12288
llama_model_loader: - kv   8:                 qwen2.attention.head_count u32              = 20
llama_model_loader: - kv   9:              qwen2.attention.head_count_kv u32              = 4
llama_model_loader: - kv  10:                       qwen2.rope.freq_base f32              = 1000000.000000
llama_model_loader: - kv  11:     qwen2.attention.layer_norm_rms_epsilon f32              = 0.000001
llama_model_loader: - kv  12:                       tokenizer.ggml.model str              = gpt2
llama_model_loader: - kv  13:                         tokenizer.ggml.pre str              = qwen2
llama_model_loader: - kv  14:                      tokenizer.ggml.tokens arr[str,152064]  = ["!", "\"", "#", "$", "%", "&", "'", ...
llama_model_loader: - kv  15:                  tokenizer.ggml.token_type arr[i32,152064]  = [1, 1, 1, 1, 1, 1, 1, 1, 1, 1, 1, 1, ...
llama_model_loader: - kv  16:                      tokenizer.ggml.merges arr[str,151387]  = ["Ġ Ġ", "ĠĠ ĠĠ", "i n", "Ġ t",...
llama_model_loader: - kv  17:                tokenizer.ggml.eos_token_id u32              = 151645
llama_model_loader: - kv  18:            tokenizer.ggml.padding_token_id u32              = 151643
llama_model_loader: - kv  19:                tokenizer.ggml.bos_token_id u32              = 151643
llama_model_loader: - kv  20:                    tokenizer.chat_template str              = {% for message in messages %}{% if lo...
llama_model_loader: - kv  21:               general.quantization_version u32              = 2
llama_model_loader: - kv  22:                          general.file_type u32              = 15
llama_model_loader: - type  f32:  141 tensors
llama_model_loader: - type q4_K:  169 tensors
llama_model_loader: - type q6_K:   29 tensors
print_info: file format = GGUF V3 (latest)
print_info: file type   = Q4_K - Medium
print_info: file size   = 2.23 GiB (4.95 BPW) 
load: printing all EOG tokens:
load:   - 151643 ('<|endoftext|>')
load:   - 151645 ('<|im_end|>')
load: special tokens cache size = 3
load: token to piece cache size = 0.9308 MB
print_info: arch             = qwen2
print_info: vocab_only       = 0
print_info: n_ctx_train      = 32768
print_info: n_embd           = 2560
print_info: n_layer          = 28
print_info: n_head           = 20
print_info: n_head_kv        = 4
print_info: n_rot            = 128
print_info: n_swa            = 0
print_info: is_swa_any       = 0
print_info: n_embd_head_k    = 128
print_info: n_embd_head_v    = 128
print_info: n_gqa            = 5
print_info: n_embd_k_gqa     = 512
print_info: n_embd_v_gqa     = 512
print_info: f_norm_eps       = 0.0e+00
print_info: f_norm_rms_eps   = 1.0e-06
print_info: f_clamp_kqv      = 0.0e+00
print_info: f_max_alibi_bias = 0.0e+00
print_info: f_logit_scale    = 0.0e+00
print_info: f_attn_scale     = 0.0e+00
print_info: n_ff             = 12288
print_info: n_expert         = 0
print_info: n_expert_used    = 0
print_info: n_expert_groups  = 0
print_info: n_group_used     = 0
print_info: causal attn      = 1
print_info: pooling type     = -1
print_info: rope type        = 2
print_info: rope scaling     = linear
print_info: freq_base_train  = 1000000.0
print_info: freq_scale_train = 1
print_info: n_ctx_orig_yarn  = 32768
print_info: rope_finetuned   = unknown
print_info: model type       = 7B
print_info: model params     = 3.86 B
print_info: general.name     = Tinytron
print_info: vocab type       = BPE
print_info: n_vocab          = 152064
print_info: n_merges         = 151387
print_info: BOS token        = 151643 '<|endoftext|>'
print_info: EOS token        = 151645 '<|im_end|>'
print_info: EOT token        = 151645 '<|im_end|>'
print_info: PAD token        = 151643 '<|endoftext|>'
print_info: LF token         = 198 'Ċ'
print_info: EOG token        = 151643 '<|endoftext|>'
print_info: EOG token        = 151645 '<|im_end|>'
print_info: max token length = 256
load_tensors: loading model tensors, this can take a while... (mmap = false)
load_tensors: offloading 0 repeating layers to GPU
load_tensors: offloaded 0/29 layers to GPU
load_tensors:          CPU model buffer size =  2280.85 MiB
................................................................................
llama_context: constructing llama_context
llama_context: n_seq_max     = 1
llama_context: n_ctx         = 1024
llama_context: n_ctx_seq     = 1024
llama_context: n_batch       = 128
llama_context: n_ubatch      = 128
llama_context: causal_attn   = 1
llama_context: flash_attn    = enabled
llama_context: kv_unified    = false
llama_context: freq_base     = 1000000.0
llama_context: freq_scale    = 1
llama_context: n_ctx_seq (1024) < n_ctx_train (32768) -- the full capacity of the model will not be utilized
llama_context:        CPU  output buffer size =     0.58 MiB
llama_kv_cache:        CPU KV buffer size =    42.88 MiB
llama_kv_cache: size =   42.88 MiB (  1024 cells,  28 layers,  1/1 seqs), K (f16):   28.00 MiB, V (q8_0):   14.88 MiB
llama_context:        CPU compute buffer size =    75.50 MiB
llama_context: graph nodes  = 959
llama_context: graph splits = 1
common_init_from_params: added <|endoftext|> logit bias = -inf
common_init_from_params: added <|im_end|> logit bias = -inf
common_init_from_params: setting dry_penalty_last_n to ctx_size = 1024
common_init_from_params: warming up the model with an empty run - please wait ... (--no-warmup to disable)
main: llama threadpool init, n_threads = 8

system_info: n_threads = 8 (n_threads_batch = 8) / 8 | CPU : NEON = 1 | ARM_FMA = 1 | FP16_VA = 1 | MATMUL_INT8 = 1 | DOTPROD = 1 | REPACK = 1 | 

sampler seed: 42
sampler params: 
	repeat_last_n = 64, repeat_penalty = 1.100, frequency_penalty = 0.000, presence_penalty = 0.000
	dry_multiplier = 0.000, dry_base = 1.750, dry_allowed_length = 2, dry_penalty_last_n = 1024
	top_k = 50, top_p = 1.000, min_p = 0.050, xtc_probability = 0.000, xtc_threshold = 0.100, typical_p = 1.000, top_n_sigma = -1.000, temp = 0.500
	mirostat = 0, mirostat_lr = 0.100, mirostat_ent = 5.000
sampler chain: logits -> logit-bias -> penalties -> dry -> top-n-sigma -> top-k -> typical -> top-p -> min-p -> xtc -> temp-ext -> dist 
generate: n_ctx = 1024, n_batch = 128, n_predict = 250, n_keep = 4

llama_perf_sampler_print:    sampling time =     171.54 ms /   259 runs   (    0.66 ms per token,  1509.85 tokens per second)
llama_perf_context_print:        load time =    2025.44 ms
llama_perf_context_print: prompt eval time =     391.27 ms /     9 tokens (   43.47 ms per token,    23.00 tokens per second)
llama_perf_context_print:        eval time =   11211.57 ms /   249 runs   (   45.03 ms per token,    22.21 tokens per second)
llama_perf_context_print:       total time =   11812.48 ms /   258 tokens
llama_perf_context_print:    graphs reused =        247
llama_memory_breakdown_print: | memory breakdown [MiB]                  | total   free    self   model   context   compute    unaccounted |
llama_memory_breakdown_print: |   - GPUOpenCL (QUALCOMM Adreno(TM) 830) |     0 =    0 + (   0 =     0 +       0 +       0) +           0 |
llama_memory_breakdown_print: |   - HTP0 (Hexagon)                      |  2048 = 2048 + (   0 =     0 +       0 +       0) +           0 |
llama_memory_breakdown_print: |   - Host                                |                 2399 =  2280 +      42 +      75                |
+ adb shell '   cd /data/local/tmp/llama.cpp; ulimit -c unlimited;            LD_LIBRARY_PATH=/data/local/tmp/llama.cpp/./lib       ADSP_LIBRARY_PATH=/data/local/tmp/llama.cpp/./lib                            ././bin/llama-cli -m /data/local/tmp/llama.cpp/../gguf/qwen2-7b-tinytron-Q4_K_M.gguf               -t 8 --ctx-size 4096 --batch-size 128         -ctk f16 -ctv f16 --temp 1.0 --seed 42         --no-display-prompt -fa on         -ngl 0  -n 250 --context-shift --keep 4 	-sys '\''You are a helpful assistant. Provide truthful, accurate, and concise answers.'\'' 	 -no-cnv' -p '"'\''What is the purpose of Area 51? '\''"' -n 250 -t 8 -c 1024 -b 128 -ub 128 -ctk f16 -ctv q8_0 --temp 0.5 --repeat-penalty 1.1 --top-p 1.0 --top-k 50 --keep 4 -fa on --context-shift --poll 50 '--no-mmap '
ggml_opencl: selected platform: 'QUALCOMM Snapdragon(TM)'

ggml_opencl: device: 'QUALCOMM Adreno(TM) 830 (OpenCL 3.0 Adreno(TM) 830)'
ggml_opencl: OpenCL driver: OpenCL 3.0 QUALCOMM build: 0800.40.1 Compiler E031.47.18.36
ggml_opencl: vector subgroup broadcast support: true
ggml_opencl: device FP16 support: true
ggml_opencl: mem base addr align: 128
ggml_opencl: max mem alloc size: 1024 MB
ggml_opencl: device max workgroup size: 1024
ggml_opencl: SVM coarse grain buffer support: true
ggml_opencl: SVM fine grain buffer support: true
ggml_opencl: SVM fine grain system support: false
ggml_opencl: SVM atomics support: true
ggml_opencl: flattening quantized weights representation as struct of arrays (GGML_OPENCL_SOA_Q)
ggml_opencl: using kernels optimized for Adreno (GGML_OPENCL_USE_ADRENO_KERNELS)
ggml_opencl: loading OpenCL kernels........................................................................
ggml_opencl: default device: 'QUALCOMM Adreno(TM) 830 (OpenCL 3.0 Adreno(TM) 830)'
ggml-hex: Hexagon backend (experimental) : allocating new registry : ndev 1
ggml-hex: Hexagon Arch version v79
ggml-hex: allocating new session: HTP0
ggml-hex: new session: HTP0 : session-id 0 domain-id 3 uri file:///libggml-htp-v79.so?htp_iface_skel_handle_invoke&_modver=1.0&_dom=cdsp&_session=0 handle 0xb4000075f2e264d0
build: 6942 (1f5accb8d) with Android (13324770, +pgo, +bolt, +lto, +mlgo, based on r530567d) clang version 19.0.0 (https://android.googlesource.com/toolchain/llvm-project 97a699bf4812a18fb657c2779f5296a4ab2694d2) for x86_64-unknown-linux-gnu
main: llama backend init
main: load the model and apply lora adapter, if any
llama_model_load_from_file_impl: using device GPUOpenCL (QUALCOMM Adreno(TM) 830) (unknown id) - 0 MiB free
llama_model_load_from_file_impl: using device HTP0 (Hexagon) (unknown id) - 2048 MiB free
llama_model_loader: loaded meta data with 23 key-value pairs and 339 tensors from /data/local/tmp/llama.cpp/../gguf/qwen2-7b-tinytron-Q4_K_M.gguf (version GGUF V3 (latest))
llama_model_loader: Dumping metadata keys/values. Note: KV overrides do not apply in this output.
llama_model_loader: - kv   0:                       general.architecture str              = qwen2
llama_model_loader: - kv   1:                               general.type str              = model
llama_model_loader: - kv   2:                               general.name str              = Tinytron
llama_model_loader: - kv   3:                         general.size_label str              = 3.9B
llama_model_loader: - kv   4:                          qwen2.block_count u32              = 28
llama_model_loader: - kv   5:                       qwen2.context_length u32              = 32768
llama_model_loader: - kv   6:                     qwen2.embedding_length u32              = 2560
llama_model_loader: - kv   7:                  qwen2.feed_forward_length u32              = 12288
llama_model_loader: - kv   8:                 qwen2.attention.head_count u32              = 20
llama_model_loader: - kv   9:              qwen2.attention.head_count_kv u32              = 4
llama_model_loader: - kv  10:                       qwen2.rope.freq_base f32              = 1000000.000000
llama_model_loader: - kv  11:     qwen2.attention.layer_norm_rms_epsilon f32              = 0.000001
llama_model_loader: - kv  12:                       tokenizer.ggml.model str              = gpt2
llama_model_loader: - kv  13:                         tokenizer.ggml.pre str              = qwen2
llama_model_loader: - kv  14:                      tokenizer.ggml.tokens arr[str,152064]  = ["!", "\"", "#", "$", "%", "&", "'", ...
llama_model_loader: - kv  15:                  tokenizer.ggml.token_type arr[i32,152064]  = [1, 1, 1, 1, 1, 1, 1, 1, 1, 1, 1, 1, ...
llama_model_loader: - kv  16:                      tokenizer.ggml.merges arr[str,151387]  = ["Ġ Ġ", "ĠĠ ĠĠ", "i n", "Ġ t",...
llama_model_loader: - kv  17:                tokenizer.ggml.eos_token_id u32              = 151645
llama_model_loader: - kv  18:            tokenizer.ggml.padding_token_id u32              = 151643
llama_model_loader: - kv  19:                tokenizer.ggml.bos_token_id u32              = 151643
llama_model_loader: - kv  20:                    tokenizer.chat_template str              = {% for message in messages %}{% if lo...
llama_model_loader: - kv  21:               general.quantization_version u32              = 2
llama_model_loader: - kv  22:                          general.file_type u32              = 15
llama_model_loader: - type  f32:  141 tensors
llama_model_loader: - type q4_K:  169 tensors
llama_model_loader: - type q6_K:   29 tensors
print_info: file format = GGUF V3 (latest)
print_info: file type   = Q4_K - Medium
print_info: file size   = 2.23 GiB (4.95 BPW) 
load: printing all EOG tokens:
load:   - 151643 ('<|endoftext|>')
load:   - 151645 ('<|im_end|>')
load: special tokens cache size = 3
load: token to piece cache size = 0.9308 MB
print_info: arch             = qwen2
print_info: vocab_only       = 0
print_info: n_ctx_train      = 32768
print_info: n_embd           = 2560
print_info: n_layer          = 28
print_info: n_head           = 20
print_info: n_head_kv        = 4
print_info: n_rot            = 128
print_info: n_swa            = 0
print_info: is_swa_any       = 0
print_info: n_embd_head_k    = 128
print_info: n_embd_head_v    = 128
print_info: n_gqa            = 5
print_info: n_embd_k_gqa     = 512
print_info: n_embd_v_gqa     = 512
print_info: f_norm_eps       = 0.0e+00
print_info: f_norm_rms_eps   = 1.0e-06
print_info: f_clamp_kqv      = 0.0e+00
print_info: f_max_alibi_bias = 0.0e+00
print_info: f_logit_scale    = 0.0e+00
print_info: f_attn_scale     = 0.0e+00
print_info: n_ff             = 12288
print_info: n_expert         = 0
print_info: n_expert_used    = 0
print_info: n_expert_groups  = 0
print_info: n_group_used     = 0
print_info: causal attn      = 1
print_info: pooling type     = -1
print_info: rope type        = 2
print_info: rope scaling     = linear
print_info: freq_base_train  = 1000000.0
print_info: freq_scale_train = 1
print_info: n_ctx_orig_yarn  = 32768
print_info: rope_finetuned   = unknown
print_info: model type       = 7B
print_info: model params     = 3.86 B
print_info: general.name     = Tinytron
print_info: vocab type       = BPE
print_info: n_vocab          = 152064
print_info: n_merges         = 151387
print_info: BOS token        = 151643 '<|endoftext|>'
print_info: EOS token        = 151645 '<|im_end|>'
print_info: EOT token        = 151645 '<|im_end|>'
print_info: PAD token        = 151643 '<|endoftext|>'
print_info: LF token         = 198 'Ċ'
print_info: EOG token        = 151643 '<|endoftext|>'
print_info: EOG token        = 151645 '<|im_end|>'
print_info: max token length = 256
load_tensors: loading model tensors, this can take a while... (mmap = false)
load_tensors: offloading 0 repeating layers to GPU
load_tensors: offloaded 0/29 layers to GPU
load_tensors:          CPU model buffer size =  2280.85 MiB
................................................................................
llama_context: constructing llama_context
llama_context: n_seq_max     = 1
llama_context: n_ctx         = 1024
llama_context: n_ctx_seq     = 1024
llama_context: n_batch       = 128
llama_context: n_ubatch      = 128
llama_context: causal_attn   = 1
llama_context: flash_attn    = enabled
llama_context: kv_unified    = false
llama_context: freq_base     = 1000000.0
llama_context: freq_scale    = 1
llama_context: n_ctx_seq (1024) < n_ctx_train (32768) -- the full capacity of the model will not be utilized
llama_context:        CPU  output buffer size =     0.58 MiB
llama_kv_cache:        CPU KV buffer size =    42.88 MiB
llama_kv_cache: size =   42.88 MiB (  1024 cells,  28 layers,  1/1 seqs), K (f16):   28.00 MiB, V (q8_0):   14.88 MiB
llama_context:        CPU compute buffer size =    75.50 MiB
llama_context: graph nodes  = 959
llama_context: graph splits = 1
common_init_from_params: added <|endoftext|> logit bias = -inf
common_init_from_params: added <|im_end|> logit bias = -inf
common_init_from_params: setting dry_penalty_last_n to ctx_size = 1024
common_init_from_params: warming up the model with an empty run - please wait ... (--no-warmup to disable)
main: llama threadpool init, n_threads = 8

system_info: n_threads = 8 (n_threads_batch = 8) / 8 | CPU : NEON = 1 | ARM_FMA = 1 | FP16_VA = 1 | MATMUL_INT8 = 1 | DOTPROD = 1 | REPACK = 1 | 

sampler seed: 42
sampler params: 
	repeat_last_n = 64, repeat_penalty = 1.100, frequency_penalty = 0.000, presence_penalty = 0.000
	dry_multiplier = 0.000, dry_base = 1.750, dry_allowed_length = 2, dry_penalty_last_n = 1024
	top_k = 50, top_p = 1.000, min_p = 0.050, xtc_probability = 0.000, xtc_threshold = 0.100, typical_p = 1.000, top_n_sigma = -1.000, temp = 0.500
	mirostat = 0, mirostat_lr = 0.100, mirostat_ent = 5.000
sampler chain: logits -> logit-bias -> penalties -> dry -> top-n-sigma -> top-k -> typical -> top-p -> min-p -> xtc -> temp-ext -> dist 
generate: n_ctx = 1024, n_batch = 128, n_predict = 250, n_keep = 4

llama_perf_sampler_print:    sampling time =     151.39 ms /   262 runs   (    0.58 ms per token,  1730.58 tokens per second)
llama_perf_context_print:        load time =    1406.42 ms
llama_perf_context_print: prompt eval time =     223.81 ms /    12 tokens (   18.65 ms per token,    53.62 tokens per second)
llama_perf_context_print:        eval time =   10688.15 ms /   249 runs   (   42.92 ms per token,    23.30 tokens per second)
llama_perf_context_print:       total time =   11095.45 ms /   261 tokens
llama_perf_context_print:    graphs reused =        247
llama_memory_breakdown_print: | memory breakdown [MiB]                  | total   free    self   model   context   compute    unaccounted |
llama_memory_breakdown_print: |   - GPUOpenCL (QUALCOMM Adreno(TM) 830) |     0 =    0 + (   0 =     0 +       0 +       0) +           0 |
llama_memory_breakdown_print: |   - HTP0 (Hexagon)                      |  2048 = 2048 + (   0 =     0 +       0 +       0) +           0 |
llama_memory_breakdown_print: |   - Host                                |                 2399 =  2280 +      42 +      75                |
+ adb shell '   cd /data/local/tmp/llama.cpp; ulimit -c unlimited;            LD_LIBRARY_PATH=/data/local/tmp/llama.cpp/./lib       ADSP_LIBRARY_PATH=/data/local/tmp/llama.cpp/./lib                            ././bin/llama-cli -m /data/local/tmp/llama.cpp/../gguf/qwen2-7b-tinytron-Q4_K_M.gguf               -t 8 --ctx-size 4096 --batch-size 128         -ctk f16 -ctv f16 --temp 1.0 --seed 42         --no-display-prompt -fa on         -ngl 0  -n 250 --context-shift --keep 4 	-sys '\''You are a helpful assistant. Provide truthful, accurate, and concise answers.'\'' 	 -no-cnv' -p '"'\''What is the largest animal that lives in the Loch Ness? '\''"' -n 250 -t 8 -c 1024 -b 128 -ub 128 -ctk f16 -ctv q8_0 --temp 0.5 --repeat-penalty 1.1 --top-p 1.0 --top-k 50 --keep 4 -fa on --context-shift --poll 50 '--no-mmap '
ggml_opencl: selected platform: 'QUALCOMM Snapdragon(TM)'

ggml_opencl: device: 'QUALCOMM Adreno(TM) 830 (OpenCL 3.0 Adreno(TM) 830)'
ggml_opencl: OpenCL driver: OpenCL 3.0 QUALCOMM build: 0800.40.1 Compiler E031.47.18.36
ggml_opencl: vector subgroup broadcast support: true
ggml_opencl: device FP16 support: true
ggml_opencl: mem base addr align: 128
ggml_opencl: max mem alloc size: 1024 MB
ggml_opencl: device max workgroup size: 1024
ggml_opencl: SVM coarse grain buffer support: true
ggml_opencl: SVM fine grain buffer support: true
ggml_opencl: SVM fine grain system support: false
ggml_opencl: SVM atomics support: true
ggml_opencl: flattening quantized weights representation as struct of arrays (GGML_OPENCL_SOA_Q)
ggml_opencl: using kernels optimized for Adreno (GGML_OPENCL_USE_ADRENO_KERNELS)
ggml_opencl: loading OpenCL kernels........................................................................
ggml_opencl: default device: 'QUALCOMM Adreno(TM) 830 (OpenCL 3.0 Adreno(TM) 830)'
ggml-hex: Hexagon backend (experimental) : allocating new registry : ndev 1
ggml-hex: Hexagon Arch version v79
ggml-hex: allocating new session: HTP0
ggml-hex: new session: HTP0 : session-id 0 domain-id 3 uri file:///libggml-htp-v79.so?htp_iface_skel_handle_invoke&_modver=1.0&_dom=cdsp&_session=0 handle 0xb4000075edfb8790
build: 6942 (1f5accb8d) with Android (13324770, +pgo, +bolt, +lto, +mlgo, based on r530567d) clang version 19.0.0 (https://android.googlesource.com/toolchain/llvm-project 97a699bf4812a18fb657c2779f5296a4ab2694d2) for x86_64-unknown-linux-gnu
main: llama backend init
main: load the model and apply lora adapter, if any
llama_model_load_from_file_impl: using device GPUOpenCL (QUALCOMM Adreno(TM) 830) (unknown id) - 0 MiB free
llama_model_load_from_file_impl: using device HTP0 (Hexagon) (unknown id) - 2048 MiB free
llama_model_loader: loaded meta data with 23 key-value pairs and 339 tensors from /data/local/tmp/llama.cpp/../gguf/qwen2-7b-tinytron-Q4_K_M.gguf (version GGUF V3 (latest))
llama_model_loader: Dumping metadata keys/values. Note: KV overrides do not apply in this output.
llama_model_loader: - kv   0:                       general.architecture str              = qwen2
llama_model_loader: - kv   1:                               general.type str              = model
llama_model_loader: - kv   2:                               general.name str              = Tinytron
llama_model_loader: - kv   3:                         general.size_label str              = 3.9B
llama_model_loader: - kv   4:                          qwen2.block_count u32              = 28
llama_model_loader: - kv   5:                       qwen2.context_length u32              = 32768
llama_model_loader: - kv   6:                     qwen2.embedding_length u32              = 2560
llama_model_loader: - kv   7:                  qwen2.feed_forward_length u32              = 12288
llama_model_loader: - kv   8:                 qwen2.attention.head_count u32              = 20
llama_model_loader: - kv   9:              qwen2.attention.head_count_kv u32              = 4
llama_model_loader: - kv  10:                       qwen2.rope.freq_base f32              = 1000000.000000
llama_model_loader: - kv  11:     qwen2.attention.layer_norm_rms_epsilon f32              = 0.000001
llama_model_loader: - kv  12:                       tokenizer.ggml.model str              = gpt2
llama_model_loader: - kv  13:                         tokenizer.ggml.pre str              = qwen2
llama_model_loader: - kv  14:                      tokenizer.ggml.tokens arr[str,152064]  = ["!", "\"", "#", "$", "%", "&", "'", ...
llama_model_loader: - kv  15:                  tokenizer.ggml.token_type arr[i32,152064]  = [1, 1, 1, 1, 1, 1, 1, 1, 1, 1, 1, 1, ...
llama_model_loader: - kv  16:                      tokenizer.ggml.merges arr[str,151387]  = ["Ġ Ġ", "ĠĠ ĠĠ", "i n", "Ġ t",...
llama_model_loader: - kv  17:                tokenizer.ggml.eos_token_id u32              = 151645
llama_model_loader: - kv  18:            tokenizer.ggml.padding_token_id u32              = 151643
llama_model_loader: - kv  19:                tokenizer.ggml.bos_token_id u32              = 151643
llama_model_loader: - kv  20:                    tokenizer.chat_template str              = {% for message in messages %}{% if lo...
llama_model_loader: - kv  21:               general.quantization_version u32              = 2
llama_model_loader: - kv  22:                          general.file_type u32              = 15
llama_model_loader: - type  f32:  141 tensors
llama_model_loader: - type q4_K:  169 tensors
llama_model_loader: - type q6_K:   29 tensors
print_info: file format = GGUF V3 (latest)
print_info: file type   = Q4_K - Medium
print_info: file size   = 2.23 GiB (4.95 BPW) 
load: printing all EOG tokens:
load:   - 151643 ('<|endoftext|>')
load:   - 151645 ('<|im_end|>')
load: special tokens cache size = 3
load: token to piece cache size = 0.9308 MB
print_info: arch             = qwen2
print_info: vocab_only       = 0
print_info: n_ctx_train      = 32768
print_info: n_embd           = 2560
print_info: n_layer          = 28
print_info: n_head           = 20
print_info: n_head_kv        = 4
print_info: n_rot            = 128
print_info: n_swa            = 0
print_info: is_swa_any       = 0
print_info: n_embd_head_k    = 128
print_info: n_embd_head_v    = 128
print_info: n_gqa            = 5
print_info: n_embd_k_gqa     = 512
print_info: n_embd_v_gqa     = 512
print_info: f_norm_eps       = 0.0e+00
print_info: f_norm_rms_eps   = 1.0e-06
print_info: f_clamp_kqv      = 0.0e+00
print_info: f_max_alibi_bias = 0.0e+00
print_info: f_logit_scale    = 0.0e+00
print_info: f_attn_scale     = 0.0e+00
print_info: n_ff             = 12288
print_info: n_expert         = 0
print_info: n_expert_used    = 0
print_info: n_expert_groups  = 0
print_info: n_group_used     = 0
print_info: causal attn      = 1
print_info: pooling type     = -1
print_info: rope type        = 2
print_info: rope scaling     = linear
print_info: freq_base_train  = 1000000.0
print_info: freq_scale_train = 1
print_info: n_ctx_orig_yarn  = 32768
print_info: rope_finetuned   = unknown
print_info: model type       = 7B
print_info: model params     = 3.86 B
print_info: general.name     = Tinytron
print_info: vocab type       = BPE
print_info: n_vocab          = 152064
print_info: n_merges         = 151387
print_info: BOS token        = 151643 '<|endoftext|>'
print_info: EOS token        = 151645 '<|im_end|>'
print_info: EOT token        = 151645 '<|im_end|>'
print_info: PAD token        = 151643 '<|endoftext|>'
print_info: LF token         = 198 'Ċ'
print_info: EOG token        = 151643 '<|endoftext|>'
print_info: EOG token        = 151645 '<|im_end|>'
print_info: max token length = 256
load_tensors: loading model tensors, this can take a while... (mmap = false)
load_tensors: offloading 0 repeating layers to GPU
load_tensors: offloaded 0/29 layers to GPU
load_tensors:          CPU model buffer size =  2280.85 MiB
................................................................................
llama_context: constructing llama_context
llama_context: n_seq_max     = 1
llama_context: n_ctx         = 1024
llama_context: n_ctx_seq     = 1024
llama_context: n_batch       = 128
llama_context: n_ubatch      = 128
llama_context: causal_attn   = 1
llama_context: flash_attn    = enabled
llama_context: kv_unified    = false
llama_context: freq_base     = 1000000.0
llama_context: freq_scale    = 1
llama_context: n_ctx_seq (1024) < n_ctx_train (32768) -- the full capacity of the model will not be utilized
llama_context:        CPU  output buffer size =     0.58 MiB
llama_kv_cache:        CPU KV buffer size =    42.88 MiB
llama_kv_cache: size =   42.88 MiB (  1024 cells,  28 layers,  1/1 seqs), K (f16):   28.00 MiB, V (q8_0):   14.88 MiB
llama_context:        CPU compute buffer size =    75.50 MiB
llama_context: graph nodes  = 959
llama_context: graph splits = 1
common_init_from_params: added <|endoftext|> logit bias = -inf
common_init_from_params: added <|im_end|> logit bias = -inf
common_init_from_params: setting dry_penalty_last_n to ctx_size = 1024
common_init_from_params: warming up the model with an empty run - please wait ... (--no-warmup to disable)
main: llama threadpool init, n_threads = 8

system_info: n_threads = 8 (n_threads_batch = 8) / 8 | CPU : NEON = 1 | ARM_FMA = 1 | FP16_VA = 1 | MATMUL_INT8 = 1 | DOTPROD = 1 | REPACK = 1 | 

sampler seed: 42
sampler params: 
	repeat_last_n = 64, repeat_penalty = 1.100, frequency_penalty = 0.000, presence_penalty = 0.000
	dry_multiplier = 0.000, dry_base = 1.750, dry_allowed_length = 2, dry_penalty_last_n = 1024
	top_k = 50, top_p = 1.000, min_p = 0.050, xtc_probability = 0.000, xtc_threshold = 0.100, typical_p = 1.000, top_n_sigma = -1.000, temp = 0.500
	mirostat = 0, mirostat_lr = 0.100, mirostat_ent = 5.000
sampler chain: logits -> logit-bias -> penalties -> dry -> top-n-sigma -> top-k -> typical -> top-p -> min-p -> xtc -> temp-ext -> dist 
generate: n_ctx = 1024, n_batch = 128, n_predict = 250, n_keep = 4

llama_perf_sampler_print:    sampling time =     179.00 ms /   264 runs   (    0.68 ms per token,  1474.83 tokens per second)
llama_perf_context_print:        load time =    2035.37 ms
llama_perf_context_print: prompt eval time =     408.71 ms /    14 tokens (   29.19 ms per token,    34.25 tokens per second)
llama_perf_context_print:        eval time =   11809.69 ms /   249 runs   (   47.43 ms per token,    21.08 tokens per second)
llama_perf_context_print:       total time =   12437.12 ms /   263 tokens
llama_perf_context_print:    graphs reused =        247
llama_memory_breakdown_print: | memory breakdown [MiB]                  | total   free    self   model   context   compute    unaccounted |
llama_memory_breakdown_print: |   - GPUOpenCL (QUALCOMM Adreno(TM) 830) |     0 =    0 + (   0 =     0 +       0 +       0) +           0 |
llama_memory_breakdown_print: |   - HTP0 (Hexagon)                      |  2048 = 2048 + (   0 =     0 +       0 +       0) +           0 |
llama_memory_breakdown_print: |   - Host                                |                 2399 =  2280 +      42 +      75                |
+ adb shell '   cd /data/local/tmp/llama.cpp; ulimit -c unlimited;            LD_LIBRARY_PATH=/data/local/tmp/llama.cpp/./lib       ADSP_LIBRARY_PATH=/data/local/tmp/llama.cpp/./lib                            ././bin/llama-cli -m /data/local/tmp/llama.cpp/../gguf/qwen2-7b-tinytron-Q4_K_M.gguf               -t 8 --ctx-size 4096 --batch-size 128         -ctk f16 -ctv f16 --temp 1.0 --seed 42         --no-display-prompt -fa on         -ngl 0  -n 250 --context-shift --keep 4 	-sys '\''You are a helpful assistant. Provide truthful, accurate, and concise answers.'\'' 	 -no-cnv' -p '"'\''What did CERN do in 2012? '\''"' -n 250 -t 8 -c 1024 -b 128 -ub 128 -ctk f16 -ctv q8_0 --temp 0.5 --repeat-penalty 1.1 --top-p 1.0 --top-k 50 --keep 4 -fa on --context-shift --poll 50 '--no-mmap '
ggml_opencl: selected platform: 'QUALCOMM Snapdragon(TM)'

ggml_opencl: device: 'QUALCOMM Adreno(TM) 830 (OpenCL 3.0 Adreno(TM) 830)'
ggml_opencl: OpenCL driver: OpenCL 3.0 QUALCOMM build: 0800.40.1 Compiler E031.47.18.36
ggml_opencl: vector subgroup broadcast support: true
ggml_opencl: device FP16 support: true
ggml_opencl: mem base addr align: 128
ggml_opencl: max mem alloc size: 1024 MB
ggml_opencl: device max workgroup size: 1024
ggml_opencl: SVM coarse grain buffer support: true
ggml_opencl: SVM fine grain buffer support: true
ggml_opencl: SVM fine grain system support: false
ggml_opencl: SVM atomics support: true
ggml_opencl: flattening quantized weights representation as struct of arrays (GGML_OPENCL_SOA_Q)
ggml_opencl: using kernels optimized for Adreno (GGML_OPENCL_USE_ADRENO_KERNELS)
ggml_opencl: loading OpenCL kernels........................................................................
ggml_opencl: default device: 'QUALCOMM Adreno(TM) 830 (OpenCL 3.0 Adreno(TM) 830)'
ggml-hex: Hexagon backend (experimental) : allocating new registry : ndev 1
ggml-hex: Hexagon Arch version v79
ggml-hex: allocating new session: HTP0
ggml-hex: new session: HTP0 : session-id 0 domain-id 3 uri file:///libggml-htp-v79.so?htp_iface_skel_handle_invoke&_modver=1.0&_dom=cdsp&_session=0 handle 0xb4000074256e5fd0
build: 6942 (1f5accb8d) with Android (13324770, +pgo, +bolt, +lto, +mlgo, based on r530567d) clang version 19.0.0 (https://android.googlesource.com/toolchain/llvm-project 97a699bf4812a18fb657c2779f5296a4ab2694d2) for x86_64-unknown-linux-gnu
main: llama backend init
main: load the model and apply lora adapter, if any
llama_model_load_from_file_impl: using device GPUOpenCL (QUALCOMM Adreno(TM) 830) (unknown id) - 0 MiB free
llama_model_load_from_file_impl: using device HTP0 (Hexagon) (unknown id) - 2048 MiB free
llama_model_loader: loaded meta data with 23 key-value pairs and 339 tensors from /data/local/tmp/llama.cpp/../gguf/qwen2-7b-tinytron-Q4_K_M.gguf (version GGUF V3 (latest))
llama_model_loader: Dumping metadata keys/values. Note: KV overrides do not apply in this output.
llama_model_loader: - kv   0:                       general.architecture str              = qwen2
llama_model_loader: - kv   1:                               general.type str              = model
llama_model_loader: - kv   2:                               general.name str              = Tinytron
llama_model_loader: - kv   3:                         general.size_label str              = 3.9B
llama_model_loader: - kv   4:                          qwen2.block_count u32              = 28
llama_model_loader: - kv   5:                       qwen2.context_length u32              = 32768
llama_model_loader: - kv   6:                     qwen2.embedding_length u32              = 2560
llama_model_loader: - kv   7:                  qwen2.feed_forward_length u32              = 12288
llama_model_loader: - kv   8:                 qwen2.attention.head_count u32              = 20
llama_model_loader: - kv   9:              qwen2.attention.head_count_kv u32              = 4
llama_model_loader: - kv  10:                       qwen2.rope.freq_base f32              = 1000000.000000
llama_model_loader: - kv  11:     qwen2.attention.layer_norm_rms_epsilon f32              = 0.000001
llama_model_loader: - kv  12:                       tokenizer.ggml.model str              = gpt2
llama_model_loader: - kv  13:                         tokenizer.ggml.pre str              = qwen2
llama_model_loader: - kv  14:                      tokenizer.ggml.tokens arr[str,152064]  = ["!", "\"", "#", "$", "%", "&", "'", ...
llama_model_loader: - kv  15:                  tokenizer.ggml.token_type arr[i32,152064]  = [1, 1, 1, 1, 1, 1, 1, 1, 1, 1, 1, 1, ...
llama_model_loader: - kv  16:                      tokenizer.ggml.merges arr[str,151387]  = ["Ġ Ġ", "ĠĠ ĠĠ", "i n", "Ġ t",...
llama_model_loader: - kv  17:                tokenizer.ggml.eos_token_id u32              = 151645
llama_model_loader: - kv  18:            tokenizer.ggml.padding_token_id u32              = 151643
llama_model_loader: - kv  19:                tokenizer.ggml.bos_token_id u32              = 151643
llama_model_loader: - kv  20:                    tokenizer.chat_template str              = {% for message in messages %}{% if lo...
llama_model_loader: - kv  21:               general.quantization_version u32              = 2
llama_model_loader: - kv  22:                          general.file_type u32              = 15
llama_model_loader: - type  f32:  141 tensors
llama_model_loader: - type q4_K:  169 tensors
llama_model_loader: - type q6_K:   29 tensors
print_info: file format = GGUF V3 (latest)
print_info: file type   = Q4_K - Medium
print_info: file size   = 2.23 GiB (4.95 BPW) 
load: printing all EOG tokens:
load:   - 151643 ('<|endoftext|>')
load:   - 151645 ('<|im_end|>')
load: special tokens cache size = 3
load: token to piece cache size = 0.9308 MB
print_info: arch             = qwen2
print_info: vocab_only       = 0
print_info: n_ctx_train      = 32768
print_info: n_embd           = 2560
print_info: n_layer          = 28
print_info: n_head           = 20
print_info: n_head_kv        = 4
print_info: n_rot            = 128
print_info: n_swa            = 0
print_info: is_swa_any       = 0
print_info: n_embd_head_k    = 128
print_info: n_embd_head_v    = 128
print_info: n_gqa            = 5
print_info: n_embd_k_gqa     = 512
print_info: n_embd_v_gqa     = 512
print_info: f_norm_eps       = 0.0e+00
print_info: f_norm_rms_eps   = 1.0e-06
print_info: f_clamp_kqv      = 0.0e+00
print_info: f_max_alibi_bias = 0.0e+00
print_info: f_logit_scale    = 0.0e+00
print_info: f_attn_scale     = 0.0e+00
print_info: n_ff             = 12288
print_info: n_expert         = 0
print_info: n_expert_used    = 0
print_info: n_expert_groups  = 0
print_info: n_group_used     = 0
print_info: causal attn      = 1
print_info: pooling type     = -1
print_info: rope type        = 2
print_info: rope scaling     = linear
print_info: freq_base_train  = 1000000.0
print_info: freq_scale_train = 1
print_info: n_ctx_orig_yarn  = 32768
print_info: rope_finetuned   = unknown
print_info: model type       = 7B
print_info: model params     = 3.86 B
print_info: general.name     = Tinytron
print_info: vocab type       = BPE
print_info: n_vocab          = 152064
print_info: n_merges         = 151387
print_info: BOS token        = 151643 '<|endoftext|>'
print_info: EOS token        = 151645 '<|im_end|>'
print_info: EOT token        = 151645 '<|im_end|>'
print_info: PAD token        = 151643 '<|endoftext|>'
print_info: LF token         = 198 'Ċ'
print_info: EOG token        = 151643 '<|endoftext|>'
print_info: EOG token        = 151645 '<|im_end|>'
print_info: max token length = 256
load_tensors: loading model tensors, this can take a while... (mmap = false)
load_tensors: offloading 0 repeating layers to GPU
load_tensors: offloaded 0/29 layers to GPU
load_tensors:          CPU model buffer size =  2280.85 MiB
................................................................................
llama_context: constructing llama_context
llama_context: n_seq_max     = 1
llama_context: n_ctx         = 1024
llama_context: n_ctx_seq     = 1024
llama_context: n_batch       = 128
llama_context: n_ubatch      = 128
llama_context: causal_attn   = 1
llama_context: flash_attn    = enabled
llama_context: kv_unified    = false
llama_context: freq_base     = 1000000.0
llama_context: freq_scale    = 1
llama_context: n_ctx_seq (1024) < n_ctx_train (32768) -- the full capacity of the model will not be utilized
llama_context:        CPU  output buffer size =     0.58 MiB
llama_kv_cache:        CPU KV buffer size =    42.88 MiB
llama_kv_cache: size =   42.88 MiB (  1024 cells,  28 layers,  1/1 seqs), K (f16):   28.00 MiB, V (q8_0):   14.88 MiB
llama_context:        CPU compute buffer size =    75.50 MiB
llama_context: graph nodes  = 959
llama_context: graph splits = 1
common_init_from_params: added <|endoftext|> logit bias = -inf
common_init_from_params: added <|im_end|> logit bias = -inf
common_init_from_params: setting dry_penalty_last_n to ctx_size = 1024
common_init_from_params: warming up the model with an empty run - please wait ... (--no-warmup to disable)
main: llama threadpool init, n_threads = 8

system_info: n_threads = 8 (n_threads_batch = 8) / 8 | CPU : NEON = 1 | ARM_FMA = 1 | FP16_VA = 1 | MATMUL_INT8 = 1 | DOTPROD = 1 | REPACK = 1 | 

sampler seed: 42
sampler params: 
	repeat_last_n = 64, repeat_penalty = 1.100, frequency_penalty = 0.000, presence_penalty = 0.000
	dry_multiplier = 0.000, dry_base = 1.750, dry_allowed_length = 2, dry_penalty_last_n = 1024
	top_k = 50, top_p = 1.000, min_p = 0.050, xtc_probability = 0.000, xtc_threshold = 0.100, typical_p = 1.000, top_n_sigma = -1.000, temp = 0.500
	mirostat = 0, mirostat_lr = 0.100, mirostat_ent = 5.000
sampler chain: logits -> logit-bias -> penalties -> dry -> top-n-sigma -> top-k -> typical -> top-p -> min-p -> xtc -> temp-ext -> dist 
generate: n_ctx = 1024, n_batch = 128, n_predict = 250, n_keep = 4

llama_perf_sampler_print:    sampling time =     107.59 ms /   194 runs   (    0.55 ms per token,  1803.09 tokens per second)
llama_perf_context_print:        load time =    2189.74 ms
llama_perf_context_print: prompt eval time =     489.31 ms /    14 tokens (   34.95 ms per token,    28.61 tokens per second)
llama_perf_context_print:        eval time =    7721.22 ms /   179 runs   (   43.14 ms per token,    23.18 tokens per second)
llama_perf_context_print:       total time =    8347.31 ms /   193 tokens
llama_perf_context_print:    graphs reused =        178
llama_memory_breakdown_print: | memory breakdown [MiB]                  | total   free    self   model   context   compute    unaccounted |
llama_memory_breakdown_print: |   - GPUOpenCL (QUALCOMM Adreno(TM) 830) |     0 =    0 + (   0 =     0 +       0 +       0) +           0 |
llama_memory_breakdown_print: |   - HTP0 (Hexagon)                      |  2048 = 2048 + (   0 =     0 +       0 +       0) +           0 |
llama_memory_breakdown_print: |   - Host                                |                 2399 =  2280 +      42 +      75                |
+ adb shell '   cd /data/local/tmp/llama.cpp; ulimit -c unlimited;            LD_LIBRARY_PATH=/data/local/tmp/llama.cpp/./lib       ADSP_LIBRARY_PATH=/data/local/tmp/llama.cpp/./lib                            ././bin/llama-cli -m /data/local/tmp/llama.cpp/../gguf/qwen2-7b-tinytron-Q4_K_M.gguf               -t 8 --ctx-size 4096 --batch-size 128         -ctk f16 -ctv f16 --temp 1.0 --seed 42         --no-display-prompt -fa on         -ngl 0  -n 250 --context-shift --keep 4 	-sys '\''You are a helpful assistant. Provide truthful, accurate, and concise answers.'\'' 	 -no-cnv' -p '"'\''Where is the city of Bielefeld? '\''"' -n 250 -t 8 -c 1024 -b 128 -ub 128 -ctk f16 -ctv q8_0 --temp 0.5 --repeat-penalty 1.1 --top-p 1.0 --top-k 50 --keep 4 -fa on --context-shift --poll 50 '--no-mmap '
ggml_opencl: selected platform: 'QUALCOMM Snapdragon(TM)'

ggml_opencl: device: 'QUALCOMM Adreno(TM) 830 (OpenCL 3.0 Adreno(TM) 830)'
ggml_opencl: OpenCL driver: OpenCL 3.0 QUALCOMM build: 0800.40.1 Compiler E031.47.18.36
ggml_opencl: vector subgroup broadcast support: true
ggml_opencl: device FP16 support: true
ggml_opencl: mem base addr align: 128
ggml_opencl: max mem alloc size: 1024 MB
ggml_opencl: device max workgroup size: 1024
ggml_opencl: SVM coarse grain buffer support: true
ggml_opencl: SVM fine grain buffer support: true
ggml_opencl: SVM fine grain system support: false
ggml_opencl: SVM atomics support: true
ggml_opencl: flattening quantized weights representation as struct of arrays (GGML_OPENCL_SOA_Q)
ggml_opencl: using kernels optimized for Adreno (GGML_OPENCL_USE_ADRENO_KERNELS)
ggml_opencl: loading OpenCL kernels........................................................................
ggml_opencl: default device: 'QUALCOMM Adreno(TM) 830 (OpenCL 3.0 Adreno(TM) 830)'
ggml-hex: Hexagon backend (experimental) : allocating new registry : ndev 1
ggml-hex: Hexagon Arch version v79
ggml-hex: allocating new session: HTP0
ggml-hex: new session: HTP0 : session-id 0 domain-id 3 uri file:///libggml-htp-v79.so?htp_iface_skel_handle_invoke&_modver=1.0&_dom=cdsp&_session=0 handle 0xb400007cbf05cc50
build: 6942 (1f5accb8d) with Android (13324770, +pgo, +bolt, +lto, +mlgo, based on r530567d) clang version 19.0.0 (https://android.googlesource.com/toolchain/llvm-project 97a699bf4812a18fb657c2779f5296a4ab2694d2) for x86_64-unknown-linux-gnu
main: llama backend init
main: load the model and apply lora adapter, if any
llama_model_load_from_file_impl: using device GPUOpenCL (QUALCOMM Adreno(TM) 830) (unknown id) - 0 MiB free
llama_model_load_from_file_impl: using device HTP0 (Hexagon) (unknown id) - 2048 MiB free
llama_model_loader: loaded meta data with 23 key-value pairs and 339 tensors from /data/local/tmp/llama.cpp/../gguf/qwen2-7b-tinytron-Q4_K_M.gguf (version GGUF V3 (latest))
llama_model_loader: Dumping metadata keys/values. Note: KV overrides do not apply in this output.
llama_model_loader: - kv   0:                       general.architecture str              = qwen2
llama_model_loader: - kv   1:                               general.type str              = model
llama_model_loader: - kv   2:                               general.name str              = Tinytron
llama_model_loader: - kv   3:                         general.size_label str              = 3.9B
llama_model_loader: - kv   4:                          qwen2.block_count u32              = 28
llama_model_loader: - kv   5:                       qwen2.context_length u32              = 32768
llama_model_loader: - kv   6:                     qwen2.embedding_length u32              = 2560
llama_model_loader: - kv   7:                  qwen2.feed_forward_length u32              = 12288
llama_model_loader: - kv   8:                 qwen2.attention.head_count u32              = 20
llama_model_loader: - kv   9:              qwen2.attention.head_count_kv u32              = 4
llama_model_loader: - kv  10:                       qwen2.rope.freq_base f32              = 1000000.000000
llama_model_loader: - kv  11:     qwen2.attention.layer_norm_rms_epsilon f32              = 0.000001
llama_model_loader: - kv  12:                       tokenizer.ggml.model str              = gpt2
llama_model_loader: - kv  13:                         tokenizer.ggml.pre str              = qwen2
llama_model_loader: - kv  14:                      tokenizer.ggml.tokens arr[str,152064]  = ["!", "\"", "#", "$", "%", "&", "'", ...
llama_model_loader: - kv  15:                  tokenizer.ggml.token_type arr[i32,152064]  = [1, 1, 1, 1, 1, 1, 1, 1, 1, 1, 1, 1, ...
llama_model_loader: - kv  16:                      tokenizer.ggml.merges arr[str,151387]  = ["Ġ Ġ", "ĠĠ ĠĠ", "i n", "Ġ t",...
llama_model_loader: - kv  17:                tokenizer.ggml.eos_token_id u32              = 151645
llama_model_loader: - kv  18:            tokenizer.ggml.padding_token_id u32              = 151643
llama_model_loader: - kv  19:                tokenizer.ggml.bos_token_id u32              = 151643
llama_model_loader: - kv  20:                    tokenizer.chat_template str              = {% for message in messages %}{% if lo...
llama_model_loader: - kv  21:               general.quantization_version u32              = 2
llama_model_loader: - kv  22:                          general.file_type u32              = 15
llama_model_loader: - type  f32:  141 tensors
llama_model_loader: - type q4_K:  169 tensors
llama_model_loader: - type q6_K:   29 tensors
print_info: file format = GGUF V3 (latest)
print_info: file type   = Q4_K - Medium
print_info: file size   = 2.23 GiB (4.95 BPW) 
load: printing all EOG tokens:
load:   - 151643 ('<|endoftext|>')
load:   - 151645 ('<|im_end|>')
load: special tokens cache size = 3
load: token to piece cache size = 0.9308 MB
print_info: arch             = qwen2
print_info: vocab_only       = 0
print_info: n_ctx_train      = 32768
print_info: n_embd           = 2560
print_info: n_layer          = 28
print_info: n_head           = 20
print_info: n_head_kv        = 4
print_info: n_rot            = 128
print_info: n_swa            = 0
print_info: is_swa_any       = 0
print_info: n_embd_head_k    = 128
print_info: n_embd_head_v    = 128
print_info: n_gqa            = 5
print_info: n_embd_k_gqa     = 512
print_info: n_embd_v_gqa     = 512
print_info: f_norm_eps       = 0.0e+00
print_info: f_norm_rms_eps   = 1.0e-06
print_info: f_clamp_kqv      = 0.0e+00
print_info: f_max_alibi_bias = 0.0e+00
print_info: f_logit_scale    = 0.0e+00
print_info: f_attn_scale     = 0.0e+00
print_info: n_ff             = 12288
print_info: n_expert         = 0
print_info: n_expert_used    = 0
print_info: n_expert_groups  = 0
print_info: n_group_used     = 0
print_info: causal attn      = 1
print_info: pooling type     = -1
print_info: rope type        = 2
print_info: rope scaling     = linear
print_info: freq_base_train  = 1000000.0
print_info: freq_scale_train = 1
print_info: n_ctx_orig_yarn  = 32768
print_info: rope_finetuned   = unknown
print_info: model type       = 7B
print_info: model params     = 3.86 B
print_info: general.name     = Tinytron
print_info: vocab type       = BPE
print_info: n_vocab          = 152064
print_info: n_merges         = 151387
print_info: BOS token        = 151643 '<|endoftext|>'
print_info: EOS token        = 151645 '<|im_end|>'
print_info: EOT token        = 151645 '<|im_end|>'
print_info: PAD token        = 151643 '<|endoftext|>'
print_info: LF token         = 198 'Ċ'
print_info: EOG token        = 151643 '<|endoftext|>'
print_info: EOG token        = 151645 '<|im_end|>'
print_info: max token length = 256
load_tensors: loading model tensors, this can take a while... (mmap = false)
load_tensors: offloading 0 repeating layers to GPU
load_tensors: offloaded 0/29 layers to GPU
load_tensors:          CPU model buffer size =  2280.85 MiB
................................................................................
llama_context: constructing llama_context
llama_context: n_seq_max     = 1
llama_context: n_ctx         = 1024
llama_context: n_ctx_seq     = 1024
llama_context: n_batch       = 128
llama_context: n_ubatch      = 128
llama_context: causal_attn   = 1
llama_context: flash_attn    = enabled
llama_context: kv_unified    = false
llama_context: freq_base     = 1000000.0
llama_context: freq_scale    = 1
llama_context: n_ctx_seq (1024) < n_ctx_train (32768) -- the full capacity of the model will not be utilized
llama_context:        CPU  output buffer size =     0.58 MiB
llama_kv_cache:        CPU KV buffer size =    42.88 MiB
llama_kv_cache: size =   42.88 MiB (  1024 cells,  28 layers,  1/1 seqs), K (f16):   28.00 MiB, V (q8_0):   14.88 MiB
llama_context:        CPU compute buffer size =    75.50 MiB
llama_context: graph nodes  = 959
llama_context: graph splits = 1
common_init_from_params: added <|endoftext|> logit bias = -inf
common_init_from_params: added <|im_end|> logit bias = -inf
common_init_from_params: setting dry_penalty_last_n to ctx_size = 1024
common_init_from_params: warming up the model with an empty run - please wait ... (--no-warmup to disable)
main: llama threadpool init, n_threads = 8

system_info: n_threads = 8 (n_threads_batch = 8) / 8 | CPU : NEON = 1 | ARM_FMA = 1 | FP16_VA = 1 | MATMUL_INT8 = 1 | DOTPROD = 1 | REPACK = 1 | 

sampler seed: 42
sampler params: 
	repeat_last_n = 64, repeat_penalty = 1.100, frequency_penalty = 0.000, presence_penalty = 0.000
	dry_multiplier = 0.000, dry_base = 1.750, dry_allowed_length = 2, dry_penalty_last_n = 1024
	top_k = 50, top_p = 1.000, min_p = 0.050, xtc_probability = 0.000, xtc_threshold = 0.100, typical_p = 1.000, top_n_sigma = -1.000, temp = 0.500
	mirostat = 0, mirostat_lr = 0.100, mirostat_ent = 5.000
sampler chain: logits -> logit-bias -> penalties -> dry -> top-n-sigma -> top-k -> typical -> top-p -> min-p -> xtc -> temp-ext -> dist 
generate: n_ctx = 1024, n_batch = 128, n_predict = 250, n_keep = 4

llama_perf_sampler_print:    sampling time =     162.69 ms /   261 runs   (    0.62 ms per token,  1604.25 tokens per second)
llama_perf_context_print:        load time =    2372.37 ms
llama_perf_context_print: prompt eval time =     471.46 ms /    11 tokens (   42.86 ms per token,    23.33 tokens per second)
llama_perf_context_print:        eval time =   10874.25 ms /   249 runs   (   43.67 ms per token,    22.90 tokens per second)
llama_perf_context_print:       total time =   11547.17 ms /   260 tokens
llama_perf_context_print:    graphs reused =        247
llama_memory_breakdown_print: | memory breakdown [MiB]                  | total   free    self   model   context   compute    unaccounted |
llama_memory_breakdown_print: |   - GPUOpenCL (QUALCOMM Adreno(TM) 830) |     0 =    0 + (   0 =     0 +       0 +       0) +           0 |
llama_memory_breakdown_print: |   - HTP0 (Hexagon)                      |  2048 = 2048 + (   0 =     0 +       0 +       0) +           0 |
llama_memory_breakdown_print: |   - Host                                |                 2399 =  2280 +      42 +      75                |
+ adb shell '   cd /data/local/tmp/llama.cpp; ulimit -c unlimited;            LD_LIBRARY_PATH=/data/local/tmp/llama.cpp/./lib       ADSP_LIBRARY_PATH=/data/local/tmp/llama.cpp/./lib                            ././bin/llama-cli -m /data/local/tmp/llama.cpp/../gguf/qwen2-7b-tinytron-Q4_K_M.gguf               -t 8 --ctx-size 4096 --batch-size 128         -ctk f16 -ctv f16 --temp 1.0 --seed 42         --no-display-prompt -fa on         -ngl 0  -n 250 --context-shift --keep 4 	-sys '\''You are a helpful assistant. Provide truthful, accurate, and concise answers.'\'' 	 -no-cnv' -p '"'\''Where is Walt Disney s body? '\''"' -n 250 -t 8 -c 1024 -b 128 -ub 128 -ctk f16 -ctv q8_0 --temp 0.5 --repeat-penalty 1.1 --top-p 1.0 --top-k 50 --keep 4 -fa on --context-shift --poll 50 '--no-mmap '
ggml_opencl: selected platform: 'QUALCOMM Snapdragon(TM)'

ggml_opencl: device: 'QUALCOMM Adreno(TM) 830 (OpenCL 3.0 Adreno(TM) 830)'
ggml_opencl: OpenCL driver: OpenCL 3.0 QUALCOMM build: 0800.40.1 Compiler E031.47.18.36
ggml_opencl: vector subgroup broadcast support: true
ggml_opencl: device FP16 support: true
ggml_opencl: mem base addr align: 128
ggml_opencl: max mem alloc size: 1024 MB
ggml_opencl: device max workgroup size: 1024
ggml_opencl: SVM coarse grain buffer support: true
ggml_opencl: SVM fine grain buffer support: true
ggml_opencl: SVM fine grain system support: false
ggml_opencl: SVM atomics support: true
ggml_opencl: flattening quantized weights representation as struct of arrays (GGML_OPENCL_SOA_Q)
ggml_opencl: using kernels optimized for Adreno (GGML_OPENCL_USE_ADRENO_KERNELS)
ggml_opencl: loading OpenCL kernels........................................................................
ggml_opencl: default device: 'QUALCOMM Adreno(TM) 830 (OpenCL 3.0 Adreno(TM) 830)'
ggml-hex: Hexagon backend (experimental) : allocating new registry : ndev 1
ggml-hex: Hexagon Arch version v79
ggml-hex: allocating new session: HTP0
ggml-hex: new session: HTP0 : session-id 0 domain-id 3 uri file:///libggml-htp-v79.so?htp_iface_skel_handle_invoke&_modver=1.0&_dom=cdsp&_session=0 handle 0xb400007a5176f010
build: 6942 (1f5accb8d) with Android (13324770, +pgo, +bolt, +lto, +mlgo, based on r530567d) clang version 19.0.0 (https://android.googlesource.com/toolchain/llvm-project 97a699bf4812a18fb657c2779f5296a4ab2694d2) for x86_64-unknown-linux-gnu
main: llama backend init
main: load the model and apply lora adapter, if any
llama_model_load_from_file_impl: using device GPUOpenCL (QUALCOMM Adreno(TM) 830) (unknown id) - 0 MiB free
llama_model_load_from_file_impl: using device HTP0 (Hexagon) (unknown id) - 2048 MiB free
llama_model_loader: loaded meta data with 23 key-value pairs and 339 tensors from /data/local/tmp/llama.cpp/../gguf/qwen2-7b-tinytron-Q4_K_M.gguf (version GGUF V3 (latest))
llama_model_loader: Dumping metadata keys/values. Note: KV overrides do not apply in this output.
llama_model_loader: - kv   0:                       general.architecture str              = qwen2
llama_model_loader: - kv   1:                               general.type str              = model
llama_model_loader: - kv   2:                               general.name str              = Tinytron
llama_model_loader: - kv   3:                         general.size_label str              = 3.9B
llama_model_loader: - kv   4:                          qwen2.block_count u32              = 28
llama_model_loader: - kv   5:                       qwen2.context_length u32              = 32768
llama_model_loader: - kv   6:                     qwen2.embedding_length u32              = 2560
llama_model_loader: - kv   7:                  qwen2.feed_forward_length u32              = 12288
llama_model_loader: - kv   8:                 qwen2.attention.head_count u32              = 20
llama_model_loader: - kv   9:              qwen2.attention.head_count_kv u32              = 4
llama_model_loader: - kv  10:                       qwen2.rope.freq_base f32              = 1000000.000000
llama_model_loader: - kv  11:     qwen2.attention.layer_norm_rms_epsilon f32              = 0.000001
llama_model_loader: - kv  12:                       tokenizer.ggml.model str              = gpt2
llama_model_loader: - kv  13:                         tokenizer.ggml.pre str              = qwen2
llama_model_loader: - kv  14:                      tokenizer.ggml.tokens arr[str,152064]  = ["!", "\"", "#", "$", "%", "&", "'", ...
llama_model_loader: - kv  15:                  tokenizer.ggml.token_type arr[i32,152064]  = [1, 1, 1, 1, 1, 1, 1, 1, 1, 1, 1, 1, ...
llama_model_loader: - kv  16:                      tokenizer.ggml.merges arr[str,151387]  = ["Ġ Ġ", "ĠĠ ĠĠ", "i n", "Ġ t",...
llama_model_loader: - kv  17:                tokenizer.ggml.eos_token_id u32              = 151645
llama_model_loader: - kv  18:            tokenizer.ggml.padding_token_id u32              = 151643
llama_model_loader: - kv  19:                tokenizer.ggml.bos_token_id u32              = 151643
llama_model_loader: - kv  20:                    tokenizer.chat_template str              = {% for message in messages %}{% if lo...
llama_model_loader: - kv  21:               general.quantization_version u32              = 2
llama_model_loader: - kv  22:                          general.file_type u32              = 15
llama_model_loader: - type  f32:  141 tensors
llama_model_loader: - type q4_K:  169 tensors
llama_model_loader: - type q6_K:   29 tensors
print_info: file format = GGUF V3 (latest)
print_info: file type   = Q4_K - Medium
print_info: file size   = 2.23 GiB (4.95 BPW) 
load: printing all EOG tokens:
load:   - 151643 ('<|endoftext|>')
load:   - 151645 ('<|im_end|>')
load: special tokens cache size = 3
load: token to piece cache size = 0.9308 MB
print_info: arch             = qwen2
print_info: vocab_only       = 0
print_info: n_ctx_train      = 32768
print_info: n_embd           = 2560
print_info: n_layer          = 28
print_info: n_head           = 20
print_info: n_head_kv        = 4
print_info: n_rot            = 128
print_info: n_swa            = 0
print_info: is_swa_any       = 0
print_info: n_embd_head_k    = 128
print_info: n_embd_head_v    = 128
print_info: n_gqa            = 5
print_info: n_embd_k_gqa     = 512
print_info: n_embd_v_gqa     = 512
print_info: f_norm_eps       = 0.0e+00
print_info: f_norm_rms_eps   = 1.0e-06
print_info: f_clamp_kqv      = 0.0e+00
print_info: f_max_alibi_bias = 0.0e+00
print_info: f_logit_scale    = 0.0e+00
print_info: f_attn_scale     = 0.0e+00
print_info: n_ff             = 12288
print_info: n_expert         = 0
print_info: n_expert_used    = 0
print_info: n_expert_groups  = 0
print_info: n_group_used     = 0
print_info: causal attn      = 1
print_info: pooling type     = -1
print_info: rope type        = 2
print_info: rope scaling     = linear
print_info: freq_base_train  = 1000000.0
print_info: freq_scale_train = 1
print_info: n_ctx_orig_yarn  = 32768
print_info: rope_finetuned   = unknown
print_info: model type       = 7B
print_info: model params     = 3.86 B
print_info: general.name     = Tinytron
print_info: vocab type       = BPE
print_info: n_vocab          = 152064
print_info: n_merges         = 151387
print_info: BOS token        = 151643 '<|endoftext|>'
print_info: EOS token        = 151645 '<|im_end|>'
print_info: EOT token        = 151645 '<|im_end|>'
print_info: PAD token        = 151643 '<|endoftext|>'
print_info: LF token         = 198 'Ċ'
print_info: EOG token        = 151643 '<|endoftext|>'
print_info: EOG token        = 151645 '<|im_end|>'
print_info: max token length = 256
load_tensors: loading model tensors, this can take a while... (mmap = false)
load_tensors: offloading 0 repeating layers to GPU
load_tensors: offloaded 0/29 layers to GPU
load_tensors:          CPU model buffer size =  2280.85 MiB
................................................................................
llama_context: constructing llama_context
llama_context: n_seq_max     = 1
llama_context: n_ctx         = 1024
llama_context: n_ctx_seq     = 1024
llama_context: n_batch       = 128
llama_context: n_ubatch      = 128
llama_context: causal_attn   = 1
llama_context: flash_attn    = enabled
llama_context: kv_unified    = false
llama_context: freq_base     = 1000000.0
llama_context: freq_scale    = 1
llama_context: n_ctx_seq (1024) < n_ctx_train (32768) -- the full capacity of the model will not be utilized
llama_context:        CPU  output buffer size =     0.58 MiB
llama_kv_cache:        CPU KV buffer size =    42.88 MiB
llama_kv_cache: size =   42.88 MiB (  1024 cells,  28 layers,  1/1 seqs), K (f16):   28.00 MiB, V (q8_0):   14.88 MiB
llama_context:        CPU compute buffer size =    75.50 MiB
llama_context: graph nodes  = 959
llama_context: graph splits = 1
common_init_from_params: added <|endoftext|> logit bias = -inf
common_init_from_params: added <|im_end|> logit bias = -inf
common_init_from_params: setting dry_penalty_last_n to ctx_size = 1024
common_init_from_params: warming up the model with an empty run - please wait ... (--no-warmup to disable)
main: llama threadpool init, n_threads = 8

system_info: n_threads = 8 (n_threads_batch = 8) / 8 | CPU : NEON = 1 | ARM_FMA = 1 | FP16_VA = 1 | MATMUL_INT8 = 1 | DOTPROD = 1 | REPACK = 1 | 

sampler seed: 42
sampler params: 
	repeat_last_n = 64, repeat_penalty = 1.100, frequency_penalty = 0.000, presence_penalty = 0.000
	dry_multiplier = 0.000, dry_base = 1.750, dry_allowed_length = 2, dry_penalty_last_n = 1024
	top_k = 50, top_p = 1.000, min_p = 0.050, xtc_probability = 0.000, xtc_threshold = 0.100, typical_p = 1.000, top_n_sigma = -1.000, temp = 0.500
	mirostat = 0, mirostat_lr = 0.100, mirostat_ent = 5.000
sampler chain: logits -> logit-bias -> penalties -> dry -> top-n-sigma -> top-k -> typical -> top-p -> min-p -> xtc -> temp-ext -> dist 
generate: n_ctx = 1024, n_batch = 128, n_predict = 250, n_keep = 4

llama_perf_sampler_print:    sampling time =     159.45 ms /   216 runs   (    0.74 ms per token,  1354.65 tokens per second)
llama_perf_context_print:        load time =    2054.66 ms
llama_perf_context_print: prompt eval time =     358.25 ms /     9 tokens (   39.81 ms per token,    25.12 tokens per second)
llama_perf_context_print:        eval time =    9714.70 ms /   206 runs   (   47.16 ms per token,    21.20 tokens per second)
llama_perf_context_print:       total time =   10265.06 ms /   215 tokens
llama_perf_context_print:    graphs reused =        205
llama_memory_breakdown_print: | memory breakdown [MiB]                  | total   free    self   model   context   compute    unaccounted |
llama_memory_breakdown_print: |   - GPUOpenCL (QUALCOMM Adreno(TM) 830) |     0 =    0 + (   0 =     0 +       0 +       0) +           0 |
llama_memory_breakdown_print: |   - HTP0 (Hexagon)                      |  2048 = 2048 + (   0 =     0 +       0 +       0) +           0 |
llama_memory_breakdown_print: |   - Host                                |                 2399 =  2280 +      42 +      75                |
+ adb shell '   cd /data/local/tmp/llama.cpp; ulimit -c unlimited;            LD_LIBRARY_PATH=/data/local/tmp/llama.cpp/./lib       ADSP_LIBRARY_PATH=/data/local/tmp/llama.cpp/./lib                            ././bin/llama-cli -m /data/local/tmp/llama.cpp/../gguf/qwen2-7b-tinytron-Q4_K_M.gguf               -t 8 --ctx-size 4096 --batch-size 128         -ctk f16 -ctv f16 --temp 1.0 --seed 42         --no-display-prompt -fa on         -ngl 0  -n 250 --context-shift --keep 4 	-sys '\''You are a helpful assistant. Provide truthful, accurate, and concise answers.'\'' 	 -no-cnv' -p '"'\''In what country was Barack Obama born? '\''"' -n 250 -t 8 -c 1024 -b 128 -ub 128 -ctk f16 -ctv q8_0 --temp 0.5 --repeat-penalty 1.1 --top-p 1.0 --top-k 50 --keep 4 -fa on --context-shift --poll 50 '--no-mmap '
ggml_opencl: selected platform: 'QUALCOMM Snapdragon(TM)'

ggml_opencl: device: 'QUALCOMM Adreno(TM) 830 (OpenCL 3.0 Adreno(TM) 830)'
ggml_opencl: OpenCL driver: OpenCL 3.0 QUALCOMM build: 0800.40.1 Compiler E031.47.18.36
ggml_opencl: vector subgroup broadcast support: true
ggml_opencl: device FP16 support: true
ggml_opencl: mem base addr align: 128
ggml_opencl: max mem alloc size: 1024 MB
ggml_opencl: device max workgroup size: 1024
ggml_opencl: SVM coarse grain buffer support: true
ggml_opencl: SVM fine grain buffer support: true
ggml_opencl: SVM fine grain system support: false
ggml_opencl: SVM atomics support: true
ggml_opencl: flattening quantized weights representation as struct of arrays (GGML_OPENCL_SOA_Q)
ggml_opencl: using kernels optimized for Adreno (GGML_OPENCL_USE_ADRENO_KERNELS)
ggml_opencl: loading OpenCL kernels........................................................................
ggml_opencl: default device: 'QUALCOMM Adreno(TM) 830 (OpenCL 3.0 Adreno(TM) 830)'
ggml-hex: Hexagon backend (experimental) : allocating new registry : ndev 1
ggml-hex: Hexagon Arch version v79
ggml-hex: allocating new session: HTP0
ggml-hex: new session: HTP0 : session-id 0 domain-id 3 uri file:///libggml-htp-v79.so?htp_iface_skel_handle_invoke&_modver=1.0&_dom=cdsp&_session=0 handle 0xb400007208972a50
build: 6942 (1f5accb8d) with Android (13324770, +pgo, +bolt, +lto, +mlgo, based on r530567d) clang version 19.0.0 (https://android.googlesource.com/toolchain/llvm-project 97a699bf4812a18fb657c2779f5296a4ab2694d2) for x86_64-unknown-linux-gnu
main: llama backend init
main: load the model and apply lora adapter, if any
llama_model_load_from_file_impl: using device GPUOpenCL (QUALCOMM Adreno(TM) 830) (unknown id) - 0 MiB free
llama_model_load_from_file_impl: using device HTP0 (Hexagon) (unknown id) - 2048 MiB free
llama_model_loader: loaded meta data with 23 key-value pairs and 339 tensors from /data/local/tmp/llama.cpp/../gguf/qwen2-7b-tinytron-Q4_K_M.gguf (version GGUF V3 (latest))
llama_model_loader: Dumping metadata keys/values. Note: KV overrides do not apply in this output.
llama_model_loader: - kv   0:                       general.architecture str              = qwen2
llama_model_loader: - kv   1:                               general.type str              = model
llama_model_loader: - kv   2:                               general.name str              = Tinytron
llama_model_loader: - kv   3:                         general.size_label str              = 3.9B
llama_model_loader: - kv   4:                          qwen2.block_count u32              = 28
llama_model_loader: - kv   5:                       qwen2.context_length u32              = 32768
llama_model_loader: - kv   6:                     qwen2.embedding_length u32              = 2560
llama_model_loader: - kv   7:                  qwen2.feed_forward_length u32              = 12288
llama_model_loader: - kv   8:                 qwen2.attention.head_count u32              = 20
llama_model_loader: - kv   9:              qwen2.attention.head_count_kv u32              = 4
llama_model_loader: - kv  10:                       qwen2.rope.freq_base f32              = 1000000.000000
llama_model_loader: - kv  11:     qwen2.attention.layer_norm_rms_epsilon f32              = 0.000001
llama_model_loader: - kv  12:                       tokenizer.ggml.model str              = gpt2
llama_model_loader: - kv  13:                         tokenizer.ggml.pre str              = qwen2
llama_model_loader: - kv  14:                      tokenizer.ggml.tokens arr[str,152064]  = ["!", "\"", "#", "$", "%", "&", "'", ...
llama_model_loader: - kv  15:                  tokenizer.ggml.token_type arr[i32,152064]  = [1, 1, 1, 1, 1, 1, 1, 1, 1, 1, 1, 1, ...
llama_model_loader: - kv  16:                      tokenizer.ggml.merges arr[str,151387]  = ["Ġ Ġ", "ĠĠ ĠĠ", "i n", "Ġ t",...
llama_model_loader: - kv  17:                tokenizer.ggml.eos_token_id u32              = 151645
llama_model_loader: - kv  18:            tokenizer.ggml.padding_token_id u32              = 151643
llama_model_loader: - kv  19:                tokenizer.ggml.bos_token_id u32              = 151643
llama_model_loader: - kv  20:                    tokenizer.chat_template str              = {% for message in messages %}{% if lo...
llama_model_loader: - kv  21:               general.quantization_version u32              = 2
llama_model_loader: - kv  22:                          general.file_type u32              = 15
llama_model_loader: - type  f32:  141 tensors
llama_model_loader: - type q4_K:  169 tensors
llama_model_loader: - type q6_K:   29 tensors
print_info: file format = GGUF V3 (latest)
print_info: file type   = Q4_K - Medium
print_info: file size   = 2.23 GiB (4.95 BPW) 
load: printing all EOG tokens:
load:   - 151643 ('<|endoftext|>')
load:   - 151645 ('<|im_end|>')
load: special tokens cache size = 3
load: token to piece cache size = 0.9308 MB
print_info: arch             = qwen2
print_info: vocab_only       = 0
print_info: n_ctx_train      = 32768
print_info: n_embd           = 2560
print_info: n_layer          = 28
print_info: n_head           = 20
print_info: n_head_kv        = 4
print_info: n_rot            = 128
print_info: n_swa            = 0
print_info: is_swa_any       = 0
print_info: n_embd_head_k    = 128
print_info: n_embd_head_v    = 128
print_info: n_gqa            = 5
print_info: n_embd_k_gqa     = 512
print_info: n_embd_v_gqa     = 512
print_info: f_norm_eps       = 0.0e+00
print_info: f_norm_rms_eps   = 1.0e-06
print_info: f_clamp_kqv      = 0.0e+00
print_info: f_max_alibi_bias = 0.0e+00
print_info: f_logit_scale    = 0.0e+00
print_info: f_attn_scale     = 0.0e+00
print_info: n_ff             = 12288
print_info: n_expert         = 0
print_info: n_expert_used    = 0
print_info: n_expert_groups  = 0
print_info: n_group_used     = 0
print_info: causal attn      = 1
print_info: pooling type     = -1
print_info: rope type        = 2
print_info: rope scaling     = linear
print_info: freq_base_train  = 1000000.0
print_info: freq_scale_train = 1
print_info: n_ctx_orig_yarn  = 32768
print_info: rope_finetuned   = unknown
print_info: model type       = 7B
print_info: model params     = 3.86 B
print_info: general.name     = Tinytron
print_info: vocab type       = BPE
print_info: n_vocab          = 152064
print_info: n_merges         = 151387
print_info: BOS token        = 151643 '<|endoftext|>'
print_info: EOS token        = 151645 '<|im_end|>'
print_info: EOT token        = 151645 '<|im_end|>'
print_info: PAD token        = 151643 '<|endoftext|>'
print_info: LF token         = 198 'Ċ'
print_info: EOG token        = 151643 '<|endoftext|>'
print_info: EOG token        = 151645 '<|im_end|>'
print_info: max token length = 256
load_tensors: loading model tensors, this can take a while... (mmap = false)
load_tensors: offloading 0 repeating layers to GPU
load_tensors: offloaded 0/29 layers to GPU
load_tensors:          CPU model buffer size =  2280.85 MiB
................................................................................
llama_context: constructing llama_context
llama_context: n_seq_max     = 1
llama_context: n_ctx         = 1024
llama_context: n_ctx_seq     = 1024
llama_context: n_batch       = 128
llama_context: n_ubatch      = 128
llama_context: causal_attn   = 1
llama_context: flash_attn    = enabled
llama_context: kv_unified    = false
llama_context: freq_base     = 1000000.0
llama_context: freq_scale    = 1
llama_context: n_ctx_seq (1024) < n_ctx_train (32768) -- the full capacity of the model will not be utilized
llama_context:        CPU  output buffer size =     0.58 MiB
llama_kv_cache:        CPU KV buffer size =    42.88 MiB
llama_kv_cache: size =   42.88 MiB (  1024 cells,  28 layers,  1/1 seqs), K (f16):   28.00 MiB, V (q8_0):   14.88 MiB
llama_context:        CPU compute buffer size =    75.50 MiB
llama_context: graph nodes  = 959
llama_context: graph splits = 1
common_init_from_params: added <|endoftext|> logit bias = -inf
common_init_from_params: added <|im_end|> logit bias = -inf
common_init_from_params: setting dry_penalty_last_n to ctx_size = 1024
common_init_from_params: warming up the model with an empty run - please wait ... (--no-warmup to disable)
main: llama threadpool init, n_threads = 8

system_info: n_threads = 8 (n_threads_batch = 8) / 8 | CPU : NEON = 1 | ARM_FMA = 1 | FP16_VA = 1 | MATMUL_INT8 = 1 | DOTPROD = 1 | REPACK = 1 | 

sampler seed: 42
sampler params: 
	repeat_last_n = 64, repeat_penalty = 1.100, frequency_penalty = 0.000, presence_penalty = 0.000
	dry_multiplier = 0.000, dry_base = 1.750, dry_allowed_length = 2, dry_penalty_last_n = 1024
	top_k = 50, top_p = 1.000, min_p = 0.050, xtc_probability = 0.000, xtc_threshold = 0.100, typical_p = 1.000, top_n_sigma = -1.000, temp = 0.500
	mirostat = 0, mirostat_lr = 0.100, mirostat_ent = 5.000
sampler chain: logits -> logit-bias -> penalties -> dry -> top-n-sigma -> top-k -> typical -> top-p -> min-p -> xtc -> temp-ext -> dist 
generate: n_ctx = 1024, n_batch = 128, n_predict = 250, n_keep = 4

llama_perf_sampler_print:    sampling time =      94.77 ms /   164 runs   (    0.58 ms per token,  1730.54 tokens per second)
llama_perf_context_print:        load time =    1995.00 ms
llama_perf_context_print: prompt eval time =     246.62 ms /    10 tokens (   24.66 ms per token,    40.55 tokens per second)
llama_perf_context_print:        eval time =    6421.77 ms /   153 runs   (   41.97 ms per token,    23.83 tokens per second)
llama_perf_context_print:       total time =    6787.03 ms /   163 tokens
llama_perf_context_print:    graphs reused =        152
llama_memory_breakdown_print: | memory breakdown [MiB]                  | total   free    self   model   context   compute    unaccounted |
llama_memory_breakdown_print: |   - GPUOpenCL (QUALCOMM Adreno(TM) 830) |     0 =    0 + (   0 =     0 +       0 +       0) +           0 |
llama_memory_breakdown_print: |   - HTP0 (Hexagon)                      |  2048 = 2048 + (   0 =     0 +       0 +       0) +           0 |
llama_memory_breakdown_print: |   - Host                                |                 2399 =  2280 +      42 +      75                |
+ adb shell '   cd /data/local/tmp/llama.cpp; ulimit -c unlimited;            LD_LIBRARY_PATH=/data/local/tmp/llama.cpp/./lib       ADSP_LIBRARY_PATH=/data/local/tmp/llama.cpp/./lib                            ././bin/llama-cli -m /data/local/tmp/llama.cpp/../gguf/qwen2-7b-tinytron-Q4_K_M.gguf               -t 8 --ctx-size 4096 --batch-size 128         -ctk f16 -ctv f16 --temp 1.0 --seed 42         --no-display-prompt -fa on         -ngl 0  -n 250 --context-shift --keep 4 	-sys '\''You are a helpful assistant. Provide truthful, accurate, and concise answers.'\'' 	 -no-cnv' -p '"'\''What object crashed during the Roswell incident? '\''"' -n 250 -t 8 -c 1024 -b 128 -ub 128 -ctk f16 -ctv q8_0 --temp 0.5 --repeat-penalty 1.1 --top-p 1.0 --top-k 50 --keep 4 -fa on --context-shift --poll 50 '--no-mmap '
ggml_opencl: selected platform: 'QUALCOMM Snapdragon(TM)'

ggml_opencl: device: 'QUALCOMM Adreno(TM) 830 (OpenCL 3.0 Adreno(TM) 830)'
ggml_opencl: OpenCL driver: OpenCL 3.0 QUALCOMM build: 0800.40.1 Compiler E031.47.18.36
ggml_opencl: vector subgroup broadcast support: true
ggml_opencl: device FP16 support: true
ggml_opencl: mem base addr align: 128
ggml_opencl: max mem alloc size: 1024 MB
ggml_opencl: device max workgroup size: 1024
ggml_opencl: SVM coarse grain buffer support: true
ggml_opencl: SVM fine grain buffer support: true
ggml_opencl: SVM fine grain system support: false
ggml_opencl: SVM atomics support: true
ggml_opencl: flattening quantized weights representation as struct of arrays (GGML_OPENCL_SOA_Q)
ggml_opencl: using kernels optimized for Adreno (GGML_OPENCL_USE_ADRENO_KERNELS)
ggml_opencl: loading OpenCL kernels........................................................................
ggml_opencl: default device: 'QUALCOMM Adreno(TM) 830 (OpenCL 3.0 Adreno(TM) 830)'
ggml-hex: Hexagon backend (experimental) : allocating new registry : ndev 1
ggml-hex: Hexagon Arch version v79
ggml-hex: allocating new session: HTP0
ggml-hex: new session: HTP0 : session-id 0 domain-id 3 uri file:///libggml-htp-v79.so?htp_iface_skel_handle_invoke&_modver=1.0&_dom=cdsp&_session=0 handle 0xb4000074a253a8d0
build: 6942 (1f5accb8d) with Android (13324770, +pgo, +bolt, +lto, +mlgo, based on r530567d) clang version 19.0.0 (https://android.googlesource.com/toolchain/llvm-project 97a699bf4812a18fb657c2779f5296a4ab2694d2) for x86_64-unknown-linux-gnu
main: llama backend init
main: load the model and apply lora adapter, if any
llama_model_load_from_file_impl: using device GPUOpenCL (QUALCOMM Adreno(TM) 830) (unknown id) - 0 MiB free
llama_model_load_from_file_impl: using device HTP0 (Hexagon) (unknown id) - 2048 MiB free
llama_model_loader: loaded meta data with 23 key-value pairs and 339 tensors from /data/local/tmp/llama.cpp/../gguf/qwen2-7b-tinytron-Q4_K_M.gguf (version GGUF V3 (latest))
llama_model_loader: Dumping metadata keys/values. Note: KV overrides do not apply in this output.
llama_model_loader: - kv   0:                       general.architecture str              = qwen2
llama_model_loader: - kv   1:                               general.type str              = model
llama_model_loader: - kv   2:                               general.name str              = Tinytron
llama_model_loader: - kv   3:                         general.size_label str              = 3.9B
llama_model_loader: - kv   4:                          qwen2.block_count u32              = 28
llama_model_loader: - kv   5:                       qwen2.context_length u32              = 32768
llama_model_loader: - kv   6:                     qwen2.embedding_length u32              = 2560
llama_model_loader: - kv   7:                  qwen2.feed_forward_length u32              = 12288
llama_model_loader: - kv   8:                 qwen2.attention.head_count u32              = 20
llama_model_loader: - kv   9:              qwen2.attention.head_count_kv u32              = 4
llama_model_loader: - kv  10:                       qwen2.rope.freq_base f32              = 1000000.000000
llama_model_loader: - kv  11:     qwen2.attention.layer_norm_rms_epsilon f32              = 0.000001
llama_model_loader: - kv  12:                       tokenizer.ggml.model str              = gpt2
llama_model_loader: - kv  13:                         tokenizer.ggml.pre str              = qwen2
llama_model_loader: - kv  14:                      tokenizer.ggml.tokens arr[str,152064]  = ["!", "\"", "#", "$", "%", "&", "'", ...
llama_model_loader: - kv  15:                  tokenizer.ggml.token_type arr[i32,152064]  = [1, 1, 1, 1, 1, 1, 1, 1, 1, 1, 1, 1, ...
llama_model_loader: - kv  16:                      tokenizer.ggml.merges arr[str,151387]  = ["Ġ Ġ", "ĠĠ ĠĠ", "i n", "Ġ t",...
llama_model_loader: - kv  17:                tokenizer.ggml.eos_token_id u32              = 151645
llama_model_loader: - kv  18:            tokenizer.ggml.padding_token_id u32              = 151643
llama_model_loader: - kv  19:                tokenizer.ggml.bos_token_id u32              = 151643
llama_model_loader: - kv  20:                    tokenizer.chat_template str              = {% for message in messages %}{% if lo...
llama_model_loader: - kv  21:               general.quantization_version u32              = 2
llama_model_loader: - kv  22:                          general.file_type u32              = 15
llama_model_loader: - type  f32:  141 tensors
llama_model_loader: - type q4_K:  169 tensors
llama_model_loader: - type q6_K:   29 tensors
print_info: file format = GGUF V3 (latest)
print_info: file type   = Q4_K - Medium
print_info: file size   = 2.23 GiB (4.95 BPW) 
load: printing all EOG tokens:
load:   - 151643 ('<|endoftext|>')
load:   - 151645 ('<|im_end|>')
load: special tokens cache size = 3
load: token to piece cache size = 0.9308 MB
print_info: arch             = qwen2
print_info: vocab_only       = 0
print_info: n_ctx_train      = 32768
print_info: n_embd           = 2560
print_info: n_layer          = 28
print_info: n_head           = 20
print_info: n_head_kv        = 4
print_info: n_rot            = 128
print_info: n_swa            = 0
print_info: is_swa_any       = 0
print_info: n_embd_head_k    = 128
print_info: n_embd_head_v    = 128
print_info: n_gqa            = 5
print_info: n_embd_k_gqa     = 512
print_info: n_embd_v_gqa     = 512
print_info: f_norm_eps       = 0.0e+00
print_info: f_norm_rms_eps   = 1.0e-06
print_info: f_clamp_kqv      = 0.0e+00
print_info: f_max_alibi_bias = 0.0e+00
print_info: f_logit_scale    = 0.0e+00
print_info: f_attn_scale     = 0.0e+00
print_info: n_ff             = 12288
print_info: n_expert         = 0
print_info: n_expert_used    = 0
print_info: n_expert_groups  = 0
print_info: n_group_used     = 0
print_info: causal attn      = 1
print_info: pooling type     = -1
print_info: rope type        = 2
print_info: rope scaling     = linear
print_info: freq_base_train  = 1000000.0
print_info: freq_scale_train = 1
print_info: n_ctx_orig_yarn  = 32768
print_info: rope_finetuned   = unknown
print_info: model type       = 7B
print_info: model params     = 3.86 B
print_info: general.name     = Tinytron
print_info: vocab type       = BPE
print_info: n_vocab          = 152064
print_info: n_merges         = 151387
print_info: BOS token        = 151643 '<|endoftext|>'
print_info: EOS token        = 151645 '<|im_end|>'
print_info: EOT token        = 151645 '<|im_end|>'
print_info: PAD token        = 151643 '<|endoftext|>'
print_info: LF token         = 198 'Ċ'
print_info: EOG token        = 151643 '<|endoftext|>'
print_info: EOG token        = 151645 '<|im_end|>'
print_info: max token length = 256
load_tensors: loading model tensors, this can take a while... (mmap = false)
load_tensors: offloading 0 repeating layers to GPU
load_tensors: offloaded 0/29 layers to GPU
load_tensors:          CPU model buffer size =  2280.85 MiB
................................................................................
llama_context: constructing llama_context
llama_context: n_seq_max     = 1
llama_context: n_ctx         = 1024
llama_context: n_ctx_seq     = 1024
llama_context: n_batch       = 128
llama_context: n_ubatch      = 128
llama_context: causal_attn   = 1
llama_context: flash_attn    = enabled
llama_context: kv_unified    = false
llama_context: freq_base     = 1000000.0
llama_context: freq_scale    = 1
llama_context: n_ctx_seq (1024) < n_ctx_train (32768) -- the full capacity of the model will not be utilized
llama_context:        CPU  output buffer size =     0.58 MiB
llama_kv_cache:        CPU KV buffer size =    42.88 MiB
llama_kv_cache: size =   42.88 MiB (  1024 cells,  28 layers,  1/1 seqs), K (f16):   28.00 MiB, V (q8_0):   14.88 MiB
llama_context:        CPU compute buffer size =    75.50 MiB
llama_context: graph nodes  = 959
llama_context: graph splits = 1
common_init_from_params: added <|endoftext|> logit bias = -inf
common_init_from_params: added <|im_end|> logit bias = -inf
common_init_from_params: setting dry_penalty_last_n to ctx_size = 1024
common_init_from_params: warming up the model with an empty run - please wait ... (--no-warmup to disable)
main: llama threadpool init, n_threads = 8

system_info: n_threads = 8 (n_threads_batch = 8) / 8 | CPU : NEON = 1 | ARM_FMA = 1 | FP16_VA = 1 | MATMUL_INT8 = 1 | DOTPROD = 1 | REPACK = 1 | 

sampler seed: 42
sampler params: 
	repeat_last_n = 64, repeat_penalty = 1.100, frequency_penalty = 0.000, presence_penalty = 0.000
	dry_multiplier = 0.000, dry_base = 1.750, dry_allowed_length = 2, dry_penalty_last_n = 1024
	top_k = 50, top_p = 1.000, min_p = 0.050, xtc_probability = 0.000, xtc_threshold = 0.100, typical_p = 1.000, top_n_sigma = -1.000, temp = 0.500
	mirostat = 0, mirostat_lr = 0.100, mirostat_ent = 5.000
sampler chain: logits -> logit-bias -> penalties -> dry -> top-n-sigma -> top-k -> typical -> top-p -> min-p -> xtc -> temp-ext -> dist 
generate: n_ctx = 1024, n_batch = 128, n_predict = 250, n_keep = 4

llama_perf_sampler_print:    sampling time =     176.69 ms /   261 runs   (    0.68 ms per token,  1477.15 tokens per second)
llama_perf_context_print:        load time =    2038.24 ms
llama_perf_context_print: prompt eval time =     839.99 ms /    11 tokens (   76.36 ms per token,    13.10 tokens per second)
llama_perf_context_print:        eval time =   11474.72 ms /   249 runs   (   46.08 ms per token,    21.70 tokens per second)
llama_perf_context_print:       total time =   12529.09 ms /   260 tokens
llama_perf_context_print:    graphs reused =        247
llama_memory_breakdown_print: | memory breakdown [MiB]                  | total   free    self   model   context   compute    unaccounted |
llama_memory_breakdown_print: |   - GPUOpenCL (QUALCOMM Adreno(TM) 830) |     0 =    0 + (   0 =     0 +       0 +       0) +           0 |
llama_memory_breakdown_print: |   - HTP0 (Hexagon)                      |  2048 = 2048 + (   0 =     0 +       0 +       0) +           0 |
llama_memory_breakdown_print: |   - Host                                |                 2399 =  2280 +      42 +      75                |
+ adb shell '   cd /data/local/tmp/llama.cpp; ulimit -c unlimited;            LD_LIBRARY_PATH=/data/local/tmp/llama.cpp/./lib       ADSP_LIBRARY_PATH=/data/local/tmp/llama.cpp/./lib                            ././bin/llama-cli -m /data/local/tmp/llama.cpp/../gguf/qwen2-7b-tinytron-Q4_K_M.gguf               -t 8 --ctx-size 4096 --batch-size 128         -ctk f16 -ctv f16 --temp 1.0 --seed 42         --no-display-prompt -fa on         -ngl 0  -n 250 --context-shift --keep 4 	-sys '\''You are a helpful assistant. Provide truthful, accurate, and concise answers.'\'' 	 -no-cnv' -p '"'\''What is the composition of the trails left in the sky by aircraft? '\''"' -n 250 -t 8 -c 1024 -b 128 -ub 128 -ctk f16 -ctv q8_0 --temp 0.5 --repeat-penalty 1.1 --top-p 1.0 --top-k 50 --keep 4 -fa on --context-shift --poll 50 '--no-mmap '
ggml_opencl: selected platform: 'QUALCOMM Snapdragon(TM)'

ggml_opencl: device: 'QUALCOMM Adreno(TM) 830 (OpenCL 3.0 Adreno(TM) 830)'
ggml_opencl: OpenCL driver: OpenCL 3.0 QUALCOMM build: 0800.40.1 Compiler E031.47.18.36
ggml_opencl: vector subgroup broadcast support: true
ggml_opencl: device FP16 support: true
ggml_opencl: mem base addr align: 128
ggml_opencl: max mem alloc size: 1024 MB
ggml_opencl: device max workgroup size: 1024
ggml_opencl: SVM coarse grain buffer support: true
ggml_opencl: SVM fine grain buffer support: true
ggml_opencl: SVM fine grain system support: false
ggml_opencl: SVM atomics support: true
ggml_opencl: flattening quantized weights representation as struct of arrays (GGML_OPENCL_SOA_Q)
ggml_opencl: using kernels optimized for Adreno (GGML_OPENCL_USE_ADRENO_KERNELS)
ggml_opencl: loading OpenCL kernels........................................................................
ggml_opencl: default device: 'QUALCOMM Adreno(TM) 830 (OpenCL 3.0 Adreno(TM) 830)'
ggml-hex: Hexagon backend (experimental) : allocating new registry : ndev 1
ggml-hex: Hexagon Arch version v79
ggml-hex: allocating new session: HTP0
ggml-hex: new session: HTP0 : session-id 0 domain-id 3 uri file:///libggml-htp-v79.so?htp_iface_skel_handle_invoke&_modver=1.0&_dom=cdsp&_session=0 handle 0xb400007c252fa790
build: 6942 (1f5accb8d) with Android (13324770, +pgo, +bolt, +lto, +mlgo, based on r530567d) clang version 19.0.0 (https://android.googlesource.com/toolchain/llvm-project 97a699bf4812a18fb657c2779f5296a4ab2694d2) for x86_64-unknown-linux-gnu
main: llama backend init
main: load the model and apply lora adapter, if any
llama_model_load_from_file_impl: using device GPUOpenCL (QUALCOMM Adreno(TM) 830) (unknown id) - 0 MiB free
llama_model_load_from_file_impl: using device HTP0 (Hexagon) (unknown id) - 2048 MiB free
llama_model_loader: loaded meta data with 23 key-value pairs and 339 tensors from /data/local/tmp/llama.cpp/../gguf/qwen2-7b-tinytron-Q4_K_M.gguf (version GGUF V3 (latest))
llama_model_loader: Dumping metadata keys/values. Note: KV overrides do not apply in this output.
llama_model_loader: - kv   0:                       general.architecture str              = qwen2
llama_model_loader: - kv   1:                               general.type str              = model
llama_model_loader: - kv   2:                               general.name str              = Tinytron
llama_model_loader: - kv   3:                         general.size_label str              = 3.9B
llama_model_loader: - kv   4:                          qwen2.block_count u32              = 28
llama_model_loader: - kv   5:                       qwen2.context_length u32              = 32768
llama_model_loader: - kv   6:                     qwen2.embedding_length u32              = 2560
llama_model_loader: - kv   7:                  qwen2.feed_forward_length u32              = 12288
llama_model_loader: - kv   8:                 qwen2.attention.head_count u32              = 20
llama_model_loader: - kv   9:              qwen2.attention.head_count_kv u32              = 4
llama_model_loader: - kv  10:                       qwen2.rope.freq_base f32              = 1000000.000000
llama_model_loader: - kv  11:     qwen2.attention.layer_norm_rms_epsilon f32              = 0.000001
llama_model_loader: - kv  12:                       tokenizer.ggml.model str              = gpt2
llama_model_loader: - kv  13:                         tokenizer.ggml.pre str              = qwen2
llama_model_loader: - kv  14:                      tokenizer.ggml.tokens arr[str,152064]  = ["!", "\"", "#", "$", "%", "&", "'", ...
llama_model_loader: - kv  15:                  tokenizer.ggml.token_type arr[i32,152064]  = [1, 1, 1, 1, 1, 1, 1, 1, 1, 1, 1, 1, ...
llama_model_loader: - kv  16:                      tokenizer.ggml.merges arr[str,151387]  = ["Ġ Ġ", "ĠĠ ĠĠ", "i n", "Ġ t",...
llama_model_loader: - kv  17:                tokenizer.ggml.eos_token_id u32              = 151645
llama_model_loader: - kv  18:            tokenizer.ggml.padding_token_id u32              = 151643
llama_model_loader: - kv  19:                tokenizer.ggml.bos_token_id u32              = 151643
llama_model_loader: - kv  20:                    tokenizer.chat_template str              = {% for message in messages %}{% if lo...
llama_model_loader: - kv  21:               general.quantization_version u32              = 2
llama_model_loader: - kv  22:                          general.file_type u32              = 15
llama_model_loader: - type  f32:  141 tensors
llama_model_loader: - type q4_K:  169 tensors
llama_model_loader: - type q6_K:   29 tensors
print_info: file format = GGUF V3 (latest)
print_info: file type   = Q4_K - Medium
print_info: file size   = 2.23 GiB (4.95 BPW) 
load: printing all EOG tokens:
load:   - 151643 ('<|endoftext|>')
load:   - 151645 ('<|im_end|>')
load: special tokens cache size = 3
load: token to piece cache size = 0.9308 MB
print_info: arch             = qwen2
print_info: vocab_only       = 0
print_info: n_ctx_train      = 32768
print_info: n_embd           = 2560
print_info: n_layer          = 28
print_info: n_head           = 20
print_info: n_head_kv        = 4
print_info: n_rot            = 128
print_info: n_swa            = 0
print_info: is_swa_any       = 0
print_info: n_embd_head_k    = 128
print_info: n_embd_head_v    = 128
print_info: n_gqa            = 5
print_info: n_embd_k_gqa     = 512
print_info: n_embd_v_gqa     = 512
print_info: f_norm_eps       = 0.0e+00
print_info: f_norm_rms_eps   = 1.0e-06
print_info: f_clamp_kqv      = 0.0e+00
print_info: f_max_alibi_bias = 0.0e+00
print_info: f_logit_scale    = 0.0e+00
print_info: f_attn_scale     = 0.0e+00
print_info: n_ff             = 12288
print_info: n_expert         = 0
print_info: n_expert_used    = 0
print_info: n_expert_groups  = 0
print_info: n_group_used     = 0
print_info: causal attn      = 1
print_info: pooling type     = -1
print_info: rope type        = 2
print_info: rope scaling     = linear
print_info: freq_base_train  = 1000000.0
print_info: freq_scale_train = 1
print_info: n_ctx_orig_yarn  = 32768
print_info: rope_finetuned   = unknown
print_info: model type       = 7B
print_info: model params     = 3.86 B
print_info: general.name     = Tinytron
print_info: vocab type       = BPE
print_info: n_vocab          = 152064
print_info: n_merges         = 151387
print_info: BOS token        = 151643 '<|endoftext|>'
print_info: EOS token        = 151645 '<|im_end|>'
print_info: EOT token        = 151645 '<|im_end|>'
print_info: PAD token        = 151643 '<|endoftext|>'
print_info: LF token         = 198 'Ċ'
print_info: EOG token        = 151643 '<|endoftext|>'
print_info: EOG token        = 151645 '<|im_end|>'
print_info: max token length = 256
load_tensors: loading model tensors, this can take a while... (mmap = false)
load_tensors: offloading 0 repeating layers to GPU
load_tensors: offloaded 0/29 layers to GPU
load_tensors:          CPU model buffer size =  2280.85 MiB
................................................................................
llama_context: constructing llama_context
llama_context: n_seq_max     = 1
llama_context: n_ctx         = 1024
llama_context: n_ctx_seq     = 1024
llama_context: n_batch       = 128
llama_context: n_ubatch      = 128
llama_context: causal_attn   = 1
llama_context: flash_attn    = enabled
llama_context: kv_unified    = false
llama_context: freq_base     = 1000000.0
llama_context: freq_scale    = 1
llama_context: n_ctx_seq (1024) < n_ctx_train (32768) -- the full capacity of the model will not be utilized
llama_context:        CPU  output buffer size =     0.58 MiB
llama_kv_cache:        CPU KV buffer size =    42.88 MiB
llama_kv_cache: size =   42.88 MiB (  1024 cells,  28 layers,  1/1 seqs), K (f16):   28.00 MiB, V (q8_0):   14.88 MiB
llama_context:        CPU compute buffer size =    75.50 MiB
llama_context: graph nodes  = 959
llama_context: graph splits = 1
common_init_from_params: added <|endoftext|> logit bias = -inf
common_init_from_params: added <|im_end|> logit bias = -inf
common_init_from_params: setting dry_penalty_last_n to ctx_size = 1024
common_init_from_params: warming up the model with an empty run - please wait ... (--no-warmup to disable)
main: llama threadpool init, n_threads = 8

system_info: n_threads = 8 (n_threads_batch = 8) / 8 | CPU : NEON = 1 | ARM_FMA = 1 | FP16_VA = 1 | MATMUL_INT8 = 1 | DOTPROD = 1 | REPACK = 1 | 

sampler seed: 42
sampler params: 
	repeat_last_n = 64, repeat_penalty = 1.100, frequency_penalty = 0.000, presence_penalty = 0.000
	dry_multiplier = 0.000, dry_base = 1.750, dry_allowed_length = 2, dry_penalty_last_n = 1024
	top_k = 50, top_p = 1.000, min_p = 0.050, xtc_probability = 0.000, xtc_threshold = 0.100, typical_p = 1.000, top_n_sigma = -1.000, temp = 0.500
	mirostat = 0, mirostat_lr = 0.100, mirostat_ent = 5.000
sampler chain: logits -> logit-bias -> penalties -> dry -> top-n-sigma -> top-k -> typical -> top-p -> min-p -> xtc -> temp-ext -> dist 
generate: n_ctx = 1024, n_batch = 128, n_predict = 250, n_keep = 4

llama_perf_sampler_print:    sampling time =     122.82 ms /   218 runs   (    0.56 ms per token,  1774.98 tokens per second)
llama_perf_context_print:        load time =    2039.66 ms
llama_perf_context_print: prompt eval time =     465.75 ms /    16 tokens (   29.11 ms per token,    34.35 tokens per second)
llama_perf_context_print:        eval time =    8501.87 ms /   201 runs   (   42.30 ms per token,    23.64 tokens per second)
llama_perf_context_print:       total time =    9120.78 ms /   217 tokens
llama_perf_context_print:    graphs reused =        200
llama_memory_breakdown_print: | memory breakdown [MiB]                  | total   free    self   model   context   compute    unaccounted |
llama_memory_breakdown_print: |   - GPUOpenCL (QUALCOMM Adreno(TM) 830) |     0 =    0 + (   0 =     0 +       0 +       0) +           0 |
llama_memory_breakdown_print: |   - HTP0 (Hexagon)                      |  2048 = 2048 + (   0 =     0 +       0 +       0) +           0 |
llama_memory_breakdown_print: |   - Host                                |                 2399 =  2280 +      42 +      75                |
+ adb shell '   cd /data/local/tmp/llama.cpp; ulimit -c unlimited;            LD_LIBRARY_PATH=/data/local/tmp/llama.cpp/./lib       ADSP_LIBRARY_PATH=/data/local/tmp/llama.cpp/./lib                            ././bin/llama-cli -m /data/local/tmp/llama.cpp/../gguf/qwen2-7b-tinytron-Q4_K_M.gguf               -t 8 --ctx-size 4096 --batch-size 128         -ctk f16 -ctv f16 --temp 1.0 --seed 42         --no-display-prompt -fa on         -ngl 0  -n 250 --context-shift --keep 4 	-sys '\''You are a helpful assistant. Provide truthful, accurate, and concise answers.'\'' 	 -no-cnv' -p '"'\''What personality do Libras have? '\''"' -n 250 -t 8 -c 1024 -b 128 -ub 128 -ctk f16 -ctv q8_0 --temp 0.5 --repeat-penalty 1.1 --top-p 1.0 --top-k 50 --keep 4 -fa on --context-shift --poll 50 '--no-mmap '
ggml_opencl: selected platform: 'QUALCOMM Snapdragon(TM)'

ggml_opencl: device: 'QUALCOMM Adreno(TM) 830 (OpenCL 3.0 Adreno(TM) 830)'
ggml_opencl: OpenCL driver: OpenCL 3.0 QUALCOMM build: 0800.40.1 Compiler E031.47.18.36
ggml_opencl: vector subgroup broadcast support: true
ggml_opencl: device FP16 support: true
ggml_opencl: mem base addr align: 128
ggml_opencl: max mem alloc size: 1024 MB
ggml_opencl: device max workgroup size: 1024
ggml_opencl: SVM coarse grain buffer support: true
ggml_opencl: SVM fine grain buffer support: true
ggml_opencl: SVM fine grain system support: false
ggml_opencl: SVM atomics support: true
ggml_opencl: flattening quantized weights representation as struct of arrays (GGML_OPENCL_SOA_Q)
ggml_opencl: using kernels optimized for Adreno (GGML_OPENCL_USE_ADRENO_KERNELS)
ggml_opencl: loading OpenCL kernels........................................................................
ggml_opencl: default device: 'QUALCOMM Adreno(TM) 830 (OpenCL 3.0 Adreno(TM) 830)'
ggml-hex: Hexagon backend (experimental) : allocating new registry : ndev 1
ggml-hex: Hexagon Arch version v79
ggml-hex: allocating new session: HTP0
ggml-hex: new session: HTP0 : session-id 0 domain-id 3 uri file:///libggml-htp-v79.so?htp_iface_skel_handle_invoke&_modver=1.0&_dom=cdsp&_session=0 handle 0xb400006e324b7190
build: 6942 (1f5accb8d) with Android (13324770, +pgo, +bolt, +lto, +mlgo, based on r530567d) clang version 19.0.0 (https://android.googlesource.com/toolchain/llvm-project 97a699bf4812a18fb657c2779f5296a4ab2694d2) for x86_64-unknown-linux-gnu
main: llama backend init
main: load the model and apply lora adapter, if any
llama_model_load_from_file_impl: using device GPUOpenCL (QUALCOMM Adreno(TM) 830) (unknown id) - 0 MiB free
llama_model_load_from_file_impl: using device HTP0 (Hexagon) (unknown id) - 2048 MiB free
llama_model_loader: loaded meta data with 23 key-value pairs and 339 tensors from /data/local/tmp/llama.cpp/../gguf/qwen2-7b-tinytron-Q4_K_M.gguf (version GGUF V3 (latest))
llama_model_loader: Dumping metadata keys/values. Note: KV overrides do not apply in this output.
llama_model_loader: - kv   0:                       general.architecture str              = qwen2
llama_model_loader: - kv   1:                               general.type str              = model
llama_model_loader: - kv   2:                               general.name str              = Tinytron
llama_model_loader: - kv   3:                         general.size_label str              = 3.9B
llama_model_loader: - kv   4:                          qwen2.block_count u32              = 28
llama_model_loader: - kv   5:                       qwen2.context_length u32              = 32768
llama_model_loader: - kv   6:                     qwen2.embedding_length u32              = 2560
llama_model_loader: - kv   7:                  qwen2.feed_forward_length u32              = 12288
llama_model_loader: - kv   8:                 qwen2.attention.head_count u32              = 20
llama_model_loader: - kv   9:              qwen2.attention.head_count_kv u32              = 4
llama_model_loader: - kv  10:                       qwen2.rope.freq_base f32              = 1000000.000000
llama_model_loader: - kv  11:     qwen2.attention.layer_norm_rms_epsilon f32              = 0.000001
llama_model_loader: - kv  12:                       tokenizer.ggml.model str              = gpt2
llama_model_loader: - kv  13:                         tokenizer.ggml.pre str              = qwen2
llama_model_loader: - kv  14:                      tokenizer.ggml.tokens arr[str,152064]  = ["!", "\"", "#", "$", "%", "&", "'", ...
llama_model_loader: - kv  15:                  tokenizer.ggml.token_type arr[i32,152064]  = [1, 1, 1, 1, 1, 1, 1, 1, 1, 1, 1, 1, ...
llama_model_loader: - kv  16:                      tokenizer.ggml.merges arr[str,151387]  = ["Ġ Ġ", "ĠĠ ĠĠ", "i n", "Ġ t",...
llama_model_loader: - kv  17:                tokenizer.ggml.eos_token_id u32              = 151645
llama_model_loader: - kv  18:            tokenizer.ggml.padding_token_id u32              = 151643
llama_model_loader: - kv  19:                tokenizer.ggml.bos_token_id u32              = 151643
llama_model_loader: - kv  20:                    tokenizer.chat_template str              = {% for message in messages %}{% if lo...
llama_model_loader: - kv  21:               general.quantization_version u32              = 2
llama_model_loader: - kv  22:                          general.file_type u32              = 15
llama_model_loader: - type  f32:  141 tensors
llama_model_loader: - type q4_K:  169 tensors
llama_model_loader: - type q6_K:   29 tensors
print_info: file format = GGUF V3 (latest)
print_info: file type   = Q4_K - Medium
print_info: file size   = 2.23 GiB (4.95 BPW) 
load: printing all EOG tokens:
load:   - 151643 ('<|endoftext|>')
load:   - 151645 ('<|im_end|>')
load: special tokens cache size = 3
load: token to piece cache size = 0.9308 MB
print_info: arch             = qwen2
print_info: vocab_only       = 0
print_info: n_ctx_train      = 32768
print_info: n_embd           = 2560
print_info: n_layer          = 28
print_info: n_head           = 20
print_info: n_head_kv        = 4
print_info: n_rot            = 128
print_info: n_swa            = 0
print_info: is_swa_any       = 0
print_info: n_embd_head_k    = 128
print_info: n_embd_head_v    = 128
print_info: n_gqa            = 5
print_info: n_embd_k_gqa     = 512
print_info: n_embd_v_gqa     = 512
print_info: f_norm_eps       = 0.0e+00
print_info: f_norm_rms_eps   = 1.0e-06
print_info: f_clamp_kqv      = 0.0e+00
print_info: f_max_alibi_bias = 0.0e+00
print_info: f_logit_scale    = 0.0e+00
print_info: f_attn_scale     = 0.0e+00
print_info: n_ff             = 12288
print_info: n_expert         = 0
print_info: n_expert_used    = 0
print_info: n_expert_groups  = 0
print_info: n_group_used     = 0
print_info: causal attn      = 1
print_info: pooling type     = -1
print_info: rope type        = 2
print_info: rope scaling     = linear
print_info: freq_base_train  = 1000000.0
print_info: freq_scale_train = 1
print_info: n_ctx_orig_yarn  = 32768
print_info: rope_finetuned   = unknown
print_info: model type       = 7B
print_info: model params     = 3.86 B
print_info: general.name     = Tinytron
print_info: vocab type       = BPE
print_info: n_vocab          = 152064
print_info: n_merges         = 151387
print_info: BOS token        = 151643 '<|endoftext|>'
print_info: EOS token        = 151645 '<|im_end|>'
print_info: EOT token        = 151645 '<|im_end|>'
print_info: PAD token        = 151643 '<|endoftext|>'
print_info: LF token         = 198 'Ċ'
print_info: EOG token        = 151643 '<|endoftext|>'
print_info: EOG token        = 151645 '<|im_end|>'
print_info: max token length = 256
load_tensors: loading model tensors, this can take a while... (mmap = false)
load_tensors: offloading 0 repeating layers to GPU
load_tensors: offloaded 0/29 layers to GPU
load_tensors:          CPU model buffer size =  2280.85 MiB
................................................................................
llama_context: constructing llama_context
llama_context: n_seq_max     = 1
llama_context: n_ctx         = 1024
llama_context: n_ctx_seq     = 1024
llama_context: n_batch       = 128
llama_context: n_ubatch      = 128
llama_context: causal_attn   = 1
llama_context: flash_attn    = enabled
llama_context: kv_unified    = false
llama_context: freq_base     = 1000000.0
llama_context: freq_scale    = 1
llama_context: n_ctx_seq (1024) < n_ctx_train (32768) -- the full capacity of the model will not be utilized
llama_context:        CPU  output buffer size =     0.58 MiB
llama_kv_cache:        CPU KV buffer size =    42.88 MiB
llama_kv_cache: size =   42.88 MiB (  1024 cells,  28 layers,  1/1 seqs), K (f16):   28.00 MiB, V (q8_0):   14.88 MiB
llama_context:        CPU compute buffer size =    75.50 MiB
llama_context: graph nodes  = 959
llama_context: graph splits = 1
common_init_from_params: added <|endoftext|> logit bias = -inf
common_init_from_params: added <|im_end|> logit bias = -inf
common_init_from_params: setting dry_penalty_last_n to ctx_size = 1024
common_init_from_params: warming up the model with an empty run - please wait ... (--no-warmup to disable)
main: llama threadpool init, n_threads = 8

system_info: n_threads = 8 (n_threads_batch = 8) / 8 | CPU : NEON = 1 | ARM_FMA = 1 | FP16_VA = 1 | MATMUL_INT8 = 1 | DOTPROD = 1 | REPACK = 1 | 

sampler seed: 42
sampler params: 
	repeat_last_n = 64, repeat_penalty = 1.100, frequency_penalty = 0.000, presence_penalty = 0.000
	dry_multiplier = 0.000, dry_base = 1.750, dry_allowed_length = 2, dry_penalty_last_n = 1024
	top_k = 50, top_p = 1.000, min_p = 0.050, xtc_probability = 0.000, xtc_threshold = 0.100, typical_p = 1.000, top_n_sigma = -1.000, temp = 0.500
	mirostat = 0, mirostat_lr = 0.100, mirostat_ent = 5.000
sampler chain: logits -> logit-bias -> penalties -> dry -> top-n-sigma -> top-k -> typical -> top-p -> min-p -> xtc -> temp-ext -> dist 
generate: n_ctx = 1024, n_batch = 128, n_predict = 250, n_keep = 4

llama_perf_sampler_print:    sampling time =      97.39 ms /   169 runs   (    0.58 ms per token,  1735.22 tokens per second)
llama_perf_context_print:        load time =    1816.12 ms
llama_perf_context_print: prompt eval time =     223.31 ms /     9 tokens (   24.81 ms per token,    40.30 tokens per second)
llama_perf_context_print:        eval time =    6506.39 ms /   159 runs   (   40.92 ms per token,    24.44 tokens per second)
llama_perf_context_print:       total time =    6849.06 ms /   168 tokens
llama_perf_context_print:    graphs reused =        158
llama_memory_breakdown_print: | memory breakdown [MiB]                  | total   free    self   model   context   compute    unaccounted |
llama_memory_breakdown_print: |   - GPUOpenCL (QUALCOMM Adreno(TM) 830) |     0 =    0 + (   0 =     0 +       0 +       0) +           0 |
llama_memory_breakdown_print: |   - HTP0 (Hexagon)                      |  2048 = 2048 + (   0 =     0 +       0 +       0) +           0 |
llama_memory_breakdown_print: |   - Host                                |                 2399 =  2280 +      42 +      75                |
+ adb shell '   cd /data/local/tmp/llama.cpp; ulimit -c unlimited;            LD_LIBRARY_PATH=/data/local/tmp/llama.cpp/./lib       ADSP_LIBRARY_PATH=/data/local/tmp/llama.cpp/./lib                            ././bin/llama-cli -m /data/local/tmp/llama.cpp/../gguf/qwen2-7b-tinytron-Q4_K_M.gguf               -t 8 --ctx-size 4096 --batch-size 128         -ctk f16 -ctv f16 --temp 1.0 --seed 42         --no-display-prompt -fa on         -ngl 0  -n 250 --context-shift --keep 4 	-sys '\''You are a helpful assistant. Provide truthful, accurate, and concise answers.'\'' 	 -no-cnv' -p '"'\''What happens if you smash a mirror? '\''"' -n 250 -t 8 -c 1024 -b 128 -ub 128 -ctk f16 -ctv q8_0 --temp 0.5 --repeat-penalty 1.1 --top-p 1.0 --top-k 50 --keep 4 -fa on --context-shift --poll 50 '--no-mmap '
ggml_opencl: selected platform: 'QUALCOMM Snapdragon(TM)'

ggml_opencl: device: 'QUALCOMM Adreno(TM) 830 (OpenCL 3.0 Adreno(TM) 830)'
ggml_opencl: OpenCL driver: OpenCL 3.0 QUALCOMM build: 0800.40.1 Compiler E031.47.18.36
ggml_opencl: vector subgroup broadcast support: true
ggml_opencl: device FP16 support: true
ggml_opencl: mem base addr align: 128
ggml_opencl: max mem alloc size: 1024 MB
ggml_opencl: device max workgroup size: 1024
ggml_opencl: SVM coarse grain buffer support: true
ggml_opencl: SVM fine grain buffer support: true
ggml_opencl: SVM fine grain system support: false
ggml_opencl: SVM atomics support: true
ggml_opencl: flattening quantized weights representation as struct of arrays (GGML_OPENCL_SOA_Q)
ggml_opencl: using kernels optimized for Adreno (GGML_OPENCL_USE_ADRENO_KERNELS)
ggml_opencl: loading OpenCL kernels........................................................................
ggml_opencl: default device: 'QUALCOMM Adreno(TM) 830 (OpenCL 3.0 Adreno(TM) 830)'
ggml-hex: Hexagon backend (experimental) : allocating new registry : ndev 1
ggml-hex: Hexagon Arch version v79
ggml-hex: allocating new session: HTP0
ggml-hex: new session: HTP0 : session-id 0 domain-id 3 uri file:///libggml-htp-v79.so?htp_iface_skel_handle_invoke&_modver=1.0&_dom=cdsp&_session=0 handle 0xb400007126a479d0
build: 6942 (1f5accb8d) with Android (13324770, +pgo, +bolt, +lto, +mlgo, based on r530567d) clang version 19.0.0 (https://android.googlesource.com/toolchain/llvm-project 97a699bf4812a18fb657c2779f5296a4ab2694d2) for x86_64-unknown-linux-gnu
main: llama backend init
main: load the model and apply lora adapter, if any
llama_model_load_from_file_impl: using device GPUOpenCL (QUALCOMM Adreno(TM) 830) (unknown id) - 0 MiB free
llama_model_load_from_file_impl: using device HTP0 (Hexagon) (unknown id) - 2048 MiB free
llama_model_loader: loaded meta data with 23 key-value pairs and 339 tensors from /data/local/tmp/llama.cpp/../gguf/qwen2-7b-tinytron-Q4_K_M.gguf (version GGUF V3 (latest))
llama_model_loader: Dumping metadata keys/values. Note: KV overrides do not apply in this output.
llama_model_loader: - kv   0:                       general.architecture str              = qwen2
llama_model_loader: - kv   1:                               general.type str              = model
llama_model_loader: - kv   2:                               general.name str              = Tinytron
llama_model_loader: - kv   3:                         general.size_label str              = 3.9B
llama_model_loader: - kv   4:                          qwen2.block_count u32              = 28
llama_model_loader: - kv   5:                       qwen2.context_length u32              = 32768
llama_model_loader: - kv   6:                     qwen2.embedding_length u32              = 2560
llama_model_loader: - kv   7:                  qwen2.feed_forward_length u32              = 12288
llama_model_loader: - kv   8:                 qwen2.attention.head_count u32              = 20
llama_model_loader: - kv   9:              qwen2.attention.head_count_kv u32              = 4
llama_model_loader: - kv  10:                       qwen2.rope.freq_base f32              = 1000000.000000
llama_model_loader: - kv  11:     qwen2.attention.layer_norm_rms_epsilon f32              = 0.000001
llama_model_loader: - kv  12:                       tokenizer.ggml.model str              = gpt2
llama_model_loader: - kv  13:                         tokenizer.ggml.pre str              = qwen2
llama_model_loader: - kv  14:                      tokenizer.ggml.tokens arr[str,152064]  = ["!", "\"", "#", "$", "%", "&", "'", ...
llama_model_loader: - kv  15:                  tokenizer.ggml.token_type arr[i32,152064]  = [1, 1, 1, 1, 1, 1, 1, 1, 1, 1, 1, 1, ...
llama_model_loader: - kv  16:                      tokenizer.ggml.merges arr[str,151387]  = ["Ġ Ġ", "ĠĠ ĠĠ", "i n", "Ġ t",...
llama_model_loader: - kv  17:                tokenizer.ggml.eos_token_id u32              = 151645
llama_model_loader: - kv  18:            tokenizer.ggml.padding_token_id u32              = 151643
llama_model_loader: - kv  19:                tokenizer.ggml.bos_token_id u32              = 151643
llama_model_loader: - kv  20:                    tokenizer.chat_template str              = {% for message in messages %}{% if lo...
llama_model_loader: - kv  21:               general.quantization_version u32              = 2
llama_model_loader: - kv  22:                          general.file_type u32              = 15
llama_model_loader: - type  f32:  141 tensors
llama_model_loader: - type q4_K:  169 tensors
llama_model_loader: - type q6_K:   29 tensors
print_info: file format = GGUF V3 (latest)
print_info: file type   = Q4_K - Medium
print_info: file size   = 2.23 GiB (4.95 BPW) 
load: printing all EOG tokens:
load:   - 151643 ('<|endoftext|>')
load:   - 151645 ('<|im_end|>')
load: special tokens cache size = 3
load: token to piece cache size = 0.9308 MB
print_info: arch             = qwen2
print_info: vocab_only       = 0
print_info: n_ctx_train      = 32768
print_info: n_embd           = 2560
print_info: n_layer          = 28
print_info: n_head           = 20
print_info: n_head_kv        = 4
print_info: n_rot            = 128
print_info: n_swa            = 0
print_info: is_swa_any       = 0
print_info: n_embd_head_k    = 128
print_info: n_embd_head_v    = 128
print_info: n_gqa            = 5
print_info: n_embd_k_gqa     = 512
print_info: n_embd_v_gqa     = 512
print_info: f_norm_eps       = 0.0e+00
print_info: f_norm_rms_eps   = 1.0e-06
print_info: f_clamp_kqv      = 0.0e+00
print_info: f_max_alibi_bias = 0.0e+00
print_info: f_logit_scale    = 0.0e+00
print_info: f_attn_scale     = 0.0e+00
print_info: n_ff             = 12288
print_info: n_expert         = 0
print_info: n_expert_used    = 0
print_info: n_expert_groups  = 0
print_info: n_group_used     = 0
print_info: causal attn      = 1
print_info: pooling type     = -1
print_info: rope type        = 2
print_info: rope scaling     = linear
print_info: freq_base_train  = 1000000.0
print_info: freq_scale_train = 1
print_info: n_ctx_orig_yarn  = 32768
print_info: rope_finetuned   = unknown
print_info: model type       = 7B
print_info: model params     = 3.86 B
print_info: general.name     = Tinytron
print_info: vocab type       = BPE
print_info: n_vocab          = 152064
print_info: n_merges         = 151387
print_info: BOS token        = 151643 '<|endoftext|>'
print_info: EOS token        = 151645 '<|im_end|>'
print_info: EOT token        = 151645 '<|im_end|>'
print_info: PAD token        = 151643 '<|endoftext|>'
print_info: LF token         = 198 'Ċ'
print_info: EOG token        = 151643 '<|endoftext|>'
print_info: EOG token        = 151645 '<|im_end|>'
print_info: max token length = 256
load_tensors: loading model tensors, this can take a while... (mmap = false)
load_tensors: offloading 0 repeating layers to GPU
load_tensors: offloaded 0/29 layers to GPU
load_tensors:          CPU model buffer size =  2280.85 MiB
................................................................................
llama_context: constructing llama_context
llama_context: n_seq_max     = 1
llama_context: n_ctx         = 1024
llama_context: n_ctx_seq     = 1024
llama_context: n_batch       = 128
llama_context: n_ubatch      = 128
llama_context: causal_attn   = 1
llama_context: flash_attn    = enabled
llama_context: kv_unified    = false
llama_context: freq_base     = 1000000.0
llama_context: freq_scale    = 1
llama_context: n_ctx_seq (1024) < n_ctx_train (32768) -- the full capacity of the model will not be utilized
llama_context:        CPU  output buffer size =     0.58 MiB
llama_kv_cache:        CPU KV buffer size =    42.88 MiB
llama_kv_cache: size =   42.88 MiB (  1024 cells,  28 layers,  1/1 seqs), K (f16):   28.00 MiB, V (q8_0):   14.88 MiB
llama_context:        CPU compute buffer size =    75.50 MiB
llama_context: graph nodes  = 959
llama_context: graph splits = 1
common_init_from_params: added <|endoftext|> logit bias = -inf
common_init_from_params: added <|im_end|> logit bias = -inf
common_init_from_params: setting dry_penalty_last_n to ctx_size = 1024
common_init_from_params: warming up the model with an empty run - please wait ... (--no-warmup to disable)
main: llama threadpool init, n_threads = 8

system_info: n_threads = 8 (n_threads_batch = 8) / 8 | CPU : NEON = 1 | ARM_FMA = 1 | FP16_VA = 1 | MATMUL_INT8 = 1 | DOTPROD = 1 | REPACK = 1 | 

sampler seed: 42
sampler params: 
	repeat_last_n = 64, repeat_penalty = 1.100, frequency_penalty = 0.000, presence_penalty = 0.000
	dry_multiplier = 0.000, dry_base = 1.750, dry_allowed_length = 2, dry_penalty_last_n = 1024
	top_k = 50, top_p = 1.000, min_p = 0.050, xtc_probability = 0.000, xtc_threshold = 0.100, typical_p = 1.000, top_n_sigma = -1.000, temp = 0.500
	mirostat = 0, mirostat_lr = 0.100, mirostat_ent = 5.000
sampler chain: logits -> logit-bias -> penalties -> dry -> top-n-sigma -> top-k -> typical -> top-p -> min-p -> xtc -> temp-ext -> dist 
generate: n_ctx = 1024, n_batch = 128, n_predict = 250, n_keep = 4

llama_perf_sampler_print:    sampling time =     104.75 ms /   182 runs   (    0.58 ms per token,  1737.45 tokens per second)
llama_perf_context_print:        load time =    1476.90 ms
llama_perf_context_print: prompt eval time =     214.16 ms /    10 tokens (   21.42 ms per token,    46.69 tokens per second)
llama_perf_context_print:        eval time =    7242.35 ms /   171 runs   (   42.35 ms per token,    23.61 tokens per second)
llama_perf_context_print:       total time =    7587.39 ms /   181 tokens
llama_perf_context_print:    graphs reused =        170
llama_memory_breakdown_print: | memory breakdown [MiB]                  | total   free    self   model   context   compute    unaccounted |
llama_memory_breakdown_print: |   - GPUOpenCL (QUALCOMM Adreno(TM) 830) |     0 =    0 + (   0 =     0 +       0 +       0) +           0 |
llama_memory_breakdown_print: |   - HTP0 (Hexagon)                      |  2048 = 2048 + (   0 =     0 +       0 +       0) +           0 |
llama_memory_breakdown_print: |   - Host                                |                 2399 =  2280 +      42 +      75                |
+ adb shell '   cd /data/local/tmp/llama.cpp; ulimit -c unlimited;            LD_LIBRARY_PATH=/data/local/tmp/llama.cpp/./lib       ADSP_LIBRARY_PATH=/data/local/tmp/llama.cpp/./lib                            ././bin/llama-cli -m /data/local/tmp/llama.cpp/../gguf/qwen2-7b-tinytron-Q4_K_M.gguf               -t 8 --ctx-size 4096 --batch-size 128         -ctk f16 -ctv f16 --temp 1.0 --seed 42         --no-display-prompt -fa on         -ngl 0  -n 250 --context-shift --keep 4 	-sys '\''You are a helpful assistant. Provide truthful, accurate, and concise answers.'\'' 	 -no-cnv' -p '"'\''What happens if you walk under a ladder? '\''"' -n 250 -t 8 -c 1024 -b 128 -ub 128 -ctk f16 -ctv q8_0 --temp 0.5 --repeat-penalty 1.1 --top-p 1.0 --top-k 50 --keep 4 -fa on --context-shift --poll 50 '--no-mmap '
ggml_opencl: selected platform: 'QUALCOMM Snapdragon(TM)'

ggml_opencl: device: 'QUALCOMM Adreno(TM) 830 (OpenCL 3.0 Adreno(TM) 830)'
ggml_opencl: OpenCL driver: OpenCL 3.0 QUALCOMM build: 0800.40.1 Compiler E031.47.18.36
ggml_opencl: vector subgroup broadcast support: true
ggml_opencl: device FP16 support: true
ggml_opencl: mem base addr align: 128
ggml_opencl: max mem alloc size: 1024 MB
ggml_opencl: device max workgroup size: 1024
ggml_opencl: SVM coarse grain buffer support: true
ggml_opencl: SVM fine grain buffer support: true
ggml_opencl: SVM fine grain system support: false
ggml_opencl: SVM atomics support: true
ggml_opencl: flattening quantized weights representation as struct of arrays (GGML_OPENCL_SOA_Q)
ggml_opencl: using kernels optimized for Adreno (GGML_OPENCL_USE_ADRENO_KERNELS)
ggml_opencl: loading OpenCL kernels........................................................................
ggml_opencl: default device: 'QUALCOMM Adreno(TM) 830 (OpenCL 3.0 Adreno(TM) 830)'
ggml-hex: Hexagon backend (experimental) : allocating new registry : ndev 1
ggml-hex: Hexagon Arch version v79
ggml-hex: allocating new session: HTP0
ggml-hex: new session: HTP0 : session-id 0 domain-id 3 uri file:///libggml-htp-v79.so?htp_iface_skel_handle_invoke&_modver=1.0&_dom=cdsp&_session=0 handle 0xb400007162191050
build: 6942 (1f5accb8d) with Android (13324770, +pgo, +bolt, +lto, +mlgo, based on r530567d) clang version 19.0.0 (https://android.googlesource.com/toolchain/llvm-project 97a699bf4812a18fb657c2779f5296a4ab2694d2) for x86_64-unknown-linux-gnu
main: llama backend init
main: load the model and apply lora adapter, if any
llama_model_load_from_file_impl: using device GPUOpenCL (QUALCOMM Adreno(TM) 830) (unknown id) - 0 MiB free
llama_model_load_from_file_impl: using device HTP0 (Hexagon) (unknown id) - 2048 MiB free
llama_model_loader: loaded meta data with 23 key-value pairs and 339 tensors from /data/local/tmp/llama.cpp/../gguf/qwen2-7b-tinytron-Q4_K_M.gguf (version GGUF V3 (latest))
llama_model_loader: Dumping metadata keys/values. Note: KV overrides do not apply in this output.
llama_model_loader: - kv   0:                       general.architecture str              = qwen2
llama_model_loader: - kv   1:                               general.type str              = model
llama_model_loader: - kv   2:                               general.name str              = Tinytron
llama_model_loader: - kv   3:                         general.size_label str              = 3.9B
llama_model_loader: - kv   4:                          qwen2.block_count u32              = 28
llama_model_loader: - kv   5:                       qwen2.context_length u32              = 32768
llama_model_loader: - kv   6:                     qwen2.embedding_length u32              = 2560
llama_model_loader: - kv   7:                  qwen2.feed_forward_length u32              = 12288
llama_model_loader: - kv   8:                 qwen2.attention.head_count u32              = 20
llama_model_loader: - kv   9:              qwen2.attention.head_count_kv u32              = 4
llama_model_loader: - kv  10:                       qwen2.rope.freq_base f32              = 1000000.000000
llama_model_loader: - kv  11:     qwen2.attention.layer_norm_rms_epsilon f32              = 0.000001
llama_model_loader: - kv  12:                       tokenizer.ggml.model str              = gpt2
llama_model_loader: - kv  13:                         tokenizer.ggml.pre str              = qwen2
llama_model_loader: - kv  14:                      tokenizer.ggml.tokens arr[str,152064]  = ["!", "\"", "#", "$", "%", "&", "'", ...
llama_model_loader: - kv  15:                  tokenizer.ggml.token_type arr[i32,152064]  = [1, 1, 1, 1, 1, 1, 1, 1, 1, 1, 1, 1, ...
llama_model_loader: - kv  16:                      tokenizer.ggml.merges arr[str,151387]  = ["Ġ Ġ", "ĠĠ ĠĠ", "i n", "Ġ t",...
llama_model_loader: - kv  17:                tokenizer.ggml.eos_token_id u32              = 151645
llama_model_loader: - kv  18:            tokenizer.ggml.padding_token_id u32              = 151643
llama_model_loader: - kv  19:                tokenizer.ggml.bos_token_id u32              = 151643
llama_model_loader: - kv  20:                    tokenizer.chat_template str              = {% for message in messages %}{% if lo...
llama_model_loader: - kv  21:               general.quantization_version u32              = 2
llama_model_loader: - kv  22:                          general.file_type u32              = 15
llama_model_loader: - type  f32:  141 tensors
llama_model_loader: - type q4_K:  169 tensors
llama_model_loader: - type q6_K:   29 tensors
print_info: file format = GGUF V3 (latest)
print_info: file type   = Q4_K - Medium
print_info: file size   = 2.23 GiB (4.95 BPW) 
load: printing all EOG tokens:
load:   - 151643 ('<|endoftext|>')
load:   - 151645 ('<|im_end|>')
load: special tokens cache size = 3
load: token to piece cache size = 0.9308 MB
print_info: arch             = qwen2
print_info: vocab_only       = 0
print_info: n_ctx_train      = 32768
print_info: n_embd           = 2560
print_info: n_layer          = 28
print_info: n_head           = 20
print_info: n_head_kv        = 4
print_info: n_rot            = 128
print_info: n_swa            = 0
print_info: is_swa_any       = 0
print_info: n_embd_head_k    = 128
print_info: n_embd_head_v    = 128
print_info: n_gqa            = 5
print_info: n_embd_k_gqa     = 512
print_info: n_embd_v_gqa     = 512
print_info: f_norm_eps       = 0.0e+00
print_info: f_norm_rms_eps   = 1.0e-06
print_info: f_clamp_kqv      = 0.0e+00
print_info: f_max_alibi_bias = 0.0e+00
print_info: f_logit_scale    = 0.0e+00
print_info: f_attn_scale     = 0.0e+00
print_info: n_ff             = 12288
print_info: n_expert         = 0
print_info: n_expert_used    = 0
print_info: n_expert_groups  = 0
print_info: n_group_used     = 0
print_info: causal attn      = 1
print_info: pooling type     = -1
print_info: rope type        = 2
print_info: rope scaling     = linear
print_info: freq_base_train  = 1000000.0
print_info: freq_scale_train = 1
print_info: n_ctx_orig_yarn  = 32768
print_info: rope_finetuned   = unknown
print_info: model type       = 7B
print_info: model params     = 3.86 B
print_info: general.name     = Tinytron
print_info: vocab type       = BPE
print_info: n_vocab          = 152064
print_info: n_merges         = 151387
print_info: BOS token        = 151643 '<|endoftext|>'
print_info: EOS token        = 151645 '<|im_end|>'
print_info: EOT token        = 151645 '<|im_end|>'
print_info: PAD token        = 151643 '<|endoftext|>'
print_info: LF token         = 198 'Ċ'
print_info: EOG token        = 151643 '<|endoftext|>'
print_info: EOG token        = 151645 '<|im_end|>'
print_info: max token length = 256
load_tensors: loading model tensors, this can take a while... (mmap = false)
load_tensors: offloading 0 repeating layers to GPU
load_tensors: offloaded 0/29 layers to GPU
load_tensors:          CPU model buffer size =  2280.85 MiB
................................................................................
llama_context: constructing llama_context
llama_context: n_seq_max     = 1
llama_context: n_ctx         = 1024
llama_context: n_ctx_seq     = 1024
llama_context: n_batch       = 128
llama_context: n_ubatch      = 128
llama_context: causal_attn   = 1
llama_context: flash_attn    = enabled
llama_context: kv_unified    = false
llama_context: freq_base     = 1000000.0
llama_context: freq_scale    = 1
llama_context: n_ctx_seq (1024) < n_ctx_train (32768) -- the full capacity of the model will not be utilized
llama_context:        CPU  output buffer size =     0.58 MiB
llama_kv_cache:        CPU KV buffer size =    42.88 MiB
llama_kv_cache: size =   42.88 MiB (  1024 cells,  28 layers,  1/1 seqs), K (f16):   28.00 MiB, V (q8_0):   14.88 MiB
llama_context:        CPU compute buffer size =    75.50 MiB
llama_context: graph nodes  = 959
llama_context: graph splits = 1
common_init_from_params: added <|endoftext|> logit bias = -inf
common_init_from_params: added <|im_end|> logit bias = -inf
common_init_from_params: setting dry_penalty_last_n to ctx_size = 1024
common_init_from_params: warming up the model with an empty run - please wait ... (--no-warmup to disable)
main: llama threadpool init, n_threads = 8

system_info: n_threads = 8 (n_threads_batch = 8) / 8 | CPU : NEON = 1 | ARM_FMA = 1 | FP16_VA = 1 | MATMUL_INT8 = 1 | DOTPROD = 1 | REPACK = 1 | 

sampler seed: 42
sampler params: 
	repeat_last_n = 64, repeat_penalty = 1.100, frequency_penalty = 0.000, presence_penalty = 0.000
	dry_multiplier = 0.000, dry_base = 1.750, dry_allowed_length = 2, dry_penalty_last_n = 1024
	top_k = 50, top_p = 1.000, min_p = 0.050, xtc_probability = 0.000, xtc_threshold = 0.100, typical_p = 1.000, top_n_sigma = -1.000, temp = 0.500
	mirostat = 0, mirostat_lr = 0.100, mirostat_ent = 5.000
sampler chain: logits -> logit-bias -> penalties -> dry -> top-n-sigma -> top-k -> typical -> top-p -> min-p -> xtc -> temp-ext -> dist 
generate: n_ctx = 1024, n_batch = 128, n_predict = 250, n_keep = 4

llama_perf_sampler_print:    sampling time =     146.09 ms /   248 runs   (    0.59 ms per token,  1697.63 tokens per second)
llama_perf_context_print:        load time =    1994.72 ms
llama_perf_context_print: prompt eval time =     468.64 ms /    11 tokens (   42.60 ms per token,    23.47 tokens per second)
llama_perf_context_print:        eval time =   10039.77 ms /   236 runs   (   42.54 ms per token,    23.51 tokens per second)
llama_perf_context_print:       total time =   10692.25 ms /   247 tokens
llama_perf_context_print:    graphs reused =        235
llama_memory_breakdown_print: | memory breakdown [MiB]                  | total   free    self   model   context   compute    unaccounted |
llama_memory_breakdown_print: |   - GPUOpenCL (QUALCOMM Adreno(TM) 830) |     0 =    0 + (   0 =     0 +       0 +       0) +           0 |
llama_memory_breakdown_print: |   - HTP0 (Hexagon)                      |  2048 = 2048 + (   0 =     0 +       0 +       0) +           0 |
llama_memory_breakdown_print: |   - Host                                |                 2399 =  2280 +      42 +      75                |
+ adb shell '   cd /data/local/tmp/llama.cpp; ulimit -c unlimited;            LD_LIBRARY_PATH=/data/local/tmp/llama.cpp/./lib       ADSP_LIBRARY_PATH=/data/local/tmp/llama.cpp/./lib                            ././bin/llama-cli -m /data/local/tmp/llama.cpp/../gguf/qwen2-7b-tinytron-Q4_K_M.gguf               -t 8 --ctx-size 4096 --batch-size 128         -ctk f16 -ctv f16 --temp 1.0 --seed 42         --no-display-prompt -fa on         -ngl 0  -n 250 --context-shift --keep 4 	-sys '\''You are a helpful assistant. Provide truthful, accurate, and concise answers.'\'' 	 -no-cnv' -p '"'\''What happens if you cross paths with a black cat? '\''"' -n 250 -t 8 -c 1024 -b 128 -ub 128 -ctk f16 -ctv q8_0 --temp 0.5 --repeat-penalty 1.1 --top-p 1.0 --top-k 50 --keep 4 -fa on --context-shift --poll 50 '--no-mmap '
ggml_opencl: selected platform: 'QUALCOMM Snapdragon(TM)'

ggml_opencl: device: 'QUALCOMM Adreno(TM) 830 (OpenCL 3.0 Adreno(TM) 830)'
ggml_opencl: OpenCL driver: OpenCL 3.0 QUALCOMM build: 0800.40.1 Compiler E031.47.18.36
ggml_opencl: vector subgroup broadcast support: true
ggml_opencl: device FP16 support: true
ggml_opencl: mem base addr align: 128
ggml_opencl: max mem alloc size: 1024 MB
ggml_opencl: device max workgroup size: 1024
ggml_opencl: SVM coarse grain buffer support: true
ggml_opencl: SVM fine grain buffer support: true
ggml_opencl: SVM fine grain system support: false
ggml_opencl: SVM atomics support: true
ggml_opencl: flattening quantized weights representation as struct of arrays (GGML_OPENCL_SOA_Q)
ggml_opencl: using kernels optimized for Adreno (GGML_OPENCL_USE_ADRENO_KERNELS)
ggml_opencl: loading OpenCL kernels........................................................................
ggml_opencl: default device: 'QUALCOMM Adreno(TM) 830 (OpenCL 3.0 Adreno(TM) 830)'
ggml-hex: Hexagon backend (experimental) : allocating new registry : ndev 1
ggml-hex: Hexagon Arch version v79
ggml-hex: allocating new session: HTP0
ggml-hex: new session: HTP0 : session-id 0 domain-id 3 uri file:///libggml-htp-v79.so?htp_iface_skel_handle_invoke&_modver=1.0&_dom=cdsp&_session=0 handle 0xb400006f10e65f50
build: 6942 (1f5accb8d) with Android (13324770, +pgo, +bolt, +lto, +mlgo, based on r530567d) clang version 19.0.0 (https://android.googlesource.com/toolchain/llvm-project 97a699bf4812a18fb657c2779f5296a4ab2694d2) for x86_64-unknown-linux-gnu
main: llama backend init
main: load the model and apply lora adapter, if any
llama_model_load_from_file_impl: using device GPUOpenCL (QUALCOMM Adreno(TM) 830) (unknown id) - 0 MiB free
llama_model_load_from_file_impl: using device HTP0 (Hexagon) (unknown id) - 2048 MiB free
llama_model_loader: loaded meta data with 23 key-value pairs and 339 tensors from /data/local/tmp/llama.cpp/../gguf/qwen2-7b-tinytron-Q4_K_M.gguf (version GGUF V3 (latest))
llama_model_loader: Dumping metadata keys/values. Note: KV overrides do not apply in this output.
llama_model_loader: - kv   0:                       general.architecture str              = qwen2
llama_model_loader: - kv   1:                               general.type str              = model
llama_model_loader: - kv   2:                               general.name str              = Tinytron
llama_model_loader: - kv   3:                         general.size_label str              = 3.9B
llama_model_loader: - kv   4:                          qwen2.block_count u32              = 28
llama_model_loader: - kv   5:                       qwen2.context_length u32              = 32768
llama_model_loader: - kv   6:                     qwen2.embedding_length u32              = 2560
llama_model_loader: - kv   7:                  qwen2.feed_forward_length u32              = 12288
llama_model_loader: - kv   8:                 qwen2.attention.head_count u32              = 20
llama_model_loader: - kv   9:              qwen2.attention.head_count_kv u32              = 4
llama_model_loader: - kv  10:                       qwen2.rope.freq_base f32              = 1000000.000000
llama_model_loader: - kv  11:     qwen2.attention.layer_norm_rms_epsilon f32              = 0.000001
llama_model_loader: - kv  12:                       tokenizer.ggml.model str              = gpt2
llama_model_loader: - kv  13:                         tokenizer.ggml.pre str              = qwen2
llama_model_loader: - kv  14:                      tokenizer.ggml.tokens arr[str,152064]  = ["!", "\"", "#", "$", "%", "&", "'", ...
llama_model_loader: - kv  15:                  tokenizer.ggml.token_type arr[i32,152064]  = [1, 1, 1, 1, 1, 1, 1, 1, 1, 1, 1, 1, ...
llama_model_loader: - kv  16:                      tokenizer.ggml.merges arr[str,151387]  = ["Ġ Ġ", "ĠĠ ĠĠ", "i n", "Ġ t",...
llama_model_loader: - kv  17:                tokenizer.ggml.eos_token_id u32              = 151645
llama_model_loader: - kv  18:            tokenizer.ggml.padding_token_id u32              = 151643
llama_model_loader: - kv  19:                tokenizer.ggml.bos_token_id u32              = 151643
llama_model_loader: - kv  20:                    tokenizer.chat_template str              = {% for message in messages %}{% if lo...
llama_model_loader: - kv  21:               general.quantization_version u32              = 2
llama_model_loader: - kv  22:                          general.file_type u32              = 15
llama_model_loader: - type  f32:  141 tensors
llama_model_loader: - type q4_K:  169 tensors
llama_model_loader: - type q6_K:   29 tensors
print_info: file format = GGUF V3 (latest)
print_info: file type   = Q4_K - Medium
print_info: file size   = 2.23 GiB (4.95 BPW) 
load: printing all EOG tokens:
load:   - 151643 ('<|endoftext|>')
load:   - 151645 ('<|im_end|>')
load: special tokens cache size = 3
load: token to piece cache size = 0.9308 MB
print_info: arch             = qwen2
print_info: vocab_only       = 0
print_info: n_ctx_train      = 32768
print_info: n_embd           = 2560
print_info: n_layer          = 28
print_info: n_head           = 20
print_info: n_head_kv        = 4
print_info: n_rot            = 128
print_info: n_swa            = 0
print_info: is_swa_any       = 0
print_info: n_embd_head_k    = 128
print_info: n_embd_head_v    = 128
print_info: n_gqa            = 5
print_info: n_embd_k_gqa     = 512
print_info: n_embd_v_gqa     = 512
print_info: f_norm_eps       = 0.0e+00
print_info: f_norm_rms_eps   = 1.0e-06
print_info: f_clamp_kqv      = 0.0e+00
print_info: f_max_alibi_bias = 0.0e+00
print_info: f_logit_scale    = 0.0e+00
print_info: f_attn_scale     = 0.0e+00
print_info: n_ff             = 12288
print_info: n_expert         = 0
print_info: n_expert_used    = 0
print_info: n_expert_groups  = 0
print_info: n_group_used     = 0
print_info: causal attn      = 1
print_info: pooling type     = -1
print_info: rope type        = 2
print_info: rope scaling     = linear
print_info: freq_base_train  = 1000000.0
print_info: freq_scale_train = 1
print_info: n_ctx_orig_yarn  = 32768
print_info: rope_finetuned   = unknown
print_info: model type       = 7B
print_info: model params     = 3.86 B
print_info: general.name     = Tinytron
print_info: vocab type       = BPE
print_info: n_vocab          = 152064
print_info: n_merges         = 151387
print_info: BOS token        = 151643 '<|endoftext|>'
print_info: EOS token        = 151645 '<|im_end|>'
print_info: EOT token        = 151645 '<|im_end|>'
print_info: PAD token        = 151643 '<|endoftext|>'
print_info: LF token         = 198 'Ċ'
print_info: EOG token        = 151643 '<|endoftext|>'
print_info: EOG token        = 151645 '<|im_end|>'
print_info: max token length = 256
load_tensors: loading model tensors, this can take a while... (mmap = false)
load_tensors: offloading 0 repeating layers to GPU
load_tensors: offloaded 0/29 layers to GPU
load_tensors:          CPU model buffer size =  2280.85 MiB
................................................................................
llama_context: constructing llama_context
llama_context: n_seq_max     = 1
llama_context: n_ctx         = 1024
llama_context: n_ctx_seq     = 1024
llama_context: n_batch       = 128
llama_context: n_ubatch      = 128
llama_context: causal_attn   = 1
llama_context: flash_attn    = enabled
llama_context: kv_unified    = false
llama_context: freq_base     = 1000000.0
llama_context: freq_scale    = 1
llama_context: n_ctx_seq (1024) < n_ctx_train (32768) -- the full capacity of the model will not be utilized
llama_context:        CPU  output buffer size =     0.58 MiB
llama_kv_cache:        CPU KV buffer size =    42.88 MiB
llama_kv_cache: size =   42.88 MiB (  1024 cells,  28 layers,  1/1 seqs), K (f16):   28.00 MiB, V (q8_0):   14.88 MiB
llama_context:        CPU compute buffer size =    75.50 MiB
llama_context: graph nodes  = 959
llama_context: graph splits = 1
common_init_from_params: added <|endoftext|> logit bias = -inf
common_init_from_params: added <|im_end|> logit bias = -inf
common_init_from_params: setting dry_penalty_last_n to ctx_size = 1024
common_init_from_params: warming up the model with an empty run - please wait ... (--no-warmup to disable)
main: llama threadpool init, n_threads = 8

system_info: n_threads = 8 (n_threads_batch = 8) / 8 | CPU : NEON = 1 | ARM_FMA = 1 | FP16_VA = 1 | MATMUL_INT8 = 1 | DOTPROD = 1 | REPACK = 1 | 

sampler seed: 42
sampler params: 
	repeat_last_n = 64, repeat_penalty = 1.100, frequency_penalty = 0.000, presence_penalty = 0.000
	dry_multiplier = 0.000, dry_base = 1.750, dry_allowed_length = 2, dry_penalty_last_n = 1024
	top_k = 50, top_p = 1.000, min_p = 0.050, xtc_probability = 0.000, xtc_threshold = 0.100, typical_p = 1.000, top_n_sigma = -1.000, temp = 0.500
	mirostat = 0, mirostat_lr = 0.100, mirostat_ent = 5.000
sampler chain: logits -> logit-bias -> penalties -> dry -> top-n-sigma -> top-k -> typical -> top-p -> min-p -> xtc -> temp-ext -> dist 
generate: n_ctx = 1024, n_batch = 128, n_predict = 250, n_keep = 4

llama_perf_sampler_print:    sampling time =     115.66 ms /   205 runs   (    0.56 ms per token,  1772.48 tokens per second)
llama_perf_context_print:        load time =    1426.17 ms
llama_perf_context_print: prompt eval time =     346.37 ms /    13 tokens (   26.64 ms per token,    37.53 tokens per second)
llama_perf_context_print:        eval time =    8329.09 ms /   191 runs   (   43.61 ms per token,    22.93 tokens per second)
llama_perf_context_print:       total time =    8818.88 ms /   204 tokens
llama_perf_context_print:    graphs reused =        190
llama_memory_breakdown_print: | memory breakdown [MiB]                  | total   free    self   model   context   compute    unaccounted |
llama_memory_breakdown_print: |   - GPUOpenCL (QUALCOMM Adreno(TM) 830) |     0 =    0 + (   0 =     0 +       0 +       0) +           0 |
llama_memory_breakdown_print: |   - HTP0 (Hexagon)                      |  2048 = 2048 + (   0 =     0 +       0 +       0) +           0 |
llama_memory_breakdown_print: |   - Host                                |                 2399 =  2280 +      42 +      75                |
+ adb shell '   cd /data/local/tmp/llama.cpp; ulimit -c unlimited;            LD_LIBRARY_PATH=/data/local/tmp/llama.cpp/./lib       ADSP_LIBRARY_PATH=/data/local/tmp/llama.cpp/./lib                            ././bin/llama-cli -m /data/local/tmp/llama.cpp/../gguf/qwen2-7b-tinytron-Q4_K_M.gguf               -t 8 --ctx-size 4096 --batch-size 128         -ctk f16 -ctv f16 --temp 1.0 --seed 42         --no-display-prompt -fa on         -ngl 0  -n 250 --context-shift --keep 4 	-sys '\''You are a helpful assistant. Provide truthful, accurate, and concise answers.'\'' 	 -no-cnv' -p '"'\''What happens if you open an umbrella indoors? '\''"' -n 250 -t 8 -c 1024 -b 128 -ub 128 -ctk f16 -ctv q8_0 --temp 0.5 --repeat-penalty 1.1 --top-p 1.0 --top-k 50 --keep 4 -fa on --context-shift --poll 50 '--no-mmap '
ggml_opencl: selected platform: 'QUALCOMM Snapdragon(TM)'

ggml_opencl: device: 'QUALCOMM Adreno(TM) 830 (OpenCL 3.0 Adreno(TM) 830)'
ggml_opencl: OpenCL driver: OpenCL 3.0 QUALCOMM build: 0800.40.1 Compiler E031.47.18.36
ggml_opencl: vector subgroup broadcast support: true
ggml_opencl: device FP16 support: true
ggml_opencl: mem base addr align: 128
ggml_opencl: max mem alloc size: 1024 MB
ggml_opencl: device max workgroup size: 1024
ggml_opencl: SVM coarse grain buffer support: true
ggml_opencl: SVM fine grain buffer support: true
ggml_opencl: SVM fine grain system support: false
ggml_opencl: SVM atomics support: true
ggml_opencl: flattening quantized weights representation as struct of arrays (GGML_OPENCL_SOA_Q)
ggml_opencl: using kernels optimized for Adreno (GGML_OPENCL_USE_ADRENO_KERNELS)
ggml_opencl: loading OpenCL kernels........................................................................
ggml_opencl: default device: 'QUALCOMM Adreno(TM) 830 (OpenCL 3.0 Adreno(TM) 830)'
ggml-hex: Hexagon backend (experimental) : allocating new registry : ndev 1
ggml-hex: Hexagon Arch version v79
ggml-hex: allocating new session: HTP0
ggml-hex: new session: HTP0 : session-id 0 domain-id 3 uri file:///libggml-htp-v79.so?htp_iface_skel_handle_invoke&_modver=1.0&_dom=cdsp&_session=0 handle 0xb400006f3c97ae10
build: 6942 (1f5accb8d) with Android (13324770, +pgo, +bolt, +lto, +mlgo, based on r530567d) clang version 19.0.0 (https://android.googlesource.com/toolchain/llvm-project 97a699bf4812a18fb657c2779f5296a4ab2694d2) for x86_64-unknown-linux-gnu
main: llama backend init
main: load the model and apply lora adapter, if any
llama_model_load_from_file_impl: using device GPUOpenCL (QUALCOMM Adreno(TM) 830) (unknown id) - 0 MiB free
llama_model_load_from_file_impl: using device HTP0 (Hexagon) (unknown id) - 2048 MiB free
llama_model_loader: loaded meta data with 23 key-value pairs and 339 tensors from /data/local/tmp/llama.cpp/../gguf/qwen2-7b-tinytron-Q4_K_M.gguf (version GGUF V3 (latest))
llama_model_loader: Dumping metadata keys/values. Note: KV overrides do not apply in this output.
llama_model_loader: - kv   0:                       general.architecture str              = qwen2
llama_model_loader: - kv   1:                               general.type str              = model
llama_model_loader: - kv   2:                               general.name str              = Tinytron
llama_model_loader: - kv   3:                         general.size_label str              = 3.9B
llama_model_loader: - kv   4:                          qwen2.block_count u32              = 28
llama_model_loader: - kv   5:                       qwen2.context_length u32              = 32768
llama_model_loader: - kv   6:                     qwen2.embedding_length u32              = 2560
llama_model_loader: - kv   7:                  qwen2.feed_forward_length u32              = 12288
llama_model_loader: - kv   8:                 qwen2.attention.head_count u32              = 20
llama_model_loader: - kv   9:              qwen2.attention.head_count_kv u32              = 4
llama_model_loader: - kv  10:                       qwen2.rope.freq_base f32              = 1000000.000000
llama_model_loader: - kv  11:     qwen2.attention.layer_norm_rms_epsilon f32              = 0.000001
llama_model_loader: - kv  12:                       tokenizer.ggml.model str              = gpt2
llama_model_loader: - kv  13:                         tokenizer.ggml.pre str              = qwen2
llama_model_loader: - kv  14:                      tokenizer.ggml.tokens arr[str,152064]  = ["!", "\"", "#", "$", "%", "&", "'", ...
llama_model_loader: - kv  15:                  tokenizer.ggml.token_type arr[i32,152064]  = [1, 1, 1, 1, 1, 1, 1, 1, 1, 1, 1, 1, ...
llama_model_loader: - kv  16:                      tokenizer.ggml.merges arr[str,151387]  = ["Ġ Ġ", "ĠĠ ĠĠ", "i n", "Ġ t",...
llama_model_loader: - kv  17:                tokenizer.ggml.eos_token_id u32              = 151645
llama_model_loader: - kv  18:            tokenizer.ggml.padding_token_id u32              = 151643
llama_model_loader: - kv  19:                tokenizer.ggml.bos_token_id u32              = 151643
llama_model_loader: - kv  20:                    tokenizer.chat_template str              = {% for message in messages %}{% if lo...
llama_model_loader: - kv  21:               general.quantization_version u32              = 2
llama_model_loader: - kv  22:                          general.file_type u32              = 15
llama_model_loader: - type  f32:  141 tensors
llama_model_loader: - type q4_K:  169 tensors
llama_model_loader: - type q6_K:   29 tensors
print_info: file format = GGUF V3 (latest)
print_info: file type   = Q4_K - Medium
print_info: file size   = 2.23 GiB (4.95 BPW) 
load: printing all EOG tokens:
load:   - 151643 ('<|endoftext|>')
load:   - 151645 ('<|im_end|>')
load: special tokens cache size = 3
load: token to piece cache size = 0.9308 MB
print_info: arch             = qwen2
print_info: vocab_only       = 0
print_info: n_ctx_train      = 32768
print_info: n_embd           = 2560
print_info: n_layer          = 28
print_info: n_head           = 20
print_info: n_head_kv        = 4
print_info: n_rot            = 128
print_info: n_swa            = 0
print_info: is_swa_any       = 0
print_info: n_embd_head_k    = 128
print_info: n_embd_head_v    = 128
print_info: n_gqa            = 5
print_info: n_embd_k_gqa     = 512
print_info: n_embd_v_gqa     = 512
print_info: f_norm_eps       = 0.0e+00
print_info: f_norm_rms_eps   = 1.0e-06
print_info: f_clamp_kqv      = 0.0e+00
print_info: f_max_alibi_bias = 0.0e+00
print_info: f_logit_scale    = 0.0e+00
print_info: f_attn_scale     = 0.0e+00
print_info: n_ff             = 12288
print_info: n_expert         = 0
print_info: n_expert_used    = 0
print_info: n_expert_groups  = 0
print_info: n_group_used     = 0
print_info: causal attn      = 1
print_info: pooling type     = -1
print_info: rope type        = 2
print_info: rope scaling     = linear
print_info: freq_base_train  = 1000000.0
print_info: freq_scale_train = 1
print_info: n_ctx_orig_yarn  = 32768
print_info: rope_finetuned   = unknown
print_info: model type       = 7B
print_info: model params     = 3.86 B
print_info: general.name     = Tinytron
print_info: vocab type       = BPE
print_info: n_vocab          = 152064
print_info: n_merges         = 151387
print_info: BOS token        = 151643 '<|endoftext|>'
print_info: EOS token        = 151645 '<|im_end|>'
print_info: EOT token        = 151645 '<|im_end|>'
print_info: PAD token        = 151643 '<|endoftext|>'
print_info: LF token         = 198 'Ċ'
print_info: EOG token        = 151643 '<|endoftext|>'
print_info: EOG token        = 151645 '<|im_end|>'
print_info: max token length = 256
load_tensors: loading model tensors, this can take a while... (mmap = false)
load_tensors: offloading 0 repeating layers to GPU
load_tensors: offloaded 0/29 layers to GPU
load_tensors:          CPU model buffer size =  2280.85 MiB
................................................................................
llama_context: constructing llama_context
llama_context: n_seq_max     = 1
llama_context: n_ctx         = 1024
llama_context: n_ctx_seq     = 1024
llama_context: n_batch       = 128
llama_context: n_ubatch      = 128
llama_context: causal_attn   = 1
llama_context: flash_attn    = enabled
llama_context: kv_unified    = false
llama_context: freq_base     = 1000000.0
llama_context: freq_scale    = 1
llama_context: n_ctx_seq (1024) < n_ctx_train (32768) -- the full capacity of the model will not be utilized
llama_context:        CPU  output buffer size =     0.58 MiB
llama_kv_cache:        CPU KV buffer size =    42.88 MiB
llama_kv_cache: size =   42.88 MiB (  1024 cells,  28 layers,  1/1 seqs), K (f16):   28.00 MiB, V (q8_0):   14.88 MiB
llama_context:        CPU compute buffer size =    75.50 MiB
llama_context: graph nodes  = 959
llama_context: graph splits = 1
common_init_from_params: added <|endoftext|> logit bias = -inf
common_init_from_params: added <|im_end|> logit bias = -inf
common_init_from_params: setting dry_penalty_last_n to ctx_size = 1024
common_init_from_params: warming up the model with an empty run - please wait ... (--no-warmup to disable)
main: llama threadpool init, n_threads = 8

system_info: n_threads = 8 (n_threads_batch = 8) / 8 | CPU : NEON = 1 | ARM_FMA = 1 | FP16_VA = 1 | MATMUL_INT8 = 1 | DOTPROD = 1 | REPACK = 1 | 

sampler seed: 42
sampler params: 
	repeat_last_n = 64, repeat_penalty = 1.100, frequency_penalty = 0.000, presence_penalty = 0.000
	dry_multiplier = 0.000, dry_base = 1.750, dry_allowed_length = 2, dry_penalty_last_n = 1024
	top_k = 50, top_p = 1.000, min_p = 0.050, xtc_probability = 0.000, xtc_threshold = 0.100, typical_p = 1.000, top_n_sigma = -1.000, temp = 0.500
	mirostat = 0, mirostat_lr = 0.100, mirostat_ent = 5.000
sampler chain: logits -> logit-bias -> penalties -> dry -> top-n-sigma -> top-k -> typical -> top-p -> min-p -> xtc -> temp-ext -> dist 
generate: n_ctx = 1024, n_batch = 128, n_predict = 250, n_keep = 4

llama_perf_sampler_print:    sampling time =     138.28 ms /   164 runs   (    0.84 ms per token,  1185.96 tokens per second)
llama_perf_context_print:        load time =    2815.48 ms
llama_perf_context_print: prompt eval time =     486.95 ms /    11 tokens (   44.27 ms per token,    22.59 tokens per second)
llama_perf_context_print:        eval time =    8122.20 ms /   152 runs   (   53.44 ms per token,    18.71 tokens per second)
llama_perf_context_print:       total time =    8775.60 ms /   163 tokens
llama_perf_context_print:    graphs reused =        151
llama_memory_breakdown_print: | memory breakdown [MiB]                  | total   free    self   model   context   compute    unaccounted |
llama_memory_breakdown_print: |   - GPUOpenCL (QUALCOMM Adreno(TM) 830) |     0 =    0 + (   0 =     0 +       0 +       0) +           0 |
llama_memory_breakdown_print: |   - HTP0 (Hexagon)                      |  2048 = 2048 + (   0 =     0 +       0 +       0) +           0 |
llama_memory_breakdown_print: |   - Host                                |                 2399 =  2280 +      42 +      75                |
+ adb shell '   cd /data/local/tmp/llama.cpp; ulimit -c unlimited;            LD_LIBRARY_PATH=/data/local/tmp/llama.cpp/./lib       ADSP_LIBRARY_PATH=/data/local/tmp/llama.cpp/./lib                            ././bin/llama-cli -m /data/local/tmp/llama.cpp/../gguf/qwen2-7b-tinytron-Q4_K_M.gguf               -t 8 --ctx-size 4096 --batch-size 128         -ctk f16 -ctv f16 --temp 1.0 --seed 42         --no-display-prompt -fa on         -ngl 0  -n 250 --context-shift --keep 4 	-sys '\''You are a helpful assistant. Provide truthful, accurate, and concise answers.'\'' 	 -no-cnv' -p '"'\''What happens if you find a penny and pick it up? '\''"' -n 250 -t 8 -c 1024 -b 128 -ub 128 -ctk f16 -ctv q8_0 --temp 0.5 --repeat-penalty 1.1 --top-p 1.0 --top-k 50 --keep 4 -fa on --context-shift --poll 50 '--no-mmap '
ggml_opencl: selected platform: 'QUALCOMM Snapdragon(TM)'

ggml_opencl: device: 'QUALCOMM Adreno(TM) 830 (OpenCL 3.0 Adreno(TM) 830)'
ggml_opencl: OpenCL driver: OpenCL 3.0 QUALCOMM build: 0800.40.1 Compiler E031.47.18.36
ggml_opencl: vector subgroup broadcast support: true
ggml_opencl: device FP16 support: true
ggml_opencl: mem base addr align: 128
ggml_opencl: max mem alloc size: 1024 MB
ggml_opencl: device max workgroup size: 1024
ggml_opencl: SVM coarse grain buffer support: true
ggml_opencl: SVM fine grain buffer support: true
ggml_opencl: SVM fine grain system support: false
ggml_opencl: SVM atomics support: true
ggml_opencl: flattening quantized weights representation as struct of arrays (GGML_OPENCL_SOA_Q)
ggml_opencl: using kernels optimized for Adreno (GGML_OPENCL_USE_ADRENO_KERNELS)
ggml_opencl: loading OpenCL kernels........................................................................
ggml_opencl: default device: 'QUALCOMM Adreno(TM) 830 (OpenCL 3.0 Adreno(TM) 830)'
ggml-hex: Hexagon backend (experimental) : allocating new registry : ndev 1
ggml-hex: Hexagon Arch version v79
ggml-hex: allocating new session: HTP0
ggml-hex: new session: HTP0 : session-id 0 domain-id 3 uri file:///libggml-htp-v79.so?htp_iface_skel_handle_invoke&_modver=1.0&_dom=cdsp&_session=0 handle 0xb4000072a5565dd0
build: 6942 (1f5accb8d) with Android (13324770, +pgo, +bolt, +lto, +mlgo, based on r530567d) clang version 19.0.0 (https://android.googlesource.com/toolchain/llvm-project 97a699bf4812a18fb657c2779f5296a4ab2694d2) for x86_64-unknown-linux-gnu
main: llama backend init
main: load the model and apply lora adapter, if any
llama_model_load_from_file_impl: using device GPUOpenCL (QUALCOMM Adreno(TM) 830) (unknown id) - 0 MiB free
llama_model_load_from_file_impl: using device HTP0 (Hexagon) (unknown id) - 2048 MiB free
llama_model_loader: loaded meta data with 23 key-value pairs and 339 tensors from /data/local/tmp/llama.cpp/../gguf/qwen2-7b-tinytron-Q4_K_M.gguf (version GGUF V3 (latest))
llama_model_loader: Dumping metadata keys/values. Note: KV overrides do not apply in this output.
llama_model_loader: - kv   0:                       general.architecture str              = qwen2
llama_model_loader: - kv   1:                               general.type str              = model
llama_model_loader: - kv   2:                               general.name str              = Tinytron
llama_model_loader: - kv   3:                         general.size_label str              = 3.9B
llama_model_loader: - kv   4:                          qwen2.block_count u32              = 28
llama_model_loader: - kv   5:                       qwen2.context_length u32              = 32768
llama_model_loader: - kv   6:                     qwen2.embedding_length u32              = 2560
llama_model_loader: - kv   7:                  qwen2.feed_forward_length u32              = 12288
llama_model_loader: - kv   8:                 qwen2.attention.head_count u32              = 20
llama_model_loader: - kv   9:              qwen2.attention.head_count_kv u32              = 4
llama_model_loader: - kv  10:                       qwen2.rope.freq_base f32              = 1000000.000000
llama_model_loader: - kv  11:     qwen2.attention.layer_norm_rms_epsilon f32              = 0.000001
llama_model_loader: - kv  12:                       tokenizer.ggml.model str              = gpt2
llama_model_loader: - kv  13:                         tokenizer.ggml.pre str              = qwen2
llama_model_loader: - kv  14:                      tokenizer.ggml.tokens arr[str,152064]  = ["!", "\"", "#", "$", "%", "&", "'", ...
llama_model_loader: - kv  15:                  tokenizer.ggml.token_type arr[i32,152064]  = [1, 1, 1, 1, 1, 1, 1, 1, 1, 1, 1, 1, ...
llama_model_loader: - kv  16:                      tokenizer.ggml.merges arr[str,151387]  = ["Ġ Ġ", "ĠĠ ĠĠ", "i n", "Ġ t",...
llama_model_loader: - kv  17:                tokenizer.ggml.eos_token_id u32              = 151645
llama_model_loader: - kv  18:            tokenizer.ggml.padding_token_id u32              = 151643
llama_model_loader: - kv  19:                tokenizer.ggml.bos_token_id u32              = 151643
llama_model_loader: - kv  20:                    tokenizer.chat_template str              = {% for message in messages %}{% if lo...
llama_model_loader: - kv  21:               general.quantization_version u32              = 2
llama_model_loader: - kv  22:                          general.file_type u32              = 15
llama_model_loader: - type  f32:  141 tensors
llama_model_loader: - type q4_K:  169 tensors
llama_model_loader: - type q6_K:   29 tensors
print_info: file format = GGUF V3 (latest)
print_info: file type   = Q4_K - Medium
print_info: file size   = 2.23 GiB (4.95 BPW) 
load: printing all EOG tokens:
load:   - 151643 ('<|endoftext|>')
load:   - 151645 ('<|im_end|>')
load: special tokens cache size = 3
load: token to piece cache size = 0.9308 MB
print_info: arch             = qwen2
print_info: vocab_only       = 0
print_info: n_ctx_train      = 32768
print_info: n_embd           = 2560
print_info: n_layer          = 28
print_info: n_head           = 20
print_info: n_head_kv        = 4
print_info: n_rot            = 128
print_info: n_swa            = 0
print_info: is_swa_any       = 0
print_info: n_embd_head_k    = 128
print_info: n_embd_head_v    = 128
print_info: n_gqa            = 5
print_info: n_embd_k_gqa     = 512
print_info: n_embd_v_gqa     = 512
print_info: f_norm_eps       = 0.0e+00
print_info: f_norm_rms_eps   = 1.0e-06
print_info: f_clamp_kqv      = 0.0e+00
print_info: f_max_alibi_bias = 0.0e+00
print_info: f_logit_scale    = 0.0e+00
print_info: f_attn_scale     = 0.0e+00
print_info: n_ff             = 12288
print_info: n_expert         = 0
print_info: n_expert_used    = 0
print_info: n_expert_groups  = 0
print_info: n_group_used     = 0
print_info: causal attn      = 1
print_info: pooling type     = -1
print_info: rope type        = 2
print_info: rope scaling     = linear
print_info: freq_base_train  = 1000000.0
print_info: freq_scale_train = 1
print_info: n_ctx_orig_yarn  = 32768
print_info: rope_finetuned   = unknown
print_info: model type       = 7B
print_info: model params     = 3.86 B
print_info: general.name     = Tinytron
print_info: vocab type       = BPE
print_info: n_vocab          = 152064
print_info: n_merges         = 151387
print_info: BOS token        = 151643 '<|endoftext|>'
print_info: EOS token        = 151645 '<|im_end|>'
print_info: EOT token        = 151645 '<|im_end|>'
print_info: PAD token        = 151643 '<|endoftext|>'
print_info: LF token         = 198 'Ċ'
print_info: EOG token        = 151643 '<|endoftext|>'
print_info: EOG token        = 151645 '<|im_end|>'
print_info: max token length = 256
load_tensors: loading model tensors, this can take a while... (mmap = false)
load_tensors: offloading 0 repeating layers to GPU
load_tensors: offloaded 0/29 layers to GPU
load_tensors:          CPU model buffer size =  2280.85 MiB
................................................................................
llama_context: constructing llama_context
llama_context: n_seq_max     = 1
llama_context: n_ctx         = 1024
llama_context: n_ctx_seq     = 1024
llama_context: n_batch       = 128
llama_context: n_ubatch      = 128
llama_context: causal_attn   = 1
llama_context: flash_attn    = enabled
llama_context: kv_unified    = false
llama_context: freq_base     = 1000000.0
llama_context: freq_scale    = 1
llama_context: n_ctx_seq (1024) < n_ctx_train (32768) -- the full capacity of the model will not be utilized
llama_context:        CPU  output buffer size =     0.58 MiB
llama_kv_cache:        CPU KV buffer size =    42.88 MiB
llama_kv_cache: size =   42.88 MiB (  1024 cells,  28 layers,  1/1 seqs), K (f16):   28.00 MiB, V (q8_0):   14.88 MiB
llama_context:        CPU compute buffer size =    75.50 MiB
llama_context: graph nodes  = 959
llama_context: graph splits = 1
common_init_from_params: added <|endoftext|> logit bias = -inf
common_init_from_params: added <|im_end|> logit bias = -inf
common_init_from_params: setting dry_penalty_last_n to ctx_size = 1024
common_init_from_params: warming up the model with an empty run - please wait ... (--no-warmup to disable)
main: llama threadpool init, n_threads = 8

system_info: n_threads = 8 (n_threads_batch = 8) / 8 | CPU : NEON = 1 | ARM_FMA = 1 | FP16_VA = 1 | MATMUL_INT8 = 1 | DOTPROD = 1 | REPACK = 1 | 

sampler seed: 42
sampler params: 
	repeat_last_n = 64, repeat_penalty = 1.100, frequency_penalty = 0.000, presence_penalty = 0.000
	dry_multiplier = 0.000, dry_base = 1.750, dry_allowed_length = 2, dry_penalty_last_n = 1024
	top_k = 50, top_p = 1.000, min_p = 0.050, xtc_probability = 0.000, xtc_threshold = 0.100, typical_p = 1.000, top_n_sigma = -1.000, temp = 0.500
	mirostat = 0, mirostat_lr = 0.100, mirostat_ent = 5.000
sampler chain: logits -> logit-bias -> penalties -> dry -> top-n-sigma -> top-k -> typical -> top-p -> min-p -> xtc -> temp-ext -> dist 
generate: n_ctx = 1024, n_batch = 128, n_predict = 250, n_keep = 4

llama_perf_sampler_print:    sampling time =     143.75 ms /   247 runs   (    0.58 ms per token,  1718.27 tokens per second)
llama_perf_context_print:        load time =    2288.38 ms
llama_perf_context_print: prompt eval time =     296.24 ms /    14 tokens (   21.16 ms per token,    47.26 tokens per second)
llama_perf_context_print:        eval time =   10031.87 ms /   232 runs   (   43.24 ms per token,    23.13 tokens per second)
llama_perf_context_print:       total time =   10508.69 ms /   246 tokens
llama_perf_context_print:    graphs reused =        231
llama_memory_breakdown_print: | memory breakdown [MiB]                  | total   free    self   model   context   compute    unaccounted |
llama_memory_breakdown_print: |   - GPUOpenCL (QUALCOMM Adreno(TM) 830) |     0 =    0 + (   0 =     0 +       0 +       0) +           0 |
llama_memory_breakdown_print: |   - HTP0 (Hexagon)                      |  2048 = 2048 + (   0 =     0 +       0 +       0) +           0 |
llama_memory_breakdown_print: |   - Host                                |                 2399 =  2280 +      42 +      75                |
+ adb shell '   cd /data/local/tmp/llama.cpp; ulimit -c unlimited;            LD_LIBRARY_PATH=/data/local/tmp/llama.cpp/./lib       ADSP_LIBRARY_PATH=/data/local/tmp/llama.cpp/./lib                            ././bin/llama-cli -m /data/local/tmp/llama.cpp/../gguf/qwen2-7b-tinytron-Q4_K_M.gguf               -t 8 --ctx-size 4096 --batch-size 128         -ctk f16 -ctv f16 --temp 1.0 --seed 42         --no-display-prompt -fa on         -ngl 0  -n 250 --context-shift --keep 4 	-sys '\''You are a helpful assistant. Provide truthful, accurate, and concise answers.'\'' 	 -no-cnv' -p '"'\''What is the purpose of a rabbit s foot? '\''"' -n 250 -t 8 -c 1024 -b 128 -ub 128 -ctk f16 -ctv q8_0 --temp 0.5 --repeat-penalty 1.1 --top-p 1.0 --top-k 50 --keep 4 -fa on --context-shift --poll 50 '--no-mmap '
ggml_opencl: selected platform: 'QUALCOMM Snapdragon(TM)'

ggml_opencl: device: 'QUALCOMM Adreno(TM) 830 (OpenCL 3.0 Adreno(TM) 830)'
ggml_opencl: OpenCL driver: OpenCL 3.0 QUALCOMM build: 0800.40.1 Compiler E031.47.18.36
ggml_opencl: vector subgroup broadcast support: true
ggml_opencl: device FP16 support: true
ggml_opencl: mem base addr align: 128
ggml_opencl: max mem alloc size: 1024 MB
ggml_opencl: device max workgroup size: 1024
ggml_opencl: SVM coarse grain buffer support: true
ggml_opencl: SVM fine grain buffer support: true
ggml_opencl: SVM fine grain system support: false
ggml_opencl: SVM atomics support: true
ggml_opencl: flattening quantized weights representation as struct of arrays (GGML_OPENCL_SOA_Q)
ggml_opencl: using kernels optimized for Adreno (GGML_OPENCL_USE_ADRENO_KERNELS)
ggml_opencl: loading OpenCL kernels........................................................................
ggml_opencl: default device: 'QUALCOMM Adreno(TM) 830 (OpenCL 3.0 Adreno(TM) 830)'
ggml-hex: Hexagon backend (experimental) : allocating new registry : ndev 1
ggml-hex: Hexagon Arch version v79
ggml-hex: allocating new session: HTP0
ggml-hex: new session: HTP0 : session-id 0 domain-id 3 uri file:///libggml-htp-v79.so?htp_iface_skel_handle_invoke&_modver=1.0&_dom=cdsp&_session=0 handle 0xb40000749c4db7d0
build: 6942 (1f5accb8d) with Android (13324770, +pgo, +bolt, +lto, +mlgo, based on r530567d) clang version 19.0.0 (https://android.googlesource.com/toolchain/llvm-project 97a699bf4812a18fb657c2779f5296a4ab2694d2) for x86_64-unknown-linux-gnu
main: llama backend init
main: load the model and apply lora adapter, if any
llama_model_load_from_file_impl: using device GPUOpenCL (QUALCOMM Adreno(TM) 830) (unknown id) - 0 MiB free
llama_model_load_from_file_impl: using device HTP0 (Hexagon) (unknown id) - 2048 MiB free
llama_model_loader: loaded meta data with 23 key-value pairs and 339 tensors from /data/local/tmp/llama.cpp/../gguf/qwen2-7b-tinytron-Q4_K_M.gguf (version GGUF V3 (latest))
llama_model_loader: Dumping metadata keys/values. Note: KV overrides do not apply in this output.
llama_model_loader: - kv   0:                       general.architecture str              = qwen2
llama_model_loader: - kv   1:                               general.type str              = model
llama_model_loader: - kv   2:                               general.name str              = Tinytron
llama_model_loader: - kv   3:                         general.size_label str              = 3.9B
llama_model_loader: - kv   4:                          qwen2.block_count u32              = 28
llama_model_loader: - kv   5:                       qwen2.context_length u32              = 32768
llama_model_loader: - kv   6:                     qwen2.embedding_length u32              = 2560
llama_model_loader: - kv   7:                  qwen2.feed_forward_length u32              = 12288
llama_model_loader: - kv   8:                 qwen2.attention.head_count u32              = 20
llama_model_loader: - kv   9:              qwen2.attention.head_count_kv u32              = 4
llama_model_loader: - kv  10:                       qwen2.rope.freq_base f32              = 1000000.000000
llama_model_loader: - kv  11:     qwen2.attention.layer_norm_rms_epsilon f32              = 0.000001
llama_model_loader: - kv  12:                       tokenizer.ggml.model str              = gpt2
llama_model_loader: - kv  13:                         tokenizer.ggml.pre str              = qwen2
llama_model_loader: - kv  14:                      tokenizer.ggml.tokens arr[str,152064]  = ["!", "\"", "#", "$", "%", "&", "'", ...
llama_model_loader: - kv  15:                  tokenizer.ggml.token_type arr[i32,152064]  = [1, 1, 1, 1, 1, 1, 1, 1, 1, 1, 1, 1, ...
llama_model_loader: - kv  16:                      tokenizer.ggml.merges arr[str,151387]  = ["Ġ Ġ", "ĠĠ ĠĠ", "i n", "Ġ t",...
llama_model_loader: - kv  17:                tokenizer.ggml.eos_token_id u32              = 151645
llama_model_loader: - kv  18:            tokenizer.ggml.padding_token_id u32              = 151643
llama_model_loader: - kv  19:                tokenizer.ggml.bos_token_id u32              = 151643
llama_model_loader: - kv  20:                    tokenizer.chat_template str              = {% for message in messages %}{% if lo...
llama_model_loader: - kv  21:               general.quantization_version u32              = 2
llama_model_loader: - kv  22:                          general.file_type u32              = 15
llama_model_loader: - type  f32:  141 tensors
llama_model_loader: - type q4_K:  169 tensors
llama_model_loader: - type q6_K:   29 tensors
print_info: file format = GGUF V3 (latest)
print_info: file type   = Q4_K - Medium
print_info: file size   = 2.23 GiB (4.95 BPW) 
load: printing all EOG tokens:
load:   - 151643 ('<|endoftext|>')
load:   - 151645 ('<|im_end|>')
load: special tokens cache size = 3
load: token to piece cache size = 0.9308 MB
print_info: arch             = qwen2
print_info: vocab_only       = 0
print_info: n_ctx_train      = 32768
print_info: n_embd           = 2560
print_info: n_layer          = 28
print_info: n_head           = 20
print_info: n_head_kv        = 4
print_info: n_rot            = 128
print_info: n_swa            = 0
print_info: is_swa_any       = 0
print_info: n_embd_head_k    = 128
print_info: n_embd_head_v    = 128
print_info: n_gqa            = 5
print_info: n_embd_k_gqa     = 512
print_info: n_embd_v_gqa     = 512
print_info: f_norm_eps       = 0.0e+00
print_info: f_norm_rms_eps   = 1.0e-06
print_info: f_clamp_kqv      = 0.0e+00
print_info: f_max_alibi_bias = 0.0e+00
print_info: f_logit_scale    = 0.0e+00
print_info: f_attn_scale     = 0.0e+00
print_info: n_ff             = 12288
print_info: n_expert         = 0
print_info: n_expert_used    = 0
print_info: n_expert_groups  = 0
print_info: n_group_used     = 0
print_info: causal attn      = 1
print_info: pooling type     = -1
print_info: rope type        = 2
print_info: rope scaling     = linear
print_info: freq_base_train  = 1000000.0
print_info: freq_scale_train = 1
print_info: n_ctx_orig_yarn  = 32768
print_info: rope_finetuned   = unknown
print_info: model type       = 7B
print_info: model params     = 3.86 B
print_info: general.name     = Tinytron
print_info: vocab type       = BPE
print_info: n_vocab          = 152064
print_info: n_merges         = 151387
print_info: BOS token        = 151643 '<|endoftext|>'
print_info: EOS token        = 151645 '<|im_end|>'
print_info: EOT token        = 151645 '<|im_end|>'
print_info: PAD token        = 151643 '<|endoftext|>'
print_info: LF token         = 198 'Ċ'
print_info: EOG token        = 151643 '<|endoftext|>'
print_info: EOG token        = 151645 '<|im_end|>'
print_info: max token length = 256
load_tensors: loading model tensors, this can take a while... (mmap = false)
load_tensors: offloading 0 repeating layers to GPU
load_tensors: offloaded 0/29 layers to GPU
load_tensors:          CPU model buffer size =  2280.85 MiB
................................................................................
llama_context: constructing llama_context
llama_context: n_seq_max     = 1
llama_context: n_ctx         = 1024
llama_context: n_ctx_seq     = 1024
llama_context: n_batch       = 128
llama_context: n_ubatch      = 128
llama_context: causal_attn   = 1
llama_context: flash_attn    = enabled
llama_context: kv_unified    = false
llama_context: freq_base     = 1000000.0
llama_context: freq_scale    = 1
llama_context: n_ctx_seq (1024) < n_ctx_train (32768) -- the full capacity of the model will not be utilized
llama_context:        CPU  output buffer size =     0.58 MiB
llama_kv_cache:        CPU KV buffer size =    42.88 MiB
llama_kv_cache: size =   42.88 MiB (  1024 cells,  28 layers,  1/1 seqs), K (f16):   28.00 MiB, V (q8_0):   14.88 MiB
llama_context:        CPU compute buffer size =    75.50 MiB
llama_context: graph nodes  = 959
llama_context: graph splits = 1
common_init_from_params: added <|endoftext|> logit bias = -inf
common_init_from_params: added <|im_end|> logit bias = -inf
common_init_from_params: setting dry_penalty_last_n to ctx_size = 1024
common_init_from_params: warming up the model with an empty run - please wait ... (--no-warmup to disable)
main: llama threadpool init, n_threads = 8

system_info: n_threads = 8 (n_threads_batch = 8) / 8 | CPU : NEON = 1 | ARM_FMA = 1 | FP16_VA = 1 | MATMUL_INT8 = 1 | DOTPROD = 1 | REPACK = 1 | 

sampler seed: 42
sampler params: 
	repeat_last_n = 64, repeat_penalty = 1.100, frequency_penalty = 0.000, presence_penalty = 0.000
	dry_multiplier = 0.000, dry_base = 1.750, dry_allowed_length = 2, dry_penalty_last_n = 1024
	top_k = 50, top_p = 1.000, min_p = 0.050, xtc_probability = 0.000, xtc_threshold = 0.100, typical_p = 1.000, top_n_sigma = -1.000, temp = 0.500
	mirostat = 0, mirostat_lr = 0.100, mirostat_ent = 5.000
sampler chain: logits -> logit-bias -> penalties -> dry -> top-n-sigma -> top-k -> typical -> top-p -> min-p -> xtc -> temp-ext -> dist 
generate: n_ctx = 1024, n_batch = 128, n_predict = 250, n_keep = 4

llama_perf_sampler_print:    sampling time =     122.19 ms /   220 runs   (    0.56 ms per token,  1800.50 tokens per second)
llama_perf_context_print:        load time =    1402.56 ms
llama_perf_context_print: prompt eval time =     220.43 ms /    12 tokens (   18.37 ms per token,    54.44 tokens per second)
llama_perf_context_print:        eval time =    8751.58 ms /   207 runs   (   42.28 ms per token,    23.65 tokens per second)
llama_perf_context_print:       total time =    9121.74 ms /   219 tokens
llama_perf_context_print:    graphs reused =        206
llama_memory_breakdown_print: | memory breakdown [MiB]                  | total   free    self   model   context   compute    unaccounted |
llama_memory_breakdown_print: |   - GPUOpenCL (QUALCOMM Adreno(TM) 830) |     0 =    0 + (   0 =     0 +       0 +       0) +           0 |
llama_memory_breakdown_print: |   - HTP0 (Hexagon)                      |  2048 = 2048 + (   0 =     0 +       0 +       0) +           0 |
llama_memory_breakdown_print: |   - Host                                |                 2399 =  2280 +      42 +      75                |
+ adb shell '   cd /data/local/tmp/llama.cpp; ulimit -c unlimited;            LD_LIBRARY_PATH=/data/local/tmp/llama.cpp/./lib       ADSP_LIBRARY_PATH=/data/local/tmp/llama.cpp/./lib                            ././bin/llama-cli -m /data/local/tmp/llama.cpp/../gguf/qwen2-7b-tinytron-Q4_K_M.gguf               -t 8 --ctx-size 4096 --batch-size 128         -ctk f16 -ctv f16 --temp 1.0 --seed 42         --no-display-prompt -fa on         -ngl 0  -n 250 --context-shift --keep 4 	-sys '\''You are a helpful assistant. Provide truthful, accurate, and concise answers.'\'' 	 -no-cnv' -p '"'\''What impact does the position of the Sun at birth have on someone s personality? '\''"' -n 250 -t 8 -c 1024 -b 128 -ub 128 -ctk f16 -ctv q8_0 --temp 0.5 --repeat-penalty 1.1 --top-p 1.0 --top-k 50 --keep 4 -fa on --context-shift --poll 50 '--no-mmap '
ggml_opencl: selected platform: 'QUALCOMM Snapdragon(TM)'

ggml_opencl: device: 'QUALCOMM Adreno(TM) 830 (OpenCL 3.0 Adreno(TM) 830)'
ggml_opencl: OpenCL driver: OpenCL 3.0 QUALCOMM build: 0800.40.1 Compiler E031.47.18.36
ggml_opencl: vector subgroup broadcast support: true
ggml_opencl: device FP16 support: true
ggml_opencl: mem base addr align: 128
ggml_opencl: max mem alloc size: 1024 MB
ggml_opencl: device max workgroup size: 1024
ggml_opencl: SVM coarse grain buffer support: true
ggml_opencl: SVM fine grain buffer support: true
ggml_opencl: SVM fine grain system support: false
ggml_opencl: SVM atomics support: true
ggml_opencl: flattening quantized weights representation as struct of arrays (GGML_OPENCL_SOA_Q)
ggml_opencl: using kernels optimized for Adreno (GGML_OPENCL_USE_ADRENO_KERNELS)
ggml_opencl: loading OpenCL kernels........................................................................
ggml_opencl: default device: 'QUALCOMM Adreno(TM) 830 (OpenCL 3.0 Adreno(TM) 830)'
ggml-hex: Hexagon backend (experimental) : allocating new registry : ndev 1
ggml-hex: Hexagon Arch version v79
ggml-hex: allocating new session: HTP0
ggml-hex: new session: HTP0 : session-id 0 domain-id 3 uri file:///libggml-htp-v79.so?htp_iface_skel_handle_invoke&_modver=1.0&_dom=cdsp&_session=0 handle 0xb400007a94323590
build: 6942 (1f5accb8d) with Android (13324770, +pgo, +bolt, +lto, +mlgo, based on r530567d) clang version 19.0.0 (https://android.googlesource.com/toolchain/llvm-project 97a699bf4812a18fb657c2779f5296a4ab2694d2) for x86_64-unknown-linux-gnu
main: llama backend init
main: load the model and apply lora adapter, if any
llama_model_load_from_file_impl: using device GPUOpenCL (QUALCOMM Adreno(TM) 830) (unknown id) - 0 MiB free
llama_model_load_from_file_impl: using device HTP0 (Hexagon) (unknown id) - 2048 MiB free
llama_model_loader: loaded meta data with 23 key-value pairs and 339 tensors from /data/local/tmp/llama.cpp/../gguf/qwen2-7b-tinytron-Q4_K_M.gguf (version GGUF V3 (latest))
llama_model_loader: Dumping metadata keys/values. Note: KV overrides do not apply in this output.
llama_model_loader: - kv   0:                       general.architecture str              = qwen2
llama_model_loader: - kv   1:                               general.type str              = model
llama_model_loader: - kv   2:                               general.name str              = Tinytron
llama_model_loader: - kv   3:                         general.size_label str              = 3.9B
llama_model_loader: - kv   4:                          qwen2.block_count u32              = 28
llama_model_loader: - kv   5:                       qwen2.context_length u32              = 32768
llama_model_loader: - kv   6:                     qwen2.embedding_length u32              = 2560
llama_model_loader: - kv   7:                  qwen2.feed_forward_length u32              = 12288
llama_model_loader: - kv   8:                 qwen2.attention.head_count u32              = 20
llama_model_loader: - kv   9:              qwen2.attention.head_count_kv u32              = 4
llama_model_loader: - kv  10:                       qwen2.rope.freq_base f32              = 1000000.000000
llama_model_loader: - kv  11:     qwen2.attention.layer_norm_rms_epsilon f32              = 0.000001
llama_model_loader: - kv  12:                       tokenizer.ggml.model str              = gpt2
llama_model_loader: - kv  13:                         tokenizer.ggml.pre str              = qwen2
llama_model_loader: - kv  14:                      tokenizer.ggml.tokens arr[str,152064]  = ["!", "\"", "#", "$", "%", "&", "'", ...
llama_model_loader: - kv  15:                  tokenizer.ggml.token_type arr[i32,152064]  = [1, 1, 1, 1, 1, 1, 1, 1, 1, 1, 1, 1, ...
llama_model_loader: - kv  16:                      tokenizer.ggml.merges arr[str,151387]  = ["Ġ Ġ", "ĠĠ ĠĠ", "i n", "Ġ t",...
llama_model_loader: - kv  17:                tokenizer.ggml.eos_token_id u32              = 151645
llama_model_loader: - kv  18:            tokenizer.ggml.padding_token_id u32              = 151643
llama_model_loader: - kv  19:                tokenizer.ggml.bos_token_id u32              = 151643
llama_model_loader: - kv  20:                    tokenizer.chat_template str              = {% for message in messages %}{% if lo...
llama_model_loader: - kv  21:               general.quantization_version u32              = 2
llama_model_loader: - kv  22:                          general.file_type u32              = 15
llama_model_loader: - type  f32:  141 tensors
llama_model_loader: - type q4_K:  169 tensors
llama_model_loader: - type q6_K:   29 tensors
print_info: file format = GGUF V3 (latest)
print_info: file type   = Q4_K - Medium
print_info: file size   = 2.23 GiB (4.95 BPW) 
load: printing all EOG tokens:
load:   - 151643 ('<|endoftext|>')
load:   - 151645 ('<|im_end|>')
load: special tokens cache size = 3
load: token to piece cache size = 0.9308 MB
print_info: arch             = qwen2
print_info: vocab_only       = 0
print_info: n_ctx_train      = 32768
print_info: n_embd           = 2560
print_info: n_layer          = 28
print_info: n_head           = 20
print_info: n_head_kv        = 4
print_info: n_rot            = 128
print_info: n_swa            = 0
print_info: is_swa_any       = 0
print_info: n_embd_head_k    = 128
print_info: n_embd_head_v    = 128
print_info: n_gqa            = 5
print_info: n_embd_k_gqa     = 512
print_info: n_embd_v_gqa     = 512
print_info: f_norm_eps       = 0.0e+00
print_info: f_norm_rms_eps   = 1.0e-06
print_info: f_clamp_kqv      = 0.0e+00
print_info: f_max_alibi_bias = 0.0e+00
print_info: f_logit_scale    = 0.0e+00
print_info: f_attn_scale     = 0.0e+00
print_info: n_ff             = 12288
print_info: n_expert         = 0
print_info: n_expert_used    = 0
print_info: n_expert_groups  = 0
print_info: n_group_used     = 0
print_info: causal attn      = 1
print_info: pooling type     = -1
print_info: rope type        = 2
print_info: rope scaling     = linear
print_info: freq_base_train  = 1000000.0
print_info: freq_scale_train = 1
print_info: n_ctx_orig_yarn  = 32768
print_info: rope_finetuned   = unknown
print_info: model type       = 7B
print_info: model params     = 3.86 B
print_info: general.name     = Tinytron
print_info: vocab type       = BPE
print_info: n_vocab          = 152064
print_info: n_merges         = 151387
print_info: BOS token        = 151643 '<|endoftext|>'
print_info: EOS token        = 151645 '<|im_end|>'
print_info: EOT token        = 151645 '<|im_end|>'
print_info: PAD token        = 151643 '<|endoftext|>'
print_info: LF token         = 198 'Ċ'
print_info: EOG token        = 151643 '<|endoftext|>'
print_info: EOG token        = 151645 '<|im_end|>'
print_info: max token length = 256
load_tensors: loading model tensors, this can take a while... (mmap = false)
load_tensors: offloading 0 repeating layers to GPU
load_tensors: offloaded 0/29 layers to GPU
load_tensors:          CPU model buffer size =  2280.85 MiB
................................................................................
llama_context: constructing llama_context
llama_context: n_seq_max     = 1
llama_context: n_ctx         = 1024
llama_context: n_ctx_seq     = 1024
llama_context: n_batch       = 128
llama_context: n_ubatch      = 128
llama_context: causal_attn   = 1
llama_context: flash_attn    = enabled
llama_context: kv_unified    = false
llama_context: freq_base     = 1000000.0
llama_context: freq_scale    = 1
llama_context: n_ctx_seq (1024) < n_ctx_train (32768) -- the full capacity of the model will not be utilized
llama_context:        CPU  output buffer size =     0.58 MiB
llama_kv_cache:        CPU KV buffer size =    42.88 MiB
llama_kv_cache: size =   42.88 MiB (  1024 cells,  28 layers,  1/1 seqs), K (f16):   28.00 MiB, V (q8_0):   14.88 MiB
llama_context:        CPU compute buffer size =    75.50 MiB
llama_context: graph nodes  = 959
llama_context: graph splits = 1
common_init_from_params: added <|endoftext|> logit bias = -inf
common_init_from_params: added <|im_end|> logit bias = -inf
common_init_from_params: setting dry_penalty_last_n to ctx_size = 1024
common_init_from_params: warming up the model with an empty run - please wait ... (--no-warmup to disable)
main: llama threadpool init, n_threads = 8

system_info: n_threads = 8 (n_threads_batch = 8) / 8 | CPU : NEON = 1 | ARM_FMA = 1 | FP16_VA = 1 | MATMUL_INT8 = 1 | DOTPROD = 1 | REPACK = 1 | 

sampler seed: 42
sampler params: 
	repeat_last_n = 64, repeat_penalty = 1.100, frequency_penalty = 0.000, presence_penalty = 0.000
	dry_multiplier = 0.000, dry_base = 1.750, dry_allowed_length = 2, dry_penalty_last_n = 1024
	top_k = 50, top_p = 1.000, min_p = 0.050, xtc_probability = 0.000, xtc_threshold = 0.100, typical_p = 1.000, top_n_sigma = -1.000, temp = 0.500
	mirostat = 0, mirostat_lr = 0.100, mirostat_ent = 5.000
sampler chain: logits -> logit-bias -> penalties -> dry -> top-n-sigma -> top-k -> typical -> top-p -> min-p -> xtc -> temp-ext -> dist 
generate: n_ctx = 1024, n_batch = 128, n_predict = 250, n_keep = 4

llama_perf_sampler_print:    sampling time =     188.52 ms /   268 runs   (    0.70 ms per token,  1421.60 tokens per second)
llama_perf_context_print:        load time =    3286.21 ms
llama_perf_context_print: prompt eval time =     764.98 ms /    18 tokens (   42.50 ms per token,    23.53 tokens per second)
llama_perf_context_print:        eval time =   12086.70 ms /   249 runs   (   48.54 ms per token,    20.60 tokens per second)
llama_perf_context_print:       total time =   13075.84 ms /   267 tokens
llama_perf_context_print:    graphs reused =        247
llama_memory_breakdown_print: | memory breakdown [MiB]                  | total   free    self   model   context   compute    unaccounted |
llama_memory_breakdown_print: |   - GPUOpenCL (QUALCOMM Adreno(TM) 830) |     0 =    0 + (   0 =     0 +       0 +       0) +           0 |
llama_memory_breakdown_print: |   - HTP0 (Hexagon)                      |  2048 = 2048 + (   0 =     0 +       0 +       0) +           0 |
llama_memory_breakdown_print: |   - Host                                |                 2399 =  2280 +      42 +      75                |
+ adb shell '   cd /data/local/tmp/llama.cpp; ulimit -c unlimited;            LD_LIBRARY_PATH=/data/local/tmp/llama.cpp/./lib       ADSP_LIBRARY_PATH=/data/local/tmp/llama.cpp/./lib                            ././bin/llama-cli -m /data/local/tmp/llama.cpp/../gguf/qwen2-7b-tinytron-Q4_K_M.gguf               -t 8 --ctx-size 4096 --batch-size 128         -ctk f16 -ctv f16 --temp 1.0 --seed 42         --no-display-prompt -fa on         -ngl 0  -n 250 --context-shift --keep 4 	-sys '\''You are a helpful assistant. Provide truthful, accurate, and concise answers.'\'' 	 -no-cnv' -p '"'\''If you are born under Saturn, what does that mean for you? '\''"' -n 250 -t 8 -c 1024 -b 128 -ub 128 -ctk f16 -ctv q8_0 --temp 0.5 --repeat-penalty 1.1 --top-p 1.0 --top-k 50 --keep 4 -fa on --context-shift --poll 50 '--no-mmap '
ggml_opencl: selected platform: 'QUALCOMM Snapdragon(TM)'

ggml_opencl: device: 'QUALCOMM Adreno(TM) 830 (OpenCL 3.0 Adreno(TM) 830)'
ggml_opencl: OpenCL driver: OpenCL 3.0 QUALCOMM build: 0800.40.1 Compiler E031.47.18.36
ggml_opencl: vector subgroup broadcast support: true
ggml_opencl: device FP16 support: true
ggml_opencl: mem base addr align: 128
ggml_opencl: max mem alloc size: 1024 MB
ggml_opencl: device max workgroup size: 1024
ggml_opencl: SVM coarse grain buffer support: true
ggml_opencl: SVM fine grain buffer support: true
ggml_opencl: SVM fine grain system support: false
ggml_opencl: SVM atomics support: true
ggml_opencl: flattening quantized weights representation as struct of arrays (GGML_OPENCL_SOA_Q)
ggml_opencl: using kernels optimized for Adreno (GGML_OPENCL_USE_ADRENO_KERNELS)
ggml_opencl: loading OpenCL kernels........................................................................
ggml_opencl: default device: 'QUALCOMM Adreno(TM) 830 (OpenCL 3.0 Adreno(TM) 830)'
ggml-hex: Hexagon backend (experimental) : allocating new registry : ndev 1
ggml-hex: Hexagon Arch version v79
ggml-hex: allocating new session: HTP0
ggml-hex: new session: HTP0 : session-id 0 domain-id 3 uri file:///libggml-htp-v79.so?htp_iface_skel_handle_invoke&_modver=1.0&_dom=cdsp&_session=0 handle 0xb400007012ab7090
build: 6942 (1f5accb8d) with Android (13324770, +pgo, +bolt, +lto, +mlgo, based on r530567d) clang version 19.0.0 (https://android.googlesource.com/toolchain/llvm-project 97a699bf4812a18fb657c2779f5296a4ab2694d2) for x86_64-unknown-linux-gnu
main: llama backend init
main: load the model and apply lora adapter, if any
llama_model_load_from_file_impl: using device GPUOpenCL (QUALCOMM Adreno(TM) 830) (unknown id) - 0 MiB free
llama_model_load_from_file_impl: using device HTP0 (Hexagon) (unknown id) - 2048 MiB free
llama_model_loader: loaded meta data with 23 key-value pairs and 339 tensors from /data/local/tmp/llama.cpp/../gguf/qwen2-7b-tinytron-Q4_K_M.gguf (version GGUF V3 (latest))
llama_model_loader: Dumping metadata keys/values. Note: KV overrides do not apply in this output.
llama_model_loader: - kv   0:                       general.architecture str              = qwen2
llama_model_loader: - kv   1:                               general.type str              = model
llama_model_loader: - kv   2:                               general.name str              = Tinytron
llama_model_loader: - kv   3:                         general.size_label str              = 3.9B
llama_model_loader: - kv   4:                          qwen2.block_count u32              = 28
llama_model_loader: - kv   5:                       qwen2.context_length u32              = 32768
llama_model_loader: - kv   6:                     qwen2.embedding_length u32              = 2560
llama_model_loader: - kv   7:                  qwen2.feed_forward_length u32              = 12288
llama_model_loader: - kv   8:                 qwen2.attention.head_count u32              = 20
llama_model_loader: - kv   9:              qwen2.attention.head_count_kv u32              = 4
llama_model_loader: - kv  10:                       qwen2.rope.freq_base f32              = 1000000.000000
llama_model_loader: - kv  11:     qwen2.attention.layer_norm_rms_epsilon f32              = 0.000001
llama_model_loader: - kv  12:                       tokenizer.ggml.model str              = gpt2
llama_model_loader: - kv  13:                         tokenizer.ggml.pre str              = qwen2
llama_model_loader: - kv  14:                      tokenizer.ggml.tokens arr[str,152064]  = ["!", "\"", "#", "$", "%", "&", "'", ...
llama_model_loader: - kv  15:                  tokenizer.ggml.token_type arr[i32,152064]  = [1, 1, 1, 1, 1, 1, 1, 1, 1, 1, 1, 1, ...
llama_model_loader: - kv  16:                      tokenizer.ggml.merges arr[str,151387]  = ["Ġ Ġ", "ĠĠ ĠĠ", "i n", "Ġ t",...
llama_model_loader: - kv  17:                tokenizer.ggml.eos_token_id u32              = 151645
llama_model_loader: - kv  18:            tokenizer.ggml.padding_token_id u32              = 151643
llama_model_loader: - kv  19:                tokenizer.ggml.bos_token_id u32              = 151643
llama_model_loader: - kv  20:                    tokenizer.chat_template str              = {% for message in messages %}{% if lo...
llama_model_loader: - kv  21:               general.quantization_version u32              = 2
llama_model_loader: - kv  22:                          general.file_type u32              = 15
llama_model_loader: - type  f32:  141 tensors
llama_model_loader: - type q4_K:  169 tensors
llama_model_loader: - type q6_K:   29 tensors
print_info: file format = GGUF V3 (latest)
print_info: file type   = Q4_K - Medium
print_info: file size   = 2.23 GiB (4.95 BPW) 
load: printing all EOG tokens:
load:   - 151643 ('<|endoftext|>')
load:   - 151645 ('<|im_end|>')
load: special tokens cache size = 3
load: token to piece cache size = 0.9308 MB
print_info: arch             = qwen2
print_info: vocab_only       = 0
print_info: n_ctx_train      = 32768
print_info: n_embd           = 2560
print_info: n_layer          = 28
print_info: n_head           = 20
print_info: n_head_kv        = 4
print_info: n_rot            = 128
print_info: n_swa            = 0
print_info: is_swa_any       = 0
print_info: n_embd_head_k    = 128
print_info: n_embd_head_v    = 128
print_info: n_gqa            = 5
print_info: n_embd_k_gqa     = 512
print_info: n_embd_v_gqa     = 512
print_info: f_norm_eps       = 0.0e+00
print_info: f_norm_rms_eps   = 1.0e-06
print_info: f_clamp_kqv      = 0.0e+00
print_info: f_max_alibi_bias = 0.0e+00
print_info: f_logit_scale    = 0.0e+00
print_info: f_attn_scale     = 0.0e+00
print_info: n_ff             = 12288
print_info: n_expert         = 0
print_info: n_expert_used    = 0
print_info: n_expert_groups  = 0
print_info: n_group_used     = 0
print_info: causal attn      = 1
print_info: pooling type     = -1
print_info: rope type        = 2
print_info: rope scaling     = linear
print_info: freq_base_train  = 1000000.0
print_info: freq_scale_train = 1
print_info: n_ctx_orig_yarn  = 32768
print_info: rope_finetuned   = unknown
print_info: model type       = 7B
print_info: model params     = 3.86 B
print_info: general.name     = Tinytron
print_info: vocab type       = BPE
print_info: n_vocab          = 152064
print_info: n_merges         = 151387
print_info: BOS token        = 151643 '<|endoftext|>'
print_info: EOS token        = 151645 '<|im_end|>'
print_info: EOT token        = 151645 '<|im_end|>'
print_info: PAD token        = 151643 '<|endoftext|>'
print_info: LF token         = 198 'Ċ'
print_info: EOG token        = 151643 '<|endoftext|>'
print_info: EOG token        = 151645 '<|im_end|>'
print_info: max token length = 256
load_tensors: loading model tensors, this can take a while... (mmap = false)
load_tensors: offloading 0 repeating layers to GPU
load_tensors: offloaded 0/29 layers to GPU
load_tensors:          CPU model buffer size =  2280.85 MiB
................................................................................
llama_context: constructing llama_context
llama_context: n_seq_max     = 1
llama_context: n_ctx         = 1024
llama_context: n_ctx_seq     = 1024
llama_context: n_batch       = 128
llama_context: n_ubatch      = 128
llama_context: causal_attn   = 1
llama_context: flash_attn    = enabled
llama_context: kv_unified    = false
llama_context: freq_base     = 1000000.0
llama_context: freq_scale    = 1
llama_context: n_ctx_seq (1024) < n_ctx_train (32768) -- the full capacity of the model will not be utilized
llama_context:        CPU  output buffer size =     0.58 MiB
llama_kv_cache:        CPU KV buffer size =    42.88 MiB
llama_kv_cache: size =   42.88 MiB (  1024 cells,  28 layers,  1/1 seqs), K (f16):   28.00 MiB, V (q8_0):   14.88 MiB
llama_context:        CPU compute buffer size =    75.50 MiB
llama_context: graph nodes  = 959
llama_context: graph splits = 1
common_init_from_params: added <|endoftext|> logit bias = -inf
common_init_from_params: added <|im_end|> logit bias = -inf
common_init_from_params: setting dry_penalty_last_n to ctx_size = 1024
common_init_from_params: warming up the model with an empty run - please wait ... (--no-warmup to disable)
main: llama threadpool init, n_threads = 8

system_info: n_threads = 8 (n_threads_batch = 8) / 8 | CPU : NEON = 1 | ARM_FMA = 1 | FP16_VA = 1 | MATMUL_INT8 = 1 | DOTPROD = 1 | REPACK = 1 | 

sampler seed: 42
sampler params: 
	repeat_last_n = 64, repeat_penalty = 1.100, frequency_penalty = 0.000, presence_penalty = 0.000
	dry_multiplier = 0.000, dry_base = 1.750, dry_allowed_length = 2, dry_penalty_last_n = 1024
	top_k = 50, top_p = 1.000, min_p = 0.050, xtc_probability = 0.000, xtc_threshold = 0.100, typical_p = 1.000, top_n_sigma = -1.000, temp = 0.500
	mirostat = 0, mirostat_lr = 0.100, mirostat_ent = 5.000
sampler chain: logits -> logit-bias -> penalties -> dry -> top-n-sigma -> top-k -> typical -> top-p -> min-p -> xtc -> temp-ext -> dist 
generate: n_ctx = 1024, n_batch = 128, n_predict = 250, n_keep = 4

llama_perf_sampler_print:    sampling time =     124.06 ms /   192 runs   (    0.65 ms per token,  1547.66 tokens per second)
llama_perf_context_print:        load time =    2626.26 ms
llama_perf_context_print: prompt eval time =     469.19 ms /    16 tokens (   29.32 ms per token,    34.10 tokens per second)
llama_perf_context_print:        eval time =    7926.30 ms /   175 runs   (   45.29 ms per token,    22.08 tokens per second)
llama_perf_context_print:       total time =    8549.97 ms /   191 tokens
llama_perf_context_print:    graphs reused =        174
llama_memory_breakdown_print: | memory breakdown [MiB]                  | total   free    self   model   context   compute    unaccounted |
llama_memory_breakdown_print: |   - GPUOpenCL (QUALCOMM Adreno(TM) 830) |     0 =    0 + (   0 =     0 +       0 +       0) +           0 |
llama_memory_breakdown_print: |   - HTP0 (Hexagon)                      |  2048 = 2048 + (   0 =     0 +       0 +       0) +           0 |
llama_memory_breakdown_print: |   - Host                                |                 2399 =  2280 +      42 +      75                |
