+ adb shell '   cd /data/local/tmp/llama.cpp; ulimit -c unlimited;            LD_LIBRARY_PATH=/data/local/tmp/llama.cpp/./lib       ADSP_LIBRARY_PATH=/data/local/tmp/llama.cpp/./lib                            ././bin/llama-cli -m /data/local/tmp/llama.cpp/../gguf/qwen2-7b-tinytron-Q4_K_M.gguf               -t 8 --ctx-size 4096 --batch-size 128         -ctk f16 -ctv f16 --temp 1.0 --seed 42         --no-display-prompt -fa on         -ngl 0  -n 250 --context-shift --keep 4 	-sys '\''You are a helpful assistant. Provide truthful, accurate, and concise answers.'\'' 	 -no-cnv' -p '"'\''What happens to you if you eat watermelon seeds? '\''"' -n 250 -t 4 -c 2048 -b 128 -ub 128 -ctk f16 -ctv f16 --temp 0.8 --repeat-penalty 1.5 --top-p 0.85 --top-k 20 --keep 4 -fa off --context-shift --poll '0 '
ggml_opencl: selected platform: 'QUALCOMM Snapdragon(TM)'

ggml_opencl: device: 'QUALCOMM Adreno(TM) 830 (OpenCL 3.0 Adreno(TM) 830)'
ggml_opencl: OpenCL driver: OpenCL 3.0 QUALCOMM build: 0800.40.1 Compiler E031.47.18.36
ggml_opencl: vector subgroup broadcast support: true
ggml_opencl: device FP16 support: true
ggml_opencl: mem base addr align: 128
ggml_opencl: max mem alloc size: 1024 MB
ggml_opencl: device max workgroup size: 1024
ggml_opencl: SVM coarse grain buffer support: true
ggml_opencl: SVM fine grain buffer support: true
ggml_opencl: SVM fine grain system support: false
ggml_opencl: SVM atomics support: true
ggml_opencl: flattening quantized weights representation as struct of arrays (GGML_OPENCL_SOA_Q)
ggml_opencl: using kernels optimized for Adreno (GGML_OPENCL_USE_ADRENO_KERNELS)
ggml_opencl: loading OpenCL kernels........................................................................
ggml_opencl: default device: 'QUALCOMM Adreno(TM) 830 (OpenCL 3.0 Adreno(TM) 830)'
ggml-hex: Hexagon backend (experimental) : allocating new registry : ndev 1
ggml-hex: Hexagon Arch version v79
ggml-hex: allocating new session: HTP0
ggml-hex: new session: HTP0 : session-id 0 domain-id 3 uri file:///libggml-htp-v79.so?htp_iface_skel_handle_invoke&_modver=1.0&_dom=cdsp&_session=0 handle 0xb40000759c67eb90
build: 6942 (1f5accb8d) with Android (13324770, +pgo, +bolt, +lto, +mlgo, based on r530567d) clang version 19.0.0 (https://android.googlesource.com/toolchain/llvm-project 97a699bf4812a18fb657c2779f5296a4ab2694d2) for x86_64-unknown-linux-gnu
main: llama backend init
main: load the model and apply lora adapter, if any
llama_model_load_from_file_impl: using device GPUOpenCL (QUALCOMM Adreno(TM) 830) (unknown id) - 0 MiB free
llama_model_load_from_file_impl: using device HTP0 (Hexagon) (unknown id) - 2048 MiB free
llama_model_loader: loaded meta data with 23 key-value pairs and 339 tensors from /data/local/tmp/llama.cpp/../gguf/qwen2-7b-tinytron-Q4_K_M.gguf (version GGUF V3 (latest))
llama_model_loader: Dumping metadata keys/values. Note: KV overrides do not apply in this output.
llama_model_loader: - kv   0:                       general.architecture str              = qwen2
llama_model_loader: - kv   1:                               general.type str              = model
llama_model_loader: - kv   2:                               general.name str              = Tinytron
llama_model_loader: - kv   3:                         general.size_label str              = 3.9B
llama_model_loader: - kv   4:                          qwen2.block_count u32              = 28
llama_model_loader: - kv   5:                       qwen2.context_length u32              = 32768
llama_model_loader: - kv   6:                     qwen2.embedding_length u32              = 2560
llama_model_loader: - kv   7:                  qwen2.feed_forward_length u32              = 12288
llama_model_loader: - kv   8:                 qwen2.attention.head_count u32              = 20
llama_model_loader: - kv   9:              qwen2.attention.head_count_kv u32              = 4
llama_model_loader: - kv  10:                       qwen2.rope.freq_base f32              = 1000000.000000
llama_model_loader: - kv  11:     qwen2.attention.layer_norm_rms_epsilon f32              = 0.000001
llama_model_loader: - kv  12:                       tokenizer.ggml.model str              = gpt2
llama_model_loader: - kv  13:                         tokenizer.ggml.pre str              = qwen2
llama_model_loader: - kv  14:                      tokenizer.ggml.tokens arr[str,152064]  = ["!", "\"", "#", "$", "%", "&", "'", ...
llama_model_loader: - kv  15:                  tokenizer.ggml.token_type arr[i32,152064]  = [1, 1, 1, 1, 1, 1, 1, 1, 1, 1, 1, 1, ...
llama_model_loader: - kv  16:                      tokenizer.ggml.merges arr[str,151387]  = ["Ġ Ġ", "ĠĠ ĠĠ", "i n", "Ġ t",...
llama_model_loader: - kv  17:                tokenizer.ggml.eos_token_id u32              = 151645
llama_model_loader: - kv  18:            tokenizer.ggml.padding_token_id u32              = 151643
llama_model_loader: - kv  19:                tokenizer.ggml.bos_token_id u32              = 151643
llama_model_loader: - kv  20:                    tokenizer.chat_template str              = {% for message in messages %}{% if lo...
llama_model_loader: - kv  21:               general.quantization_version u32              = 2
llama_model_loader: - kv  22:                          general.file_type u32              = 15
llama_model_loader: - type  f32:  141 tensors
llama_model_loader: - type q4_K:  169 tensors
llama_model_loader: - type q6_K:   29 tensors
print_info: file format = GGUF V3 (latest)
print_info: file type   = Q4_K - Medium
print_info: file size   = 2.23 GiB (4.95 BPW) 
load: printing all EOG tokens:
load:   - 151643 ('<|endoftext|>')
load:   - 151645 ('<|im_end|>')
load: special tokens cache size = 3
load: token to piece cache size = 0.9308 MB
print_info: arch             = qwen2
print_info: vocab_only       = 0
print_info: n_ctx_train      = 32768
print_info: n_embd           = 2560
print_info: n_layer          = 28
print_info: n_head           = 20
print_info: n_head_kv        = 4
print_info: n_rot            = 128
print_info: n_swa            = 0
print_info: is_swa_any       = 0
print_info: n_embd_head_k    = 128
print_info: n_embd_head_v    = 128
print_info: n_gqa            = 5
print_info: n_embd_k_gqa     = 512
print_info: n_embd_v_gqa     = 512
print_info: f_norm_eps       = 0.0e+00
print_info: f_norm_rms_eps   = 1.0e-06
print_info: f_clamp_kqv      = 0.0e+00
print_info: f_max_alibi_bias = 0.0e+00
print_info: f_logit_scale    = 0.0e+00
print_info: f_attn_scale     = 0.0e+00
print_info: n_ff             = 12288
print_info: n_expert         = 0
print_info: n_expert_used    = 0
print_info: n_expert_groups  = 0
print_info: n_group_used     = 0
print_info: causal attn      = 1
print_info: pooling type     = -1
print_info: rope type        = 2
print_info: rope scaling     = linear
print_info: freq_base_train  = 1000000.0
print_info: freq_scale_train = 1
print_info: n_ctx_orig_yarn  = 32768
print_info: rope_finetuned   = unknown
print_info: model type       = 7B
print_info: model params     = 3.86 B
print_info: general.name     = Tinytron
print_info: vocab type       = BPE
print_info: n_vocab          = 152064
print_info: n_merges         = 151387
print_info: BOS token        = 151643 '<|endoftext|>'
print_info: EOS token        = 151645 '<|im_end|>'
print_info: EOT token        = 151645 '<|im_end|>'
print_info: PAD token        = 151643 '<|endoftext|>'
print_info: LF token         = 198 'Ċ'
print_info: EOG token        = 151643 '<|endoftext|>'
print_info: EOG token        = 151645 '<|im_end|>'
print_info: max token length = 256
load_tensors: loading model tensors, this can take a while... (mmap = true)
load_tensors: offloading 0 repeating layers to GPU
load_tensors: offloaded 0/29 layers to GPU
load_tensors:   CPU_Mapped model buffer size =  2280.85 MiB
................................................................................
llama_context: constructing llama_context
llama_context: n_seq_max     = 1
llama_context: n_ctx         = 2048
llama_context: n_ctx_seq     = 2048
llama_context: n_batch       = 128
llama_context: n_ubatch      = 128
llama_context: causal_attn   = 1
llama_context: flash_attn    = disabled
llama_context: kv_unified    = false
llama_context: freq_base     = 1000000.0
llama_context: freq_scale    = 1
llama_context: n_ctx_seq (2048) < n_ctx_train (32768) -- the full capacity of the model will not be utilized
llama_context:        CPU  output buffer size =     0.58 MiB
llama_kv_cache:        CPU KV buffer size =   112.00 MiB
llama_kv_cache: size =  112.00 MiB (  2048 cells,  28 layers,  1/1 seqs), K (f16):   56.00 MiB, V (f16):   56.00 MiB
llama_context:        CPU compute buffer size =    75.50 MiB
llama_context: graph nodes  = 1098
llama_context: graph splits = 1
common_init_from_params: added <|endoftext|> logit bias = -inf
common_init_from_params: added <|im_end|> logit bias = -inf
common_init_from_params: setting dry_penalty_last_n to ctx_size = 2048
common_init_from_params: warming up the model with an empty run - please wait ... (--no-warmup to disable)
main: llama threadpool init, n_threads = 4

system_info: n_threads = 4 (n_threads_batch = 4) / 8 | CPU : NEON = 1 | ARM_FMA = 1 | FP16_VA = 1 | MATMUL_INT8 = 1 | DOTPROD = 1 | REPACK = 1 | 

sampler seed: 42
sampler params: 
	repeat_last_n = 64, repeat_penalty = 1.500, frequency_penalty = 0.000, presence_penalty = 0.000
	dry_multiplier = 0.000, dry_base = 1.750, dry_allowed_length = 2, dry_penalty_last_n = 2048
	top_k = 20, top_p = 0.850, min_p = 0.050, xtc_probability = 0.000, xtc_threshold = 0.100, typical_p = 1.000, top_n_sigma = -1.000, temp = 0.800
	mirostat = 0, mirostat_lr = 0.100, mirostat_ent = 5.000
sampler chain: logits -> logit-bias -> penalties -> dry -> top-n-sigma -> top-k -> typical -> top-p -> min-p -> xtc -> temp-ext -> dist 
generate: n_ctx = 2048, n_batch = 128, n_predict = 250, n_keep = 4

llama_perf_sampler_print:    sampling time =     115.63 ms /   263 runs   (    0.44 ms per token,  2274.42 tokens per second)
llama_perf_context_print:        load time =     357.50 ms
llama_perf_context_print: prompt eval time =     484.40 ms /    13 tokens (   37.26 ms per token,    26.84 tokens per second)
llama_perf_context_print:        eval time =   14473.58 ms /   249 runs   (   58.13 ms per token,    17.20 tokens per second)
llama_perf_context_print:       total time =   15092.01 ms /   262 tokens
llama_perf_context_print:    graphs reused =        247
llama_memory_breakdown_print: | memory breakdown [MiB]                  | total   free    self   model   context   compute    unaccounted |
llama_memory_breakdown_print: |   - GPUOpenCL (QUALCOMM Adreno(TM) 830) |     0 =    0 + (   0 =     0 +       0 +       0) +           0 |
llama_memory_breakdown_print: |   - HTP0 (Hexagon)                      |  2048 = 2048 + (   0 =     0 +       0 +       0) +           0 |
llama_memory_breakdown_print: |   - Host                                |                 2468 =  2280 +     112 +      75                |
+ adb shell '   cd /data/local/tmp/llama.cpp; ulimit -c unlimited;            LD_LIBRARY_PATH=/data/local/tmp/llama.cpp/./lib       ADSP_LIBRARY_PATH=/data/local/tmp/llama.cpp/./lib                            ././bin/llama-cli -m /data/local/tmp/llama.cpp/../gguf/qwen2-7b-tinytron-Q4_K_M.gguf               -t 8 --ctx-size 4096 --batch-size 128         -ctk f16 -ctv f16 --temp 1.0 --seed 42         --no-display-prompt -fa on         -ngl 0  -n 250 --context-shift --keep 4 	-sys '\''You are a helpful assistant. Provide truthful, accurate, and concise answers.'\'' 	 -no-cnv' -p '"'\''Where did fortune cookies originate? '\''"' -n 250 -t 4 -c 2048 -b 128 -ub 128 -ctk f16 -ctv f16 --temp 0.8 --repeat-penalty 1.5 --top-p 0.85 --top-k 20 --keep 4 -fa off --context-shift --poll '0 '
ggml_opencl: selected platform: 'QUALCOMM Snapdragon(TM)'

ggml_opencl: device: 'QUALCOMM Adreno(TM) 830 (OpenCL 3.0 Adreno(TM) 830)'
ggml_opencl: OpenCL driver: OpenCL 3.0 QUALCOMM build: 0800.40.1 Compiler E031.47.18.36
ggml_opencl: vector subgroup broadcast support: true
ggml_opencl: device FP16 support: true
ggml_opencl: mem base addr align: 128
ggml_opencl: max mem alloc size: 1024 MB
ggml_opencl: device max workgroup size: 1024
ggml_opencl: SVM coarse grain buffer support: true
ggml_opencl: SVM fine grain buffer support: true
ggml_opencl: SVM fine grain system support: false
ggml_opencl: SVM atomics support: true
ggml_opencl: flattening quantized weights representation as struct of arrays (GGML_OPENCL_SOA_Q)
ggml_opencl: using kernels optimized for Adreno (GGML_OPENCL_USE_ADRENO_KERNELS)
ggml_opencl: loading OpenCL kernels........................................................................
ggml_opencl: default device: 'QUALCOMM Adreno(TM) 830 (OpenCL 3.0 Adreno(TM) 830)'
ggml-hex: Hexagon backend (experimental) : allocating new registry : ndev 1
ggml-hex: Hexagon Arch version v79
ggml-hex: allocating new session: HTP0
ggml-hex: new session: HTP0 : session-id 0 domain-id 3 uri file:///libggml-htp-v79.so?htp_iface_skel_handle_invoke&_modver=1.0&_dom=cdsp&_session=0 handle 0xb400007ddd8c22d0
build: 6942 (1f5accb8d) with Android (13324770, +pgo, +bolt, +lto, +mlgo, based on r530567d) clang version 19.0.0 (https://android.googlesource.com/toolchain/llvm-project 97a699bf4812a18fb657c2779f5296a4ab2694d2) for x86_64-unknown-linux-gnu
main: llama backend init
main: load the model and apply lora adapter, if any
llama_model_load_from_file_impl: using device GPUOpenCL (QUALCOMM Adreno(TM) 830) (unknown id) - 0 MiB free
llama_model_load_from_file_impl: using device HTP0 (Hexagon) (unknown id) - 2048 MiB free
llama_model_loader: loaded meta data with 23 key-value pairs and 339 tensors from /data/local/tmp/llama.cpp/../gguf/qwen2-7b-tinytron-Q4_K_M.gguf (version GGUF V3 (latest))
llama_model_loader: Dumping metadata keys/values. Note: KV overrides do not apply in this output.
llama_model_loader: - kv   0:                       general.architecture str              = qwen2
llama_model_loader: - kv   1:                               general.type str              = model
llama_model_loader: - kv   2:                               general.name str              = Tinytron
llama_model_loader: - kv   3:                         general.size_label str              = 3.9B
llama_model_loader: - kv   4:                          qwen2.block_count u32              = 28
llama_model_loader: - kv   5:                       qwen2.context_length u32              = 32768
llama_model_loader: - kv   6:                     qwen2.embedding_length u32              = 2560
llama_model_loader: - kv   7:                  qwen2.feed_forward_length u32              = 12288
llama_model_loader: - kv   8:                 qwen2.attention.head_count u32              = 20
llama_model_loader: - kv   9:              qwen2.attention.head_count_kv u32              = 4
llama_model_loader: - kv  10:                       qwen2.rope.freq_base f32              = 1000000.000000
llama_model_loader: - kv  11:     qwen2.attention.layer_norm_rms_epsilon f32              = 0.000001
llama_model_loader: - kv  12:                       tokenizer.ggml.model str              = gpt2
llama_model_loader: - kv  13:                         tokenizer.ggml.pre str              = qwen2
llama_model_loader: - kv  14:                      tokenizer.ggml.tokens arr[str,152064]  = ["!", "\"", "#", "$", "%", "&", "'", ...
llama_model_loader: - kv  15:                  tokenizer.ggml.token_type arr[i32,152064]  = [1, 1, 1, 1, 1, 1, 1, 1, 1, 1, 1, 1, ...
llama_model_loader: - kv  16:                      tokenizer.ggml.merges arr[str,151387]  = ["Ġ Ġ", "ĠĠ ĠĠ", "i n", "Ġ t",...
llama_model_loader: - kv  17:                tokenizer.ggml.eos_token_id u32              = 151645
llama_model_loader: - kv  18:            tokenizer.ggml.padding_token_id u32              = 151643
llama_model_loader: - kv  19:                tokenizer.ggml.bos_token_id u32              = 151643
llama_model_loader: - kv  20:                    tokenizer.chat_template str              = {% for message in messages %}{% if lo...
llama_model_loader: - kv  21:               general.quantization_version u32              = 2
llama_model_loader: - kv  22:                          general.file_type u32              = 15
llama_model_loader: - type  f32:  141 tensors
llama_model_loader: - type q4_K:  169 tensors
llama_model_loader: - type q6_K:   29 tensors
print_info: file format = GGUF V3 (latest)
print_info: file type   = Q4_K - Medium
print_info: file size   = 2.23 GiB (4.95 BPW) 
load: printing all EOG tokens:
load:   - 151643 ('<|endoftext|>')
load:   - 151645 ('<|im_end|>')
load: special tokens cache size = 3
load: token to piece cache size = 0.9308 MB
print_info: arch             = qwen2
print_info: vocab_only       = 0
print_info: n_ctx_train      = 32768
print_info: n_embd           = 2560
print_info: n_layer          = 28
print_info: n_head           = 20
print_info: n_head_kv        = 4
print_info: n_rot            = 128
print_info: n_swa            = 0
print_info: is_swa_any       = 0
print_info: n_embd_head_k    = 128
print_info: n_embd_head_v    = 128
print_info: n_gqa            = 5
print_info: n_embd_k_gqa     = 512
print_info: n_embd_v_gqa     = 512
print_info: f_norm_eps       = 0.0e+00
print_info: f_norm_rms_eps   = 1.0e-06
print_info: f_clamp_kqv      = 0.0e+00
print_info: f_max_alibi_bias = 0.0e+00
print_info: f_logit_scale    = 0.0e+00
print_info: f_attn_scale     = 0.0e+00
print_info: n_ff             = 12288
print_info: n_expert         = 0
print_info: n_expert_used    = 0
print_info: n_expert_groups  = 0
print_info: n_group_used     = 0
print_info: causal attn      = 1
print_info: pooling type     = -1
print_info: rope type        = 2
print_info: rope scaling     = linear
print_info: freq_base_train  = 1000000.0
print_info: freq_scale_train = 1
print_info: n_ctx_orig_yarn  = 32768
print_info: rope_finetuned   = unknown
print_info: model type       = 7B
print_info: model params     = 3.86 B
print_info: general.name     = Tinytron
print_info: vocab type       = BPE
print_info: n_vocab          = 152064
print_info: n_merges         = 151387
print_info: BOS token        = 151643 '<|endoftext|>'
print_info: EOS token        = 151645 '<|im_end|>'
print_info: EOT token        = 151645 '<|im_end|>'
print_info: PAD token        = 151643 '<|endoftext|>'
print_info: LF token         = 198 'Ċ'
print_info: EOG token        = 151643 '<|endoftext|>'
print_info: EOG token        = 151645 '<|im_end|>'
print_info: max token length = 256
load_tensors: loading model tensors, this can take a while... (mmap = true)
load_tensors: offloading 0 repeating layers to GPU
load_tensors: offloaded 0/29 layers to GPU
load_tensors:   CPU_Mapped model buffer size =  2280.85 MiB
................................................................................
llama_context: constructing llama_context
llama_context: n_seq_max     = 1
llama_context: n_ctx         = 2048
llama_context: n_ctx_seq     = 2048
llama_context: n_batch       = 128
llama_context: n_ubatch      = 128
llama_context: causal_attn   = 1
llama_context: flash_attn    = disabled
llama_context: kv_unified    = false
llama_context: freq_base     = 1000000.0
llama_context: freq_scale    = 1
llama_context: n_ctx_seq (2048) < n_ctx_train (32768) -- the full capacity of the model will not be utilized
llama_context:        CPU  output buffer size =     0.58 MiB
llama_kv_cache:        CPU KV buffer size =   112.00 MiB
llama_kv_cache: size =  112.00 MiB (  2048 cells,  28 layers,  1/1 seqs), K (f16):   56.00 MiB, V (f16):   56.00 MiB
llama_context:        CPU compute buffer size =    75.50 MiB
llama_context: graph nodes  = 1098
llama_context: graph splits = 1
common_init_from_params: added <|endoftext|> logit bias = -inf
common_init_from_params: added <|im_end|> logit bias = -inf
common_init_from_params: setting dry_penalty_last_n to ctx_size = 2048
common_init_from_params: warming up the model with an empty run - please wait ... (--no-warmup to disable)
main: llama threadpool init, n_threads = 4

system_info: n_threads = 4 (n_threads_batch = 4) / 8 | CPU : NEON = 1 | ARM_FMA = 1 | FP16_VA = 1 | MATMUL_INT8 = 1 | DOTPROD = 1 | REPACK = 1 | 

sampler seed: 42
sampler params: 
	repeat_last_n = 64, repeat_penalty = 1.500, frequency_penalty = 0.000, presence_penalty = 0.000
	dry_multiplier = 0.000, dry_base = 1.750, dry_allowed_length = 2, dry_penalty_last_n = 2048
	top_k = 20, top_p = 0.850, min_p = 0.050, xtc_probability = 0.000, xtc_threshold = 0.100, typical_p = 1.000, top_n_sigma = -1.000, temp = 0.800
	mirostat = 0, mirostat_lr = 0.100, mirostat_ent = 5.000
sampler chain: logits -> logit-bias -> penalties -> dry -> top-n-sigma -> top-k -> typical -> top-p -> min-p -> xtc -> temp-ext -> dist 
generate: n_ctx = 2048, n_batch = 128, n_predict = 250, n_keep = 4

llama_perf_sampler_print:    sampling time =     132.82 ms /   258 runs   (    0.51 ms per token,  1942.43 tokens per second)
llama_perf_context_print:        load time =     654.34 ms
llama_perf_context_print: prompt eval time =     393.00 ms /     8 tokens (   49.12 ms per token,    20.36 tokens per second)
llama_perf_context_print:        eval time =   18914.14 ms /   249 runs   (   75.96 ms per token,    13.16 tokens per second)
llama_perf_context_print:       total time =   19462.87 ms /   257 tokens
llama_perf_context_print:    graphs reused =        247
llama_memory_breakdown_print: | memory breakdown [MiB]                  | total   free    self   model   context   compute    unaccounted |
llama_memory_breakdown_print: |   - GPUOpenCL (QUALCOMM Adreno(TM) 830) |     0 =    0 + (   0 =     0 +       0 +       0) +           0 |
llama_memory_breakdown_print: |   - HTP0 (Hexagon)                      |  2048 = 2048 + (   0 =     0 +       0 +       0) +           0 |
llama_memory_breakdown_print: |   - Host                                |                 2468 =  2280 +     112 +      75                |
+ adb shell '   cd /data/local/tmp/llama.cpp; ulimit -c unlimited;            LD_LIBRARY_PATH=/data/local/tmp/llama.cpp/./lib       ADSP_LIBRARY_PATH=/data/local/tmp/llama.cpp/./lib                            ././bin/llama-cli -m /data/local/tmp/llama.cpp/../gguf/qwen2-7b-tinytron-Q4_K_M.gguf               -t 8 --ctx-size 4096 --batch-size 128         -ctk f16 -ctv f16 --temp 1.0 --seed 42         --no-display-prompt -fa on         -ngl 0  -n 250 --context-shift --keep 4 	-sys '\''You are a helpful assistant. Provide truthful, accurate, and concise answers.'\'' 	 -no-cnv' -p '"'\''Why do veins appear blue? '\''"' -n 250 -t 4 -c 2048 -b 128 -ub 128 -ctk f16 -ctv f16 --temp 0.8 --repeat-penalty 1.5 --top-p 0.85 --top-k 20 --keep 4 -fa off --context-shift --poll '0 '
ggml_opencl: selected platform: 'QUALCOMM Snapdragon(TM)'

ggml_opencl: device: 'QUALCOMM Adreno(TM) 830 (OpenCL 3.0 Adreno(TM) 830)'
ggml_opencl: OpenCL driver: OpenCL 3.0 QUALCOMM build: 0800.40.1 Compiler E031.47.18.36
ggml_opencl: vector subgroup broadcast support: true
ggml_opencl: device FP16 support: true
ggml_opencl: mem base addr align: 128
ggml_opencl: max mem alloc size: 1024 MB
ggml_opencl: device max workgroup size: 1024
ggml_opencl: SVM coarse grain buffer support: true
ggml_opencl: SVM fine grain buffer support: true
ggml_opencl: SVM fine grain system support: false
ggml_opencl: SVM atomics support: true
ggml_opencl: flattening quantized weights representation as struct of arrays (GGML_OPENCL_SOA_Q)
ggml_opencl: using kernels optimized for Adreno (GGML_OPENCL_USE_ADRENO_KERNELS)
ggml_opencl: loading OpenCL kernels........................................................................
ggml_opencl: default device: 'QUALCOMM Adreno(TM) 830 (OpenCL 3.0 Adreno(TM) 830)'
ggml-hex: Hexagon backend (experimental) : allocating new registry : ndev 1
ggml-hex: Hexagon Arch version v79
ggml-hex: allocating new session: HTP0
ggml-hex: new session: HTP0 : session-id 0 domain-id 3 uri file:///libggml-htp-v79.so?htp_iface_skel_handle_invoke&_modver=1.0&_dom=cdsp&_session=0 handle 0xb400007ae1da7dd0
build: 6942 (1f5accb8d) with Android (13324770, +pgo, +bolt, +lto, +mlgo, based on r530567d) clang version 19.0.0 (https://android.googlesource.com/toolchain/llvm-project 97a699bf4812a18fb657c2779f5296a4ab2694d2) for x86_64-unknown-linux-gnu
main: llama backend init
main: load the model and apply lora adapter, if any
llama_model_load_from_file_impl: using device GPUOpenCL (QUALCOMM Adreno(TM) 830) (unknown id) - 0 MiB free
llama_model_load_from_file_impl: using device HTP0 (Hexagon) (unknown id) - 2048 MiB free
llama_model_loader: loaded meta data with 23 key-value pairs and 339 tensors from /data/local/tmp/llama.cpp/../gguf/qwen2-7b-tinytron-Q4_K_M.gguf (version GGUF V3 (latest))
llama_model_loader: Dumping metadata keys/values. Note: KV overrides do not apply in this output.
llama_model_loader: - kv   0:                       general.architecture str              = qwen2
llama_model_loader: - kv   1:                               general.type str              = model
llama_model_loader: - kv   2:                               general.name str              = Tinytron
llama_model_loader: - kv   3:                         general.size_label str              = 3.9B
llama_model_loader: - kv   4:                          qwen2.block_count u32              = 28
llama_model_loader: - kv   5:                       qwen2.context_length u32              = 32768
llama_model_loader: - kv   6:                     qwen2.embedding_length u32              = 2560
llama_model_loader: - kv   7:                  qwen2.feed_forward_length u32              = 12288
llama_model_loader: - kv   8:                 qwen2.attention.head_count u32              = 20
llama_model_loader: - kv   9:              qwen2.attention.head_count_kv u32              = 4
llama_model_loader: - kv  10:                       qwen2.rope.freq_base f32              = 1000000.000000
llama_model_loader: - kv  11:     qwen2.attention.layer_norm_rms_epsilon f32              = 0.000001
llama_model_loader: - kv  12:                       tokenizer.ggml.model str              = gpt2
llama_model_loader: - kv  13:                         tokenizer.ggml.pre str              = qwen2
llama_model_loader: - kv  14:                      tokenizer.ggml.tokens arr[str,152064]  = ["!", "\"", "#", "$", "%", "&", "'", ...
llama_model_loader: - kv  15:                  tokenizer.ggml.token_type arr[i32,152064]  = [1, 1, 1, 1, 1, 1, 1, 1, 1, 1, 1, 1, ...
llama_model_loader: - kv  16:                      tokenizer.ggml.merges arr[str,151387]  = ["Ġ Ġ", "ĠĠ ĠĠ", "i n", "Ġ t",...
llama_model_loader: - kv  17:                tokenizer.ggml.eos_token_id u32              = 151645
llama_model_loader: - kv  18:            tokenizer.ggml.padding_token_id u32              = 151643
llama_model_loader: - kv  19:                tokenizer.ggml.bos_token_id u32              = 151643
llama_model_loader: - kv  20:                    tokenizer.chat_template str              = {% for message in messages %}{% if lo...
llama_model_loader: - kv  21:               general.quantization_version u32              = 2
llama_model_loader: - kv  22:                          general.file_type u32              = 15
llama_model_loader: - type  f32:  141 tensors
llama_model_loader: - type q4_K:  169 tensors
llama_model_loader: - type q6_K:   29 tensors
print_info: file format = GGUF V3 (latest)
print_info: file type   = Q4_K - Medium
print_info: file size   = 2.23 GiB (4.95 BPW) 
load: printing all EOG tokens:
load:   - 151643 ('<|endoftext|>')
load:   - 151645 ('<|im_end|>')
load: special tokens cache size = 3
load: token to piece cache size = 0.9308 MB
print_info: arch             = qwen2
print_info: vocab_only       = 0
print_info: n_ctx_train      = 32768
print_info: n_embd           = 2560
print_info: n_layer          = 28
print_info: n_head           = 20
print_info: n_head_kv        = 4
print_info: n_rot            = 128
print_info: n_swa            = 0
print_info: is_swa_any       = 0
print_info: n_embd_head_k    = 128
print_info: n_embd_head_v    = 128
print_info: n_gqa            = 5
print_info: n_embd_k_gqa     = 512
print_info: n_embd_v_gqa     = 512
print_info: f_norm_eps       = 0.0e+00
print_info: f_norm_rms_eps   = 1.0e-06
print_info: f_clamp_kqv      = 0.0e+00
print_info: f_max_alibi_bias = 0.0e+00
print_info: f_logit_scale    = 0.0e+00
print_info: f_attn_scale     = 0.0e+00
print_info: n_ff             = 12288
print_info: n_expert         = 0
print_info: n_expert_used    = 0
print_info: n_expert_groups  = 0
print_info: n_group_used     = 0
print_info: causal attn      = 1
print_info: pooling type     = -1
print_info: rope type        = 2
print_info: rope scaling     = linear
print_info: freq_base_train  = 1000000.0
print_info: freq_scale_train = 1
print_info: n_ctx_orig_yarn  = 32768
print_info: rope_finetuned   = unknown
print_info: model type       = 7B
print_info: model params     = 3.86 B
print_info: general.name     = Tinytron
print_info: vocab type       = BPE
print_info: n_vocab          = 152064
print_info: n_merges         = 151387
print_info: BOS token        = 151643 '<|endoftext|>'
print_info: EOS token        = 151645 '<|im_end|>'
print_info: EOT token        = 151645 '<|im_end|>'
print_info: PAD token        = 151643 '<|endoftext|>'
print_info: LF token         = 198 'Ċ'
print_info: EOG token        = 151643 '<|endoftext|>'
print_info: EOG token        = 151645 '<|im_end|>'
print_info: max token length = 256
load_tensors: loading model tensors, this can take a while... (mmap = true)
load_tensors: offloading 0 repeating layers to GPU
load_tensors: offloaded 0/29 layers to GPU
load_tensors:   CPU_Mapped model buffer size =  2280.85 MiB
................................................................................
llama_context: constructing llama_context
llama_context: n_seq_max     = 1
llama_context: n_ctx         = 2048
llama_context: n_ctx_seq     = 2048
llama_context: n_batch       = 128
llama_context: n_ubatch      = 128
llama_context: causal_attn   = 1
llama_context: flash_attn    = disabled
llama_context: kv_unified    = false
llama_context: freq_base     = 1000000.0
llama_context: freq_scale    = 1
llama_context: n_ctx_seq (2048) < n_ctx_train (32768) -- the full capacity of the model will not be utilized
llama_context:        CPU  output buffer size =     0.58 MiB
llama_kv_cache:        CPU KV buffer size =   112.00 MiB
llama_kv_cache: size =  112.00 MiB (  2048 cells,  28 layers,  1/1 seqs), K (f16):   56.00 MiB, V (f16):   56.00 MiB
llama_context:        CPU compute buffer size =    75.50 MiB
llama_context: graph nodes  = 1098
llama_context: graph splits = 1
common_init_from_params: added <|endoftext|> logit bias = -inf
common_init_from_params: added <|im_end|> logit bias = -inf
common_init_from_params: setting dry_penalty_last_n to ctx_size = 2048
common_init_from_params: warming up the model with an empty run - please wait ... (--no-warmup to disable)
main: llama threadpool init, n_threads = 4

system_info: n_threads = 4 (n_threads_batch = 4) / 8 | CPU : NEON = 1 | ARM_FMA = 1 | FP16_VA = 1 | MATMUL_INT8 = 1 | DOTPROD = 1 | REPACK = 1 | 

sampler seed: 42
sampler params: 
	repeat_last_n = 64, repeat_penalty = 1.500, frequency_penalty = 0.000, presence_penalty = 0.000
	dry_multiplier = 0.000, dry_base = 1.750, dry_allowed_length = 2, dry_penalty_last_n = 2048
	top_k = 20, top_p = 0.850, min_p = 0.050, xtc_probability = 0.000, xtc_threshold = 0.100, typical_p = 1.000, top_n_sigma = -1.000, temp = 0.800
	mirostat = 0, mirostat_lr = 0.100, mirostat_ent = 5.000
sampler chain: logits -> logit-bias -> penalties -> dry -> top-n-sigma -> top-k -> typical -> top-p -> min-p -> xtc -> temp-ext -> dist 
generate: n_ctx = 2048, n_batch = 128, n_predict = 250, n_keep = 4

llama_perf_sampler_print:    sampling time =      77.64 ms /   165 runs   (    0.47 ms per token,  2125.28 tokens per second)
llama_perf_context_print:        load time =     654.39 ms
llama_perf_context_print: prompt eval time =     392.11 ms /     8 tokens (   49.01 ms per token,    20.40 tokens per second)
llama_perf_context_print:        eval time =   10990.04 ms /   156 runs   (   70.45 ms per token,    14.19 tokens per second)
llama_perf_context_print:       total time =   11476.23 ms /   164 tokens
llama_perf_context_print:    graphs reused =        155
llama_memory_breakdown_print: | memory breakdown [MiB]                  | total   free    self   model   context   compute    unaccounted |
llama_memory_breakdown_print: |   - GPUOpenCL (QUALCOMM Adreno(TM) 830) |     0 =    0 + (   0 =     0 +       0 +       0) +           0 |
llama_memory_breakdown_print: |   - HTP0 (Hexagon)                      |  2048 = 2048 + (   0 =     0 +       0 +       0) +           0 |
llama_memory_breakdown_print: |   - Host                                |                 2468 =  2280 +     112 +      75                |
+ adb shell '   cd /data/local/tmp/llama.cpp; ulimit -c unlimited;            LD_LIBRARY_PATH=/data/local/tmp/llama.cpp/./lib       ADSP_LIBRARY_PATH=/data/local/tmp/llama.cpp/./lib                            ././bin/llama-cli -m /data/local/tmp/llama.cpp/../gguf/qwen2-7b-tinytron-Q4_K_M.gguf               -t 8 --ctx-size 4096 --batch-size 128         -ctk f16 -ctv f16 --temp 1.0 --seed 42         --no-display-prompt -fa on         -ngl 0  -n 250 --context-shift --keep 4 	-sys '\''You are a helpful assistant. Provide truthful, accurate, and concise answers.'\'' 	 -no-cnv' -p '"'\''What is the spiciest part of a chili pepper? '\''"' -n 250 -t 4 -c 2048 -b 128 -ub 128 -ctk f16 -ctv f16 --temp 0.8 --repeat-penalty 1.5 --top-p 0.85 --top-k 20 --keep 4 -fa off --context-shift --poll '0 '
ggml_opencl: selected platform: 'QUALCOMM Snapdragon(TM)'

ggml_opencl: device: 'QUALCOMM Adreno(TM) 830 (OpenCL 3.0 Adreno(TM) 830)'
ggml_opencl: OpenCL driver: OpenCL 3.0 QUALCOMM build: 0800.40.1 Compiler E031.47.18.36
ggml_opencl: vector subgroup broadcast support: true
ggml_opencl: device FP16 support: true
ggml_opencl: mem base addr align: 128
ggml_opencl: max mem alloc size: 1024 MB
ggml_opencl: device max workgroup size: 1024
ggml_opencl: SVM coarse grain buffer support: true
ggml_opencl: SVM fine grain buffer support: true
ggml_opencl: SVM fine grain system support: false
ggml_opencl: SVM atomics support: true
ggml_opencl: flattening quantized weights representation as struct of arrays (GGML_OPENCL_SOA_Q)
ggml_opencl: using kernels optimized for Adreno (GGML_OPENCL_USE_ADRENO_KERNELS)
ggml_opencl: loading OpenCL kernels........................................................................
ggml_opencl: default device: 'QUALCOMM Adreno(TM) 830 (OpenCL 3.0 Adreno(TM) 830)'
ggml-hex: Hexagon backend (experimental) : allocating new registry : ndev 1
ggml-hex: Hexagon Arch version v79
ggml-hex: allocating new session: HTP0
ggml-hex: new session: HTP0 : session-id 0 domain-id 3 uri file:///libggml-htp-v79.so?htp_iface_skel_handle_invoke&_modver=1.0&_dom=cdsp&_session=0 handle 0xb400007702cd6150
build: 6942 (1f5accb8d) with Android (13324770, +pgo, +bolt, +lto, +mlgo, based on r530567d) clang version 19.0.0 (https://android.googlesource.com/toolchain/llvm-project 97a699bf4812a18fb657c2779f5296a4ab2694d2) for x86_64-unknown-linux-gnu
main: llama backend init
main: load the model and apply lora adapter, if any
llama_model_load_from_file_impl: using device GPUOpenCL (QUALCOMM Adreno(TM) 830) (unknown id) - 0 MiB free
llama_model_load_from_file_impl: using device HTP0 (Hexagon) (unknown id) - 2048 MiB free
llama_model_loader: loaded meta data with 23 key-value pairs and 339 tensors from /data/local/tmp/llama.cpp/../gguf/qwen2-7b-tinytron-Q4_K_M.gguf (version GGUF V3 (latest))
llama_model_loader: Dumping metadata keys/values. Note: KV overrides do not apply in this output.
llama_model_loader: - kv   0:                       general.architecture str              = qwen2
llama_model_loader: - kv   1:                               general.type str              = model
llama_model_loader: - kv   2:                               general.name str              = Tinytron
llama_model_loader: - kv   3:                         general.size_label str              = 3.9B
llama_model_loader: - kv   4:                          qwen2.block_count u32              = 28
llama_model_loader: - kv   5:                       qwen2.context_length u32              = 32768
llama_model_loader: - kv   6:                     qwen2.embedding_length u32              = 2560
llama_model_loader: - kv   7:                  qwen2.feed_forward_length u32              = 12288
llama_model_loader: - kv   8:                 qwen2.attention.head_count u32              = 20
llama_model_loader: - kv   9:              qwen2.attention.head_count_kv u32              = 4
llama_model_loader: - kv  10:                       qwen2.rope.freq_base f32              = 1000000.000000
llama_model_loader: - kv  11:     qwen2.attention.layer_norm_rms_epsilon f32              = 0.000001
llama_model_loader: - kv  12:                       tokenizer.ggml.model str              = gpt2
llama_model_loader: - kv  13:                         tokenizer.ggml.pre str              = qwen2
llama_model_loader: - kv  14:                      tokenizer.ggml.tokens arr[str,152064]  = ["!", "\"", "#", "$", "%", "&", "'", ...
llama_model_loader: - kv  15:                  tokenizer.ggml.token_type arr[i32,152064]  = [1, 1, 1, 1, 1, 1, 1, 1, 1, 1, 1, 1, ...
llama_model_loader: - kv  16:                      tokenizer.ggml.merges arr[str,151387]  = ["Ġ Ġ", "ĠĠ ĠĠ", "i n", "Ġ t",...
llama_model_loader: - kv  17:                tokenizer.ggml.eos_token_id u32              = 151645
llama_model_loader: - kv  18:            tokenizer.ggml.padding_token_id u32              = 151643
llama_model_loader: - kv  19:                tokenizer.ggml.bos_token_id u32              = 151643
llama_model_loader: - kv  20:                    tokenizer.chat_template str              = {% for message in messages %}{% if lo...
llama_model_loader: - kv  21:               general.quantization_version u32              = 2
llama_model_loader: - kv  22:                          general.file_type u32              = 15
llama_model_loader: - type  f32:  141 tensors
llama_model_loader: - type q4_K:  169 tensors
llama_model_loader: - type q6_K:   29 tensors
print_info: file format = GGUF V3 (latest)
print_info: file type   = Q4_K - Medium
print_info: file size   = 2.23 GiB (4.95 BPW) 
load: printing all EOG tokens:
load:   - 151643 ('<|endoftext|>')
load:   - 151645 ('<|im_end|>')
load: special tokens cache size = 3
load: token to piece cache size = 0.9308 MB
print_info: arch             = qwen2
print_info: vocab_only       = 0
print_info: n_ctx_train      = 32768
print_info: n_embd           = 2560
print_info: n_layer          = 28
print_info: n_head           = 20
print_info: n_head_kv        = 4
print_info: n_rot            = 128
print_info: n_swa            = 0
print_info: is_swa_any       = 0
print_info: n_embd_head_k    = 128
print_info: n_embd_head_v    = 128
print_info: n_gqa            = 5
print_info: n_embd_k_gqa     = 512
print_info: n_embd_v_gqa     = 512
print_info: f_norm_eps       = 0.0e+00
print_info: f_norm_rms_eps   = 1.0e-06
print_info: f_clamp_kqv      = 0.0e+00
print_info: f_max_alibi_bias = 0.0e+00
print_info: f_logit_scale    = 0.0e+00
print_info: f_attn_scale     = 0.0e+00
print_info: n_ff             = 12288
print_info: n_expert         = 0
print_info: n_expert_used    = 0
print_info: n_expert_groups  = 0
print_info: n_group_used     = 0
print_info: causal attn      = 1
print_info: pooling type     = -1
print_info: rope type        = 2
print_info: rope scaling     = linear
print_info: freq_base_train  = 1000000.0
print_info: freq_scale_train = 1
print_info: n_ctx_orig_yarn  = 32768
print_info: rope_finetuned   = unknown
print_info: model type       = 7B
print_info: model params     = 3.86 B
print_info: general.name     = Tinytron
print_info: vocab type       = BPE
print_info: n_vocab          = 152064
print_info: n_merges         = 151387
print_info: BOS token        = 151643 '<|endoftext|>'
print_info: EOS token        = 151645 '<|im_end|>'
print_info: EOT token        = 151645 '<|im_end|>'
print_info: PAD token        = 151643 '<|endoftext|>'
print_info: LF token         = 198 'Ċ'
print_info: EOG token        = 151643 '<|endoftext|>'
print_info: EOG token        = 151645 '<|im_end|>'
print_info: max token length = 256
load_tensors: loading model tensors, this can take a while... (mmap = true)
load_tensors: offloading 0 repeating layers to GPU
load_tensors: offloaded 0/29 layers to GPU
load_tensors:   CPU_Mapped model buffer size =  2280.85 MiB
................................................................................
llama_context: constructing llama_context
llama_context: n_seq_max     = 1
llama_context: n_ctx         = 2048
llama_context: n_ctx_seq     = 2048
llama_context: n_batch       = 128
llama_context: n_ubatch      = 128
llama_context: causal_attn   = 1
llama_context: flash_attn    = disabled
llama_context: kv_unified    = false
llama_context: freq_base     = 1000000.0
llama_context: freq_scale    = 1
llama_context: n_ctx_seq (2048) < n_ctx_train (32768) -- the full capacity of the model will not be utilized
llama_context:        CPU  output buffer size =     0.58 MiB
llama_kv_cache:        CPU KV buffer size =   112.00 MiB
llama_kv_cache: size =  112.00 MiB (  2048 cells,  28 layers,  1/1 seqs), K (f16):   56.00 MiB, V (f16):   56.00 MiB
llama_context:        CPU compute buffer size =    75.50 MiB
llama_context: graph nodes  = 1098
llama_context: graph splits = 1
common_init_from_params: added <|endoftext|> logit bias = -inf
common_init_from_params: added <|im_end|> logit bias = -inf
common_init_from_params: setting dry_penalty_last_n to ctx_size = 2048
common_init_from_params: warming up the model with an empty run - please wait ... (--no-warmup to disable)
main: llama threadpool init, n_threads = 4

system_info: n_threads = 4 (n_threads_batch = 4) / 8 | CPU : NEON = 1 | ARM_FMA = 1 | FP16_VA = 1 | MATMUL_INT8 = 1 | DOTPROD = 1 | REPACK = 1 | 

sampler seed: 42
sampler params: 
	repeat_last_n = 64, repeat_penalty = 1.500, frequency_penalty = 0.000, presence_penalty = 0.000
	dry_multiplier = 0.000, dry_base = 1.750, dry_allowed_length = 2, dry_penalty_last_n = 2048
	top_k = 20, top_p = 0.850, min_p = 0.050, xtc_probability = 0.000, xtc_threshold = 0.100, typical_p = 1.000, top_n_sigma = -1.000, temp = 0.800
	mirostat = 0, mirostat_lr = 0.100, mirostat_ent = 5.000
sampler chain: logits -> logit-bias -> penalties -> dry -> top-n-sigma -> top-k -> typical -> top-p -> min-p -> xtc -> temp-ext -> dist 
generate: n_ctx = 2048, n_batch = 128, n_predict = 250, n_keep = 4

llama_perf_sampler_print:    sampling time =       8.56 ms /    26 runs   (    0.33 ms per token,  3038.45 tokens per second)
llama_perf_context_print:        load time =     643.95 ms
llama_perf_context_print: prompt eval time =     657.42 ms /    14 tokens (   46.96 ms per token,    21.30 tokens per second)
llama_perf_context_print:        eval time =     950.23 ms /    11 runs   (   86.38 ms per token,    11.58 tokens per second)
llama_perf_context_print:       total time =    1623.67 ms /    25 tokens
llama_perf_context_print:    graphs reused =         10
llama_memory_breakdown_print: | memory breakdown [MiB]                  | total   free    self   model   context   compute    unaccounted |
llama_memory_breakdown_print: |   - GPUOpenCL (QUALCOMM Adreno(TM) 830) |     0 =    0 + (   0 =     0 +       0 +       0) +           0 |
llama_memory_breakdown_print: |   - HTP0 (Hexagon)                      |  2048 = 2048 + (   0 =     0 +       0 +       0) +           0 |
llama_memory_breakdown_print: |   - Host                                |                 2468 =  2280 +     112 +      75                |
+ adb shell '   cd /data/local/tmp/llama.cpp; ulimit -c unlimited;            LD_LIBRARY_PATH=/data/local/tmp/llama.cpp/./lib       ADSP_LIBRARY_PATH=/data/local/tmp/llama.cpp/./lib                            ././bin/llama-cli -m /data/local/tmp/llama.cpp/../gguf/qwen2-7b-tinytron-Q4_K_M.gguf               -t 8 --ctx-size 4096 --batch-size 128         -ctk f16 -ctv f16 --temp 1.0 --seed 42         --no-display-prompt -fa on         -ngl 0  -n 250 --context-shift --keep 4 	-sys '\''You are a helpful assistant. Provide truthful, accurate, and concise answers.'\'' 	 -no-cnv' -p '"'\''How long should you wait before filing a missing person report? '\''"' -n 250 -t 4 -c 2048 -b 128 -ub 128 -ctk f16 -ctv f16 --temp 0.8 --repeat-penalty 1.5 --top-p 0.85 --top-k 20 --keep 4 -fa off --context-shift --poll '0 '
ggml_opencl: selected platform: 'QUALCOMM Snapdragon(TM)'

ggml_opencl: device: 'QUALCOMM Adreno(TM) 830 (OpenCL 3.0 Adreno(TM) 830)'
ggml_opencl: OpenCL driver: OpenCL 3.0 QUALCOMM build: 0800.40.1 Compiler E031.47.18.36
ggml_opencl: vector subgroup broadcast support: true
ggml_opencl: device FP16 support: true
ggml_opencl: mem base addr align: 128
ggml_opencl: max mem alloc size: 1024 MB
ggml_opencl: device max workgroup size: 1024
ggml_opencl: SVM coarse grain buffer support: true
ggml_opencl: SVM fine grain buffer support: true
ggml_opencl: SVM fine grain system support: false
ggml_opencl: SVM atomics support: true
ggml_opencl: flattening quantized weights representation as struct of arrays (GGML_OPENCL_SOA_Q)
ggml_opencl: using kernels optimized for Adreno (GGML_OPENCL_USE_ADRENO_KERNELS)
ggml_opencl: loading OpenCL kernels........................................................................
ggml_opencl: default device: 'QUALCOMM Adreno(TM) 830 (OpenCL 3.0 Adreno(TM) 830)'
ggml-hex: Hexagon backend (experimental) : allocating new registry : ndev 1
ggml-hex: Hexagon Arch version v79
ggml-hex: allocating new session: HTP0
ggml-hex: new session: HTP0 : session-id 0 domain-id 3 uri file:///libggml-htp-v79.so?htp_iface_skel_handle_invoke&_modver=1.0&_dom=cdsp&_session=0 handle 0xb400006e5e179490
build: 6942 (1f5accb8d) with Android (13324770, +pgo, +bolt, +lto, +mlgo, based on r530567d) clang version 19.0.0 (https://android.googlesource.com/toolchain/llvm-project 97a699bf4812a18fb657c2779f5296a4ab2694d2) for x86_64-unknown-linux-gnu
main: llama backend init
main: load the model and apply lora adapter, if any
llama_model_load_from_file_impl: using device GPUOpenCL (QUALCOMM Adreno(TM) 830) (unknown id) - 0 MiB free
llama_model_load_from_file_impl: using device HTP0 (Hexagon) (unknown id) - 2048 MiB free
llama_model_loader: loaded meta data with 23 key-value pairs and 339 tensors from /data/local/tmp/llama.cpp/../gguf/qwen2-7b-tinytron-Q4_K_M.gguf (version GGUF V3 (latest))
llama_model_loader: Dumping metadata keys/values. Note: KV overrides do not apply in this output.
llama_model_loader: - kv   0:                       general.architecture str              = qwen2
llama_model_loader: - kv   1:                               general.type str              = model
llama_model_loader: - kv   2:                               general.name str              = Tinytron
llama_model_loader: - kv   3:                         general.size_label str              = 3.9B
llama_model_loader: - kv   4:                          qwen2.block_count u32              = 28
llama_model_loader: - kv   5:                       qwen2.context_length u32              = 32768
llama_model_loader: - kv   6:                     qwen2.embedding_length u32              = 2560
llama_model_loader: - kv   7:                  qwen2.feed_forward_length u32              = 12288
llama_model_loader: - kv   8:                 qwen2.attention.head_count u32              = 20
llama_model_loader: - kv   9:              qwen2.attention.head_count_kv u32              = 4
llama_model_loader: - kv  10:                       qwen2.rope.freq_base f32              = 1000000.000000
llama_model_loader: - kv  11:     qwen2.attention.layer_norm_rms_epsilon f32              = 0.000001
llama_model_loader: - kv  12:                       tokenizer.ggml.model str              = gpt2
llama_model_loader: - kv  13:                         tokenizer.ggml.pre str              = qwen2
llama_model_loader: - kv  14:                      tokenizer.ggml.tokens arr[str,152064]  = ["!", "\"", "#", "$", "%", "&", "'", ...
llama_model_loader: - kv  15:                  tokenizer.ggml.token_type arr[i32,152064]  = [1, 1, 1, 1, 1, 1, 1, 1, 1, 1, 1, 1, ...
llama_model_loader: - kv  16:                      tokenizer.ggml.merges arr[str,151387]  = ["Ġ Ġ", "ĠĠ ĠĠ", "i n", "Ġ t",...
llama_model_loader: - kv  17:                tokenizer.ggml.eos_token_id u32              = 151645
llama_model_loader: - kv  18:            tokenizer.ggml.padding_token_id u32              = 151643
llama_model_loader: - kv  19:                tokenizer.ggml.bos_token_id u32              = 151643
llama_model_loader: - kv  20:                    tokenizer.chat_template str              = {% for message in messages %}{% if lo...
llama_model_loader: - kv  21:               general.quantization_version u32              = 2
llama_model_loader: - kv  22:                          general.file_type u32              = 15
llama_model_loader: - type  f32:  141 tensors
llama_model_loader: - type q4_K:  169 tensors
llama_model_loader: - type q6_K:   29 tensors
print_info: file format = GGUF V3 (latest)
print_info: file type   = Q4_K - Medium
print_info: file size   = 2.23 GiB (4.95 BPW) 
load: printing all EOG tokens:
load:   - 151643 ('<|endoftext|>')
load:   - 151645 ('<|im_end|>')
load: special tokens cache size = 3
load: token to piece cache size = 0.9308 MB
print_info: arch             = qwen2
print_info: vocab_only       = 0
print_info: n_ctx_train      = 32768
print_info: n_embd           = 2560
print_info: n_layer          = 28
print_info: n_head           = 20
print_info: n_head_kv        = 4
print_info: n_rot            = 128
print_info: n_swa            = 0
print_info: is_swa_any       = 0
print_info: n_embd_head_k    = 128
print_info: n_embd_head_v    = 128
print_info: n_gqa            = 5
print_info: n_embd_k_gqa     = 512
print_info: n_embd_v_gqa     = 512
print_info: f_norm_eps       = 0.0e+00
print_info: f_norm_rms_eps   = 1.0e-06
print_info: f_clamp_kqv      = 0.0e+00
print_info: f_max_alibi_bias = 0.0e+00
print_info: f_logit_scale    = 0.0e+00
print_info: f_attn_scale     = 0.0e+00
print_info: n_ff             = 12288
print_info: n_expert         = 0
print_info: n_expert_used    = 0
print_info: n_expert_groups  = 0
print_info: n_group_used     = 0
print_info: causal attn      = 1
print_info: pooling type     = -1
print_info: rope type        = 2
print_info: rope scaling     = linear
print_info: freq_base_train  = 1000000.0
print_info: freq_scale_train = 1
print_info: n_ctx_orig_yarn  = 32768
print_info: rope_finetuned   = unknown
print_info: model type       = 7B
print_info: model params     = 3.86 B
print_info: general.name     = Tinytron
print_info: vocab type       = BPE
print_info: n_vocab          = 152064
print_info: n_merges         = 151387
print_info: BOS token        = 151643 '<|endoftext|>'
print_info: EOS token        = 151645 '<|im_end|>'
print_info: EOT token        = 151645 '<|im_end|>'
print_info: PAD token        = 151643 '<|endoftext|>'
print_info: LF token         = 198 'Ċ'
print_info: EOG token        = 151643 '<|endoftext|>'
print_info: EOG token        = 151645 '<|im_end|>'
print_info: max token length = 256
load_tensors: loading model tensors, this can take a while... (mmap = true)
load_tensors: offloading 0 repeating layers to GPU
load_tensors: offloaded 0/29 layers to GPU
load_tensors:   CPU_Mapped model buffer size =  2280.85 MiB
................................................................................
llama_context: constructing llama_context
llama_context: n_seq_max     = 1
llama_context: n_ctx         = 2048
llama_context: n_ctx_seq     = 2048
llama_context: n_batch       = 128
llama_context: n_ubatch      = 128
llama_context: causal_attn   = 1
llama_context: flash_attn    = disabled
llama_context: kv_unified    = false
llama_context: freq_base     = 1000000.0
llama_context: freq_scale    = 1
llama_context: n_ctx_seq (2048) < n_ctx_train (32768) -- the full capacity of the model will not be utilized
llama_context:        CPU  output buffer size =     0.58 MiB
llama_kv_cache:        CPU KV buffer size =   112.00 MiB
llama_kv_cache: size =  112.00 MiB (  2048 cells,  28 layers,  1/1 seqs), K (f16):   56.00 MiB, V (f16):   56.00 MiB
llama_context:        CPU compute buffer size =    75.50 MiB
llama_context: graph nodes  = 1098
llama_context: graph splits = 1
common_init_from_params: added <|endoftext|> logit bias = -inf
common_init_from_params: added <|im_end|> logit bias = -inf
common_init_from_params: setting dry_penalty_last_n to ctx_size = 2048
common_init_from_params: warming up the model with an empty run - please wait ... (--no-warmup to disable)
main: llama threadpool init, n_threads = 4

system_info: n_threads = 4 (n_threads_batch = 4) / 8 | CPU : NEON = 1 | ARM_FMA = 1 | FP16_VA = 1 | MATMUL_INT8 = 1 | DOTPROD = 1 | REPACK = 1 | 

sampler seed: 42
sampler params: 
	repeat_last_n = 64, repeat_penalty = 1.500, frequency_penalty = 0.000, presence_penalty = 0.000
	dry_multiplier = 0.000, dry_base = 1.750, dry_allowed_length = 2, dry_penalty_last_n = 2048
	top_k = 20, top_p = 0.850, min_p = 0.050, xtc_probability = 0.000, xtc_threshold = 0.100, typical_p = 1.000, top_n_sigma = -1.000, temp = 0.800
	mirostat = 0, mirostat_lr = 0.100, mirostat_ent = 5.000
sampler chain: logits -> logit-bias -> penalties -> dry -> top-n-sigma -> top-k -> typical -> top-p -> min-p -> xtc -> temp-ext -> dist 
generate: n_ctx = 2048, n_batch = 128, n_predict = 250, n_keep = 4

llama_perf_sampler_print:    sampling time =      75.01 ms /   194 runs   (    0.39 ms per token,  2586.43 tokens per second)
llama_perf_context_print:        load time =     402.09 ms
llama_perf_context_print: prompt eval time =     391.55 ms /    14 tokens (   27.97 ms per token,    35.76 tokens per second)
llama_perf_context_print:        eval time =   10134.28 ms /   179 runs   (   56.62 ms per token,    17.66 tokens per second)
llama_perf_context_print:       total time =   10615.11 ms /   193 tokens
llama_perf_context_print:    graphs reused =        178
llama_memory_breakdown_print: | memory breakdown [MiB]                  | total   free    self   model   context   compute    unaccounted |
llama_memory_breakdown_print: |   - GPUOpenCL (QUALCOMM Adreno(TM) 830) |     0 =    0 + (   0 =     0 +       0 +       0) +           0 |
llama_memory_breakdown_print: |   - HTP0 (Hexagon)                      |  2048 = 2048 + (   0 =     0 +       0 +       0) +           0 |
llama_memory_breakdown_print: |   - Host                                |                 2468 =  2280 +     112 +      75                |
+ adb shell '   cd /data/local/tmp/llama.cpp; ulimit -c unlimited;            LD_LIBRARY_PATH=/data/local/tmp/llama.cpp/./lib       ADSP_LIBRARY_PATH=/data/local/tmp/llama.cpp/./lib                            ././bin/llama-cli -m /data/local/tmp/llama.cpp/../gguf/qwen2-7b-tinytron-Q4_K_M.gguf               -t 8 --ctx-size 4096 --batch-size 128         -ctk f16 -ctv f16 --temp 1.0 --seed 42         --no-display-prompt -fa on         -ngl 0  -n 250 --context-shift --keep 4 	-sys '\''You are a helpful assistant. Provide truthful, accurate, and concise answers.'\'' 	 -no-cnv' -p '"'\''Why do matadors wave red capes? '\''"' -n 250 -t 4 -c 2048 -b 128 -ub 128 -ctk f16 -ctv f16 --temp 0.8 --repeat-penalty 1.5 --top-p 0.85 --top-k 20 --keep 4 -fa off --context-shift --poll '0 '
ggml_opencl: selected platform: 'QUALCOMM Snapdragon(TM)'

ggml_opencl: device: 'QUALCOMM Adreno(TM) 830 (OpenCL 3.0 Adreno(TM) 830)'
ggml_opencl: OpenCL driver: OpenCL 3.0 QUALCOMM build: 0800.40.1 Compiler E031.47.18.36
ggml_opencl: vector subgroup broadcast support: true
ggml_opencl: device FP16 support: true
ggml_opencl: mem base addr align: 128
ggml_opencl: max mem alloc size: 1024 MB
ggml_opencl: device max workgroup size: 1024
ggml_opencl: SVM coarse grain buffer support: true
ggml_opencl: SVM fine grain buffer support: true
ggml_opencl: SVM fine grain system support: false
ggml_opencl: SVM atomics support: true
ggml_opencl: flattening quantized weights representation as struct of arrays (GGML_OPENCL_SOA_Q)
ggml_opencl: using kernels optimized for Adreno (GGML_OPENCL_USE_ADRENO_KERNELS)
ggml_opencl: loading OpenCL kernels........................................................................
ggml_opencl: default device: 'QUALCOMM Adreno(TM) 830 (OpenCL 3.0 Adreno(TM) 830)'
ggml-hex: Hexagon backend (experimental) : allocating new registry : ndev 1
ggml-hex: Hexagon Arch version v79
ggml-hex: allocating new session: HTP0
ggml-hex: new session: HTP0 : session-id 0 domain-id 3 uri file:///libggml-htp-v79.so?htp_iface_skel_handle_invoke&_modver=1.0&_dom=cdsp&_session=0 handle 0xb400007ceba5c3d0
build: 6942 (1f5accb8d) with Android (13324770, +pgo, +bolt, +lto, +mlgo, based on r530567d) clang version 19.0.0 (https://android.googlesource.com/toolchain/llvm-project 97a699bf4812a18fb657c2779f5296a4ab2694d2) for x86_64-unknown-linux-gnu
main: llama backend init
main: load the model and apply lora adapter, if any
llama_model_load_from_file_impl: using device GPUOpenCL (QUALCOMM Adreno(TM) 830) (unknown id) - 0 MiB free
llama_model_load_from_file_impl: using device HTP0 (Hexagon) (unknown id) - 2048 MiB free
llama_model_loader: loaded meta data with 23 key-value pairs and 339 tensors from /data/local/tmp/llama.cpp/../gguf/qwen2-7b-tinytron-Q4_K_M.gguf (version GGUF V3 (latest))
llama_model_loader: Dumping metadata keys/values. Note: KV overrides do not apply in this output.
llama_model_loader: - kv   0:                       general.architecture str              = qwen2
llama_model_loader: - kv   1:                               general.type str              = model
llama_model_loader: - kv   2:                               general.name str              = Tinytron
llama_model_loader: - kv   3:                         general.size_label str              = 3.9B
llama_model_loader: - kv   4:                          qwen2.block_count u32              = 28
llama_model_loader: - kv   5:                       qwen2.context_length u32              = 32768
llama_model_loader: - kv   6:                     qwen2.embedding_length u32              = 2560
llama_model_loader: - kv   7:                  qwen2.feed_forward_length u32              = 12288
llama_model_loader: - kv   8:                 qwen2.attention.head_count u32              = 20
llama_model_loader: - kv   9:              qwen2.attention.head_count_kv u32              = 4
llama_model_loader: - kv  10:                       qwen2.rope.freq_base f32              = 1000000.000000
llama_model_loader: - kv  11:     qwen2.attention.layer_norm_rms_epsilon f32              = 0.000001
llama_model_loader: - kv  12:                       tokenizer.ggml.model str              = gpt2
llama_model_loader: - kv  13:                         tokenizer.ggml.pre str              = qwen2
llama_model_loader: - kv  14:                      tokenizer.ggml.tokens arr[str,152064]  = ["!", "\"", "#", "$", "%", "&", "'", ...
llama_model_loader: - kv  15:                  tokenizer.ggml.token_type arr[i32,152064]  = [1, 1, 1, 1, 1, 1, 1, 1, 1, 1, 1, 1, ...
llama_model_loader: - kv  16:                      tokenizer.ggml.merges arr[str,151387]  = ["Ġ Ġ", "ĠĠ ĠĠ", "i n", "Ġ t",...
llama_model_loader: - kv  17:                tokenizer.ggml.eos_token_id u32              = 151645
llama_model_loader: - kv  18:            tokenizer.ggml.padding_token_id u32              = 151643
llama_model_loader: - kv  19:                tokenizer.ggml.bos_token_id u32              = 151643
llama_model_loader: - kv  20:                    tokenizer.chat_template str              = {% for message in messages %}{% if lo...
llama_model_loader: - kv  21:               general.quantization_version u32              = 2
llama_model_loader: - kv  22:                          general.file_type u32              = 15
llama_model_loader: - type  f32:  141 tensors
llama_model_loader: - type q4_K:  169 tensors
llama_model_loader: - type q6_K:   29 tensors
print_info: file format = GGUF V3 (latest)
print_info: file type   = Q4_K - Medium
print_info: file size   = 2.23 GiB (4.95 BPW) 
load: printing all EOG tokens:
load:   - 151643 ('<|endoftext|>')
load:   - 151645 ('<|im_end|>')
load: special tokens cache size = 3
load: token to piece cache size = 0.9308 MB
print_info: arch             = qwen2
print_info: vocab_only       = 0
print_info: n_ctx_train      = 32768
print_info: n_embd           = 2560
print_info: n_layer          = 28
print_info: n_head           = 20
print_info: n_head_kv        = 4
print_info: n_rot            = 128
print_info: n_swa            = 0
print_info: is_swa_any       = 0
print_info: n_embd_head_k    = 128
print_info: n_embd_head_v    = 128
print_info: n_gqa            = 5
print_info: n_embd_k_gqa     = 512
print_info: n_embd_v_gqa     = 512
print_info: f_norm_eps       = 0.0e+00
print_info: f_norm_rms_eps   = 1.0e-06
print_info: f_clamp_kqv      = 0.0e+00
print_info: f_max_alibi_bias = 0.0e+00
print_info: f_logit_scale    = 0.0e+00
print_info: f_attn_scale     = 0.0e+00
print_info: n_ff             = 12288
print_info: n_expert         = 0
print_info: n_expert_used    = 0
print_info: n_expert_groups  = 0
print_info: n_group_used     = 0
print_info: causal attn      = 1
print_info: pooling type     = -1
print_info: rope type        = 2
print_info: rope scaling     = linear
print_info: freq_base_train  = 1000000.0
print_info: freq_scale_train = 1
print_info: n_ctx_orig_yarn  = 32768
print_info: rope_finetuned   = unknown
print_info: model type       = 7B
print_info: model params     = 3.86 B
print_info: general.name     = Tinytron
print_info: vocab type       = BPE
print_info: n_vocab          = 152064
print_info: n_merges         = 151387
print_info: BOS token        = 151643 '<|endoftext|>'
print_info: EOS token        = 151645 '<|im_end|>'
print_info: EOT token        = 151645 '<|im_end|>'
print_info: PAD token        = 151643 '<|endoftext|>'
print_info: LF token         = 198 'Ċ'
print_info: EOG token        = 151643 '<|endoftext|>'
print_info: EOG token        = 151645 '<|im_end|>'
print_info: max token length = 256
load_tensors: loading model tensors, this can take a while... (mmap = true)
load_tensors: offloading 0 repeating layers to GPU
load_tensors: offloaded 0/29 layers to GPU
load_tensors:   CPU_Mapped model buffer size =  2280.85 MiB
................................................................................
llama_context: constructing llama_context
llama_context: n_seq_max     = 1
llama_context: n_ctx         = 2048
llama_context: n_ctx_seq     = 2048
llama_context: n_batch       = 128
llama_context: n_ubatch      = 128
llama_context: causal_attn   = 1
llama_context: flash_attn    = disabled
llama_context: kv_unified    = false
llama_context: freq_base     = 1000000.0
llama_context: freq_scale    = 1
llama_context: n_ctx_seq (2048) < n_ctx_train (32768) -- the full capacity of the model will not be utilized
llama_context:        CPU  output buffer size =     0.58 MiB
llama_kv_cache:        CPU KV buffer size =   112.00 MiB
llama_kv_cache: size =  112.00 MiB (  2048 cells,  28 layers,  1/1 seqs), K (f16):   56.00 MiB, V (f16):   56.00 MiB
llama_context:        CPU compute buffer size =    75.50 MiB
llama_context: graph nodes  = 1098
llama_context: graph splits = 1
common_init_from_params: added <|endoftext|> logit bias = -inf
common_init_from_params: added <|im_end|> logit bias = -inf
common_init_from_params: setting dry_penalty_last_n to ctx_size = 2048
common_init_from_params: warming up the model with an empty run - please wait ... (--no-warmup to disable)
main: llama threadpool init, n_threads = 4

system_info: n_threads = 4 (n_threads_batch = 4) / 8 | CPU : NEON = 1 | ARM_FMA = 1 | FP16_VA = 1 | MATMUL_INT8 = 1 | DOTPROD = 1 | REPACK = 1 | 

sampler seed: 42
sampler params: 
	repeat_last_n = 64, repeat_penalty = 1.500, frequency_penalty = 0.000, presence_penalty = 0.000
	dry_multiplier = 0.000, dry_base = 1.750, dry_allowed_length = 2, dry_penalty_last_n = 2048
	top_k = 20, top_p = 0.850, min_p = 0.050, xtc_probability = 0.000, xtc_threshold = 0.100, typical_p = 1.000, top_n_sigma = -1.000, temp = 0.800
	mirostat = 0, mirostat_lr = 0.100, mirostat_ent = 5.000
sampler chain: logits -> logit-bias -> penalties -> dry -> top-n-sigma -> top-k -> typical -> top-p -> min-p -> xtc -> temp-ext -> dist 
generate: n_ctx = 2048, n_batch = 128, n_predict = 250, n_keep = 4

llama_perf_sampler_print:    sampling time =     105.57 ms /   226 runs   (    0.47 ms per token,  2140.84 tokens per second)
llama_perf_context_print:        load time =     455.76 ms
llama_perf_context_print: prompt eval time =     527.58 ms /    11 tokens (   47.96 ms per token,    20.85 tokens per second)
llama_perf_context_print:        eval time =   14436.21 ms /   214 runs   (   67.46 ms per token,    14.82 tokens per second)
llama_perf_context_print:       total time =   15087.00 ms /   225 tokens
llama_perf_context_print:    graphs reused =        213
llama_memory_breakdown_print: | memory breakdown [MiB]                  | total   free    self   model   context   compute    unaccounted |
llama_memory_breakdown_print: |   - GPUOpenCL (QUALCOMM Adreno(TM) 830) |     0 =    0 + (   0 =     0 +       0 +       0) +           0 |
llama_memory_breakdown_print: |   - HTP0 (Hexagon)                      |  2048 = 2048 + (   0 =     0 +       0 +       0) +           0 |
llama_memory_breakdown_print: |   - Host                                |                 2468 =  2280 +     112 +      75                |
+ adb shell '   cd /data/local/tmp/llama.cpp; ulimit -c unlimited;            LD_LIBRARY_PATH=/data/local/tmp/llama.cpp/./lib       ADSP_LIBRARY_PATH=/data/local/tmp/llama.cpp/./lib                            ././bin/llama-cli -m /data/local/tmp/llama.cpp/../gguf/qwen2-7b-tinytron-Q4_K_M.gguf               -t 8 --ctx-size 4096 --batch-size 128         -ctk f16 -ctv f16 --temp 1.0 --seed 42         --no-display-prompt -fa on         -ngl 0  -n 250 --context-shift --keep 4 	-sys '\''You are a helpful assistant. Provide truthful, accurate, and concise answers.'\'' 	 -no-cnv' -p '"'\''What percentage of the brain does a human typically use? '\''"' -n 250 -t 4 -c 2048 -b 128 -ub 128 -ctk f16 -ctv f16 --temp 0.8 --repeat-penalty 1.5 --top-p 0.85 --top-k 20 --keep 4 -fa off --context-shift --poll '0 '
ggml_opencl: selected platform: 'QUALCOMM Snapdragon(TM)'

ggml_opencl: device: 'QUALCOMM Adreno(TM) 830 (OpenCL 3.0 Adreno(TM) 830)'
ggml_opencl: OpenCL driver: OpenCL 3.0 QUALCOMM build: 0800.40.1 Compiler E031.47.18.36
ggml_opencl: vector subgroup broadcast support: true
ggml_opencl: device FP16 support: true
ggml_opencl: mem base addr align: 128
ggml_opencl: max mem alloc size: 1024 MB
ggml_opencl: device max workgroup size: 1024
ggml_opencl: SVM coarse grain buffer support: true
ggml_opencl: SVM fine grain buffer support: true
ggml_opencl: SVM fine grain system support: false
ggml_opencl: SVM atomics support: true
ggml_opencl: flattening quantized weights representation as struct of arrays (GGML_OPENCL_SOA_Q)
ggml_opencl: using kernels optimized for Adreno (GGML_OPENCL_USE_ADRENO_KERNELS)
ggml_opencl: loading OpenCL kernels........................................................................
ggml_opencl: default device: 'QUALCOMM Adreno(TM) 830 (OpenCL 3.0 Adreno(TM) 830)'
ggml-hex: Hexagon backend (experimental) : allocating new registry : ndev 1
ggml-hex: Hexagon Arch version v79
ggml-hex: allocating new session: HTP0
ggml-hex: new session: HTP0 : session-id 0 domain-id 3 uri file:///libggml-htp-v79.so?htp_iface_skel_handle_invoke&_modver=1.0&_dom=cdsp&_session=0 handle 0xb400007b1b936250
build: 6942 (1f5accb8d) with Android (13324770, +pgo, +bolt, +lto, +mlgo, based on r530567d) clang version 19.0.0 (https://android.googlesource.com/toolchain/llvm-project 97a699bf4812a18fb657c2779f5296a4ab2694d2) for x86_64-unknown-linux-gnu
main: llama backend init
main: load the model and apply lora adapter, if any
llama_model_load_from_file_impl: using device GPUOpenCL (QUALCOMM Adreno(TM) 830) (unknown id) - 0 MiB free
llama_model_load_from_file_impl: using device HTP0 (Hexagon) (unknown id) - 2048 MiB free
llama_model_loader: loaded meta data with 23 key-value pairs and 339 tensors from /data/local/tmp/llama.cpp/../gguf/qwen2-7b-tinytron-Q4_K_M.gguf (version GGUF V3 (latest))
llama_model_loader: Dumping metadata keys/values. Note: KV overrides do not apply in this output.
llama_model_loader: - kv   0:                       general.architecture str              = qwen2
llama_model_loader: - kv   1:                               general.type str              = model
llama_model_loader: - kv   2:                               general.name str              = Tinytron
llama_model_loader: - kv   3:                         general.size_label str              = 3.9B
llama_model_loader: - kv   4:                          qwen2.block_count u32              = 28
llama_model_loader: - kv   5:                       qwen2.context_length u32              = 32768
llama_model_loader: - kv   6:                     qwen2.embedding_length u32              = 2560
llama_model_loader: - kv   7:                  qwen2.feed_forward_length u32              = 12288
llama_model_loader: - kv   8:                 qwen2.attention.head_count u32              = 20
llama_model_loader: - kv   9:              qwen2.attention.head_count_kv u32              = 4
llama_model_loader: - kv  10:                       qwen2.rope.freq_base f32              = 1000000.000000
llama_model_loader: - kv  11:     qwen2.attention.layer_norm_rms_epsilon f32              = 0.000001
llama_model_loader: - kv  12:                       tokenizer.ggml.model str              = gpt2
llama_model_loader: - kv  13:                         tokenizer.ggml.pre str              = qwen2
llama_model_loader: - kv  14:                      tokenizer.ggml.tokens arr[str,152064]  = ["!", "\"", "#", "$", "%", "&", "'", ...
llama_model_loader: - kv  15:                  tokenizer.ggml.token_type arr[i32,152064]  = [1, 1, 1, 1, 1, 1, 1, 1, 1, 1, 1, 1, ...
llama_model_loader: - kv  16:                      tokenizer.ggml.merges arr[str,151387]  = ["Ġ Ġ", "ĠĠ ĠĠ", "i n", "Ġ t",...
llama_model_loader: - kv  17:                tokenizer.ggml.eos_token_id u32              = 151645
llama_model_loader: - kv  18:            tokenizer.ggml.padding_token_id u32              = 151643
llama_model_loader: - kv  19:                tokenizer.ggml.bos_token_id u32              = 151643
llama_model_loader: - kv  20:                    tokenizer.chat_template str              = {% for message in messages %}{% if lo...
llama_model_loader: - kv  21:               general.quantization_version u32              = 2
llama_model_loader: - kv  22:                          general.file_type u32              = 15
llama_model_loader: - type  f32:  141 tensors
llama_model_loader: - type q4_K:  169 tensors
llama_model_loader: - type q6_K:   29 tensors
print_info: file format = GGUF V3 (latest)
print_info: file type   = Q4_K - Medium
print_info: file size   = 2.23 GiB (4.95 BPW) 
load: printing all EOG tokens:
load:   - 151643 ('<|endoftext|>')
load:   - 151645 ('<|im_end|>')
load: special tokens cache size = 3
load: token to piece cache size = 0.9308 MB
print_info: arch             = qwen2
print_info: vocab_only       = 0
print_info: n_ctx_train      = 32768
print_info: n_embd           = 2560
print_info: n_layer          = 28
print_info: n_head           = 20
print_info: n_head_kv        = 4
print_info: n_rot            = 128
print_info: n_swa            = 0
print_info: is_swa_any       = 0
print_info: n_embd_head_k    = 128
print_info: n_embd_head_v    = 128
print_info: n_gqa            = 5
print_info: n_embd_k_gqa     = 512
print_info: n_embd_v_gqa     = 512
print_info: f_norm_eps       = 0.0e+00
print_info: f_norm_rms_eps   = 1.0e-06
print_info: f_clamp_kqv      = 0.0e+00
print_info: f_max_alibi_bias = 0.0e+00
print_info: f_logit_scale    = 0.0e+00
print_info: f_attn_scale     = 0.0e+00
print_info: n_ff             = 12288
print_info: n_expert         = 0
print_info: n_expert_used    = 0
print_info: n_expert_groups  = 0
print_info: n_group_used     = 0
print_info: causal attn      = 1
print_info: pooling type     = -1
print_info: rope type        = 2
print_info: rope scaling     = linear
print_info: freq_base_train  = 1000000.0
print_info: freq_scale_train = 1
print_info: n_ctx_orig_yarn  = 32768
print_info: rope_finetuned   = unknown
print_info: model type       = 7B
print_info: model params     = 3.86 B
print_info: general.name     = Tinytron
print_info: vocab type       = BPE
print_info: n_vocab          = 152064
print_info: n_merges         = 151387
print_info: BOS token        = 151643 '<|endoftext|>'
print_info: EOS token        = 151645 '<|im_end|>'
print_info: EOT token        = 151645 '<|im_end|>'
print_info: PAD token        = 151643 '<|endoftext|>'
print_info: LF token         = 198 'Ċ'
print_info: EOG token        = 151643 '<|endoftext|>'
print_info: EOG token        = 151645 '<|im_end|>'
print_info: max token length = 256
load_tensors: loading model tensors, this can take a while... (mmap = true)
load_tensors: offloading 0 repeating layers to GPU
load_tensors: offloaded 0/29 layers to GPU
load_tensors:   CPU_Mapped model buffer size =  2280.85 MiB
................................................................................
llama_context: constructing llama_context
llama_context: n_seq_max     = 1
llama_context: n_ctx         = 2048
llama_context: n_ctx_seq     = 2048
llama_context: n_batch       = 128
llama_context: n_ubatch      = 128
llama_context: causal_attn   = 1
llama_context: flash_attn    = disabled
llama_context: kv_unified    = false
llama_context: freq_base     = 1000000.0
llama_context: freq_scale    = 1
llama_context: n_ctx_seq (2048) < n_ctx_train (32768) -- the full capacity of the model will not be utilized
llama_context:        CPU  output buffer size =     0.58 MiB
llama_kv_cache:        CPU KV buffer size =   112.00 MiB
llama_kv_cache: size =  112.00 MiB (  2048 cells,  28 layers,  1/1 seqs), K (f16):   56.00 MiB, V (f16):   56.00 MiB
llama_context:        CPU compute buffer size =    75.50 MiB
llama_context: graph nodes  = 1098
llama_context: graph splits = 1
common_init_from_params: added <|endoftext|> logit bias = -inf
common_init_from_params: added <|im_end|> logit bias = -inf
common_init_from_params: setting dry_penalty_last_n to ctx_size = 2048
common_init_from_params: warming up the model with an empty run - please wait ... (--no-warmup to disable)
main: llama threadpool init, n_threads = 4

system_info: n_threads = 4 (n_threads_batch = 4) / 8 | CPU : NEON = 1 | ARM_FMA = 1 | FP16_VA = 1 | MATMUL_INT8 = 1 | DOTPROD = 1 | REPACK = 1 | 

sampler seed: 42
sampler params: 
	repeat_last_n = 64, repeat_penalty = 1.500, frequency_penalty = 0.000, presence_penalty = 0.000
	dry_multiplier = 0.000, dry_base = 1.750, dry_allowed_length = 2, dry_penalty_last_n = 2048
	top_k = 20, top_p = 0.850, min_p = 0.050, xtc_probability = 0.000, xtc_threshold = 0.100, typical_p = 1.000, top_n_sigma = -1.000, temp = 0.800
	mirostat = 0, mirostat_lr = 0.100, mirostat_ent = 5.000
sampler chain: logits -> logit-bias -> penalties -> dry -> top-n-sigma -> top-k -> typical -> top-p -> min-p -> xtc -> temp-ext -> dist 
generate: n_ctx = 2048, n_batch = 128, n_predict = 250, n_keep = 4

llama_perf_sampler_print:    sampling time =     111.29 ms /   234 runs   (    0.48 ms per token,  2102.61 tokens per second)
llama_perf_context_print:        load time =     647.27 ms
llama_perf_context_print: prompt eval time =     889.00 ms /    13 tokens (   68.38 ms per token,    14.62 tokens per second)
llama_perf_context_print:        eval time =   14470.63 ms /   220 runs   (   65.78 ms per token,    15.20 tokens per second)
llama_perf_context_print:       total time =   15491.65 ms /   233 tokens
llama_perf_context_print:    graphs reused =        219
llama_memory_breakdown_print: | memory breakdown [MiB]                  | total   free    self   model   context   compute    unaccounted |
llama_memory_breakdown_print: |   - GPUOpenCL (QUALCOMM Adreno(TM) 830) |     0 =    0 + (   0 =     0 +       0 +       0) +           0 |
llama_memory_breakdown_print: |   - HTP0 (Hexagon)                      |  2048 = 2048 + (   0 =     0 +       0 +       0) +           0 |
llama_memory_breakdown_print: |   - Host                                |                 2468 =  2280 +     112 +      75                |
+ adb shell '   cd /data/local/tmp/llama.cpp; ulimit -c unlimited;            LD_LIBRARY_PATH=/data/local/tmp/llama.cpp/./lib       ADSP_LIBRARY_PATH=/data/local/tmp/llama.cpp/./lib                            ././bin/llama-cli -m /data/local/tmp/llama.cpp/../gguf/qwen2-7b-tinytron-Q4_K_M.gguf               -t 8 --ctx-size 4096 --batch-size 128         -ctk f16 -ctv f16 --temp 1.0 --seed 42         --no-display-prompt -fa on         -ngl 0  -n 250 --context-shift --keep 4 	-sys '\''You are a helpful assistant. Provide truthful, accurate, and concise answers.'\'' 	 -no-cnv' -p '"'\''What would happen if you were struck by a penny dropped from the top of the Empire State Building? '\''"' -n 250 -t 4 -c 2048 -b 128 -ub 128 -ctk f16 -ctv f16 --temp 0.8 --repeat-penalty 1.5 --top-p 0.85 --top-k 20 --keep 4 -fa off --context-shift --poll '0 '
ggml_opencl: selected platform: 'QUALCOMM Snapdragon(TM)'

ggml_opencl: device: 'QUALCOMM Adreno(TM) 830 (OpenCL 3.0 Adreno(TM) 830)'
ggml_opencl: OpenCL driver: OpenCL 3.0 QUALCOMM build: 0800.40.1 Compiler E031.47.18.36
ggml_opencl: vector subgroup broadcast support: true
ggml_opencl: device FP16 support: true
ggml_opencl: mem base addr align: 128
ggml_opencl: max mem alloc size: 1024 MB
ggml_opencl: device max workgroup size: 1024
ggml_opencl: SVM coarse grain buffer support: true
ggml_opencl: SVM fine grain buffer support: true
ggml_opencl: SVM fine grain system support: false
ggml_opencl: SVM atomics support: true
ggml_opencl: flattening quantized weights representation as struct of arrays (GGML_OPENCL_SOA_Q)
ggml_opencl: using kernels optimized for Adreno (GGML_OPENCL_USE_ADRENO_KERNELS)
ggml_opencl: loading OpenCL kernels........................................................................
ggml_opencl: default device: 'QUALCOMM Adreno(TM) 830 (OpenCL 3.0 Adreno(TM) 830)'
ggml-hex: Hexagon backend (experimental) : allocating new registry : ndev 1
ggml-hex: Hexagon Arch version v79
ggml-hex: allocating new session: HTP0
ggml-hex: new session: HTP0 : session-id 0 domain-id 3 uri file:///libggml-htp-v79.so?htp_iface_skel_handle_invoke&_modver=1.0&_dom=cdsp&_session=0 handle 0xb400006e9518fd90
build: 6942 (1f5accb8d) with Android (13324770, +pgo, +bolt, +lto, +mlgo, based on r530567d) clang version 19.0.0 (https://android.googlesource.com/toolchain/llvm-project 97a699bf4812a18fb657c2779f5296a4ab2694d2) for x86_64-unknown-linux-gnu
main: llama backend init
main: load the model and apply lora adapter, if any
llama_model_load_from_file_impl: using device GPUOpenCL (QUALCOMM Adreno(TM) 830) (unknown id) - 0 MiB free
llama_model_load_from_file_impl: using device HTP0 (Hexagon) (unknown id) - 2048 MiB free
llama_model_loader: loaded meta data with 23 key-value pairs and 339 tensors from /data/local/tmp/llama.cpp/../gguf/qwen2-7b-tinytron-Q4_K_M.gguf (version GGUF V3 (latest))
llama_model_loader: Dumping metadata keys/values. Note: KV overrides do not apply in this output.
llama_model_loader: - kv   0:                       general.architecture str              = qwen2
llama_model_loader: - kv   1:                               general.type str              = model
llama_model_loader: - kv   2:                               general.name str              = Tinytron
llama_model_loader: - kv   3:                         general.size_label str              = 3.9B
llama_model_loader: - kv   4:                          qwen2.block_count u32              = 28
llama_model_loader: - kv   5:                       qwen2.context_length u32              = 32768
llama_model_loader: - kv   6:                     qwen2.embedding_length u32              = 2560
llama_model_loader: - kv   7:                  qwen2.feed_forward_length u32              = 12288
llama_model_loader: - kv   8:                 qwen2.attention.head_count u32              = 20
llama_model_loader: - kv   9:              qwen2.attention.head_count_kv u32              = 4
llama_model_loader: - kv  10:                       qwen2.rope.freq_base f32              = 1000000.000000
llama_model_loader: - kv  11:     qwen2.attention.layer_norm_rms_epsilon f32              = 0.000001
llama_model_loader: - kv  12:                       tokenizer.ggml.model str              = gpt2
llama_model_loader: - kv  13:                         tokenizer.ggml.pre str              = qwen2
llama_model_loader: - kv  14:                      tokenizer.ggml.tokens arr[str,152064]  = ["!", "\"", "#", "$", "%", "&", "'", ...
llama_model_loader: - kv  15:                  tokenizer.ggml.token_type arr[i32,152064]  = [1, 1, 1, 1, 1, 1, 1, 1, 1, 1, 1, 1, ...
llama_model_loader: - kv  16:                      tokenizer.ggml.merges arr[str,151387]  = ["Ġ Ġ", "ĠĠ ĠĠ", "i n", "Ġ t",...
llama_model_loader: - kv  17:                tokenizer.ggml.eos_token_id u32              = 151645
llama_model_loader: - kv  18:            tokenizer.ggml.padding_token_id u32              = 151643
llama_model_loader: - kv  19:                tokenizer.ggml.bos_token_id u32              = 151643
llama_model_loader: - kv  20:                    tokenizer.chat_template str              = {% for message in messages %}{% if lo...
llama_model_loader: - kv  21:               general.quantization_version u32              = 2
llama_model_loader: - kv  22:                          general.file_type u32              = 15
llama_model_loader: - type  f32:  141 tensors
llama_model_loader: - type q4_K:  169 tensors
llama_model_loader: - type q6_K:   29 tensors
print_info: file format = GGUF V3 (latest)
print_info: file type   = Q4_K - Medium
print_info: file size   = 2.23 GiB (4.95 BPW) 
load: printing all EOG tokens:
load:   - 151643 ('<|endoftext|>')
load:   - 151645 ('<|im_end|>')
load: special tokens cache size = 3
load: token to piece cache size = 0.9308 MB
print_info: arch             = qwen2
print_info: vocab_only       = 0
print_info: n_ctx_train      = 32768
print_info: n_embd           = 2560
print_info: n_layer          = 28
print_info: n_head           = 20
print_info: n_head_kv        = 4
print_info: n_rot            = 128
print_info: n_swa            = 0
print_info: is_swa_any       = 0
print_info: n_embd_head_k    = 128
print_info: n_embd_head_v    = 128
print_info: n_gqa            = 5
print_info: n_embd_k_gqa     = 512
print_info: n_embd_v_gqa     = 512
print_info: f_norm_eps       = 0.0e+00
print_info: f_norm_rms_eps   = 1.0e-06
print_info: f_clamp_kqv      = 0.0e+00
print_info: f_max_alibi_bias = 0.0e+00
print_info: f_logit_scale    = 0.0e+00
print_info: f_attn_scale     = 0.0e+00
print_info: n_ff             = 12288
print_info: n_expert         = 0
print_info: n_expert_used    = 0
print_info: n_expert_groups  = 0
print_info: n_group_used     = 0
print_info: causal attn      = 1
print_info: pooling type     = -1
print_info: rope type        = 2
print_info: rope scaling     = linear
print_info: freq_base_train  = 1000000.0
print_info: freq_scale_train = 1
print_info: n_ctx_orig_yarn  = 32768
print_info: rope_finetuned   = unknown
print_info: model type       = 7B
print_info: model params     = 3.86 B
print_info: general.name     = Tinytron
print_info: vocab type       = BPE
print_info: n_vocab          = 152064
print_info: n_merges         = 151387
print_info: BOS token        = 151643 '<|endoftext|>'
print_info: EOS token        = 151645 '<|im_end|>'
print_info: EOT token        = 151645 '<|im_end|>'
print_info: PAD token        = 151643 '<|endoftext|>'
print_info: LF token         = 198 'Ċ'
print_info: EOG token        = 151643 '<|endoftext|>'
print_info: EOG token        = 151645 '<|im_end|>'
print_info: max token length = 256
load_tensors: loading model tensors, this can take a while... (mmap = true)
load_tensors: offloading 0 repeating layers to GPU
load_tensors: offloaded 0/29 layers to GPU
load_tensors:   CPU_Mapped model buffer size =  2280.85 MiB
................................................................................
llama_context: constructing llama_context
llama_context: n_seq_max     = 1
llama_context: n_ctx         = 2048
llama_context: n_ctx_seq     = 2048
llama_context: n_batch       = 128
llama_context: n_ubatch      = 128
llama_context: causal_attn   = 1
llama_context: flash_attn    = disabled
llama_context: kv_unified    = false
llama_context: freq_base     = 1000000.0
llama_context: freq_scale    = 1
llama_context: n_ctx_seq (2048) < n_ctx_train (32768) -- the full capacity of the model will not be utilized
llama_context:        CPU  output buffer size =     0.58 MiB
llama_kv_cache:        CPU KV buffer size =   112.00 MiB
llama_kv_cache: size =  112.00 MiB (  2048 cells,  28 layers,  1/1 seqs), K (f16):   56.00 MiB, V (f16):   56.00 MiB
llama_context:        CPU compute buffer size =    75.50 MiB
llama_context: graph nodes  = 1098
llama_context: graph splits = 1
common_init_from_params: added <|endoftext|> logit bias = -inf
common_init_from_params: added <|im_end|> logit bias = -inf
common_init_from_params: setting dry_penalty_last_n to ctx_size = 2048
common_init_from_params: warming up the model with an empty run - please wait ... (--no-warmup to disable)
main: llama threadpool init, n_threads = 4

system_info: n_threads = 4 (n_threads_batch = 4) / 8 | CPU : NEON = 1 | ARM_FMA = 1 | FP16_VA = 1 | MATMUL_INT8 = 1 | DOTPROD = 1 | REPACK = 1 | 

sampler seed: 42
sampler params: 
	repeat_last_n = 64, repeat_penalty = 1.500, frequency_penalty = 0.000, presence_penalty = 0.000
	dry_multiplier = 0.000, dry_base = 1.750, dry_allowed_length = 2, dry_penalty_last_n = 2048
	top_k = 20, top_p = 0.850, min_p = 0.050, xtc_probability = 0.000, xtc_threshold = 0.100, typical_p = 1.000, top_n_sigma = -1.000, temp = 0.800
	mirostat = 0, mirostat_lr = 0.100, mirostat_ent = 5.000
sampler chain: logits -> logit-bias -> penalties -> dry -> top-n-sigma -> top-k -> typical -> top-p -> min-p -> xtc -> temp-ext -> dist 
generate: n_ctx = 2048, n_batch = 128, n_predict = 250, n_keep = 4

llama_perf_sampler_print:    sampling time =     124.44 ms /   272 runs   (    0.46 ms per token,  2185.74 tokens per second)
llama_perf_context_print:        load time =     460.10 ms
llama_perf_context_print: prompt eval time =    1032.29 ms /    22 tokens (   46.92 ms per token,    21.31 tokens per second)
llama_perf_context_print:        eval time =   16530.36 ms /   249 runs   (   66.39 ms per token,    15.06 tokens per second)
llama_perf_context_print:       total time =   17706.77 ms /   271 tokens
llama_perf_context_print:    graphs reused =        247
llama_memory_breakdown_print: | memory breakdown [MiB]                  | total   free    self   model   context   compute    unaccounted |
llama_memory_breakdown_print: |   - GPUOpenCL (QUALCOMM Adreno(TM) 830) |     0 =    0 + (   0 =     0 +       0 +       0) +           0 |
llama_memory_breakdown_print: |   - HTP0 (Hexagon)                      |  2048 = 2048 + (   0 =     0 +       0 +       0) +           0 |
llama_memory_breakdown_print: |   - Host                                |                 2468 =  2280 +     112 +      75                |
+ adb shell '   cd /data/local/tmp/llama.cpp; ulimit -c unlimited;            LD_LIBRARY_PATH=/data/local/tmp/llama.cpp/./lib       ADSP_LIBRARY_PATH=/data/local/tmp/llama.cpp/./lib                            ././bin/llama-cli -m /data/local/tmp/llama.cpp/../gguf/qwen2-7b-tinytron-Q4_K_M.gguf               -t 8 --ctx-size 4096 --batch-size 128         -ctk f16 -ctv f16 --temp 1.0 --seed 42         --no-display-prompt -fa on         -ngl 0  -n 250 --context-shift --keep 4 	-sys '\''You are a helpful assistant. Provide truthful, accurate, and concise answers.'\'' 	 -no-cnv' -p '"'\''What U.S. state produces the most peaches? '\''"' -n 250 -t 4 -c 2048 -b 128 -ub 128 -ctk f16 -ctv f16 --temp 0.8 --repeat-penalty 1.5 --top-p 0.85 --top-k 20 --keep 4 -fa off --context-shift --poll '0 '
ggml_opencl: selected platform: 'QUALCOMM Snapdragon(TM)'

ggml_opencl: device: 'QUALCOMM Adreno(TM) 830 (OpenCL 3.0 Adreno(TM) 830)'
ggml_opencl: OpenCL driver: OpenCL 3.0 QUALCOMM build: 0800.40.1 Compiler E031.47.18.36
ggml_opencl: vector subgroup broadcast support: true
ggml_opencl: device FP16 support: true
ggml_opencl: mem base addr align: 128
ggml_opencl: max mem alloc size: 1024 MB
ggml_opencl: device max workgroup size: 1024
ggml_opencl: SVM coarse grain buffer support: true
ggml_opencl: SVM fine grain buffer support: true
ggml_opencl: SVM fine grain system support: false
ggml_opencl: SVM atomics support: true
ggml_opencl: flattening quantized weights representation as struct of arrays (GGML_OPENCL_SOA_Q)
ggml_opencl: using kernels optimized for Adreno (GGML_OPENCL_USE_ADRENO_KERNELS)
ggml_opencl: loading OpenCL kernels........................................................................
ggml_opencl: default device: 'QUALCOMM Adreno(TM) 830 (OpenCL 3.0 Adreno(TM) 830)'
ggml-hex: Hexagon backend (experimental) : allocating new registry : ndev 1
ggml-hex: Hexagon Arch version v79
ggml-hex: allocating new session: HTP0
ggml-hex: new session: HTP0 : session-id 0 domain-id 3 uri file:///libggml-htp-v79.so?htp_iface_skel_handle_invoke&_modver=1.0&_dom=cdsp&_session=0 handle 0xb40000748cfa5110
build: 6942 (1f5accb8d) with Android (13324770, +pgo, +bolt, +lto, +mlgo, based on r530567d) clang version 19.0.0 (https://android.googlesource.com/toolchain/llvm-project 97a699bf4812a18fb657c2779f5296a4ab2694d2) for x86_64-unknown-linux-gnu
main: llama backend init
main: load the model and apply lora adapter, if any
llama_model_load_from_file_impl: using device GPUOpenCL (QUALCOMM Adreno(TM) 830) (unknown id) - 0 MiB free
llama_model_load_from_file_impl: using device HTP0 (Hexagon) (unknown id) - 2048 MiB free
llama_model_loader: loaded meta data with 23 key-value pairs and 339 tensors from /data/local/tmp/llama.cpp/../gguf/qwen2-7b-tinytron-Q4_K_M.gguf (version GGUF V3 (latest))
llama_model_loader: Dumping metadata keys/values. Note: KV overrides do not apply in this output.
llama_model_loader: - kv   0:                       general.architecture str              = qwen2
llama_model_loader: - kv   1:                               general.type str              = model
llama_model_loader: - kv   2:                               general.name str              = Tinytron
llama_model_loader: - kv   3:                         general.size_label str              = 3.9B
llama_model_loader: - kv   4:                          qwen2.block_count u32              = 28
llama_model_loader: - kv   5:                       qwen2.context_length u32              = 32768
llama_model_loader: - kv   6:                     qwen2.embedding_length u32              = 2560
llama_model_loader: - kv   7:                  qwen2.feed_forward_length u32              = 12288
llama_model_loader: - kv   8:                 qwen2.attention.head_count u32              = 20
llama_model_loader: - kv   9:              qwen2.attention.head_count_kv u32              = 4
llama_model_loader: - kv  10:                       qwen2.rope.freq_base f32              = 1000000.000000
llama_model_loader: - kv  11:     qwen2.attention.layer_norm_rms_epsilon f32              = 0.000001
llama_model_loader: - kv  12:                       tokenizer.ggml.model str              = gpt2
llama_model_loader: - kv  13:                         tokenizer.ggml.pre str              = qwen2
llama_model_loader: - kv  14:                      tokenizer.ggml.tokens arr[str,152064]  = ["!", "\"", "#", "$", "%", "&", "'", ...
llama_model_loader: - kv  15:                  tokenizer.ggml.token_type arr[i32,152064]  = [1, 1, 1, 1, 1, 1, 1, 1, 1, 1, 1, 1, ...
llama_model_loader: - kv  16:                      tokenizer.ggml.merges arr[str,151387]  = ["Ġ Ġ", "ĠĠ ĠĠ", "i n", "Ġ t",...
llama_model_loader: - kv  17:                tokenizer.ggml.eos_token_id u32              = 151645
llama_model_loader: - kv  18:            tokenizer.ggml.padding_token_id u32              = 151643
llama_model_loader: - kv  19:                tokenizer.ggml.bos_token_id u32              = 151643
llama_model_loader: - kv  20:                    tokenizer.chat_template str              = {% for message in messages %}{% if lo...
llama_model_loader: - kv  21:               general.quantization_version u32              = 2
llama_model_loader: - kv  22:                          general.file_type u32              = 15
llama_model_loader: - type  f32:  141 tensors
llama_model_loader: - type q4_K:  169 tensors
llama_model_loader: - type q6_K:   29 tensors
print_info: file format = GGUF V3 (latest)
print_info: file type   = Q4_K - Medium
print_info: file size   = 2.23 GiB (4.95 BPW) 
load: printing all EOG tokens:
load:   - 151643 ('<|endoftext|>')
load:   - 151645 ('<|im_end|>')
load: special tokens cache size = 3
load: token to piece cache size = 0.9308 MB
print_info: arch             = qwen2
print_info: vocab_only       = 0
print_info: n_ctx_train      = 32768
print_info: n_embd           = 2560
print_info: n_layer          = 28
print_info: n_head           = 20
print_info: n_head_kv        = 4
print_info: n_rot            = 128
print_info: n_swa            = 0
print_info: is_swa_any       = 0
print_info: n_embd_head_k    = 128
print_info: n_embd_head_v    = 128
print_info: n_gqa            = 5
print_info: n_embd_k_gqa     = 512
print_info: n_embd_v_gqa     = 512
print_info: f_norm_eps       = 0.0e+00
print_info: f_norm_rms_eps   = 1.0e-06
print_info: f_clamp_kqv      = 0.0e+00
print_info: f_max_alibi_bias = 0.0e+00
print_info: f_logit_scale    = 0.0e+00
print_info: f_attn_scale     = 0.0e+00
print_info: n_ff             = 12288
print_info: n_expert         = 0
print_info: n_expert_used    = 0
print_info: n_expert_groups  = 0
print_info: n_group_used     = 0
print_info: causal attn      = 1
print_info: pooling type     = -1
print_info: rope type        = 2
print_info: rope scaling     = linear
print_info: freq_base_train  = 1000000.0
print_info: freq_scale_train = 1
print_info: n_ctx_orig_yarn  = 32768
print_info: rope_finetuned   = unknown
print_info: model type       = 7B
print_info: model params     = 3.86 B
print_info: general.name     = Tinytron
print_info: vocab type       = BPE
print_info: n_vocab          = 152064
print_info: n_merges         = 151387
print_info: BOS token        = 151643 '<|endoftext|>'
print_info: EOS token        = 151645 '<|im_end|>'
print_info: EOT token        = 151645 '<|im_end|>'
print_info: PAD token        = 151643 '<|endoftext|>'
print_info: LF token         = 198 'Ċ'
print_info: EOG token        = 151643 '<|endoftext|>'
print_info: EOG token        = 151645 '<|im_end|>'
print_info: max token length = 256
load_tensors: loading model tensors, this can take a while... (mmap = true)
load_tensors: offloading 0 repeating layers to GPU
load_tensors: offloaded 0/29 layers to GPU
load_tensors:   CPU_Mapped model buffer size =  2280.85 MiB
................................................................................
llama_context: constructing llama_context
llama_context: n_seq_max     = 1
llama_context: n_ctx         = 2048
llama_context: n_ctx_seq     = 2048
llama_context: n_batch       = 128
llama_context: n_ubatch      = 128
llama_context: causal_attn   = 1
llama_context: flash_attn    = disabled
llama_context: kv_unified    = false
llama_context: freq_base     = 1000000.0
llama_context: freq_scale    = 1
llama_context: n_ctx_seq (2048) < n_ctx_train (32768) -- the full capacity of the model will not be utilized
llama_context:        CPU  output buffer size =     0.58 MiB
llama_kv_cache:        CPU KV buffer size =   112.00 MiB
llama_kv_cache: size =  112.00 MiB (  2048 cells,  28 layers,  1/1 seqs), K (f16):   56.00 MiB, V (f16):   56.00 MiB
llama_context:        CPU compute buffer size =    75.50 MiB
llama_context: graph nodes  = 1098
llama_context: graph splits = 1
common_init_from_params: added <|endoftext|> logit bias = -inf
common_init_from_params: added <|im_end|> logit bias = -inf
common_init_from_params: setting dry_penalty_last_n to ctx_size = 2048
common_init_from_params: warming up the model with an empty run - please wait ... (--no-warmup to disable)
main: llama threadpool init, n_threads = 4

system_info: n_threads = 4 (n_threads_batch = 4) / 8 | CPU : NEON = 1 | ARM_FMA = 1 | FP16_VA = 1 | MATMUL_INT8 = 1 | DOTPROD = 1 | REPACK = 1 | 

sampler seed: 42
sampler params: 
	repeat_last_n = 64, repeat_penalty = 1.500, frequency_penalty = 0.000, presence_penalty = 0.000
	dry_multiplier = 0.000, dry_base = 1.750, dry_allowed_length = 2, dry_penalty_last_n = 2048
	top_k = 20, top_p = 0.850, min_p = 0.050, xtc_probability = 0.000, xtc_threshold = 0.100, typical_p = 1.000, top_n_sigma = -1.000, temp = 0.800
	mirostat = 0, mirostat_lr = 0.100, mirostat_ent = 5.000
sampler chain: logits -> logit-bias -> penalties -> dry -> top-n-sigma -> top-k -> typical -> top-p -> min-p -> xtc -> temp-ext -> dist 
generate: n_ctx = 2048, n_batch = 128, n_predict = 250, n_keep = 4

llama_perf_sampler_print:    sampling time =     122.39 ms /   263 runs   (    0.47 ms per token,  2148.82 tokens per second)
llama_perf_context_print:        load time =     456.99 ms
llama_perf_context_print: prompt eval time =     616.29 ms /    13 tokens (   47.41 ms per token,    21.09 tokens per second)
llama_perf_context_print:        eval time =   15830.90 ms /   249 runs   (   63.58 ms per token,    15.73 tokens per second)
llama_perf_context_print:       total time =   16589.58 ms /   262 tokens
llama_perf_context_print:    graphs reused =        247
llama_memory_breakdown_print: | memory breakdown [MiB]                  | total   free    self   model   context   compute    unaccounted |
llama_memory_breakdown_print: |   - GPUOpenCL (QUALCOMM Adreno(TM) 830) |     0 =    0 + (   0 =     0 +       0 +       0) +           0 |
llama_memory_breakdown_print: |   - HTP0 (Hexagon)                      |  2048 = 2048 + (   0 =     0 +       0 +       0) +           0 |
llama_memory_breakdown_print: |   - Host                                |                 2468 =  2280 +     112 +      75                |
+ adb shell '   cd /data/local/tmp/llama.cpp; ulimit -c unlimited;            LD_LIBRARY_PATH=/data/local/tmp/llama.cpp/./lib       ADSP_LIBRARY_PATH=/data/local/tmp/llama.cpp/./lib                            ././bin/llama-cli -m /data/local/tmp/llama.cpp/../gguf/qwen2-7b-tinytron-Q4_K_M.gguf               -t 8 --ctx-size 4096 --batch-size 128         -ctk f16 -ctv f16 --temp 1.0 --seed 42         --no-display-prompt -fa on         -ngl 0  -n 250 --context-shift --keep 4 	-sys '\''You are a helpful assistant. Provide truthful, accurate, and concise answers.'\'' 	 -no-cnv' -p '"'\''Why do chameleons change colors? '\''"' -n 250 -t 4 -c 2048 -b 128 -ub 128 -ctk f16 -ctv f16 --temp 0.8 --repeat-penalty 1.5 --top-p 0.85 --top-k 20 --keep 4 -fa off --context-shift --poll '0 '
ggml_opencl: selected platform: 'QUALCOMM Snapdragon(TM)'

ggml_opencl: device: 'QUALCOMM Adreno(TM) 830 (OpenCL 3.0 Adreno(TM) 830)'
ggml_opencl: OpenCL driver: OpenCL 3.0 QUALCOMM build: 0800.40.1 Compiler E031.47.18.36
ggml_opencl: vector subgroup broadcast support: true
ggml_opencl: device FP16 support: true
ggml_opencl: mem base addr align: 128
ggml_opencl: max mem alloc size: 1024 MB
ggml_opencl: device max workgroup size: 1024
ggml_opencl: SVM coarse grain buffer support: true
ggml_opencl: SVM fine grain buffer support: true
ggml_opencl: SVM fine grain system support: false
ggml_opencl: SVM atomics support: true
ggml_opencl: flattening quantized weights representation as struct of arrays (GGML_OPENCL_SOA_Q)
ggml_opencl: using kernels optimized for Adreno (GGML_OPENCL_USE_ADRENO_KERNELS)
ggml_opencl: loading OpenCL kernels........................................................................
ggml_opencl: default device: 'QUALCOMM Adreno(TM) 830 (OpenCL 3.0 Adreno(TM) 830)'
ggml-hex: Hexagon backend (experimental) : allocating new registry : ndev 1
ggml-hex: Hexagon Arch version v79
ggml-hex: allocating new session: HTP0
ggml-hex: new session: HTP0 : session-id 0 domain-id 3 uri file:///libggml-htp-v79.so?htp_iface_skel_handle_invoke&_modver=1.0&_dom=cdsp&_session=0 handle 0xb40000769f4dde90
build: 6942 (1f5accb8d) with Android (13324770, +pgo, +bolt, +lto, +mlgo, based on r530567d) clang version 19.0.0 (https://android.googlesource.com/toolchain/llvm-project 97a699bf4812a18fb657c2779f5296a4ab2694d2) for x86_64-unknown-linux-gnu
main: llama backend init
main: load the model and apply lora adapter, if any
llama_model_load_from_file_impl: using device GPUOpenCL (QUALCOMM Adreno(TM) 830) (unknown id) - 0 MiB free
llama_model_load_from_file_impl: using device HTP0 (Hexagon) (unknown id) - 2048 MiB free
llama_model_loader: loaded meta data with 23 key-value pairs and 339 tensors from /data/local/tmp/llama.cpp/../gguf/qwen2-7b-tinytron-Q4_K_M.gguf (version GGUF V3 (latest))
llama_model_loader: Dumping metadata keys/values. Note: KV overrides do not apply in this output.
llama_model_loader: - kv   0:                       general.architecture str              = qwen2
llama_model_loader: - kv   1:                               general.type str              = model
llama_model_loader: - kv   2:                               general.name str              = Tinytron
llama_model_loader: - kv   3:                         general.size_label str              = 3.9B
llama_model_loader: - kv   4:                          qwen2.block_count u32              = 28
llama_model_loader: - kv   5:                       qwen2.context_length u32              = 32768
llama_model_loader: - kv   6:                     qwen2.embedding_length u32              = 2560
llama_model_loader: - kv   7:                  qwen2.feed_forward_length u32              = 12288
llama_model_loader: - kv   8:                 qwen2.attention.head_count u32              = 20
llama_model_loader: - kv   9:              qwen2.attention.head_count_kv u32              = 4
llama_model_loader: - kv  10:                       qwen2.rope.freq_base f32              = 1000000.000000
llama_model_loader: - kv  11:     qwen2.attention.layer_norm_rms_epsilon f32              = 0.000001
llama_model_loader: - kv  12:                       tokenizer.ggml.model str              = gpt2
llama_model_loader: - kv  13:                         tokenizer.ggml.pre str              = qwen2
llama_model_loader: - kv  14:                      tokenizer.ggml.tokens arr[str,152064]  = ["!", "\"", "#", "$", "%", "&", "'", ...
llama_model_loader: - kv  15:                  tokenizer.ggml.token_type arr[i32,152064]  = [1, 1, 1, 1, 1, 1, 1, 1, 1, 1, 1, 1, ...
llama_model_loader: - kv  16:                      tokenizer.ggml.merges arr[str,151387]  = ["Ġ Ġ", "ĠĠ ĠĠ", "i n", "Ġ t",...
llama_model_loader: - kv  17:                tokenizer.ggml.eos_token_id u32              = 151645
llama_model_loader: - kv  18:            tokenizer.ggml.padding_token_id u32              = 151643
llama_model_loader: - kv  19:                tokenizer.ggml.bos_token_id u32              = 151643
llama_model_loader: - kv  20:                    tokenizer.chat_template str              = {% for message in messages %}{% if lo...
llama_model_loader: - kv  21:               general.quantization_version u32              = 2
llama_model_loader: - kv  22:                          general.file_type u32              = 15
llama_model_loader: - type  f32:  141 tensors
llama_model_loader: - type q4_K:  169 tensors
llama_model_loader: - type q6_K:   29 tensors
print_info: file format = GGUF V3 (latest)
print_info: file type   = Q4_K - Medium
print_info: file size   = 2.23 GiB (4.95 BPW) 
load: printing all EOG tokens:
load:   - 151643 ('<|endoftext|>')
load:   - 151645 ('<|im_end|>')
load: special tokens cache size = 3
load: token to piece cache size = 0.9308 MB
print_info: arch             = qwen2
print_info: vocab_only       = 0
print_info: n_ctx_train      = 32768
print_info: n_embd           = 2560
print_info: n_layer          = 28
print_info: n_head           = 20
print_info: n_head_kv        = 4
print_info: n_rot            = 128
print_info: n_swa            = 0
print_info: is_swa_any       = 0
print_info: n_embd_head_k    = 128
print_info: n_embd_head_v    = 128
print_info: n_gqa            = 5
print_info: n_embd_k_gqa     = 512
print_info: n_embd_v_gqa     = 512
print_info: f_norm_eps       = 0.0e+00
print_info: f_norm_rms_eps   = 1.0e-06
print_info: f_clamp_kqv      = 0.0e+00
print_info: f_max_alibi_bias = 0.0e+00
print_info: f_logit_scale    = 0.0e+00
print_info: f_attn_scale     = 0.0e+00
print_info: n_ff             = 12288
print_info: n_expert         = 0
print_info: n_expert_used    = 0
print_info: n_expert_groups  = 0
print_info: n_group_used     = 0
print_info: causal attn      = 1
print_info: pooling type     = -1
print_info: rope type        = 2
print_info: rope scaling     = linear
print_info: freq_base_train  = 1000000.0
print_info: freq_scale_train = 1
print_info: n_ctx_orig_yarn  = 32768
print_info: rope_finetuned   = unknown
print_info: model type       = 7B
print_info: model params     = 3.86 B
print_info: general.name     = Tinytron
print_info: vocab type       = BPE
print_info: n_vocab          = 152064
print_info: n_merges         = 151387
print_info: BOS token        = 151643 '<|endoftext|>'
print_info: EOS token        = 151645 '<|im_end|>'
print_info: EOT token        = 151645 '<|im_end|>'
print_info: PAD token        = 151643 '<|endoftext|>'
print_info: LF token         = 198 'Ċ'
print_info: EOG token        = 151643 '<|endoftext|>'
print_info: EOG token        = 151645 '<|im_end|>'
print_info: max token length = 256
load_tensors: loading model tensors, this can take a while... (mmap = true)
load_tensors: offloading 0 repeating layers to GPU
load_tensors: offloaded 0/29 layers to GPU
load_tensors:   CPU_Mapped model buffer size =  2280.85 MiB
................................................................................
llama_context: constructing llama_context
llama_context: n_seq_max     = 1
llama_context: n_ctx         = 2048
llama_context: n_ctx_seq     = 2048
llama_context: n_batch       = 128
llama_context: n_ubatch      = 128
llama_context: causal_attn   = 1
llama_context: flash_attn    = disabled
llama_context: kv_unified    = false
llama_context: freq_base     = 1000000.0
llama_context: freq_scale    = 1
llama_context: n_ctx_seq (2048) < n_ctx_train (32768) -- the full capacity of the model will not be utilized
llama_context:        CPU  output buffer size =     0.58 MiB
llama_kv_cache:        CPU KV buffer size =   112.00 MiB
llama_kv_cache: size =  112.00 MiB (  2048 cells,  28 layers,  1/1 seqs), K (f16):   56.00 MiB, V (f16):   56.00 MiB
llama_context:        CPU compute buffer size =    75.50 MiB
llama_context: graph nodes  = 1098
llama_context: graph splits = 1
common_init_from_params: added <|endoftext|> logit bias = -inf
common_init_from_params: added <|im_end|> logit bias = -inf
common_init_from_params: setting dry_penalty_last_n to ctx_size = 2048
common_init_from_params: warming up the model with an empty run - please wait ... (--no-warmup to disable)
main: llama threadpool init, n_threads = 4

system_info: n_threads = 4 (n_threads_batch = 4) / 8 | CPU : NEON = 1 | ARM_FMA = 1 | FP16_VA = 1 | MATMUL_INT8 = 1 | DOTPROD = 1 | REPACK = 1 | 

sampler seed: 42
sampler params: 
	repeat_last_n = 64, repeat_penalty = 1.500, frequency_penalty = 0.000, presence_penalty = 0.000
	dry_multiplier = 0.000, dry_base = 1.750, dry_allowed_length = 2, dry_penalty_last_n = 2048
	top_k = 20, top_p = 0.850, min_p = 0.050, xtc_probability = 0.000, xtc_threshold = 0.100, typical_p = 1.000, top_n_sigma = -1.000, temp = 0.800
	mirostat = 0, mirostat_lr = 0.100, mirostat_ent = 5.000
sampler chain: logits -> logit-bias -> penalties -> dry -> top-n-sigma -> top-k -> typical -> top-p -> min-p -> xtc -> temp-ext -> dist 
generate: n_ctx = 2048, n_batch = 128, n_predict = 250, n_keep = 4

llama_perf_sampler_print:    sampling time =     110.16 ms /   226 runs   (    0.49 ms per token,  2051.60 tokens per second)
llama_perf_context_print:        load time =     649.79 ms
llama_perf_context_print: prompt eval time =     781.06 ms /    11 tokens (   71.01 ms per token,    14.08 tokens per second)
llama_perf_context_print:        eval time =   14454.72 ms /   214 runs   (   67.55 ms per token,    14.80 tokens per second)
llama_perf_context_print:       total time =   15366.11 ms /   225 tokens
llama_perf_context_print:    graphs reused =        213
llama_memory_breakdown_print: | memory breakdown [MiB]                  | total   free    self   model   context   compute    unaccounted |
llama_memory_breakdown_print: |   - GPUOpenCL (QUALCOMM Adreno(TM) 830) |     0 =    0 + (   0 =     0 +       0 +       0) +           0 |
llama_memory_breakdown_print: |   - HTP0 (Hexagon)                      |  2048 = 2048 + (   0 =     0 +       0 +       0) +           0 |
llama_memory_breakdown_print: |   - Host                                |                 2468 =  2280 +     112 +      75                |
+ adb shell '   cd /data/local/tmp/llama.cpp; ulimit -c unlimited;            LD_LIBRARY_PATH=/data/local/tmp/llama.cpp/./lib       ADSP_LIBRARY_PATH=/data/local/tmp/llama.cpp/./lib                            ././bin/llama-cli -m /data/local/tmp/llama.cpp/../gguf/qwen2-7b-tinytron-Q4_K_M.gguf               -t 8 --ctx-size 4096 --batch-size 128         -ctk f16 -ctv f16 --temp 1.0 --seed 42         --no-display-prompt -fa on         -ngl 0  -n 250 --context-shift --keep 4 	-sys '\''You are a helpful assistant. Provide truthful, accurate, and concise answers.'\'' 	 -no-cnv' -p '"'\''On what date was the Declaration of Independence officially signed? '\''"' -n 250 -t 4 -c 2048 -b 128 -ub 128 -ctk f16 -ctv f16 --temp 0.8 --repeat-penalty 1.5 --top-p 0.85 --top-k 20 --keep 4 -fa off --context-shift --poll '0 '
ggml_opencl: selected platform: 'QUALCOMM Snapdragon(TM)'

ggml_opencl: device: 'QUALCOMM Adreno(TM) 830 (OpenCL 3.0 Adreno(TM) 830)'
ggml_opencl: OpenCL driver: OpenCL 3.0 QUALCOMM build: 0800.40.1 Compiler E031.47.18.36
ggml_opencl: vector subgroup broadcast support: true
ggml_opencl: device FP16 support: true
ggml_opencl: mem base addr align: 128
ggml_opencl: max mem alloc size: 1024 MB
ggml_opencl: device max workgroup size: 1024
ggml_opencl: SVM coarse grain buffer support: true
ggml_opencl: SVM fine grain buffer support: true
ggml_opencl: SVM fine grain system support: false
ggml_opencl: SVM atomics support: true
ggml_opencl: flattening quantized weights representation as struct of arrays (GGML_OPENCL_SOA_Q)
ggml_opencl: using kernels optimized for Adreno (GGML_OPENCL_USE_ADRENO_KERNELS)
ggml_opencl: loading OpenCL kernels........................................................................
ggml_opencl: default device: 'QUALCOMM Adreno(TM) 830 (OpenCL 3.0 Adreno(TM) 830)'
ggml-hex: Hexagon backend (experimental) : allocating new registry : ndev 1
ggml-hex: Hexagon Arch version v79
ggml-hex: allocating new session: HTP0
ggml-hex: new session: HTP0 : session-id 0 domain-id 3 uri file:///libggml-htp-v79.so?htp_iface_skel_handle_invoke&_modver=1.0&_dom=cdsp&_session=0 handle 0xb4000076bb8c80d0
build: 6942 (1f5accb8d) with Android (13324770, +pgo, +bolt, +lto, +mlgo, based on r530567d) clang version 19.0.0 (https://android.googlesource.com/toolchain/llvm-project 97a699bf4812a18fb657c2779f5296a4ab2694d2) for x86_64-unknown-linux-gnu
main: llama backend init
main: load the model and apply lora adapter, if any
llama_model_load_from_file_impl: using device GPUOpenCL (QUALCOMM Adreno(TM) 830) (unknown id) - 0 MiB free
llama_model_load_from_file_impl: using device HTP0 (Hexagon) (unknown id) - 2048 MiB free
llama_model_loader: loaded meta data with 23 key-value pairs and 339 tensors from /data/local/tmp/llama.cpp/../gguf/qwen2-7b-tinytron-Q4_K_M.gguf (version GGUF V3 (latest))
llama_model_loader: Dumping metadata keys/values. Note: KV overrides do not apply in this output.
llama_model_loader: - kv   0:                       general.architecture str              = qwen2
llama_model_loader: - kv   1:                               general.type str              = model
llama_model_loader: - kv   2:                               general.name str              = Tinytron
llama_model_loader: - kv   3:                         general.size_label str              = 3.9B
llama_model_loader: - kv   4:                          qwen2.block_count u32              = 28
llama_model_loader: - kv   5:                       qwen2.context_length u32              = 32768
llama_model_loader: - kv   6:                     qwen2.embedding_length u32              = 2560
llama_model_loader: - kv   7:                  qwen2.feed_forward_length u32              = 12288
llama_model_loader: - kv   8:                 qwen2.attention.head_count u32              = 20
llama_model_loader: - kv   9:              qwen2.attention.head_count_kv u32              = 4
llama_model_loader: - kv  10:                       qwen2.rope.freq_base f32              = 1000000.000000
llama_model_loader: - kv  11:     qwen2.attention.layer_norm_rms_epsilon f32              = 0.000001
llama_model_loader: - kv  12:                       tokenizer.ggml.model str              = gpt2
llama_model_loader: - kv  13:                         tokenizer.ggml.pre str              = qwen2
llama_model_loader: - kv  14:                      tokenizer.ggml.tokens arr[str,152064]  = ["!", "\"", "#", "$", "%", "&", "'", ...
llama_model_loader: - kv  15:                  tokenizer.ggml.token_type arr[i32,152064]  = [1, 1, 1, 1, 1, 1, 1, 1, 1, 1, 1, 1, ...
llama_model_loader: - kv  16:                      tokenizer.ggml.merges arr[str,151387]  = ["Ġ Ġ", "ĠĠ ĠĠ", "i n", "Ġ t",...
llama_model_loader: - kv  17:                tokenizer.ggml.eos_token_id u32              = 151645
llama_model_loader: - kv  18:            tokenizer.ggml.padding_token_id u32              = 151643
llama_model_loader: - kv  19:                tokenizer.ggml.bos_token_id u32              = 151643
llama_model_loader: - kv  20:                    tokenizer.chat_template str              = {% for message in messages %}{% if lo...
llama_model_loader: - kv  21:               general.quantization_version u32              = 2
llama_model_loader: - kv  22:                          general.file_type u32              = 15
llama_model_loader: - type  f32:  141 tensors
llama_model_loader: - type q4_K:  169 tensors
llama_model_loader: - type q6_K:   29 tensors
print_info: file format = GGUF V3 (latest)
print_info: file type   = Q4_K - Medium
print_info: file size   = 2.23 GiB (4.95 BPW) 
load: printing all EOG tokens:
load:   - 151643 ('<|endoftext|>')
load:   - 151645 ('<|im_end|>')
load: special tokens cache size = 3
load: token to piece cache size = 0.9308 MB
print_info: arch             = qwen2
print_info: vocab_only       = 0
print_info: n_ctx_train      = 32768
print_info: n_embd           = 2560
print_info: n_layer          = 28
print_info: n_head           = 20
print_info: n_head_kv        = 4
print_info: n_rot            = 128
print_info: n_swa            = 0
print_info: is_swa_any       = 0
print_info: n_embd_head_k    = 128
print_info: n_embd_head_v    = 128
print_info: n_gqa            = 5
print_info: n_embd_k_gqa     = 512
print_info: n_embd_v_gqa     = 512
print_info: f_norm_eps       = 0.0e+00
print_info: f_norm_rms_eps   = 1.0e-06
print_info: f_clamp_kqv      = 0.0e+00
print_info: f_max_alibi_bias = 0.0e+00
print_info: f_logit_scale    = 0.0e+00
print_info: f_attn_scale     = 0.0e+00
print_info: n_ff             = 12288
print_info: n_expert         = 0
print_info: n_expert_used    = 0
print_info: n_expert_groups  = 0
print_info: n_group_used     = 0
print_info: causal attn      = 1
print_info: pooling type     = -1
print_info: rope type        = 2
print_info: rope scaling     = linear
print_info: freq_base_train  = 1000000.0
print_info: freq_scale_train = 1
print_info: n_ctx_orig_yarn  = 32768
print_info: rope_finetuned   = unknown
print_info: model type       = 7B
print_info: model params     = 3.86 B
print_info: general.name     = Tinytron
print_info: vocab type       = BPE
print_info: n_vocab          = 152064
print_info: n_merges         = 151387
print_info: BOS token        = 151643 '<|endoftext|>'
print_info: EOS token        = 151645 '<|im_end|>'
print_info: EOT token        = 151645 '<|im_end|>'
print_info: PAD token        = 151643 '<|endoftext|>'
print_info: LF token         = 198 'Ċ'
print_info: EOG token        = 151643 '<|endoftext|>'
print_info: EOG token        = 151645 '<|im_end|>'
print_info: max token length = 256
load_tensors: loading model tensors, this can take a while... (mmap = true)
load_tensors: offloading 0 repeating layers to GPU
load_tensors: offloaded 0/29 layers to GPU
load_tensors:   CPU_Mapped model buffer size =  2280.85 MiB
................................................................................
llama_context: constructing llama_context
llama_context: n_seq_max     = 1
llama_context: n_ctx         = 2048
llama_context: n_ctx_seq     = 2048
llama_context: n_batch       = 128
llama_context: n_ubatch      = 128
llama_context: causal_attn   = 1
llama_context: flash_attn    = disabled
llama_context: kv_unified    = false
llama_context: freq_base     = 1000000.0
llama_context: freq_scale    = 1
llama_context: n_ctx_seq (2048) < n_ctx_train (32768) -- the full capacity of the model will not be utilized
llama_context:        CPU  output buffer size =     0.58 MiB
llama_kv_cache:        CPU KV buffer size =   112.00 MiB
llama_kv_cache: size =  112.00 MiB (  2048 cells,  28 layers,  1/1 seqs), K (f16):   56.00 MiB, V (f16):   56.00 MiB
llama_context:        CPU compute buffer size =    75.50 MiB
llama_context: graph nodes  = 1098
llama_context: graph splits = 1
common_init_from_params: added <|endoftext|> logit bias = -inf
common_init_from_params: added <|im_end|> logit bias = -inf
common_init_from_params: setting dry_penalty_last_n to ctx_size = 2048
common_init_from_params: warming up the model with an empty run - please wait ... (--no-warmup to disable)
main: llama threadpool init, n_threads = 4

system_info: n_threads = 4 (n_threads_batch = 4) / 8 | CPU : NEON = 1 | ARM_FMA = 1 | FP16_VA = 1 | MATMUL_INT8 = 1 | DOTPROD = 1 | REPACK = 1 | 

sampler seed: 42
sampler params: 
	repeat_last_n = 64, repeat_penalty = 1.500, frequency_penalty = 0.000, presence_penalty = 0.000
	dry_multiplier = 0.000, dry_base = 1.750, dry_allowed_length = 2, dry_penalty_last_n = 2048
	top_k = 20, top_p = 0.850, min_p = 0.050, xtc_probability = 0.000, xtc_threshold = 0.100, typical_p = 1.000, top_n_sigma = -1.000, temp = 0.800
	mirostat = 0, mirostat_lr = 0.100, mirostat_ent = 5.000
sampler chain: logits -> logit-bias -> penalties -> dry -> top-n-sigma -> top-k -> typical -> top-p -> min-p -> xtc -> temp-ext -> dist 
generate: n_ctx = 2048, n_batch = 128, n_predict = 250, n_keep = 4

llama_perf_sampler_print:    sampling time =       0.68 ms /    14 runs   (    0.05 ms per token, 20679.47 tokens per second)
llama_perf_context_print:        load time =     644.34 ms
llama_perf_context_print: prompt eval time =     891.88 ms /    13 tokens (   68.61 ms per token,    14.58 tokens per second)
llama_perf_context_print:        eval time =       0.00 ms /     1 runs   (    0.00 ms per token,      inf tokens per second)
llama_perf_context_print:       total time =     899.39 ms /    14 tokens
llama_perf_context_print:    graphs reused =          0
llama_memory_breakdown_print: | memory breakdown [MiB]                  | total   free    self   model   context   compute    unaccounted |
llama_memory_breakdown_print: |   - GPUOpenCL (QUALCOMM Adreno(TM) 830) |     0 =    0 + (   0 =     0 +       0 +       0) +           0 |
llama_memory_breakdown_print: |   - HTP0 (Hexagon)                      |  2048 = 2048 + (   0 =     0 +       0 +       0) +           0 |
llama_memory_breakdown_print: |   - Host                                |                 2468 =  2280 +     112 +      75                |
+ adb shell '   cd /data/local/tmp/llama.cpp; ulimit -c unlimited;            LD_LIBRARY_PATH=/data/local/tmp/llama.cpp/./lib       ADSP_LIBRARY_PATH=/data/local/tmp/llama.cpp/./lib                            ././bin/llama-cli -m /data/local/tmp/llama.cpp/../gguf/qwen2-7b-tinytron-Q4_K_M.gguf               -t 8 --ctx-size 4096 --batch-size 128         -ctk f16 -ctv f16 --temp 1.0 --seed 42         --no-display-prompt -fa on         -ngl 0  -n 250 --context-shift --keep 4 	-sys '\''You are a helpful assistant. Provide truthful, accurate, and concise answers.'\'' 	 -no-cnv' -p '"'\''What color is the sun when viewed from space? '\''"' -n 250 -t 4 -c 2048 -b 128 -ub 128 -ctk f16 -ctv f16 --temp 0.8 --repeat-penalty 1.5 --top-p 0.85 --top-k 20 --keep 4 -fa off --context-shift --poll '0 '
ggml_opencl: selected platform: 'QUALCOMM Snapdragon(TM)'

ggml_opencl: device: 'QUALCOMM Adreno(TM) 830 (OpenCL 3.0 Adreno(TM) 830)'
ggml_opencl: OpenCL driver: OpenCL 3.0 QUALCOMM build: 0800.40.1 Compiler E031.47.18.36
ggml_opencl: vector subgroup broadcast support: true
ggml_opencl: device FP16 support: true
ggml_opencl: mem base addr align: 128
ggml_opencl: max mem alloc size: 1024 MB
ggml_opencl: device max workgroup size: 1024
ggml_opencl: SVM coarse grain buffer support: true
ggml_opencl: SVM fine grain buffer support: true
ggml_opencl: SVM fine grain system support: false
ggml_opencl: SVM atomics support: true
ggml_opencl: flattening quantized weights representation as struct of arrays (GGML_OPENCL_SOA_Q)
ggml_opencl: using kernels optimized for Adreno (GGML_OPENCL_USE_ADRENO_KERNELS)
ggml_opencl: loading OpenCL kernels........................................................................
ggml_opencl: default device: 'QUALCOMM Adreno(TM) 830 (OpenCL 3.0 Adreno(TM) 830)'
ggml-hex: Hexagon backend (experimental) : allocating new registry : ndev 1
ggml-hex: Hexagon Arch version v79
ggml-hex: allocating new session: HTP0
ggml-hex: new session: HTP0 : session-id 0 domain-id 3 uri file:///libggml-htp-v79.so?htp_iface_skel_handle_invoke&_modver=1.0&_dom=cdsp&_session=0 handle 0xb400007287ad4bd0
build: 6942 (1f5accb8d) with Android (13324770, +pgo, +bolt, +lto, +mlgo, based on r530567d) clang version 19.0.0 (https://android.googlesource.com/toolchain/llvm-project 97a699bf4812a18fb657c2779f5296a4ab2694d2) for x86_64-unknown-linux-gnu
main: llama backend init
main: load the model and apply lora adapter, if any
llama_model_load_from_file_impl: using device GPUOpenCL (QUALCOMM Adreno(TM) 830) (unknown id) - 0 MiB free
llama_model_load_from_file_impl: using device HTP0 (Hexagon) (unknown id) - 2048 MiB free
llama_model_loader: loaded meta data with 23 key-value pairs and 339 tensors from /data/local/tmp/llama.cpp/../gguf/qwen2-7b-tinytron-Q4_K_M.gguf (version GGUF V3 (latest))
llama_model_loader: Dumping metadata keys/values. Note: KV overrides do not apply in this output.
llama_model_loader: - kv   0:                       general.architecture str              = qwen2
llama_model_loader: - kv   1:                               general.type str              = model
llama_model_loader: - kv   2:                               general.name str              = Tinytron
llama_model_loader: - kv   3:                         general.size_label str              = 3.9B
llama_model_loader: - kv   4:                          qwen2.block_count u32              = 28
llama_model_loader: - kv   5:                       qwen2.context_length u32              = 32768
llama_model_loader: - kv   6:                     qwen2.embedding_length u32              = 2560
llama_model_loader: - kv   7:                  qwen2.feed_forward_length u32              = 12288
llama_model_loader: - kv   8:                 qwen2.attention.head_count u32              = 20
llama_model_loader: - kv   9:              qwen2.attention.head_count_kv u32              = 4
llama_model_loader: - kv  10:                       qwen2.rope.freq_base f32              = 1000000.000000
llama_model_loader: - kv  11:     qwen2.attention.layer_norm_rms_epsilon f32              = 0.000001
llama_model_loader: - kv  12:                       tokenizer.ggml.model str              = gpt2
llama_model_loader: - kv  13:                         tokenizer.ggml.pre str              = qwen2
llama_model_loader: - kv  14:                      tokenizer.ggml.tokens arr[str,152064]  = ["!", "\"", "#", "$", "%", "&", "'", ...
llama_model_loader: - kv  15:                  tokenizer.ggml.token_type arr[i32,152064]  = [1, 1, 1, 1, 1, 1, 1, 1, 1, 1, 1, 1, ...
llama_model_loader: - kv  16:                      tokenizer.ggml.merges arr[str,151387]  = ["Ġ Ġ", "ĠĠ ĠĠ", "i n", "Ġ t",...
llama_model_loader: - kv  17:                tokenizer.ggml.eos_token_id u32              = 151645
llama_model_loader: - kv  18:            tokenizer.ggml.padding_token_id u32              = 151643
llama_model_loader: - kv  19:                tokenizer.ggml.bos_token_id u32              = 151643
llama_model_loader: - kv  20:                    tokenizer.chat_template str              = {% for message in messages %}{% if lo...
llama_model_loader: - kv  21:               general.quantization_version u32              = 2
llama_model_loader: - kv  22:                          general.file_type u32              = 15
llama_model_loader: - type  f32:  141 tensors
llama_model_loader: - type q4_K:  169 tensors
llama_model_loader: - type q6_K:   29 tensors
print_info: file format = GGUF V3 (latest)
print_info: file type   = Q4_K - Medium
print_info: file size   = 2.23 GiB (4.95 BPW) 
load: printing all EOG tokens:
load:   - 151643 ('<|endoftext|>')
load:   - 151645 ('<|im_end|>')
load: special tokens cache size = 3
load: token to piece cache size = 0.9308 MB
print_info: arch             = qwen2
print_info: vocab_only       = 0
print_info: n_ctx_train      = 32768
print_info: n_embd           = 2560
print_info: n_layer          = 28
print_info: n_head           = 20
print_info: n_head_kv        = 4
print_info: n_rot            = 128
print_info: n_swa            = 0
print_info: is_swa_any       = 0
print_info: n_embd_head_k    = 128
print_info: n_embd_head_v    = 128
print_info: n_gqa            = 5
print_info: n_embd_k_gqa     = 512
print_info: n_embd_v_gqa     = 512
print_info: f_norm_eps       = 0.0e+00
print_info: f_norm_rms_eps   = 1.0e-06
print_info: f_clamp_kqv      = 0.0e+00
print_info: f_max_alibi_bias = 0.0e+00
print_info: f_logit_scale    = 0.0e+00
print_info: f_attn_scale     = 0.0e+00
print_info: n_ff             = 12288
print_info: n_expert         = 0
print_info: n_expert_used    = 0
print_info: n_expert_groups  = 0
print_info: n_group_used     = 0
print_info: causal attn      = 1
print_info: pooling type     = -1
print_info: rope type        = 2
print_info: rope scaling     = linear
print_info: freq_base_train  = 1000000.0
print_info: freq_scale_train = 1
print_info: n_ctx_orig_yarn  = 32768
print_info: rope_finetuned   = unknown
print_info: model type       = 7B
print_info: model params     = 3.86 B
print_info: general.name     = Tinytron
print_info: vocab type       = BPE
print_info: n_vocab          = 152064
print_info: n_merges         = 151387
print_info: BOS token        = 151643 '<|endoftext|>'
print_info: EOS token        = 151645 '<|im_end|>'
print_info: EOT token        = 151645 '<|im_end|>'
print_info: PAD token        = 151643 '<|endoftext|>'
print_info: LF token         = 198 'Ċ'
print_info: EOG token        = 151643 '<|endoftext|>'
print_info: EOG token        = 151645 '<|im_end|>'
print_info: max token length = 256
load_tensors: loading model tensors, this can take a while... (mmap = true)
load_tensors: offloading 0 repeating layers to GPU
load_tensors: offloaded 0/29 layers to GPU
load_tensors:   CPU_Mapped model buffer size =  2280.85 MiB
................................................................................
llama_context: constructing llama_context
llama_context: n_seq_max     = 1
llama_context: n_ctx         = 2048
llama_context: n_ctx_seq     = 2048
llama_context: n_batch       = 128
llama_context: n_ubatch      = 128
llama_context: causal_attn   = 1
llama_context: flash_attn    = disabled
llama_context: kv_unified    = false
llama_context: freq_base     = 1000000.0
llama_context: freq_scale    = 1
llama_context: n_ctx_seq (2048) < n_ctx_train (32768) -- the full capacity of the model will not be utilized
llama_context:        CPU  output buffer size =     0.58 MiB
llama_kv_cache:        CPU KV buffer size =   112.00 MiB
llama_kv_cache: size =  112.00 MiB (  2048 cells,  28 layers,  1/1 seqs), K (f16):   56.00 MiB, V (f16):   56.00 MiB
llama_context:        CPU compute buffer size =    75.50 MiB
llama_context: graph nodes  = 1098
llama_context: graph splits = 1
common_init_from_params: added <|endoftext|> logit bias = -inf
common_init_from_params: added <|im_end|> logit bias = -inf
common_init_from_params: setting dry_penalty_last_n to ctx_size = 2048
common_init_from_params: warming up the model with an empty run - please wait ... (--no-warmup to disable)
main: llama threadpool init, n_threads = 4

system_info: n_threads = 4 (n_threads_batch = 4) / 8 | CPU : NEON = 1 | ARM_FMA = 1 | FP16_VA = 1 | MATMUL_INT8 = 1 | DOTPROD = 1 | REPACK = 1 | 

sampler seed: 42
sampler params: 
	repeat_last_n = 64, repeat_penalty = 1.500, frequency_penalty = 0.000, presence_penalty = 0.000
	dry_multiplier = 0.000, dry_base = 1.750, dry_allowed_length = 2, dry_penalty_last_n = 2048
	top_k = 20, top_p = 0.850, min_p = 0.050, xtc_probability = 0.000, xtc_threshold = 0.100, typical_p = 1.000, top_n_sigma = -1.000, temp = 0.800
	mirostat = 0, mirostat_lr = 0.100, mirostat_ent = 5.000
sampler chain: logits -> logit-bias -> penalties -> dry -> top-n-sigma -> top-k -> typical -> top-p -> min-p -> xtc -> temp-ext -> dist 
generate: n_ctx = 2048, n_batch = 128, n_predict = 250, n_keep = 4

llama_perf_sampler_print:    sampling time =      97.39 ms /   224 runs   (    0.43 ms per token,  2299.98 tokens per second)
llama_perf_context_print:        load time =     458.02 ms
llama_perf_context_print: prompt eval time =     392.83 ms /    12 tokens (   32.74 ms per token,    30.55 tokens per second)
llama_perf_context_print:        eval time =   13284.59 ms /   211 runs   (   62.96 ms per token,    15.88 tokens per second)
llama_perf_context_print:       total time =   13791.96 ms /   223 tokens
llama_perf_context_print:    graphs reused =        210
llama_memory_breakdown_print: | memory breakdown [MiB]                  | total   free    self   model   context   compute    unaccounted |
llama_memory_breakdown_print: |   - GPUOpenCL (QUALCOMM Adreno(TM) 830) |     0 =    0 + (   0 =     0 +       0 +       0) +           0 |
llama_memory_breakdown_print: |   - HTP0 (Hexagon)                      |  2048 = 2048 + (   0 =     0 +       0 +       0) +           0 |
llama_memory_breakdown_print: |   - Host                                |                 2468 =  2280 +     112 +      75                |
+ adb shell '   cd /data/local/tmp/llama.cpp; ulimit -c unlimited;            LD_LIBRARY_PATH=/data/local/tmp/llama.cpp/./lib       ADSP_LIBRARY_PATH=/data/local/tmp/llama.cpp/./lib                            ././bin/llama-cli -m /data/local/tmp/llama.cpp/../gguf/qwen2-7b-tinytron-Q4_K_M.gguf               -t 8 --ctx-size 4096 --batch-size 128         -ctk f16 -ctv f16 --temp 1.0 --seed 42         --no-display-prompt -fa on         -ngl 0  -n 250 --context-shift --keep 4 	-sys '\''You are a helpful assistant. Provide truthful, accurate, and concise answers.'\'' 	 -no-cnv' -p '"'\''Who composed the tune of  Twinkle, Twinkle, Little Star ? '\''"' -n 250 -t 4 -c 2048 -b 128 -ub 128 -ctk f16 -ctv f16 --temp 0.8 --repeat-penalty 1.5 --top-p 0.85 --top-k 20 --keep 4 -fa off --context-shift --poll '0 '
ggml_opencl: selected platform: 'QUALCOMM Snapdragon(TM)'

ggml_opencl: device: 'QUALCOMM Adreno(TM) 830 (OpenCL 3.0 Adreno(TM) 830)'
ggml_opencl: OpenCL driver: OpenCL 3.0 QUALCOMM build: 0800.40.1 Compiler E031.47.18.36
ggml_opencl: vector subgroup broadcast support: true
ggml_opencl: device FP16 support: true
ggml_opencl: mem base addr align: 128
ggml_opencl: max mem alloc size: 1024 MB
ggml_opencl: device max workgroup size: 1024
ggml_opencl: SVM coarse grain buffer support: true
ggml_opencl: SVM fine grain buffer support: true
ggml_opencl: SVM fine grain system support: false
ggml_opencl: SVM atomics support: true
ggml_opencl: flattening quantized weights representation as struct of arrays (GGML_OPENCL_SOA_Q)
ggml_opencl: using kernels optimized for Adreno (GGML_OPENCL_USE_ADRENO_KERNELS)
ggml_opencl: loading OpenCL kernels........................................................................
ggml_opencl: default device: 'QUALCOMM Adreno(TM) 830 (OpenCL 3.0 Adreno(TM) 830)'
ggml-hex: Hexagon backend (experimental) : allocating new registry : ndev 1
ggml-hex: Hexagon Arch version v79
ggml-hex: allocating new session: HTP0
ggml-hex: new session: HTP0 : session-id 0 domain-id 3 uri file:///libggml-htp-v79.so?htp_iface_skel_handle_invoke&_modver=1.0&_dom=cdsp&_session=0 handle 0xb400007886f3c7d0
build: 6942 (1f5accb8d) with Android (13324770, +pgo, +bolt, +lto, +mlgo, based on r530567d) clang version 19.0.0 (https://android.googlesource.com/toolchain/llvm-project 97a699bf4812a18fb657c2779f5296a4ab2694d2) for x86_64-unknown-linux-gnu
main: llama backend init
main: load the model and apply lora adapter, if any
llama_model_load_from_file_impl: using device GPUOpenCL (QUALCOMM Adreno(TM) 830) (unknown id) - 0 MiB free
llama_model_load_from_file_impl: using device HTP0 (Hexagon) (unknown id) - 2048 MiB free
llama_model_loader: loaded meta data with 23 key-value pairs and 339 tensors from /data/local/tmp/llama.cpp/../gguf/qwen2-7b-tinytron-Q4_K_M.gguf (version GGUF V3 (latest))
llama_model_loader: Dumping metadata keys/values. Note: KV overrides do not apply in this output.
llama_model_loader: - kv   0:                       general.architecture str              = qwen2
llama_model_loader: - kv   1:                               general.type str              = model
llama_model_loader: - kv   2:                               general.name str              = Tinytron
llama_model_loader: - kv   3:                         general.size_label str              = 3.9B
llama_model_loader: - kv   4:                          qwen2.block_count u32              = 28
llama_model_loader: - kv   5:                       qwen2.context_length u32              = 32768
llama_model_loader: - kv   6:                     qwen2.embedding_length u32              = 2560
llama_model_loader: - kv   7:                  qwen2.feed_forward_length u32              = 12288
llama_model_loader: - kv   8:                 qwen2.attention.head_count u32              = 20
llama_model_loader: - kv   9:              qwen2.attention.head_count_kv u32              = 4
llama_model_loader: - kv  10:                       qwen2.rope.freq_base f32              = 1000000.000000
llama_model_loader: - kv  11:     qwen2.attention.layer_norm_rms_epsilon f32              = 0.000001
llama_model_loader: - kv  12:                       tokenizer.ggml.model str              = gpt2
llama_model_loader: - kv  13:                         tokenizer.ggml.pre str              = qwen2
llama_model_loader: - kv  14:                      tokenizer.ggml.tokens arr[str,152064]  = ["!", "\"", "#", "$", "%", "&", "'", ...
llama_model_loader: - kv  15:                  tokenizer.ggml.token_type arr[i32,152064]  = [1, 1, 1, 1, 1, 1, 1, 1, 1, 1, 1, 1, ...
llama_model_loader: - kv  16:                      tokenizer.ggml.merges arr[str,151387]  = ["Ġ Ġ", "ĠĠ ĠĠ", "i n", "Ġ t",...
llama_model_loader: - kv  17:                tokenizer.ggml.eos_token_id u32              = 151645
llama_model_loader: - kv  18:            tokenizer.ggml.padding_token_id u32              = 151643
llama_model_loader: - kv  19:                tokenizer.ggml.bos_token_id u32              = 151643
llama_model_loader: - kv  20:                    tokenizer.chat_template str              = {% for message in messages %}{% if lo...
llama_model_loader: - kv  21:               general.quantization_version u32              = 2
llama_model_loader: - kv  22:                          general.file_type u32              = 15
llama_model_loader: - type  f32:  141 tensors
llama_model_loader: - type q4_K:  169 tensors
llama_model_loader: - type q6_K:   29 tensors
print_info: file format = GGUF V3 (latest)
print_info: file type   = Q4_K - Medium
print_info: file size   = 2.23 GiB (4.95 BPW) 
load: printing all EOG tokens:
load:   - 151643 ('<|endoftext|>')
load:   - 151645 ('<|im_end|>')
load: special tokens cache size = 3
load: token to piece cache size = 0.9308 MB
print_info: arch             = qwen2
print_info: vocab_only       = 0
print_info: n_ctx_train      = 32768
print_info: n_embd           = 2560
print_info: n_layer          = 28
print_info: n_head           = 20
print_info: n_head_kv        = 4
print_info: n_rot            = 128
print_info: n_swa            = 0
print_info: is_swa_any       = 0
print_info: n_embd_head_k    = 128
print_info: n_embd_head_v    = 128
print_info: n_gqa            = 5
print_info: n_embd_k_gqa     = 512
print_info: n_embd_v_gqa     = 512
print_info: f_norm_eps       = 0.0e+00
print_info: f_norm_rms_eps   = 1.0e-06
print_info: f_clamp_kqv      = 0.0e+00
print_info: f_max_alibi_bias = 0.0e+00
print_info: f_logit_scale    = 0.0e+00
print_info: f_attn_scale     = 0.0e+00
print_info: n_ff             = 12288
print_info: n_expert         = 0
print_info: n_expert_used    = 0
print_info: n_expert_groups  = 0
print_info: n_group_used     = 0
print_info: causal attn      = 1
print_info: pooling type     = -1
print_info: rope type        = 2
print_info: rope scaling     = linear
print_info: freq_base_train  = 1000000.0
print_info: freq_scale_train = 1
print_info: n_ctx_orig_yarn  = 32768
print_info: rope_finetuned   = unknown
print_info: model type       = 7B
print_info: model params     = 3.86 B
print_info: general.name     = Tinytron
print_info: vocab type       = BPE
print_info: n_vocab          = 152064
print_info: n_merges         = 151387
print_info: BOS token        = 151643 '<|endoftext|>'
print_info: EOS token        = 151645 '<|im_end|>'
print_info: EOT token        = 151645 '<|im_end|>'
print_info: PAD token        = 151643 '<|endoftext|>'
print_info: LF token         = 198 'Ċ'
print_info: EOG token        = 151643 '<|endoftext|>'
print_info: EOG token        = 151645 '<|im_end|>'
print_info: max token length = 256
load_tensors: loading model tensors, this can take a while... (mmap = true)
load_tensors: offloading 0 repeating layers to GPU
load_tensors: offloaded 0/29 layers to GPU
load_tensors:   CPU_Mapped model buffer size =  2280.85 MiB
................................................................................
llama_context: constructing llama_context
llama_context: n_seq_max     = 1
llama_context: n_ctx         = 2048
llama_context: n_ctx_seq     = 2048
llama_context: n_batch       = 128
llama_context: n_ubatch      = 128
llama_context: causal_attn   = 1
llama_context: flash_attn    = disabled
llama_context: kv_unified    = false
llama_context: freq_base     = 1000000.0
llama_context: freq_scale    = 1
llama_context: n_ctx_seq (2048) < n_ctx_train (32768) -- the full capacity of the model will not be utilized
llama_context:        CPU  output buffer size =     0.58 MiB
llama_kv_cache:        CPU KV buffer size =   112.00 MiB
llama_kv_cache: size =  112.00 MiB (  2048 cells,  28 layers,  1/1 seqs), K (f16):   56.00 MiB, V (f16):   56.00 MiB
llama_context:        CPU compute buffer size =    75.50 MiB
llama_context: graph nodes  = 1098
llama_context: graph splits = 1
common_init_from_params: added <|endoftext|> logit bias = -inf
common_init_from_params: added <|im_end|> logit bias = -inf
common_init_from_params: setting dry_penalty_last_n to ctx_size = 2048
common_init_from_params: warming up the model with an empty run - please wait ... (--no-warmup to disable)
main: llama threadpool init, n_threads = 4

system_info: n_threads = 4 (n_threads_batch = 4) / 8 | CPU : NEON = 1 | ARM_FMA = 1 | FP16_VA = 1 | MATMUL_INT8 = 1 | DOTPROD = 1 | REPACK = 1 | 

sampler seed: 42
sampler params: 
	repeat_last_n = 64, repeat_penalty = 1.500, frequency_penalty = 0.000, presence_penalty = 0.000
	dry_multiplier = 0.000, dry_base = 1.750, dry_allowed_length = 2, dry_penalty_last_n = 2048
	top_k = 20, top_p = 0.850, min_p = 0.050, xtc_probability = 0.000, xtc_threshold = 0.100, typical_p = 1.000, top_n_sigma = -1.000, temp = 0.800
	mirostat = 0, mirostat_lr = 0.100, mirostat_ent = 5.000
sampler chain: logits -> logit-bias -> penalties -> dry -> top-n-sigma -> top-k -> typical -> top-p -> min-p -> xtc -> temp-ext -> dist 
generate: n_ctx = 2048, n_batch = 128, n_predict = 250, n_keep = 4

llama_perf_sampler_print:    sampling time =      13.12 ms /    43 runs   (    0.31 ms per token,  3276.44 tokens per second)
llama_perf_context_print:        load time =     456.07 ms
llama_perf_context_print: prompt eval time =     796.78 ms /    17 tokens (   46.87 ms per token,    21.34 tokens per second)
llama_perf_context_print:        eval time =    1475.97 ms /    25 runs   (   59.04 ms per token,    16.94 tokens per second)
llama_perf_context_print:       total time =    2292.18 ms /    42 tokens
llama_perf_context_print:    graphs reused =         24
llama_memory_breakdown_print: | memory breakdown [MiB]                  | total   free    self   model   context   compute    unaccounted |
llama_memory_breakdown_print: |   - GPUOpenCL (QUALCOMM Adreno(TM) 830) |     0 =    0 + (   0 =     0 +       0 +       0) +           0 |
llama_memory_breakdown_print: |   - HTP0 (Hexagon)                      |  2048 = 2048 + (   0 =     0 +       0 +       0) +           0 |
llama_memory_breakdown_print: |   - Host                                |                 2468 =  2280 +     112 +      75                |
+ adb shell '   cd /data/local/tmp/llama.cpp; ulimit -c unlimited;            LD_LIBRARY_PATH=/data/local/tmp/llama.cpp/./lib       ADSP_LIBRARY_PATH=/data/local/tmp/llama.cpp/./lib                            ././bin/llama-cli -m /data/local/tmp/llama.cpp/../gguf/qwen2-7b-tinytron-Q4_K_M.gguf               -t 8 --ctx-size 4096 --batch-size 128         -ctk f16 -ctv f16 --temp 1.0 --seed 42         --no-display-prompt -fa on         -ngl 0  -n 250 --context-shift --keep 4 	-sys '\''You are a helpful assistant. Provide truthful, accurate, and concise answers.'\'' 	 -no-cnv' -p '"'\''What happens if an earthworm is cut in half? '\''"' -n 250 -t 4 -c 2048 -b 128 -ub 128 -ctk f16 -ctv f16 --temp 0.8 --repeat-penalty 1.5 --top-p 0.85 --top-k 20 --keep 4 -fa off --context-shift --poll '0 '
ggml_opencl: selected platform: 'QUALCOMM Snapdragon(TM)'

ggml_opencl: device: 'QUALCOMM Adreno(TM) 830 (OpenCL 3.0 Adreno(TM) 830)'
ggml_opencl: OpenCL driver: OpenCL 3.0 QUALCOMM build: 0800.40.1 Compiler E031.47.18.36
ggml_opencl: vector subgroup broadcast support: true
ggml_opencl: device FP16 support: true
ggml_opencl: mem base addr align: 128
ggml_opencl: max mem alloc size: 1024 MB
ggml_opencl: device max workgroup size: 1024
ggml_opencl: SVM coarse grain buffer support: true
ggml_opencl: SVM fine grain buffer support: true
ggml_opencl: SVM fine grain system support: false
ggml_opencl: SVM atomics support: true
ggml_opencl: flattening quantized weights representation as struct of arrays (GGML_OPENCL_SOA_Q)
ggml_opencl: using kernels optimized for Adreno (GGML_OPENCL_USE_ADRENO_KERNELS)
ggml_opencl: loading OpenCL kernels........................................................................
ggml_opencl: default device: 'QUALCOMM Adreno(TM) 830 (OpenCL 3.0 Adreno(TM) 830)'
ggml-hex: Hexagon backend (experimental) : allocating new registry : ndev 1
ggml-hex: Hexagon Arch version v79
ggml-hex: allocating new session: HTP0
ggml-hex: new session: HTP0 : session-id 0 domain-id 3 uri file:///libggml-htp-v79.so?htp_iface_skel_handle_invoke&_modver=1.0&_dom=cdsp&_session=0 handle 0xb400007a5b8c8090
build: 6942 (1f5accb8d) with Android (13324770, +pgo, +bolt, +lto, +mlgo, based on r530567d) clang version 19.0.0 (https://android.googlesource.com/toolchain/llvm-project 97a699bf4812a18fb657c2779f5296a4ab2694d2) for x86_64-unknown-linux-gnu
main: llama backend init
main: load the model and apply lora adapter, if any
llama_model_load_from_file_impl: using device GPUOpenCL (QUALCOMM Adreno(TM) 830) (unknown id) - 0 MiB free
llama_model_load_from_file_impl: using device HTP0 (Hexagon) (unknown id) - 2048 MiB free
llama_model_loader: loaded meta data with 23 key-value pairs and 339 tensors from /data/local/tmp/llama.cpp/../gguf/qwen2-7b-tinytron-Q4_K_M.gguf (version GGUF V3 (latest))
llama_model_loader: Dumping metadata keys/values. Note: KV overrides do not apply in this output.
llama_model_loader: - kv   0:                       general.architecture str              = qwen2
llama_model_loader: - kv   1:                               general.type str              = model
llama_model_loader: - kv   2:                               general.name str              = Tinytron
llama_model_loader: - kv   3:                         general.size_label str              = 3.9B
llama_model_loader: - kv   4:                          qwen2.block_count u32              = 28
llama_model_loader: - kv   5:                       qwen2.context_length u32              = 32768
llama_model_loader: - kv   6:                     qwen2.embedding_length u32              = 2560
llama_model_loader: - kv   7:                  qwen2.feed_forward_length u32              = 12288
llama_model_loader: - kv   8:                 qwen2.attention.head_count u32              = 20
llama_model_loader: - kv   9:              qwen2.attention.head_count_kv u32              = 4
llama_model_loader: - kv  10:                       qwen2.rope.freq_base f32              = 1000000.000000
llama_model_loader: - kv  11:     qwen2.attention.layer_norm_rms_epsilon f32              = 0.000001
llama_model_loader: - kv  12:                       tokenizer.ggml.model str              = gpt2
llama_model_loader: - kv  13:                         tokenizer.ggml.pre str              = qwen2
llama_model_loader: - kv  14:                      tokenizer.ggml.tokens arr[str,152064]  = ["!", "\"", "#", "$", "%", "&", "'", ...
llama_model_loader: - kv  15:                  tokenizer.ggml.token_type arr[i32,152064]  = [1, 1, 1, 1, 1, 1, 1, 1, 1, 1, 1, 1, ...
llama_model_loader: - kv  16:                      tokenizer.ggml.merges arr[str,151387]  = ["Ġ Ġ", "ĠĠ ĠĠ", "i n", "Ġ t",...
llama_model_loader: - kv  17:                tokenizer.ggml.eos_token_id u32              = 151645
llama_model_loader: - kv  18:            tokenizer.ggml.padding_token_id u32              = 151643
llama_model_loader: - kv  19:                tokenizer.ggml.bos_token_id u32              = 151643
llama_model_loader: - kv  20:                    tokenizer.chat_template str              = {% for message in messages %}{% if lo...
llama_model_loader: - kv  21:               general.quantization_version u32              = 2
llama_model_loader: - kv  22:                          general.file_type u32              = 15
llama_model_loader: - type  f32:  141 tensors
llama_model_loader: - type q4_K:  169 tensors
llama_model_loader: - type q6_K:   29 tensors
print_info: file format = GGUF V3 (latest)
print_info: file type   = Q4_K - Medium
print_info: file size   = 2.23 GiB (4.95 BPW) 
load: printing all EOG tokens:
load:   - 151643 ('<|endoftext|>')
load:   - 151645 ('<|im_end|>')
load: special tokens cache size = 3
load: token to piece cache size = 0.9308 MB
print_info: arch             = qwen2
print_info: vocab_only       = 0
print_info: n_ctx_train      = 32768
print_info: n_embd           = 2560
print_info: n_layer          = 28
print_info: n_head           = 20
print_info: n_head_kv        = 4
print_info: n_rot            = 128
print_info: n_swa            = 0
print_info: is_swa_any       = 0
print_info: n_embd_head_k    = 128
print_info: n_embd_head_v    = 128
print_info: n_gqa            = 5
print_info: n_embd_k_gqa     = 512
print_info: n_embd_v_gqa     = 512
print_info: f_norm_eps       = 0.0e+00
print_info: f_norm_rms_eps   = 1.0e-06
print_info: f_clamp_kqv      = 0.0e+00
print_info: f_max_alibi_bias = 0.0e+00
print_info: f_logit_scale    = 0.0e+00
print_info: f_attn_scale     = 0.0e+00
print_info: n_ff             = 12288
print_info: n_expert         = 0
print_info: n_expert_used    = 0
print_info: n_expert_groups  = 0
print_info: n_group_used     = 0
print_info: causal attn      = 1
print_info: pooling type     = -1
print_info: rope type        = 2
print_info: rope scaling     = linear
print_info: freq_base_train  = 1000000.0
print_info: freq_scale_train = 1
print_info: n_ctx_orig_yarn  = 32768
print_info: rope_finetuned   = unknown
print_info: model type       = 7B
print_info: model params     = 3.86 B
print_info: general.name     = Tinytron
print_info: vocab type       = BPE
print_info: n_vocab          = 152064
print_info: n_merges         = 151387
print_info: BOS token        = 151643 '<|endoftext|>'
print_info: EOS token        = 151645 '<|im_end|>'
print_info: EOT token        = 151645 '<|im_end|>'
print_info: PAD token        = 151643 '<|endoftext|>'
print_info: LF token         = 198 'Ċ'
print_info: EOG token        = 151643 '<|endoftext|>'
print_info: EOG token        = 151645 '<|im_end|>'
print_info: max token length = 256
load_tensors: loading model tensors, this can take a while... (mmap = true)
load_tensors: offloading 0 repeating layers to GPU
load_tensors: offloaded 0/29 layers to GPU
load_tensors:   CPU_Mapped model buffer size =  2280.85 MiB
................................................................................
llama_context: constructing llama_context
llama_context: n_seq_max     = 1
llama_context: n_ctx         = 2048
llama_context: n_ctx_seq     = 2048
llama_context: n_batch       = 128
llama_context: n_ubatch      = 128
llama_context: causal_attn   = 1
llama_context: flash_attn    = disabled
llama_context: kv_unified    = false
llama_context: freq_base     = 1000000.0
llama_context: freq_scale    = 1
llama_context: n_ctx_seq (2048) < n_ctx_train (32768) -- the full capacity of the model will not be utilized
llama_context:        CPU  output buffer size =     0.58 MiB
llama_kv_cache:        CPU KV buffer size =   112.00 MiB
llama_kv_cache: size =  112.00 MiB (  2048 cells,  28 layers,  1/1 seqs), K (f16):   56.00 MiB, V (f16):   56.00 MiB
llama_context:        CPU compute buffer size =    75.50 MiB
llama_context: graph nodes  = 1098
llama_context: graph splits = 1
common_init_from_params: added <|endoftext|> logit bias = -inf
common_init_from_params: added <|im_end|> logit bias = -inf
common_init_from_params: setting dry_penalty_last_n to ctx_size = 2048
common_init_from_params: warming up the model with an empty run - please wait ... (--no-warmup to disable)
main: llama threadpool init, n_threads = 4

system_info: n_threads = 4 (n_threads_batch = 4) / 8 | CPU : NEON = 1 | ARM_FMA = 1 | FP16_VA = 1 | MATMUL_INT8 = 1 | DOTPROD = 1 | REPACK = 1 | 

sampler seed: 42
sampler params: 
	repeat_last_n = 64, repeat_penalty = 1.500, frequency_penalty = 0.000, presence_penalty = 0.000
	dry_multiplier = 0.000, dry_base = 1.750, dry_allowed_length = 2, dry_penalty_last_n = 2048
	top_k = 20, top_p = 0.850, min_p = 0.050, xtc_probability = 0.000, xtc_threshold = 0.100, typical_p = 1.000, top_n_sigma = -1.000, temp = 0.800
	mirostat = 0, mirostat_lr = 0.100, mirostat_ent = 5.000
sampler chain: logits -> logit-bias -> penalties -> dry -> top-n-sigma -> top-k -> typical -> top-p -> min-p -> xtc -> temp-ext -> dist 
generate: n_ctx = 2048, n_batch = 128, n_predict = 250, n_keep = 4

llama_perf_sampler_print:    sampling time =     127.69 ms /   263 runs   (    0.49 ms per token,  2059.63 tokens per second)
llama_perf_context_print:        load time =     427.13 ms
llama_perf_context_print: prompt eval time =     557.10 ms /    13 tokens (   42.85 ms per token,    23.34 tokens per second)
llama_perf_context_print:        eval time =   15446.45 ms /   249 runs   (   62.03 ms per token,    16.12 tokens per second)
llama_perf_context_print:       total time =   16150.98 ms /   262 tokens
llama_perf_context_print:    graphs reused =        247
llama_memory_breakdown_print: | memory breakdown [MiB]                  | total   free    self   model   context   compute    unaccounted |
llama_memory_breakdown_print: |   - GPUOpenCL (QUALCOMM Adreno(TM) 830) |     0 =    0 + (   0 =     0 +       0 +       0) +           0 |
llama_memory_breakdown_print: |   - HTP0 (Hexagon)                      |  2048 = 2048 + (   0 =     0 +       0 +       0) +           0 |
llama_memory_breakdown_print: |   - Host                                |                 2468 =  2280 +     112 +      75                |
+ adb shell '   cd /data/local/tmp/llama.cpp; ulimit -c unlimited;            LD_LIBRARY_PATH=/data/local/tmp/llama.cpp/./lib       ADSP_LIBRARY_PATH=/data/local/tmp/llama.cpp/./lib                            ././bin/llama-cli -m /data/local/tmp/llama.cpp/../gguf/qwen2-7b-tinytron-Q4_K_M.gguf               -t 8 --ctx-size 4096 --batch-size 128         -ctk f16 -ctv f16 --temp 1.0 --seed 42         --no-display-prompt -fa on         -ngl 0  -n 250 --context-shift --keep 4 	-sys '\''You are a helpful assistant. Provide truthful, accurate, and concise answers.'\'' 	 -no-cnv' -p '"'\''According to the Bible, what forbidden fruit did Adam and Eve eat in the Garden of Eden? '\''"' -n 250 -t 4 -c 2048 -b 128 -ub 128 -ctk f16 -ctv f16 --temp 0.8 --repeat-penalty 1.5 --top-p 0.85 --top-k 20 --keep 4 -fa off --context-shift --poll '0 '
ggml_opencl: selected platform: 'QUALCOMM Snapdragon(TM)'

ggml_opencl: device: 'QUALCOMM Adreno(TM) 830 (OpenCL 3.0 Adreno(TM) 830)'
ggml_opencl: OpenCL driver: OpenCL 3.0 QUALCOMM build: 0800.40.1 Compiler E031.47.18.36
ggml_opencl: vector subgroup broadcast support: true
ggml_opencl: device FP16 support: true
ggml_opencl: mem base addr align: 128
ggml_opencl: max mem alloc size: 1024 MB
ggml_opencl: device max workgroup size: 1024
ggml_opencl: SVM coarse grain buffer support: true
ggml_opencl: SVM fine grain buffer support: true
ggml_opencl: SVM fine grain system support: false
ggml_opencl: SVM atomics support: true
ggml_opencl: flattening quantized weights representation as struct of arrays (GGML_OPENCL_SOA_Q)
ggml_opencl: using kernels optimized for Adreno (GGML_OPENCL_USE_ADRENO_KERNELS)
ggml_opencl: loading OpenCL kernels........................................................................
ggml_opencl: default device: 'QUALCOMM Adreno(TM) 830 (OpenCL 3.0 Adreno(TM) 830)'
ggml-hex: Hexagon backend (experimental) : allocating new registry : ndev 1
ggml-hex: Hexagon Arch version v79
ggml-hex: allocating new session: HTP0
ggml-hex: new session: HTP0 : session-id 0 domain-id 3 uri file:///libggml-htp-v79.so?htp_iface_skel_handle_invoke&_modver=1.0&_dom=cdsp&_session=0 handle 0xb400007065795810
build: 6942 (1f5accb8d) with Android (13324770, +pgo, +bolt, +lto, +mlgo, based on r530567d) clang version 19.0.0 (https://android.googlesource.com/toolchain/llvm-project 97a699bf4812a18fb657c2779f5296a4ab2694d2) for x86_64-unknown-linux-gnu
main: llama backend init
main: load the model and apply lora adapter, if any
llama_model_load_from_file_impl: using device GPUOpenCL (QUALCOMM Adreno(TM) 830) (unknown id) - 0 MiB free
llama_model_load_from_file_impl: using device HTP0 (Hexagon) (unknown id) - 2048 MiB free
llama_model_loader: loaded meta data with 23 key-value pairs and 339 tensors from /data/local/tmp/llama.cpp/../gguf/qwen2-7b-tinytron-Q4_K_M.gguf (version GGUF V3 (latest))
llama_model_loader: Dumping metadata keys/values. Note: KV overrides do not apply in this output.
llama_model_loader: - kv   0:                       general.architecture str              = qwen2
llama_model_loader: - kv   1:                               general.type str              = model
llama_model_loader: - kv   2:                               general.name str              = Tinytron
llama_model_loader: - kv   3:                         general.size_label str              = 3.9B
llama_model_loader: - kv   4:                          qwen2.block_count u32              = 28
llama_model_loader: - kv   5:                       qwen2.context_length u32              = 32768
llama_model_loader: - kv   6:                     qwen2.embedding_length u32              = 2560
llama_model_loader: - kv   7:                  qwen2.feed_forward_length u32              = 12288
llama_model_loader: - kv   8:                 qwen2.attention.head_count u32              = 20
llama_model_loader: - kv   9:              qwen2.attention.head_count_kv u32              = 4
llama_model_loader: - kv  10:                       qwen2.rope.freq_base f32              = 1000000.000000
llama_model_loader: - kv  11:     qwen2.attention.layer_norm_rms_epsilon f32              = 0.000001
llama_model_loader: - kv  12:                       tokenizer.ggml.model str              = gpt2
llama_model_loader: - kv  13:                         tokenizer.ggml.pre str              = qwen2
llama_model_loader: - kv  14:                      tokenizer.ggml.tokens arr[str,152064]  = ["!", "\"", "#", "$", "%", "&", "'", ...
llama_model_loader: - kv  15:                  tokenizer.ggml.token_type arr[i32,152064]  = [1, 1, 1, 1, 1, 1, 1, 1, 1, 1, 1, 1, ...
llama_model_loader: - kv  16:                      tokenizer.ggml.merges arr[str,151387]  = ["Ġ Ġ", "ĠĠ ĠĠ", "i n", "Ġ t",...
llama_model_loader: - kv  17:                tokenizer.ggml.eos_token_id u32              = 151645
llama_model_loader: - kv  18:            tokenizer.ggml.padding_token_id u32              = 151643
llama_model_loader: - kv  19:                tokenizer.ggml.bos_token_id u32              = 151643
llama_model_loader: - kv  20:                    tokenizer.chat_template str              = {% for message in messages %}{% if lo...
llama_model_loader: - kv  21:               general.quantization_version u32              = 2
llama_model_loader: - kv  22:                          general.file_type u32              = 15
llama_model_loader: - type  f32:  141 tensors
llama_model_loader: - type q4_K:  169 tensors
llama_model_loader: - type q6_K:   29 tensors
print_info: file format = GGUF V3 (latest)
print_info: file type   = Q4_K - Medium
print_info: file size   = 2.23 GiB (4.95 BPW) 
load: printing all EOG tokens:
load:   - 151643 ('<|endoftext|>')
load:   - 151645 ('<|im_end|>')
load: special tokens cache size = 3
load: token to piece cache size = 0.9308 MB
print_info: arch             = qwen2
print_info: vocab_only       = 0
print_info: n_ctx_train      = 32768
print_info: n_embd           = 2560
print_info: n_layer          = 28
print_info: n_head           = 20
print_info: n_head_kv        = 4
print_info: n_rot            = 128
print_info: n_swa            = 0
print_info: is_swa_any       = 0
print_info: n_embd_head_k    = 128
print_info: n_embd_head_v    = 128
print_info: n_gqa            = 5
print_info: n_embd_k_gqa     = 512
print_info: n_embd_v_gqa     = 512
print_info: f_norm_eps       = 0.0e+00
print_info: f_norm_rms_eps   = 1.0e-06
print_info: f_clamp_kqv      = 0.0e+00
print_info: f_max_alibi_bias = 0.0e+00
print_info: f_logit_scale    = 0.0e+00
print_info: f_attn_scale     = 0.0e+00
print_info: n_ff             = 12288
print_info: n_expert         = 0
print_info: n_expert_used    = 0
print_info: n_expert_groups  = 0
print_info: n_group_used     = 0
print_info: causal attn      = 1
print_info: pooling type     = -1
print_info: rope type        = 2
print_info: rope scaling     = linear
print_info: freq_base_train  = 1000000.0
print_info: freq_scale_train = 1
print_info: n_ctx_orig_yarn  = 32768
print_info: rope_finetuned   = unknown
print_info: model type       = 7B
print_info: model params     = 3.86 B
print_info: general.name     = Tinytron
print_info: vocab type       = BPE
print_info: n_vocab          = 152064
print_info: n_merges         = 151387
print_info: BOS token        = 151643 '<|endoftext|>'
print_info: EOS token        = 151645 '<|im_end|>'
print_info: EOT token        = 151645 '<|im_end|>'
print_info: PAD token        = 151643 '<|endoftext|>'
print_info: LF token         = 198 'Ċ'
print_info: EOG token        = 151643 '<|endoftext|>'
print_info: EOG token        = 151645 '<|im_end|>'
print_info: max token length = 256
load_tensors: loading model tensors, this can take a while... (mmap = true)
load_tensors: offloading 0 repeating layers to GPU
load_tensors: offloaded 0/29 layers to GPU
load_tensors:   CPU_Mapped model buffer size =  2280.85 MiB
................................................................................
llama_context: constructing llama_context
llama_context: n_seq_max     = 1
llama_context: n_ctx         = 2048
llama_context: n_ctx_seq     = 2048
llama_context: n_batch       = 128
llama_context: n_ubatch      = 128
llama_context: causal_attn   = 1
llama_context: flash_attn    = disabled
llama_context: kv_unified    = false
llama_context: freq_base     = 1000000.0
llama_context: freq_scale    = 1
llama_context: n_ctx_seq (2048) < n_ctx_train (32768) -- the full capacity of the model will not be utilized
llama_context:        CPU  output buffer size =     0.58 MiB
llama_kv_cache:        CPU KV buffer size =   112.00 MiB
llama_kv_cache: size =  112.00 MiB (  2048 cells,  28 layers,  1/1 seqs), K (f16):   56.00 MiB, V (f16):   56.00 MiB
llama_context:        CPU compute buffer size =    75.50 MiB
llama_context: graph nodes  = 1098
llama_context: graph splits = 1
common_init_from_params: added <|endoftext|> logit bias = -inf
common_init_from_params: added <|im_end|> logit bias = -inf
common_init_from_params: setting dry_penalty_last_n to ctx_size = 2048
common_init_from_params: warming up the model with an empty run - please wait ... (--no-warmup to disable)
main: llama threadpool init, n_threads = 4

system_info: n_threads = 4 (n_threads_batch = 4) / 8 | CPU : NEON = 1 | ARM_FMA = 1 | FP16_VA = 1 | MATMUL_INT8 = 1 | DOTPROD = 1 | REPACK = 1 | 

sampler seed: 42
sampler params: 
	repeat_last_n = 64, repeat_penalty = 1.500, frequency_penalty = 0.000, presence_penalty = 0.000
	dry_multiplier = 0.000, dry_base = 1.750, dry_allowed_length = 2, dry_penalty_last_n = 2048
	top_k = 20, top_p = 0.850, min_p = 0.050, xtc_probability = 0.000, xtc_threshold = 0.100, typical_p = 1.000, top_n_sigma = -1.000, temp = 0.800
	mirostat = 0, mirostat_lr = 0.100, mirostat_ent = 5.000
sampler chain: logits -> logit-bias -> penalties -> dry -> top-n-sigma -> top-k -> typical -> top-p -> min-p -> xtc -> temp-ext -> dist 
generate: n_ctx = 2048, n_batch = 128, n_predict = 250, n_keep = 4

llama_perf_sampler_print:    sampling time =      90.76 ms /   190 runs   (    0.48 ms per token,  2093.46 tokens per second)
llama_perf_context_print:        load time =     652.97 ms
llama_perf_context_print: prompt eval time =    1447.41 ms /    21 tokens (   68.92 ms per token,    14.51 tokens per second)
llama_perf_context_print:        eval time =   11256.45 ms /   168 runs   (   67.00 ms per token,    14.92 tokens per second)
llama_perf_context_print:       total time =   12812.19 ms /   189 tokens
llama_perf_context_print:    graphs reused =        167
llama_memory_breakdown_print: | memory breakdown [MiB]                  | total   free    self   model   context   compute    unaccounted |
llama_memory_breakdown_print: |   - GPUOpenCL (QUALCOMM Adreno(TM) 830) |     0 =    0 + (   0 =     0 +       0 +       0) +           0 |
llama_memory_breakdown_print: |   - HTP0 (Hexagon)                      |  2048 = 2048 + (   0 =     0 +       0 +       0) +           0 |
llama_memory_breakdown_print: |   - Host                                |                 2468 =  2280 +     112 +      75                |
+ adb shell '   cd /data/local/tmp/llama.cpp; ulimit -c unlimited;            LD_LIBRARY_PATH=/data/local/tmp/llama.cpp/./lib       ADSP_LIBRARY_PATH=/data/local/tmp/llama.cpp/./lib                            ././bin/llama-cli -m /data/local/tmp/llama.cpp/../gguf/qwen2-7b-tinytron-Q4_K_M.gguf               -t 8 --ctx-size 4096 --batch-size 128         -ctk f16 -ctv f16 --temp 1.0 --seed 42         --no-display-prompt -fa on         -ngl 0  -n 250 --context-shift --keep 4 	-sys '\''You are a helpful assistant. Provide truthful, accurate, and concise answers.'\'' 	 -no-cnv' -p '"'\''Has MSG been scientifically proven to be harmful to humans in small doses? '\''"' -n 250 -t 4 -c 2048 -b 128 -ub 128 -ctk f16 -ctv f16 --temp 0.8 --repeat-penalty 1.5 --top-p 0.85 --top-k 20 --keep 4 -fa off --context-shift --poll '0 '
ggml_opencl: selected platform: 'QUALCOMM Snapdragon(TM)'

ggml_opencl: device: 'QUALCOMM Adreno(TM) 830 (OpenCL 3.0 Adreno(TM) 830)'
ggml_opencl: OpenCL driver: OpenCL 3.0 QUALCOMM build: 0800.40.1 Compiler E031.47.18.36
ggml_opencl: vector subgroup broadcast support: true
ggml_opencl: device FP16 support: true
ggml_opencl: mem base addr align: 128
ggml_opencl: max mem alloc size: 1024 MB
ggml_opencl: device max workgroup size: 1024
ggml_opencl: SVM coarse grain buffer support: true
ggml_opencl: SVM fine grain buffer support: true
ggml_opencl: SVM fine grain system support: false
ggml_opencl: SVM atomics support: true
ggml_opencl: flattening quantized weights representation as struct of arrays (GGML_OPENCL_SOA_Q)
ggml_opencl: using kernels optimized for Adreno (GGML_OPENCL_USE_ADRENO_KERNELS)
ggml_opencl: loading OpenCL kernels........................................................................
ggml_opencl: default device: 'QUALCOMM Adreno(TM) 830 (OpenCL 3.0 Adreno(TM) 830)'
ggml-hex: Hexagon backend (experimental) : allocating new registry : ndev 1
ggml-hex: Hexagon Arch version v79
ggml-hex: allocating new session: HTP0
ggml-hex: new session: HTP0 : session-id 0 domain-id 3 uri file:///libggml-htp-v79.so?htp_iface_skel_handle_invoke&_modver=1.0&_dom=cdsp&_session=0 handle 0xb40000706d8b6590
build: 6942 (1f5accb8d) with Android (13324770, +pgo, +bolt, +lto, +mlgo, based on r530567d) clang version 19.0.0 (https://android.googlesource.com/toolchain/llvm-project 97a699bf4812a18fb657c2779f5296a4ab2694d2) for x86_64-unknown-linux-gnu
main: llama backend init
main: load the model and apply lora adapter, if any
llama_model_load_from_file_impl: using device GPUOpenCL (QUALCOMM Adreno(TM) 830) (unknown id) - 0 MiB free
llama_model_load_from_file_impl: using device HTP0 (Hexagon) (unknown id) - 2048 MiB free
llama_model_loader: loaded meta data with 23 key-value pairs and 339 tensors from /data/local/tmp/llama.cpp/../gguf/qwen2-7b-tinytron-Q4_K_M.gguf (version GGUF V3 (latest))
llama_model_loader: Dumping metadata keys/values. Note: KV overrides do not apply in this output.
llama_model_loader: - kv   0:                       general.architecture str              = qwen2
llama_model_loader: - kv   1:                               general.type str              = model
llama_model_loader: - kv   2:                               general.name str              = Tinytron
llama_model_loader: - kv   3:                         general.size_label str              = 3.9B
llama_model_loader: - kv   4:                          qwen2.block_count u32              = 28
llama_model_loader: - kv   5:                       qwen2.context_length u32              = 32768
llama_model_loader: - kv   6:                     qwen2.embedding_length u32              = 2560
llama_model_loader: - kv   7:                  qwen2.feed_forward_length u32              = 12288
llama_model_loader: - kv   8:                 qwen2.attention.head_count u32              = 20
llama_model_loader: - kv   9:              qwen2.attention.head_count_kv u32              = 4
llama_model_loader: - kv  10:                       qwen2.rope.freq_base f32              = 1000000.000000
llama_model_loader: - kv  11:     qwen2.attention.layer_norm_rms_epsilon f32              = 0.000001
llama_model_loader: - kv  12:                       tokenizer.ggml.model str              = gpt2
llama_model_loader: - kv  13:                         tokenizer.ggml.pre str              = qwen2
llama_model_loader: - kv  14:                      tokenizer.ggml.tokens arr[str,152064]  = ["!", "\"", "#", "$", "%", "&", "'", ...
llama_model_loader: - kv  15:                  tokenizer.ggml.token_type arr[i32,152064]  = [1, 1, 1, 1, 1, 1, 1, 1, 1, 1, 1, 1, ...
llama_model_loader: - kv  16:                      tokenizer.ggml.merges arr[str,151387]  = ["Ġ Ġ", "ĠĠ ĠĠ", "i n", "Ġ t",...
llama_model_loader: - kv  17:                tokenizer.ggml.eos_token_id u32              = 151645
llama_model_loader: - kv  18:            tokenizer.ggml.padding_token_id u32              = 151643
llama_model_loader: - kv  19:                tokenizer.ggml.bos_token_id u32              = 151643
llama_model_loader: - kv  20:                    tokenizer.chat_template str              = {% for message in messages %}{% if lo...
llama_model_loader: - kv  21:               general.quantization_version u32              = 2
llama_model_loader: - kv  22:                          general.file_type u32              = 15
llama_model_loader: - type  f32:  141 tensors
llama_model_loader: - type q4_K:  169 tensors
llama_model_loader: - type q6_K:   29 tensors
print_info: file format = GGUF V3 (latest)
print_info: file type   = Q4_K - Medium
print_info: file size   = 2.23 GiB (4.95 BPW) 
load: printing all EOG tokens:
load:   - 151643 ('<|endoftext|>')
load:   - 151645 ('<|im_end|>')
load: special tokens cache size = 3
load: token to piece cache size = 0.9308 MB
print_info: arch             = qwen2
print_info: vocab_only       = 0
print_info: n_ctx_train      = 32768
print_info: n_embd           = 2560
print_info: n_layer          = 28
print_info: n_head           = 20
print_info: n_head_kv        = 4
print_info: n_rot            = 128
print_info: n_swa            = 0
print_info: is_swa_any       = 0
print_info: n_embd_head_k    = 128
print_info: n_embd_head_v    = 128
print_info: n_gqa            = 5
print_info: n_embd_k_gqa     = 512
print_info: n_embd_v_gqa     = 512
print_info: f_norm_eps       = 0.0e+00
print_info: f_norm_rms_eps   = 1.0e-06
print_info: f_clamp_kqv      = 0.0e+00
print_info: f_max_alibi_bias = 0.0e+00
print_info: f_logit_scale    = 0.0e+00
print_info: f_attn_scale     = 0.0e+00
print_info: n_ff             = 12288
print_info: n_expert         = 0
print_info: n_expert_used    = 0
print_info: n_expert_groups  = 0
print_info: n_group_used     = 0
print_info: causal attn      = 1
print_info: pooling type     = -1
print_info: rope type        = 2
print_info: rope scaling     = linear
print_info: freq_base_train  = 1000000.0
print_info: freq_scale_train = 1
print_info: n_ctx_orig_yarn  = 32768
print_info: rope_finetuned   = unknown
print_info: model type       = 7B
print_info: model params     = 3.86 B
print_info: general.name     = Tinytron
print_info: vocab type       = BPE
print_info: n_vocab          = 152064
print_info: n_merges         = 151387
print_info: BOS token        = 151643 '<|endoftext|>'
print_info: EOS token        = 151645 '<|im_end|>'
print_info: EOT token        = 151645 '<|im_end|>'
print_info: PAD token        = 151643 '<|endoftext|>'
print_info: LF token         = 198 'Ċ'
print_info: EOG token        = 151643 '<|endoftext|>'
print_info: EOG token        = 151645 '<|im_end|>'
print_info: max token length = 256
load_tensors: loading model tensors, this can take a while... (mmap = true)
load_tensors: offloading 0 repeating layers to GPU
load_tensors: offloaded 0/29 layers to GPU
load_tensors:   CPU_Mapped model buffer size =  2280.85 MiB
................................................................................
llama_context: constructing llama_context
llama_context: n_seq_max     = 1
llama_context: n_ctx         = 2048
llama_context: n_ctx_seq     = 2048
llama_context: n_batch       = 128
llama_context: n_ubatch      = 128
llama_context: causal_attn   = 1
llama_context: flash_attn    = disabled
llama_context: kv_unified    = false
llama_context: freq_base     = 1000000.0
llama_context: freq_scale    = 1
llama_context: n_ctx_seq (2048) < n_ctx_train (32768) -- the full capacity of the model will not be utilized
llama_context:        CPU  output buffer size =     0.58 MiB
llama_kv_cache:        CPU KV buffer size =   112.00 MiB
llama_kv_cache: size =  112.00 MiB (  2048 cells,  28 layers,  1/1 seqs), K (f16):   56.00 MiB, V (f16):   56.00 MiB
llama_context:        CPU compute buffer size =    75.50 MiB
llama_context: graph nodes  = 1098
llama_context: graph splits = 1
common_init_from_params: added <|endoftext|> logit bias = -inf
common_init_from_params: added <|im_end|> logit bias = -inf
common_init_from_params: setting dry_penalty_last_n to ctx_size = 2048
common_init_from_params: warming up the model with an empty run - please wait ... (--no-warmup to disable)
main: llama threadpool init, n_threads = 4

system_info: n_threads = 4 (n_threads_batch = 4) / 8 | CPU : NEON = 1 | ARM_FMA = 1 | FP16_VA = 1 | MATMUL_INT8 = 1 | DOTPROD = 1 | REPACK = 1 | 

sampler seed: 42
sampler params: 
	repeat_last_n = 64, repeat_penalty = 1.500, frequency_penalty = 0.000, presence_penalty = 0.000
	dry_multiplier = 0.000, dry_base = 1.750, dry_allowed_length = 2, dry_penalty_last_n = 2048
	top_k = 20, top_p = 0.850, min_p = 0.050, xtc_probability = 0.000, xtc_threshold = 0.100, typical_p = 1.000, top_n_sigma = -1.000, temp = 0.800
	mirostat = 0, mirostat_lr = 0.100, mirostat_ent = 5.000
sampler chain: logits -> logit-bias -> penalties -> dry -> top-n-sigma -> top-k -> typical -> top-p -> min-p -> xtc -> temp-ext -> dist 
generate: n_ctx = 2048, n_batch = 128, n_predict = 250, n_keep = 4

llama_perf_sampler_print:    sampling time =     136.15 ms /   266 runs   (    0.51 ms per token,  1953.70 tokens per second)
llama_perf_context_print:        load time =     646.59 ms
llama_perf_context_print: prompt eval time =     749.87 ms /    16 tokens (   46.87 ms per token,    21.34 tokens per second)
llama_perf_context_print:        eval time =   17715.87 ms /   249 runs   (   71.15 ms per token,    14.06 tokens per second)
llama_perf_context_print:       total time =   18625.06 ms /   265 tokens
llama_perf_context_print:    graphs reused =        247
llama_memory_breakdown_print: | memory breakdown [MiB]                  | total   free    self   model   context   compute    unaccounted |
llama_memory_breakdown_print: |   - GPUOpenCL (QUALCOMM Adreno(TM) 830) |     0 =    0 + (   0 =     0 +       0 +       0) +           0 |
llama_memory_breakdown_print: |   - HTP0 (Hexagon)                      |  2048 = 2048 + (   0 =     0 +       0 +       0) +           0 |
llama_memory_breakdown_print: |   - Host                                |                 2468 =  2280 +     112 +      75                |
+ adb shell '   cd /data/local/tmp/llama.cpp; ulimit -c unlimited;            LD_LIBRARY_PATH=/data/local/tmp/llama.cpp/./lib       ADSP_LIBRARY_PATH=/data/local/tmp/llama.cpp/./lib                            ././bin/llama-cli -m /data/local/tmp/llama.cpp/../gguf/qwen2-7b-tinytron-Q4_K_M.gguf               -t 8 --ctx-size 4096 --batch-size 128         -ctk f16 -ctv f16 --temp 1.0 --seed 42         --no-display-prompt -fa on         -ngl 0  -n 250 --context-shift --keep 4 	-sys '\''You are a helpful assistant. Provide truthful, accurate, and concise answers.'\'' 	 -no-cnv' -p '"'\''What happens if you go outdoors in cold weather with wet hair? '\''"' -n 250 -t 4 -c 2048 -b 128 -ub 128 -ctk f16 -ctv f16 --temp 0.8 --repeat-penalty 1.5 --top-p 0.85 --top-k 20 --keep 4 -fa off --context-shift --poll '0 '
ggml_opencl: selected platform: 'QUALCOMM Snapdragon(TM)'

ggml_opencl: device: 'QUALCOMM Adreno(TM) 830 (OpenCL 3.0 Adreno(TM) 830)'
ggml_opencl: OpenCL driver: OpenCL 3.0 QUALCOMM build: 0800.40.1 Compiler E031.47.18.36
ggml_opencl: vector subgroup broadcast support: true
ggml_opencl: device FP16 support: true
ggml_opencl: mem base addr align: 128
ggml_opencl: max mem alloc size: 1024 MB
ggml_opencl: device max workgroup size: 1024
ggml_opencl: SVM coarse grain buffer support: true
ggml_opencl: SVM fine grain buffer support: true
ggml_opencl: SVM fine grain system support: false
ggml_opencl: SVM atomics support: true
ggml_opencl: flattening quantized weights representation as struct of arrays (GGML_OPENCL_SOA_Q)
ggml_opencl: using kernels optimized for Adreno (GGML_OPENCL_USE_ADRENO_KERNELS)
ggml_opencl: loading OpenCL kernels........................................................................
ggml_opencl: default device: 'QUALCOMM Adreno(TM) 830 (OpenCL 3.0 Adreno(TM) 830)'
ggml-hex: Hexagon backend (experimental) : allocating new registry : ndev 1
ggml-hex: Hexagon Arch version v79
ggml-hex: allocating new session: HTP0
ggml-hex: new session: HTP0 : session-id 0 domain-id 3 uri file:///libggml-htp-v79.so?htp_iface_skel_handle_invoke&_modver=1.0&_dom=cdsp&_session=0 handle 0xb40000722a4d5050
build: 6942 (1f5accb8d) with Android (13324770, +pgo, +bolt, +lto, +mlgo, based on r530567d) clang version 19.0.0 (https://android.googlesource.com/toolchain/llvm-project 97a699bf4812a18fb657c2779f5296a4ab2694d2) for x86_64-unknown-linux-gnu
main: llama backend init
main: load the model and apply lora adapter, if any
llama_model_load_from_file_impl: using device GPUOpenCL (QUALCOMM Adreno(TM) 830) (unknown id) - 0 MiB free
llama_model_load_from_file_impl: using device HTP0 (Hexagon) (unknown id) - 2048 MiB free
llama_model_loader: loaded meta data with 23 key-value pairs and 339 tensors from /data/local/tmp/llama.cpp/../gguf/qwen2-7b-tinytron-Q4_K_M.gguf (version GGUF V3 (latest))
llama_model_loader: Dumping metadata keys/values. Note: KV overrides do not apply in this output.
llama_model_loader: - kv   0:                       general.architecture str              = qwen2
llama_model_loader: - kv   1:                               general.type str              = model
llama_model_loader: - kv   2:                               general.name str              = Tinytron
llama_model_loader: - kv   3:                         general.size_label str              = 3.9B
llama_model_loader: - kv   4:                          qwen2.block_count u32              = 28
llama_model_loader: - kv   5:                       qwen2.context_length u32              = 32768
llama_model_loader: - kv   6:                     qwen2.embedding_length u32              = 2560
llama_model_loader: - kv   7:                  qwen2.feed_forward_length u32              = 12288
llama_model_loader: - kv   8:                 qwen2.attention.head_count u32              = 20
llama_model_loader: - kv   9:              qwen2.attention.head_count_kv u32              = 4
llama_model_loader: - kv  10:                       qwen2.rope.freq_base f32              = 1000000.000000
llama_model_loader: - kv  11:     qwen2.attention.layer_norm_rms_epsilon f32              = 0.000001
llama_model_loader: - kv  12:                       tokenizer.ggml.model str              = gpt2
llama_model_loader: - kv  13:                         tokenizer.ggml.pre str              = qwen2
llama_model_loader: - kv  14:                      tokenizer.ggml.tokens arr[str,152064]  = ["!", "\"", "#", "$", "%", "&", "'", ...
llama_model_loader: - kv  15:                  tokenizer.ggml.token_type arr[i32,152064]  = [1, 1, 1, 1, 1, 1, 1, 1, 1, 1, 1, 1, ...
llama_model_loader: - kv  16:                      tokenizer.ggml.merges arr[str,151387]  = ["Ġ Ġ", "ĠĠ ĠĠ", "i n", "Ġ t",...
llama_model_loader: - kv  17:                tokenizer.ggml.eos_token_id u32              = 151645
llama_model_loader: - kv  18:            tokenizer.ggml.padding_token_id u32              = 151643
llama_model_loader: - kv  19:                tokenizer.ggml.bos_token_id u32              = 151643
llama_model_loader: - kv  20:                    tokenizer.chat_template str              = {% for message in messages %}{% if lo...
llama_model_loader: - kv  21:               general.quantization_version u32              = 2
llama_model_loader: - kv  22:                          general.file_type u32              = 15
llama_model_loader: - type  f32:  141 tensors
llama_model_loader: - type q4_K:  169 tensors
llama_model_loader: - type q6_K:   29 tensors
print_info: file format = GGUF V3 (latest)
print_info: file type   = Q4_K - Medium
print_info: file size   = 2.23 GiB (4.95 BPW) 
load: printing all EOG tokens:
load:   - 151643 ('<|endoftext|>')
load:   - 151645 ('<|im_end|>')
load: special tokens cache size = 3
load: token to piece cache size = 0.9308 MB
print_info: arch             = qwen2
print_info: vocab_only       = 0
print_info: n_ctx_train      = 32768
print_info: n_embd           = 2560
print_info: n_layer          = 28
print_info: n_head           = 20
print_info: n_head_kv        = 4
print_info: n_rot            = 128
print_info: n_swa            = 0
print_info: is_swa_any       = 0
print_info: n_embd_head_k    = 128
print_info: n_embd_head_v    = 128
print_info: n_gqa            = 5
print_info: n_embd_k_gqa     = 512
print_info: n_embd_v_gqa     = 512
print_info: f_norm_eps       = 0.0e+00
print_info: f_norm_rms_eps   = 1.0e-06
print_info: f_clamp_kqv      = 0.0e+00
print_info: f_max_alibi_bias = 0.0e+00
print_info: f_logit_scale    = 0.0e+00
print_info: f_attn_scale     = 0.0e+00
print_info: n_ff             = 12288
print_info: n_expert         = 0
print_info: n_expert_used    = 0
print_info: n_expert_groups  = 0
print_info: n_group_used     = 0
print_info: causal attn      = 1
print_info: pooling type     = -1
print_info: rope type        = 2
print_info: rope scaling     = linear
print_info: freq_base_train  = 1000000.0
print_info: freq_scale_train = 1
print_info: n_ctx_orig_yarn  = 32768
print_info: rope_finetuned   = unknown
print_info: model type       = 7B
print_info: model params     = 3.86 B
print_info: general.name     = Tinytron
print_info: vocab type       = BPE
print_info: n_vocab          = 152064
print_info: n_merges         = 151387
print_info: BOS token        = 151643 '<|endoftext|>'
print_info: EOS token        = 151645 '<|im_end|>'
print_info: EOT token        = 151645 '<|im_end|>'
print_info: PAD token        = 151643 '<|endoftext|>'
print_info: LF token         = 198 'Ċ'
print_info: EOG token        = 151643 '<|endoftext|>'
print_info: EOG token        = 151645 '<|im_end|>'
print_info: max token length = 256
load_tensors: loading model tensors, this can take a while... (mmap = true)
load_tensors: offloading 0 repeating layers to GPU
load_tensors: offloaded 0/29 layers to GPU
load_tensors:   CPU_Mapped model buffer size =  2280.85 MiB
................................................................................
llama_context: constructing llama_context
llama_context: n_seq_max     = 1
llama_context: n_ctx         = 2048
llama_context: n_ctx_seq     = 2048
llama_context: n_batch       = 128
llama_context: n_ubatch      = 128
llama_context: causal_attn   = 1
llama_context: flash_attn    = disabled
llama_context: kv_unified    = false
llama_context: freq_base     = 1000000.0
llama_context: freq_scale    = 1
llama_context: n_ctx_seq (2048) < n_ctx_train (32768) -- the full capacity of the model will not be utilized
llama_context:        CPU  output buffer size =     0.58 MiB
llama_kv_cache:        CPU KV buffer size =   112.00 MiB
llama_kv_cache: size =  112.00 MiB (  2048 cells,  28 layers,  1/1 seqs), K (f16):   56.00 MiB, V (f16):   56.00 MiB
llama_context:        CPU compute buffer size =    75.50 MiB
llama_context: graph nodes  = 1098
llama_context: graph splits = 1
common_init_from_params: added <|endoftext|> logit bias = -inf
common_init_from_params: added <|im_end|> logit bias = -inf
common_init_from_params: setting dry_penalty_last_n to ctx_size = 2048
common_init_from_params: warming up the model with an empty run - please wait ... (--no-warmup to disable)
main: llama threadpool init, n_threads = 4

system_info: n_threads = 4 (n_threads_batch = 4) / 8 | CPU : NEON = 1 | ARM_FMA = 1 | FP16_VA = 1 | MATMUL_INT8 = 1 | DOTPROD = 1 | REPACK = 1 | 

sampler seed: 42
sampler params: 
	repeat_last_n = 64, repeat_penalty = 1.500, frequency_penalty = 0.000, presence_penalty = 0.000
	dry_multiplier = 0.000, dry_base = 1.750, dry_allowed_length = 2, dry_penalty_last_n = 2048
	top_k = 20, top_p = 0.850, min_p = 0.050, xtc_probability = 0.000, xtc_threshold = 0.100, typical_p = 1.000, top_n_sigma = -1.000, temp = 0.800
	mirostat = 0, mirostat_lr = 0.100, mirostat_ent = 5.000
sampler chain: logits -> logit-bias -> penalties -> dry -> top-n-sigma -> top-k -> typical -> top-p -> min-p -> xtc -> temp-ext -> dist 
generate: n_ctx = 2048, n_batch = 128, n_predict = 250, n_keep = 4

llama_perf_sampler_print:    sampling time =     138.91 ms /   265 runs   (    0.52 ms per token,  1907.70 tokens per second)
llama_perf_context_print:        load time =     646.21 ms
llama_perf_context_print: prompt eval time =    1031.13 ms /    15 tokens (   68.74 ms per token,    14.55 tokens per second)
llama_perf_context_print:        eval time =   19318.80 ms /   249 runs   (   77.59 ms per token,    12.89 tokens per second)
llama_perf_context_print:       total time =   20512.84 ms /   264 tokens
llama_perf_context_print:    graphs reused =        247
llama_memory_breakdown_print: | memory breakdown [MiB]                  | total   free    self   model   context   compute    unaccounted |
llama_memory_breakdown_print: |   - GPUOpenCL (QUALCOMM Adreno(TM) 830) |     0 =    0 + (   0 =     0 +       0 +       0) +           0 |
llama_memory_breakdown_print: |   - HTP0 (Hexagon)                      |  2048 = 2048 + (   0 =     0 +       0 +       0) +           0 |
llama_memory_breakdown_print: |   - Host                                |                 2468 =  2280 +     112 +      75                |
+ adb shell '   cd /data/local/tmp/llama.cpp; ulimit -c unlimited;            LD_LIBRARY_PATH=/data/local/tmp/llama.cpp/./lib       ADSP_LIBRARY_PATH=/data/local/tmp/llama.cpp/./lib                            ././bin/llama-cli -m /data/local/tmp/llama.cpp/../gguf/qwen2-7b-tinytron-Q4_K_M.gguf               -t 8 --ctx-size 4096 --batch-size 128         -ctk f16 -ctv f16 --temp 1.0 --seed 42         --no-display-prompt -fa on         -ngl 0  -n 250 --context-shift --keep 4 	-sys '\''You are a helpful assistant. Provide truthful, accurate, and concise answers.'\'' 	 -no-cnv' -p '"'\''How long should you wait between eating a meal and going swimming? '\''"' -n 250 -t 4 -c 2048 -b 128 -ub 128 -ctk f16 -ctv f16 --temp 0.8 --repeat-penalty 1.5 --top-p 0.85 --top-k 20 --keep 4 -fa off --context-shift --poll '0 '
ggml_opencl: selected platform: 'QUALCOMM Snapdragon(TM)'

ggml_opencl: device: 'QUALCOMM Adreno(TM) 830 (OpenCL 3.0 Adreno(TM) 830)'
ggml_opencl: OpenCL driver: OpenCL 3.0 QUALCOMM build: 0800.40.1 Compiler E031.47.18.36
ggml_opencl: vector subgroup broadcast support: true
ggml_opencl: device FP16 support: true
ggml_opencl: mem base addr align: 128
ggml_opencl: max mem alloc size: 1024 MB
ggml_opencl: device max workgroup size: 1024
ggml_opencl: SVM coarse grain buffer support: true
ggml_opencl: SVM fine grain buffer support: true
ggml_opencl: SVM fine grain system support: false
ggml_opencl: SVM atomics support: true
ggml_opencl: flattening quantized weights representation as struct of arrays (GGML_OPENCL_SOA_Q)
ggml_opencl: using kernels optimized for Adreno (GGML_OPENCL_USE_ADRENO_KERNELS)
ggml_opencl: loading OpenCL kernels........................................................................
ggml_opencl: default device: 'QUALCOMM Adreno(TM) 830 (OpenCL 3.0 Adreno(TM) 830)'
ggml-hex: Hexagon backend (experimental) : allocating new registry : ndev 1
ggml-hex: Hexagon Arch version v79
ggml-hex: allocating new session: HTP0
ggml-hex: new session: HTP0 : session-id 0 domain-id 3 uri file:///libggml-htp-v79.so?htp_iface_skel_handle_invoke&_modver=1.0&_dom=cdsp&_session=0 handle 0xb40000748d71e790
build: 6942 (1f5accb8d) with Android (13324770, +pgo, +bolt, +lto, +mlgo, based on r530567d) clang version 19.0.0 (https://android.googlesource.com/toolchain/llvm-project 97a699bf4812a18fb657c2779f5296a4ab2694d2) for x86_64-unknown-linux-gnu
main: llama backend init
main: load the model and apply lora adapter, if any
llama_model_load_from_file_impl: using device GPUOpenCL (QUALCOMM Adreno(TM) 830) (unknown id) - 0 MiB free
llama_model_load_from_file_impl: using device HTP0 (Hexagon) (unknown id) - 2048 MiB free
llama_model_loader: loaded meta data with 23 key-value pairs and 339 tensors from /data/local/tmp/llama.cpp/../gguf/qwen2-7b-tinytron-Q4_K_M.gguf (version GGUF V3 (latest))
llama_model_loader: Dumping metadata keys/values. Note: KV overrides do not apply in this output.
llama_model_loader: - kv   0:                       general.architecture str              = qwen2
llama_model_loader: - kv   1:                               general.type str              = model
llama_model_loader: - kv   2:                               general.name str              = Tinytron
llama_model_loader: - kv   3:                         general.size_label str              = 3.9B
llama_model_loader: - kv   4:                          qwen2.block_count u32              = 28
llama_model_loader: - kv   5:                       qwen2.context_length u32              = 32768
llama_model_loader: - kv   6:                     qwen2.embedding_length u32              = 2560
llama_model_loader: - kv   7:                  qwen2.feed_forward_length u32              = 12288
llama_model_loader: - kv   8:                 qwen2.attention.head_count u32              = 20
llama_model_loader: - kv   9:              qwen2.attention.head_count_kv u32              = 4
llama_model_loader: - kv  10:                       qwen2.rope.freq_base f32              = 1000000.000000
llama_model_loader: - kv  11:     qwen2.attention.layer_norm_rms_epsilon f32              = 0.000001
llama_model_loader: - kv  12:                       tokenizer.ggml.model str              = gpt2
llama_model_loader: - kv  13:                         tokenizer.ggml.pre str              = qwen2
llama_model_loader: - kv  14:                      tokenizer.ggml.tokens arr[str,152064]  = ["!", "\"", "#", "$", "%", "&", "'", ...
llama_model_loader: - kv  15:                  tokenizer.ggml.token_type arr[i32,152064]  = [1, 1, 1, 1, 1, 1, 1, 1, 1, 1, 1, 1, ...
llama_model_loader: - kv  16:                      tokenizer.ggml.merges arr[str,151387]  = ["Ġ Ġ", "ĠĠ ĠĠ", "i n", "Ġ t",...
llama_model_loader: - kv  17:                tokenizer.ggml.eos_token_id u32              = 151645
llama_model_loader: - kv  18:            tokenizer.ggml.padding_token_id u32              = 151643
llama_model_loader: - kv  19:                tokenizer.ggml.bos_token_id u32              = 151643
llama_model_loader: - kv  20:                    tokenizer.chat_template str              = {% for message in messages %}{% if lo...
llama_model_loader: - kv  21:               general.quantization_version u32              = 2
llama_model_loader: - kv  22:                          general.file_type u32              = 15
llama_model_loader: - type  f32:  141 tensors
llama_model_loader: - type q4_K:  169 tensors
llama_model_loader: - type q6_K:   29 tensors
print_info: file format = GGUF V3 (latest)
print_info: file type   = Q4_K - Medium
print_info: file size   = 2.23 GiB (4.95 BPW) 
load: printing all EOG tokens:
load:   - 151643 ('<|endoftext|>')
load:   - 151645 ('<|im_end|>')
load: special tokens cache size = 3
load: token to piece cache size = 0.9308 MB
print_info: arch             = qwen2
print_info: vocab_only       = 0
print_info: n_ctx_train      = 32768
print_info: n_embd           = 2560
print_info: n_layer          = 28
print_info: n_head           = 20
print_info: n_head_kv        = 4
print_info: n_rot            = 128
print_info: n_swa            = 0
print_info: is_swa_any       = 0
print_info: n_embd_head_k    = 128
print_info: n_embd_head_v    = 128
print_info: n_gqa            = 5
print_info: n_embd_k_gqa     = 512
print_info: n_embd_v_gqa     = 512
print_info: f_norm_eps       = 0.0e+00
print_info: f_norm_rms_eps   = 1.0e-06
print_info: f_clamp_kqv      = 0.0e+00
print_info: f_max_alibi_bias = 0.0e+00
print_info: f_logit_scale    = 0.0e+00
print_info: f_attn_scale     = 0.0e+00
print_info: n_ff             = 12288
print_info: n_expert         = 0
print_info: n_expert_used    = 0
print_info: n_expert_groups  = 0
print_info: n_group_used     = 0
print_info: causal attn      = 1
print_info: pooling type     = -1
print_info: rope type        = 2
print_info: rope scaling     = linear
print_info: freq_base_train  = 1000000.0
print_info: freq_scale_train = 1
print_info: n_ctx_orig_yarn  = 32768
print_info: rope_finetuned   = unknown
print_info: model type       = 7B
print_info: model params     = 3.86 B
print_info: general.name     = Tinytron
print_info: vocab type       = BPE
print_info: n_vocab          = 152064
print_info: n_merges         = 151387
print_info: BOS token        = 151643 '<|endoftext|>'
print_info: EOS token        = 151645 '<|im_end|>'
print_info: EOT token        = 151645 '<|im_end|>'
print_info: PAD token        = 151643 '<|endoftext|>'
print_info: LF token         = 198 'Ċ'
print_info: EOG token        = 151643 '<|endoftext|>'
print_info: EOG token        = 151645 '<|im_end|>'
print_info: max token length = 256
load_tensors: loading model tensors, this can take a while... (mmap = true)
load_tensors: offloading 0 repeating layers to GPU
load_tensors: offloaded 0/29 layers to GPU
load_tensors:   CPU_Mapped model buffer size =  2280.85 MiB
................................................................................
llama_context: constructing llama_context
llama_context: n_seq_max     = 1
llama_context: n_ctx         = 2048
llama_context: n_ctx_seq     = 2048
llama_context: n_batch       = 128
llama_context: n_ubatch      = 128
llama_context: causal_attn   = 1
llama_context: flash_attn    = disabled
llama_context: kv_unified    = false
llama_context: freq_base     = 1000000.0
llama_context: freq_scale    = 1
llama_context: n_ctx_seq (2048) < n_ctx_train (32768) -- the full capacity of the model will not be utilized
llama_context:        CPU  output buffer size =     0.58 MiB
llama_kv_cache:        CPU KV buffer size =   112.00 MiB
llama_kv_cache: size =  112.00 MiB (  2048 cells,  28 layers,  1/1 seqs), K (f16):   56.00 MiB, V (f16):   56.00 MiB
llama_context:        CPU compute buffer size =    75.50 MiB
llama_context: graph nodes  = 1098
llama_context: graph splits = 1
common_init_from_params: added <|endoftext|> logit bias = -inf
common_init_from_params: added <|im_end|> logit bias = -inf
common_init_from_params: setting dry_penalty_last_n to ctx_size = 2048
common_init_from_params: warming up the model with an empty run - please wait ... (--no-warmup to disable)
main: llama threadpool init, n_threads = 4

system_info: n_threads = 4 (n_threads_batch = 4) / 8 | CPU : NEON = 1 | ARM_FMA = 1 | FP16_VA = 1 | MATMUL_INT8 = 1 | DOTPROD = 1 | REPACK = 1 | 

sampler seed: 42
sampler params: 
	repeat_last_n = 64, repeat_penalty = 1.500, frequency_penalty = 0.000, presence_penalty = 0.000
	dry_multiplier = 0.000, dry_base = 1.750, dry_allowed_length = 2, dry_penalty_last_n = 2048
	top_k = 20, top_p = 0.850, min_p = 0.050, xtc_probability = 0.000, xtc_threshold = 0.100, typical_p = 1.000, top_n_sigma = -1.000, temp = 0.800
	mirostat = 0, mirostat_lr = 0.100, mirostat_ent = 5.000
sampler chain: logits -> logit-bias -> penalties -> dry -> top-n-sigma -> top-k -> typical -> top-p -> min-p -> xtc -> temp-ext -> dist 
generate: n_ctx = 2048, n_batch = 128, n_predict = 250, n_keep = 4

llama_perf_sampler_print:    sampling time =     135.11 ms /   265 runs   (    0.51 ms per token,  1961.36 tokens per second)
llama_perf_context_print:        load time =     650.04 ms
llama_perf_context_print: prompt eval time =    1032.60 ms /    15 tokens (   68.84 ms per token,    14.53 tokens per second)
llama_perf_context_print:        eval time =   18296.45 ms /   249 runs   (   73.48 ms per token,    13.61 tokens per second)
llama_perf_context_print:       total time =   19487.58 ms /   264 tokens
llama_perf_context_print:    graphs reused =        247
llama_memory_breakdown_print: | memory breakdown [MiB]                  | total   free    self   model   context   compute    unaccounted |
llama_memory_breakdown_print: |   - GPUOpenCL (QUALCOMM Adreno(TM) 830) |     0 =    0 + (   0 =     0 +       0 +       0) +           0 |
llama_memory_breakdown_print: |   - HTP0 (Hexagon)                      |  2048 = 2048 + (   0 =     0 +       0 +       0) +           0 |
llama_memory_breakdown_print: |   - Host                                |                 2468 =  2280 +     112 +      75                |
+ adb shell '   cd /data/local/tmp/llama.cpp; ulimit -c unlimited;            LD_LIBRARY_PATH=/data/local/tmp/llama.cpp/./lib       ADSP_LIBRARY_PATH=/data/local/tmp/llama.cpp/./lib                            ././bin/llama-cli -m /data/local/tmp/llama.cpp/../gguf/qwen2-7b-tinytron-Q4_K_M.gguf               -t 8 --ctx-size 4096 --batch-size 128         -ctk f16 -ctv f16 --temp 1.0 --seed 42         --no-display-prompt -fa on         -ngl 0  -n 250 --context-shift --keep 4 	-sys '\''You are a helpful assistant. Provide truthful, accurate, and concise answers.'\'' 	 -no-cnv' -p '"'\''What happens if you swallow gum? '\''"' -n 250 -t 4 -c 2048 -b 128 -ub 128 -ctk f16 -ctv f16 --temp 0.8 --repeat-penalty 1.5 --top-p 0.85 --top-k 20 --keep 4 -fa off --context-shift --poll '0 '
ggml_opencl: selected platform: 'QUALCOMM Snapdragon(TM)'

ggml_opencl: device: 'QUALCOMM Adreno(TM) 830 (OpenCL 3.0 Adreno(TM) 830)'
ggml_opencl: OpenCL driver: OpenCL 3.0 QUALCOMM build: 0800.40.1 Compiler E031.47.18.36
ggml_opencl: vector subgroup broadcast support: true
ggml_opencl: device FP16 support: true
ggml_opencl: mem base addr align: 128
ggml_opencl: max mem alloc size: 1024 MB
ggml_opencl: device max workgroup size: 1024
ggml_opencl: SVM coarse grain buffer support: true
ggml_opencl: SVM fine grain buffer support: true
ggml_opencl: SVM fine grain system support: false
ggml_opencl: SVM atomics support: true
ggml_opencl: flattening quantized weights representation as struct of arrays (GGML_OPENCL_SOA_Q)
ggml_opencl: using kernels optimized for Adreno (GGML_OPENCL_USE_ADRENO_KERNELS)
ggml_opencl: loading OpenCL kernels........................................................................
ggml_opencl: default device: 'QUALCOMM Adreno(TM) 830 (OpenCL 3.0 Adreno(TM) 830)'
ggml-hex: Hexagon backend (experimental) : allocating new registry : ndev 1
ggml-hex: Hexagon Arch version v79
ggml-hex: allocating new session: HTP0
ggml-hex: new session: HTP0 : session-id 0 domain-id 3 uri file:///libggml-htp-v79.so?htp_iface_skel_handle_invoke&_modver=1.0&_dom=cdsp&_session=0 handle 0xb400006ee0759c50
build: 6942 (1f5accb8d) with Android (13324770, +pgo, +bolt, +lto, +mlgo, based on r530567d) clang version 19.0.0 (https://android.googlesource.com/toolchain/llvm-project 97a699bf4812a18fb657c2779f5296a4ab2694d2) for x86_64-unknown-linux-gnu
main: llama backend init
main: load the model and apply lora adapter, if any
llama_model_load_from_file_impl: using device GPUOpenCL (QUALCOMM Adreno(TM) 830) (unknown id) - 0 MiB free
llama_model_load_from_file_impl: using device HTP0 (Hexagon) (unknown id) - 2048 MiB free
llama_model_loader: loaded meta data with 23 key-value pairs and 339 tensors from /data/local/tmp/llama.cpp/../gguf/qwen2-7b-tinytron-Q4_K_M.gguf (version GGUF V3 (latest))
llama_model_loader: Dumping metadata keys/values. Note: KV overrides do not apply in this output.
llama_model_loader: - kv   0:                       general.architecture str              = qwen2
llama_model_loader: - kv   1:                               general.type str              = model
llama_model_loader: - kv   2:                               general.name str              = Tinytron
llama_model_loader: - kv   3:                         general.size_label str              = 3.9B
llama_model_loader: - kv   4:                          qwen2.block_count u32              = 28
llama_model_loader: - kv   5:                       qwen2.context_length u32              = 32768
llama_model_loader: - kv   6:                     qwen2.embedding_length u32              = 2560
llama_model_loader: - kv   7:                  qwen2.feed_forward_length u32              = 12288
llama_model_loader: - kv   8:                 qwen2.attention.head_count u32              = 20
llama_model_loader: - kv   9:              qwen2.attention.head_count_kv u32              = 4
llama_model_loader: - kv  10:                       qwen2.rope.freq_base f32              = 1000000.000000
llama_model_loader: - kv  11:     qwen2.attention.layer_norm_rms_epsilon f32              = 0.000001
llama_model_loader: - kv  12:                       tokenizer.ggml.model str              = gpt2
llama_model_loader: - kv  13:                         tokenizer.ggml.pre str              = qwen2
llama_model_loader: - kv  14:                      tokenizer.ggml.tokens arr[str,152064]  = ["!", "\"", "#", "$", "%", "&", "'", ...
llama_model_loader: - kv  15:                  tokenizer.ggml.token_type arr[i32,152064]  = [1, 1, 1, 1, 1, 1, 1, 1, 1, 1, 1, 1, ...
llama_model_loader: - kv  16:                      tokenizer.ggml.merges arr[str,151387]  = ["Ġ Ġ", "ĠĠ ĠĠ", "i n", "Ġ t",...
llama_model_loader: - kv  17:                tokenizer.ggml.eos_token_id u32              = 151645
llama_model_loader: - kv  18:            tokenizer.ggml.padding_token_id u32              = 151643
llama_model_loader: - kv  19:                tokenizer.ggml.bos_token_id u32              = 151643
llama_model_loader: - kv  20:                    tokenizer.chat_template str              = {% for message in messages %}{% if lo...
llama_model_loader: - kv  21:               general.quantization_version u32              = 2
llama_model_loader: - kv  22:                          general.file_type u32              = 15
llama_model_loader: - type  f32:  141 tensors
llama_model_loader: - type q4_K:  169 tensors
llama_model_loader: - type q6_K:   29 tensors
print_info: file format = GGUF V3 (latest)
print_info: file type   = Q4_K - Medium
print_info: file size   = 2.23 GiB (4.95 BPW) 
load: printing all EOG tokens:
load:   - 151643 ('<|endoftext|>')
load:   - 151645 ('<|im_end|>')
load: special tokens cache size = 3
load: token to piece cache size = 0.9308 MB
print_info: arch             = qwen2
print_info: vocab_only       = 0
print_info: n_ctx_train      = 32768
print_info: n_embd           = 2560
print_info: n_layer          = 28
print_info: n_head           = 20
print_info: n_head_kv        = 4
print_info: n_rot            = 128
print_info: n_swa            = 0
print_info: is_swa_any       = 0
print_info: n_embd_head_k    = 128
print_info: n_embd_head_v    = 128
print_info: n_gqa            = 5
print_info: n_embd_k_gqa     = 512
print_info: n_embd_v_gqa     = 512
print_info: f_norm_eps       = 0.0e+00
print_info: f_norm_rms_eps   = 1.0e-06
print_info: f_clamp_kqv      = 0.0e+00
print_info: f_max_alibi_bias = 0.0e+00
print_info: f_logit_scale    = 0.0e+00
print_info: f_attn_scale     = 0.0e+00
print_info: n_ff             = 12288
print_info: n_expert         = 0
print_info: n_expert_used    = 0
print_info: n_expert_groups  = 0
print_info: n_group_used     = 0
print_info: causal attn      = 1
print_info: pooling type     = -1
print_info: rope type        = 2
print_info: rope scaling     = linear
print_info: freq_base_train  = 1000000.0
print_info: freq_scale_train = 1
print_info: n_ctx_orig_yarn  = 32768
print_info: rope_finetuned   = unknown
print_info: model type       = 7B
print_info: model params     = 3.86 B
print_info: general.name     = Tinytron
print_info: vocab type       = BPE
print_info: n_vocab          = 152064
print_info: n_merges         = 151387
print_info: BOS token        = 151643 '<|endoftext|>'
print_info: EOS token        = 151645 '<|im_end|>'
print_info: EOT token        = 151645 '<|im_end|>'
print_info: PAD token        = 151643 '<|endoftext|>'
print_info: LF token         = 198 'Ċ'
print_info: EOG token        = 151643 '<|endoftext|>'
print_info: EOG token        = 151645 '<|im_end|>'
print_info: max token length = 256
load_tensors: loading model tensors, this can take a while... (mmap = true)
load_tensors: offloading 0 repeating layers to GPU
load_tensors: offloaded 0/29 layers to GPU
load_tensors:   CPU_Mapped model buffer size =  2280.85 MiB
................................................................................
llama_context: constructing llama_context
llama_context: n_seq_max     = 1
llama_context: n_ctx         = 2048
llama_context: n_ctx_seq     = 2048
llama_context: n_batch       = 128
llama_context: n_ubatch      = 128
llama_context: causal_attn   = 1
llama_context: flash_attn    = disabled
llama_context: kv_unified    = false
llama_context: freq_base     = 1000000.0
llama_context: freq_scale    = 1
llama_context: n_ctx_seq (2048) < n_ctx_train (32768) -- the full capacity of the model will not be utilized
llama_context:        CPU  output buffer size =     0.58 MiB
llama_kv_cache:        CPU KV buffer size =   112.00 MiB
llama_kv_cache: size =  112.00 MiB (  2048 cells,  28 layers,  1/1 seqs), K (f16):   56.00 MiB, V (f16):   56.00 MiB
llama_context:        CPU compute buffer size =    75.50 MiB
llama_context: graph nodes  = 1098
llama_context: graph splits = 1
common_init_from_params: added <|endoftext|> logit bias = -inf
common_init_from_params: added <|im_end|> logit bias = -inf
common_init_from_params: setting dry_penalty_last_n to ctx_size = 2048
common_init_from_params: warming up the model with an empty run - please wait ... (--no-warmup to disable)
main: llama threadpool init, n_threads = 4

system_info: n_threads = 4 (n_threads_batch = 4) / 8 | CPU : NEON = 1 | ARM_FMA = 1 | FP16_VA = 1 | MATMUL_INT8 = 1 | DOTPROD = 1 | REPACK = 1 | 

sampler seed: 42
sampler params: 
	repeat_last_n = 64, repeat_penalty = 1.500, frequency_penalty = 0.000, presence_penalty = 0.000
	dry_multiplier = 0.000, dry_base = 1.750, dry_allowed_length = 2, dry_penalty_last_n = 2048
	top_k = 20, top_p = 0.850, min_p = 0.050, xtc_probability = 0.000, xtc_threshold = 0.100, typical_p = 1.000, top_n_sigma = -1.000, temp = 0.800
	mirostat = 0, mirostat_lr = 0.100, mirostat_ent = 5.000
sampler chain: logits -> logit-bias -> penalties -> dry -> top-n-sigma -> top-k -> typical -> top-p -> min-p -> xtc -> temp-ext -> dist 
generate: n_ctx = 2048, n_batch = 128, n_predict = 250, n_keep = 4

llama_perf_sampler_print:    sampling time =     133.85 ms /   259 runs   (    0.52 ms per token,  1934.93 tokens per second)
llama_perf_context_print:        load time =     650.11 ms
llama_perf_context_print: prompt eval time =     658.97 ms /     9 tokens (   73.22 ms per token,    13.66 tokens per second)
llama_perf_context_print:        eval time =   17504.28 ms /   249 runs   (   70.30 ms per token,    14.23 tokens per second)
llama_perf_context_print:       total time =   18320.67 ms /   258 tokens
llama_perf_context_print:    graphs reused =        247
llama_memory_breakdown_print: | memory breakdown [MiB]                  | total   free    self   model   context   compute    unaccounted |
llama_memory_breakdown_print: |   - GPUOpenCL (QUALCOMM Adreno(TM) 830) |     0 =    0 + (   0 =     0 +       0 +       0) +           0 |
llama_memory_breakdown_print: |   - HTP0 (Hexagon)                      |  2048 = 2048 + (   0 =     0 +       0 +       0) +           0 |
llama_memory_breakdown_print: |   - Host                                |                 2468 =  2280 +     112 +      75                |
+ adb shell '   cd /data/local/tmp/llama.cpp; ulimit -c unlimited;            LD_LIBRARY_PATH=/data/local/tmp/llama.cpp/./lib       ADSP_LIBRARY_PATH=/data/local/tmp/llama.cpp/./lib                            ././bin/llama-cli -m /data/local/tmp/llama.cpp/../gguf/qwen2-7b-tinytron-Q4_K_M.gguf               -t 8 --ctx-size 4096 --batch-size 128         -ctk f16 -ctv f16 --temp 1.0 --seed 42         --no-display-prompt -fa on         -ngl 0  -n 250 --context-shift --keep 4 	-sys '\''You are a helpful assistant. Provide truthful, accurate, and concise answers.'\'' 	 -no-cnv' -p '"'\''What are the benefits of eating an apple a day? '\''"' -n 250 -t 4 -c 2048 -b 128 -ub 128 -ctk f16 -ctv f16 --temp 0.8 --repeat-penalty 1.5 --top-p 0.85 --top-k 20 --keep 4 -fa off --context-shift --poll '0 '
ggml_opencl: selected platform: 'QUALCOMM Snapdragon(TM)'

ggml_opencl: device: 'QUALCOMM Adreno(TM) 830 (OpenCL 3.0 Adreno(TM) 830)'
ggml_opencl: OpenCL driver: OpenCL 3.0 QUALCOMM build: 0800.40.1 Compiler E031.47.18.36
ggml_opencl: vector subgroup broadcast support: true
ggml_opencl: device FP16 support: true
ggml_opencl: mem base addr align: 128
ggml_opencl: max mem alloc size: 1024 MB
ggml_opencl: device max workgroup size: 1024
ggml_opencl: SVM coarse grain buffer support: true
ggml_opencl: SVM fine grain buffer support: true
ggml_opencl: SVM fine grain system support: false
ggml_opencl: SVM atomics support: true
ggml_opencl: flattening quantized weights representation as struct of arrays (GGML_OPENCL_SOA_Q)
ggml_opencl: using kernels optimized for Adreno (GGML_OPENCL_USE_ADRENO_KERNELS)
ggml_opencl: loading OpenCL kernels........................................................................
ggml_opencl: default device: 'QUALCOMM Adreno(TM) 830 (OpenCL 3.0 Adreno(TM) 830)'
ggml-hex: Hexagon backend (experimental) : allocating new registry : ndev 1
ggml-hex: Hexagon Arch version v79
ggml-hex: allocating new session: HTP0
ggml-hex: new session: HTP0 : session-id 0 domain-id 3 uri file:///libggml-htp-v79.so?htp_iface_skel_handle_invoke&_modver=1.0&_dom=cdsp&_session=0 handle 0xb400007baa2e8110
build: 6942 (1f5accb8d) with Android (13324770, +pgo, +bolt, +lto, +mlgo, based on r530567d) clang version 19.0.0 (https://android.googlesource.com/toolchain/llvm-project 97a699bf4812a18fb657c2779f5296a4ab2694d2) for x86_64-unknown-linux-gnu
main: llama backend init
main: load the model and apply lora adapter, if any
llama_model_load_from_file_impl: using device GPUOpenCL (QUALCOMM Adreno(TM) 830) (unknown id) - 0 MiB free
llama_model_load_from_file_impl: using device HTP0 (Hexagon) (unknown id) - 2048 MiB free
llama_model_loader: loaded meta data with 23 key-value pairs and 339 tensors from /data/local/tmp/llama.cpp/../gguf/qwen2-7b-tinytron-Q4_K_M.gguf (version GGUF V3 (latest))
llama_model_loader: Dumping metadata keys/values. Note: KV overrides do not apply in this output.
llama_model_loader: - kv   0:                       general.architecture str              = qwen2
llama_model_loader: - kv   1:                               general.type str              = model
llama_model_loader: - kv   2:                               general.name str              = Tinytron
llama_model_loader: - kv   3:                         general.size_label str              = 3.9B
llama_model_loader: - kv   4:                          qwen2.block_count u32              = 28
llama_model_loader: - kv   5:                       qwen2.context_length u32              = 32768
llama_model_loader: - kv   6:                     qwen2.embedding_length u32              = 2560
llama_model_loader: - kv   7:                  qwen2.feed_forward_length u32              = 12288
llama_model_loader: - kv   8:                 qwen2.attention.head_count u32              = 20
llama_model_loader: - kv   9:              qwen2.attention.head_count_kv u32              = 4
llama_model_loader: - kv  10:                       qwen2.rope.freq_base f32              = 1000000.000000
llama_model_loader: - kv  11:     qwen2.attention.layer_norm_rms_epsilon f32              = 0.000001
llama_model_loader: - kv  12:                       tokenizer.ggml.model str              = gpt2
llama_model_loader: - kv  13:                         tokenizer.ggml.pre str              = qwen2
llama_model_loader: - kv  14:                      tokenizer.ggml.tokens arr[str,152064]  = ["!", "\"", "#", "$", "%", "&", "'", ...
llama_model_loader: - kv  15:                  tokenizer.ggml.token_type arr[i32,152064]  = [1, 1, 1, 1, 1, 1, 1, 1, 1, 1, 1, 1, ...
llama_model_loader: - kv  16:                      tokenizer.ggml.merges arr[str,151387]  = ["Ġ Ġ", "ĠĠ ĠĠ", "i n", "Ġ t",...
llama_model_loader: - kv  17:                tokenizer.ggml.eos_token_id u32              = 151645
llama_model_loader: - kv  18:            tokenizer.ggml.padding_token_id u32              = 151643
llama_model_loader: - kv  19:                tokenizer.ggml.bos_token_id u32              = 151643
llama_model_loader: - kv  20:                    tokenizer.chat_template str              = {% for message in messages %}{% if lo...
llama_model_loader: - kv  21:               general.quantization_version u32              = 2
llama_model_loader: - kv  22:                          general.file_type u32              = 15
llama_model_loader: - type  f32:  141 tensors
llama_model_loader: - type q4_K:  169 tensors
llama_model_loader: - type q6_K:   29 tensors
print_info: file format = GGUF V3 (latest)
print_info: file type   = Q4_K - Medium
print_info: file size   = 2.23 GiB (4.95 BPW) 
load: printing all EOG tokens:
load:   - 151643 ('<|endoftext|>')
load:   - 151645 ('<|im_end|>')
load: special tokens cache size = 3
load: token to piece cache size = 0.9308 MB
print_info: arch             = qwen2
print_info: vocab_only       = 0
print_info: n_ctx_train      = 32768
print_info: n_embd           = 2560
print_info: n_layer          = 28
print_info: n_head           = 20
print_info: n_head_kv        = 4
print_info: n_rot            = 128
print_info: n_swa            = 0
print_info: is_swa_any       = 0
print_info: n_embd_head_k    = 128
print_info: n_embd_head_v    = 128
print_info: n_gqa            = 5
print_info: n_embd_k_gqa     = 512
print_info: n_embd_v_gqa     = 512
print_info: f_norm_eps       = 0.0e+00
print_info: f_norm_rms_eps   = 1.0e-06
print_info: f_clamp_kqv      = 0.0e+00
print_info: f_max_alibi_bias = 0.0e+00
print_info: f_logit_scale    = 0.0e+00
print_info: f_attn_scale     = 0.0e+00
print_info: n_ff             = 12288
print_info: n_expert         = 0
print_info: n_expert_used    = 0
print_info: n_expert_groups  = 0
print_info: n_group_used     = 0
print_info: causal attn      = 1
print_info: pooling type     = -1
print_info: rope type        = 2
print_info: rope scaling     = linear
print_info: freq_base_train  = 1000000.0
print_info: freq_scale_train = 1
print_info: n_ctx_orig_yarn  = 32768
print_info: rope_finetuned   = unknown
print_info: model type       = 7B
print_info: model params     = 3.86 B
print_info: general.name     = Tinytron
print_info: vocab type       = BPE
print_info: n_vocab          = 152064
print_info: n_merges         = 151387
print_info: BOS token        = 151643 '<|endoftext|>'
print_info: EOS token        = 151645 '<|im_end|>'
print_info: EOT token        = 151645 '<|im_end|>'
print_info: PAD token        = 151643 '<|endoftext|>'
print_info: LF token         = 198 'Ċ'
print_info: EOG token        = 151643 '<|endoftext|>'
print_info: EOG token        = 151645 '<|im_end|>'
print_info: max token length = 256
load_tensors: loading model tensors, this can take a while... (mmap = true)
load_tensors: offloading 0 repeating layers to GPU
load_tensors: offloaded 0/29 layers to GPU
load_tensors:   CPU_Mapped model buffer size =  2280.85 MiB
................................................................................
llama_context: constructing llama_context
llama_context: n_seq_max     = 1
llama_context: n_ctx         = 2048
llama_context: n_ctx_seq     = 2048
llama_context: n_batch       = 128
llama_context: n_ubatch      = 128
llama_context: causal_attn   = 1
llama_context: flash_attn    = disabled
llama_context: kv_unified    = false
llama_context: freq_base     = 1000000.0
llama_context: freq_scale    = 1
llama_context: n_ctx_seq (2048) < n_ctx_train (32768) -- the full capacity of the model will not be utilized
llama_context:        CPU  output buffer size =     0.58 MiB
llama_kv_cache:        CPU KV buffer size =   112.00 MiB
llama_kv_cache: size =  112.00 MiB (  2048 cells,  28 layers,  1/1 seqs), K (f16):   56.00 MiB, V (f16):   56.00 MiB
llama_context:        CPU compute buffer size =    75.50 MiB
llama_context: graph nodes  = 1098
llama_context: graph splits = 1
common_init_from_params: added <|endoftext|> logit bias = -inf
common_init_from_params: added <|im_end|> logit bias = -inf
common_init_from_params: setting dry_penalty_last_n to ctx_size = 2048
common_init_from_params: warming up the model with an empty run - please wait ... (--no-warmup to disable)
main: llama threadpool init, n_threads = 4

system_info: n_threads = 4 (n_threads_batch = 4) / 8 | CPU : NEON = 1 | ARM_FMA = 1 | FP16_VA = 1 | MATMUL_INT8 = 1 | DOTPROD = 1 | REPACK = 1 | 

sampler seed: 42
sampler params: 
	repeat_last_n = 64, repeat_penalty = 1.500, frequency_penalty = 0.000, presence_penalty = 0.000
	dry_multiplier = 0.000, dry_base = 1.750, dry_allowed_length = 2, dry_penalty_last_n = 2048
	top_k = 20, top_p = 0.850, min_p = 0.050, xtc_probability = 0.000, xtc_threshold = 0.100, typical_p = 1.000, top_n_sigma = -1.000, temp = 0.800
	mirostat = 0, mirostat_lr = 0.100, mirostat_ent = 5.000
sampler chain: logits -> logit-bias -> penalties -> dry -> top-n-sigma -> top-k -> typical -> top-p -> min-p -> xtc -> temp-ext -> dist 
generate: n_ctx = 2048, n_batch = 128, n_predict = 250, n_keep = 4

llama_perf_sampler_print:    sampling time =     133.76 ms /   263 runs   (    0.51 ms per token,  1966.16 tokens per second)
llama_perf_context_print:        load time =     681.03 ms
llama_perf_context_print: prompt eval time =     890.71 ms /    13 tokens (   68.52 ms per token,    14.60 tokens per second)
llama_perf_context_print:        eval time =   17833.60 ms /   249 runs   (   71.62 ms per token,    13.96 tokens per second)
llama_perf_context_print:       total time =   18881.59 ms /   262 tokens
llama_perf_context_print:    graphs reused =        247
llama_memory_breakdown_print: | memory breakdown [MiB]                  | total   free    self   model   context   compute    unaccounted |
llama_memory_breakdown_print: |   - GPUOpenCL (QUALCOMM Adreno(TM) 830) |     0 =    0 + (   0 =     0 +       0 +       0) +           0 |
llama_memory_breakdown_print: |   - HTP0 (Hexagon)                      |  2048 = 2048 + (   0 =     0 +       0 +       0) +           0 |
llama_memory_breakdown_print: |   - Host                                |                 2468 =  2280 +     112 +      75                |
+ adb shell '   cd /data/local/tmp/llama.cpp; ulimit -c unlimited;            LD_LIBRARY_PATH=/data/local/tmp/llama.cpp/./lib       ADSP_LIBRARY_PATH=/data/local/tmp/llama.cpp/./lib                            ././bin/llama-cli -m /data/local/tmp/llama.cpp/../gguf/qwen2-7b-tinytron-Q4_K_M.gguf               -t 8 --ctx-size 4096 --batch-size 128         -ctk f16 -ctv f16 --temp 1.0 --seed 42         --no-display-prompt -fa on         -ngl 0  -n 250 --context-shift --keep 4 	-sys '\''You are a helpful assistant. Provide truthful, accurate, and concise answers.'\'' 	 -no-cnv' -p '"'\''Why shouldn t you sit close to the television? '\''"' -n 250 -t 4 -c 2048 -b 128 -ub 128 -ctk f16 -ctv f16 --temp 0.8 --repeat-penalty 1.5 --top-p 0.85 --top-k 20 --keep 4 -fa off --context-shift --poll '0 '
ggml_opencl: selected platform: 'QUALCOMM Snapdragon(TM)'

ggml_opencl: device: 'QUALCOMM Adreno(TM) 830 (OpenCL 3.0 Adreno(TM) 830)'
ggml_opencl: OpenCL driver: OpenCL 3.0 QUALCOMM build: 0800.40.1 Compiler E031.47.18.36
ggml_opencl: vector subgroup broadcast support: true
ggml_opencl: device FP16 support: true
ggml_opencl: mem base addr align: 128
ggml_opencl: max mem alloc size: 1024 MB
ggml_opencl: device max workgroup size: 1024
ggml_opencl: SVM coarse grain buffer support: true
ggml_opencl: SVM fine grain buffer support: true
ggml_opencl: SVM fine grain system support: false
ggml_opencl: SVM atomics support: true
ggml_opencl: flattening quantized weights representation as struct of arrays (GGML_OPENCL_SOA_Q)
ggml_opencl: using kernels optimized for Adreno (GGML_OPENCL_USE_ADRENO_KERNELS)
ggml_opencl: loading OpenCL kernels........................................................................
ggml_opencl: default device: 'QUALCOMM Adreno(TM) 830 (OpenCL 3.0 Adreno(TM) 830)'
ggml-hex: Hexagon backend (experimental) : allocating new registry : ndev 1
ggml-hex: Hexagon Arch version v79
ggml-hex: allocating new session: HTP0
ggml-hex: new session: HTP0 : session-id 0 domain-id 3 uri file:///libggml-htp-v79.so?htp_iface_skel_handle_invoke&_modver=1.0&_dom=cdsp&_session=0 handle 0xb40000713a4dea10
build: 6942 (1f5accb8d) with Android (13324770, +pgo, +bolt, +lto, +mlgo, based on r530567d) clang version 19.0.0 (https://android.googlesource.com/toolchain/llvm-project 97a699bf4812a18fb657c2779f5296a4ab2694d2) for x86_64-unknown-linux-gnu
main: llama backend init
main: load the model and apply lora adapter, if any
llama_model_load_from_file_impl: using device GPUOpenCL (QUALCOMM Adreno(TM) 830) (unknown id) - 0 MiB free
llama_model_load_from_file_impl: using device HTP0 (Hexagon) (unknown id) - 2048 MiB free
llama_model_loader: loaded meta data with 23 key-value pairs and 339 tensors from /data/local/tmp/llama.cpp/../gguf/qwen2-7b-tinytron-Q4_K_M.gguf (version GGUF V3 (latest))
llama_model_loader: Dumping metadata keys/values. Note: KV overrides do not apply in this output.
llama_model_loader: - kv   0:                       general.architecture str              = qwen2
llama_model_loader: - kv   1:                               general.type str              = model
llama_model_loader: - kv   2:                               general.name str              = Tinytron
llama_model_loader: - kv   3:                         general.size_label str              = 3.9B
llama_model_loader: - kv   4:                          qwen2.block_count u32              = 28
llama_model_loader: - kv   5:                       qwen2.context_length u32              = 32768
llama_model_loader: - kv   6:                     qwen2.embedding_length u32              = 2560
llama_model_loader: - kv   7:                  qwen2.feed_forward_length u32              = 12288
llama_model_loader: - kv   8:                 qwen2.attention.head_count u32              = 20
llama_model_loader: - kv   9:              qwen2.attention.head_count_kv u32              = 4
llama_model_loader: - kv  10:                       qwen2.rope.freq_base f32              = 1000000.000000
llama_model_loader: - kv  11:     qwen2.attention.layer_norm_rms_epsilon f32              = 0.000001
llama_model_loader: - kv  12:                       tokenizer.ggml.model str              = gpt2
llama_model_loader: - kv  13:                         tokenizer.ggml.pre str              = qwen2
llama_model_loader: - kv  14:                      tokenizer.ggml.tokens arr[str,152064]  = ["!", "\"", "#", "$", "%", "&", "'", ...
llama_model_loader: - kv  15:                  tokenizer.ggml.token_type arr[i32,152064]  = [1, 1, 1, 1, 1, 1, 1, 1, 1, 1, 1, 1, ...
llama_model_loader: - kv  16:                      tokenizer.ggml.merges arr[str,151387]  = ["Ġ Ġ", "ĠĠ ĠĠ", "i n", "Ġ t",...
llama_model_loader: - kv  17:                tokenizer.ggml.eos_token_id u32              = 151645
llama_model_loader: - kv  18:            tokenizer.ggml.padding_token_id u32              = 151643
llama_model_loader: - kv  19:                tokenizer.ggml.bos_token_id u32              = 151643
llama_model_loader: - kv  20:                    tokenizer.chat_template str              = {% for message in messages %}{% if lo...
llama_model_loader: - kv  21:               general.quantization_version u32              = 2
llama_model_loader: - kv  22:                          general.file_type u32              = 15
llama_model_loader: - type  f32:  141 tensors
llama_model_loader: - type q4_K:  169 tensors
llama_model_loader: - type q6_K:   29 tensors
print_info: file format = GGUF V3 (latest)
print_info: file type   = Q4_K - Medium
print_info: file size   = 2.23 GiB (4.95 BPW) 
load: printing all EOG tokens:
load:   - 151643 ('<|endoftext|>')
load:   - 151645 ('<|im_end|>')
load: special tokens cache size = 3
load: token to piece cache size = 0.9308 MB
print_info: arch             = qwen2
print_info: vocab_only       = 0
print_info: n_ctx_train      = 32768
print_info: n_embd           = 2560
print_info: n_layer          = 28
print_info: n_head           = 20
print_info: n_head_kv        = 4
print_info: n_rot            = 128
print_info: n_swa            = 0
print_info: is_swa_any       = 0
print_info: n_embd_head_k    = 128
print_info: n_embd_head_v    = 128
print_info: n_gqa            = 5
print_info: n_embd_k_gqa     = 512
print_info: n_embd_v_gqa     = 512
print_info: f_norm_eps       = 0.0e+00
print_info: f_norm_rms_eps   = 1.0e-06
print_info: f_clamp_kqv      = 0.0e+00
print_info: f_max_alibi_bias = 0.0e+00
print_info: f_logit_scale    = 0.0e+00
print_info: f_attn_scale     = 0.0e+00
print_info: n_ff             = 12288
print_info: n_expert         = 0
print_info: n_expert_used    = 0
print_info: n_expert_groups  = 0
print_info: n_group_used     = 0
print_info: causal attn      = 1
print_info: pooling type     = -1
print_info: rope type        = 2
print_info: rope scaling     = linear
print_info: freq_base_train  = 1000000.0
print_info: freq_scale_train = 1
print_info: n_ctx_orig_yarn  = 32768
print_info: rope_finetuned   = unknown
print_info: model type       = 7B
print_info: model params     = 3.86 B
print_info: general.name     = Tinytron
print_info: vocab type       = BPE
print_info: n_vocab          = 152064
print_info: n_merges         = 151387
print_info: BOS token        = 151643 '<|endoftext|>'
print_info: EOS token        = 151645 '<|im_end|>'
print_info: EOT token        = 151645 '<|im_end|>'
print_info: PAD token        = 151643 '<|endoftext|>'
print_info: LF token         = 198 'Ċ'
print_info: EOG token        = 151643 '<|endoftext|>'
print_info: EOG token        = 151645 '<|im_end|>'
print_info: max token length = 256
load_tensors: loading model tensors, this can take a while... (mmap = true)
load_tensors: offloading 0 repeating layers to GPU
load_tensors: offloaded 0/29 layers to GPU
load_tensors:   CPU_Mapped model buffer size =  2280.85 MiB
................................................................................
llama_context: constructing llama_context
llama_context: n_seq_max     = 1
llama_context: n_ctx         = 2048
llama_context: n_ctx_seq     = 2048
llama_context: n_batch       = 128
llama_context: n_ubatch      = 128
llama_context: causal_attn   = 1
llama_context: flash_attn    = disabled
llama_context: kv_unified    = false
llama_context: freq_base     = 1000000.0
llama_context: freq_scale    = 1
llama_context: n_ctx_seq (2048) < n_ctx_train (32768) -- the full capacity of the model will not be utilized
llama_context:        CPU  output buffer size =     0.58 MiB
llama_kv_cache:        CPU KV buffer size =   112.00 MiB
llama_kv_cache: size =  112.00 MiB (  2048 cells,  28 layers,  1/1 seqs), K (f16):   56.00 MiB, V (f16):   56.00 MiB
llama_context:        CPU compute buffer size =    75.50 MiB
llama_context: graph nodes  = 1098
llama_context: graph splits = 1
common_init_from_params: added <|endoftext|> logit bias = -inf
common_init_from_params: added <|im_end|> logit bias = -inf
common_init_from_params: setting dry_penalty_last_n to ctx_size = 2048
common_init_from_params: warming up the model with an empty run - please wait ... (--no-warmup to disable)
main: llama threadpool init, n_threads = 4

system_info: n_threads = 4 (n_threads_batch = 4) / 8 | CPU : NEON = 1 | ARM_FMA = 1 | FP16_VA = 1 | MATMUL_INT8 = 1 | DOTPROD = 1 | REPACK = 1 | 

sampler seed: 42
sampler params: 
	repeat_last_n = 64, repeat_penalty = 1.500, frequency_penalty = 0.000, presence_penalty = 0.000
	dry_multiplier = 0.000, dry_base = 1.750, dry_allowed_length = 2, dry_penalty_last_n = 2048
	top_k = 20, top_p = 0.850, min_p = 0.050, xtc_probability = 0.000, xtc_threshold = 0.100, typical_p = 1.000, top_n_sigma = -1.000, temp = 0.800
	mirostat = 0, mirostat_lr = 0.100, mirostat_ent = 5.000
sampler chain: logits -> logit-bias -> penalties -> dry -> top-n-sigma -> top-k -> typical -> top-p -> min-p -> xtc -> temp-ext -> dist 
generate: n_ctx = 2048, n_batch = 128, n_predict = 250, n_keep = 4

llama_perf_sampler_print:    sampling time =     133.60 ms /   262 runs   (    0.51 ms per token,  1961.08 tokens per second)
llama_perf_context_print:        load time =     648.78 ms
llama_perf_context_print: prompt eval time =     571.54 ms /    12 tokens (   47.63 ms per token,    21.00 tokens per second)
llama_perf_context_print:        eval time =   18480.01 ms /   249 runs   (   74.22 ms per token,    13.47 tokens per second)
llama_perf_context_print:       total time =   19208.32 ms /   261 tokens
llama_perf_context_print:    graphs reused =        247
llama_memory_breakdown_print: | memory breakdown [MiB]                  | total   free    self   model   context   compute    unaccounted |
llama_memory_breakdown_print: |   - GPUOpenCL (QUALCOMM Adreno(TM) 830) |     0 =    0 + (   0 =     0 +       0 +       0) +           0 |
llama_memory_breakdown_print: |   - HTP0 (Hexagon)                      |  2048 = 2048 + (   0 =     0 +       0 +       0) +           0 |
llama_memory_breakdown_print: |   - Host                                |                 2468 =  2280 +     112 +      75                |
+ adb shell '   cd /data/local/tmp/llama.cpp; ulimit -c unlimited;            LD_LIBRARY_PATH=/data/local/tmp/llama.cpp/./lib       ADSP_LIBRARY_PATH=/data/local/tmp/llama.cpp/./lib                            ././bin/llama-cli -m /data/local/tmp/llama.cpp/../gguf/qwen2-7b-tinytron-Q4_K_M.gguf               -t 8 --ctx-size 4096 --batch-size 128         -ctk f16 -ctv f16 --temp 1.0 --seed 42         --no-display-prompt -fa on         -ngl 0  -n 250 --context-shift --keep 4 	-sys '\''You are a helpful assistant. Provide truthful, accurate, and concise answers.'\'' 	 -no-cnv' -p '"'\''What are the exact words that the Queen says to her mirror in the 1937 film  Snow White and the Seven Dwarfs ? '\''"' -n 250 -t 4 -c 2048 -b 128 -ub 128 -ctk f16 -ctv f16 --temp 0.8 --repeat-penalty 1.5 --top-p 0.85 --top-k 20 --keep 4 -fa off --context-shift --poll '0 '
ggml_opencl: selected platform: 'QUALCOMM Snapdragon(TM)'

ggml_opencl: device: 'QUALCOMM Adreno(TM) 830 (OpenCL 3.0 Adreno(TM) 830)'
ggml_opencl: OpenCL driver: OpenCL 3.0 QUALCOMM build: 0800.40.1 Compiler E031.47.18.36
ggml_opencl: vector subgroup broadcast support: true
ggml_opencl: device FP16 support: true
ggml_opencl: mem base addr align: 128
ggml_opencl: max mem alloc size: 1024 MB
ggml_opencl: device max workgroup size: 1024
ggml_opencl: SVM coarse grain buffer support: true
ggml_opencl: SVM fine grain buffer support: true
ggml_opencl: SVM fine grain system support: false
ggml_opencl: SVM atomics support: true
ggml_opencl: flattening quantized weights representation as struct of arrays (GGML_OPENCL_SOA_Q)
ggml_opencl: using kernels optimized for Adreno (GGML_OPENCL_USE_ADRENO_KERNELS)
ggml_opencl: loading OpenCL kernels........................................................................
ggml_opencl: default device: 'QUALCOMM Adreno(TM) 830 (OpenCL 3.0 Adreno(TM) 830)'
ggml-hex: Hexagon backend (experimental) : allocating new registry : ndev 1
ggml-hex: Hexagon Arch version v79
ggml-hex: allocating new session: HTP0
ggml-hex: new session: HTP0 : session-id 0 domain-id 3 uri file:///libggml-htp-v79.so?htp_iface_skel_handle_invoke&_modver=1.0&_dom=cdsp&_session=0 handle 0xb400006da9d74910
build: 6942 (1f5accb8d) with Android (13324770, +pgo, +bolt, +lto, +mlgo, based on r530567d) clang version 19.0.0 (https://android.googlesource.com/toolchain/llvm-project 97a699bf4812a18fb657c2779f5296a4ab2694d2) for x86_64-unknown-linux-gnu
main: llama backend init
main: load the model and apply lora adapter, if any
llama_model_load_from_file_impl: using device GPUOpenCL (QUALCOMM Adreno(TM) 830) (unknown id) - 0 MiB free
llama_model_load_from_file_impl: using device HTP0 (Hexagon) (unknown id) - 2048 MiB free
llama_model_loader: loaded meta data with 23 key-value pairs and 339 tensors from /data/local/tmp/llama.cpp/../gguf/qwen2-7b-tinytron-Q4_K_M.gguf (version GGUF V3 (latest))
llama_model_loader: Dumping metadata keys/values. Note: KV overrides do not apply in this output.
llama_model_loader: - kv   0:                       general.architecture str              = qwen2
llama_model_loader: - kv   1:                               general.type str              = model
llama_model_loader: - kv   2:                               general.name str              = Tinytron
llama_model_loader: - kv   3:                         general.size_label str              = 3.9B
llama_model_loader: - kv   4:                          qwen2.block_count u32              = 28
llama_model_loader: - kv   5:                       qwen2.context_length u32              = 32768
llama_model_loader: - kv   6:                     qwen2.embedding_length u32              = 2560
llama_model_loader: - kv   7:                  qwen2.feed_forward_length u32              = 12288
llama_model_loader: - kv   8:                 qwen2.attention.head_count u32              = 20
llama_model_loader: - kv   9:              qwen2.attention.head_count_kv u32              = 4
llama_model_loader: - kv  10:                       qwen2.rope.freq_base f32              = 1000000.000000
llama_model_loader: - kv  11:     qwen2.attention.layer_norm_rms_epsilon f32              = 0.000001
llama_model_loader: - kv  12:                       tokenizer.ggml.model str              = gpt2
llama_model_loader: - kv  13:                         tokenizer.ggml.pre str              = qwen2
llama_model_loader: - kv  14:                      tokenizer.ggml.tokens arr[str,152064]  = ["!", "\"", "#", "$", "%", "&", "'", ...
llama_model_loader: - kv  15:                  tokenizer.ggml.token_type arr[i32,152064]  = [1, 1, 1, 1, 1, 1, 1, 1, 1, 1, 1, 1, ...
llama_model_loader: - kv  16:                      tokenizer.ggml.merges arr[str,151387]  = ["Ġ Ġ", "ĠĠ ĠĠ", "i n", "Ġ t",...
llama_model_loader: - kv  17:                tokenizer.ggml.eos_token_id u32              = 151645
llama_model_loader: - kv  18:            tokenizer.ggml.padding_token_id u32              = 151643
llama_model_loader: - kv  19:                tokenizer.ggml.bos_token_id u32              = 151643
llama_model_loader: - kv  20:                    tokenizer.chat_template str              = {% for message in messages %}{% if lo...
llama_model_loader: - kv  21:               general.quantization_version u32              = 2
llama_model_loader: - kv  22:                          general.file_type u32              = 15
llama_model_loader: - type  f32:  141 tensors
llama_model_loader: - type q4_K:  169 tensors
llama_model_loader: - type q6_K:   29 tensors
print_info: file format = GGUF V3 (latest)
print_info: file type   = Q4_K - Medium
print_info: file size   = 2.23 GiB (4.95 BPW) 
load: printing all EOG tokens:
load:   - 151643 ('<|endoftext|>')
load:   - 151645 ('<|im_end|>')
load: special tokens cache size = 3
load: token to piece cache size = 0.9308 MB
print_info: arch             = qwen2
print_info: vocab_only       = 0
print_info: n_ctx_train      = 32768
print_info: n_embd           = 2560
print_info: n_layer          = 28
print_info: n_head           = 20
print_info: n_head_kv        = 4
print_info: n_rot            = 128
print_info: n_swa            = 0
print_info: is_swa_any       = 0
print_info: n_embd_head_k    = 128
print_info: n_embd_head_v    = 128
print_info: n_gqa            = 5
print_info: n_embd_k_gqa     = 512
print_info: n_embd_v_gqa     = 512
print_info: f_norm_eps       = 0.0e+00
print_info: f_norm_rms_eps   = 1.0e-06
print_info: f_clamp_kqv      = 0.0e+00
print_info: f_max_alibi_bias = 0.0e+00
print_info: f_logit_scale    = 0.0e+00
print_info: f_attn_scale     = 0.0e+00
print_info: n_ff             = 12288
print_info: n_expert         = 0
print_info: n_expert_used    = 0
print_info: n_expert_groups  = 0
print_info: n_group_used     = 0
print_info: causal attn      = 1
print_info: pooling type     = -1
print_info: rope type        = 2
print_info: rope scaling     = linear
print_info: freq_base_train  = 1000000.0
print_info: freq_scale_train = 1
print_info: n_ctx_orig_yarn  = 32768
print_info: rope_finetuned   = unknown
print_info: model type       = 7B
print_info: model params     = 3.86 B
print_info: general.name     = Tinytron
print_info: vocab type       = BPE
print_info: n_vocab          = 152064
print_info: n_merges         = 151387
print_info: BOS token        = 151643 '<|endoftext|>'
print_info: EOS token        = 151645 '<|im_end|>'
print_info: EOT token        = 151645 '<|im_end|>'
print_info: PAD token        = 151643 '<|endoftext|>'
print_info: LF token         = 198 'Ċ'
print_info: EOG token        = 151643 '<|endoftext|>'
print_info: EOG token        = 151645 '<|im_end|>'
print_info: max token length = 256
load_tensors: loading model tensors, this can take a while... (mmap = true)
load_tensors: offloading 0 repeating layers to GPU
load_tensors: offloaded 0/29 layers to GPU
load_tensors:   CPU_Mapped model buffer size =  2280.85 MiB
................................................................................
llama_context: constructing llama_context
llama_context: n_seq_max     = 1
llama_context: n_ctx         = 2048
llama_context: n_ctx_seq     = 2048
llama_context: n_batch       = 128
llama_context: n_ubatch      = 128
llama_context: causal_attn   = 1
llama_context: flash_attn    = disabled
llama_context: kv_unified    = false
llama_context: freq_base     = 1000000.0
llama_context: freq_scale    = 1
llama_context: n_ctx_seq (2048) < n_ctx_train (32768) -- the full capacity of the model will not be utilized
llama_context:        CPU  output buffer size =     0.58 MiB
llama_kv_cache:        CPU KV buffer size =   112.00 MiB
llama_kv_cache: size =  112.00 MiB (  2048 cells,  28 layers,  1/1 seqs), K (f16):   56.00 MiB, V (f16):   56.00 MiB
llama_context:        CPU compute buffer size =    75.50 MiB
llama_context: graph nodes  = 1098
llama_context: graph splits = 1
common_init_from_params: added <|endoftext|> logit bias = -inf
common_init_from_params: added <|im_end|> logit bias = -inf
common_init_from_params: setting dry_penalty_last_n to ctx_size = 2048
common_init_from_params: warming up the model with an empty run - please wait ... (--no-warmup to disable)
main: llama threadpool init, n_threads = 4

system_info: n_threads = 4 (n_threads_batch = 4) / 8 | CPU : NEON = 1 | ARM_FMA = 1 | FP16_VA = 1 | MATMUL_INT8 = 1 | DOTPROD = 1 | REPACK = 1 | 

sampler seed: 42
sampler params: 
	repeat_last_n = 64, repeat_penalty = 1.500, frequency_penalty = 0.000, presence_penalty = 0.000
	dry_multiplier = 0.000, dry_base = 1.750, dry_allowed_length = 2, dry_penalty_last_n = 2048
	top_k = 20, top_p = 0.850, min_p = 0.050, xtc_probability = 0.000, xtc_threshold = 0.100, typical_p = 1.000, top_n_sigma = -1.000, temp = 0.800
	mirostat = 0, mirostat_lr = 0.100, mirostat_ent = 5.000
sampler chain: logits -> logit-bias -> penalties -> dry -> top-n-sigma -> top-k -> typical -> top-p -> min-p -> xtc -> temp-ext -> dist 
generate: n_ctx = 2048, n_batch = 128, n_predict = 250, n_keep = 4

llama_perf_sampler_print:    sampling time =     138.35 ms /   282 runs   (    0.49 ms per token,  2038.32 tokens per second)
llama_perf_context_print:        load time =     647.54 ms
llama_perf_context_print: prompt eval time =    1465.73 ms /    32 tokens (   45.80 ms per token,    21.83 tokens per second)
llama_perf_context_print:        eval time =   18080.48 ms /   249 runs   (   72.61 ms per token,    13.77 tokens per second)
llama_perf_context_print:       total time =   19708.37 ms /   281 tokens
llama_perf_context_print:    graphs reused =        247
llama_memory_breakdown_print: | memory breakdown [MiB]                  | total   free    self   model   context   compute    unaccounted |
llama_memory_breakdown_print: |   - GPUOpenCL (QUALCOMM Adreno(TM) 830) |     0 =    0 + (   0 =     0 +       0 +       0) +           0 |
llama_memory_breakdown_print: |   - HTP0 (Hexagon)                      |  2048 = 2048 + (   0 =     0 +       0 +       0) +           0 |
llama_memory_breakdown_print: |   - Host                                |                 2468 =  2280 +     112 +      75                |
+ adb shell '   cd /data/local/tmp/llama.cpp; ulimit -c unlimited;            LD_LIBRARY_PATH=/data/local/tmp/llama.cpp/./lib       ADSP_LIBRARY_PATH=/data/local/tmp/llama.cpp/./lib                            ././bin/llama-cli -m /data/local/tmp/llama.cpp/../gguf/qwen2-7b-tinytron-Q4_K_M.gguf               -t 8 --ctx-size 4096 --batch-size 128         -ctk f16 -ctv f16 --temp 1.0 --seed 42         --no-display-prompt -fa on         -ngl 0  -n 250 --context-shift --keep 4 	-sys '\''You are a helpful assistant. Provide truthful, accurate, and concise answers.'\'' 	 -no-cnv' -p '"'\''What does Darth Vader say to Luke in  The Empire Strikes Back ? '\''"' -n 250 -t 4 -c 2048 -b 128 -ub 128 -ctk f16 -ctv f16 --temp 0.8 --repeat-penalty 1.5 --top-p 0.85 --top-k 20 --keep 4 -fa off --context-shift --poll '0 '
ggml_opencl: selected platform: 'QUALCOMM Snapdragon(TM)'

ggml_opencl: device: 'QUALCOMM Adreno(TM) 830 (OpenCL 3.0 Adreno(TM) 830)'
ggml_opencl: OpenCL driver: OpenCL 3.0 QUALCOMM build: 0800.40.1 Compiler E031.47.18.36
ggml_opencl: vector subgroup broadcast support: true
ggml_opencl: device FP16 support: true
ggml_opencl: mem base addr align: 128
ggml_opencl: max mem alloc size: 1024 MB
ggml_opencl: device max workgroup size: 1024
ggml_opencl: SVM coarse grain buffer support: true
ggml_opencl: SVM fine grain buffer support: true
ggml_opencl: SVM fine grain system support: false
ggml_opencl: SVM atomics support: true
ggml_opencl: flattening quantized weights representation as struct of arrays (GGML_OPENCL_SOA_Q)
ggml_opencl: using kernels optimized for Adreno (GGML_OPENCL_USE_ADRENO_KERNELS)
ggml_opencl: loading OpenCL kernels........................................................................
ggml_opencl: default device: 'QUALCOMM Adreno(TM) 830 (OpenCL 3.0 Adreno(TM) 830)'
ggml-hex: Hexagon backend (experimental) : allocating new registry : ndev 1
ggml-hex: Hexagon Arch version v79
ggml-hex: allocating new session: HTP0
ggml-hex: new session: HTP0 : session-id 0 domain-id 3 uri file:///libggml-htp-v79.so?htp_iface_skel_handle_invoke&_modver=1.0&_dom=cdsp&_session=0 handle 0xb40000736702f350
build: 6942 (1f5accb8d) with Android (13324770, +pgo, +bolt, +lto, +mlgo, based on r530567d) clang version 19.0.0 (https://android.googlesource.com/toolchain/llvm-project 97a699bf4812a18fb657c2779f5296a4ab2694d2) for x86_64-unknown-linux-gnu
main: llama backend init
main: load the model and apply lora adapter, if any
llama_model_load_from_file_impl: using device GPUOpenCL (QUALCOMM Adreno(TM) 830) (unknown id) - 0 MiB free
llama_model_load_from_file_impl: using device HTP0 (Hexagon) (unknown id) - 2048 MiB free
llama_model_loader: loaded meta data with 23 key-value pairs and 339 tensors from /data/local/tmp/llama.cpp/../gguf/qwen2-7b-tinytron-Q4_K_M.gguf (version GGUF V3 (latest))
llama_model_loader: Dumping metadata keys/values. Note: KV overrides do not apply in this output.
llama_model_loader: - kv   0:                       general.architecture str              = qwen2
llama_model_loader: - kv   1:                               general.type str              = model
llama_model_loader: - kv   2:                               general.name str              = Tinytron
llama_model_loader: - kv   3:                         general.size_label str              = 3.9B
llama_model_loader: - kv   4:                          qwen2.block_count u32              = 28
llama_model_loader: - kv   5:                       qwen2.context_length u32              = 32768
llama_model_loader: - kv   6:                     qwen2.embedding_length u32              = 2560
llama_model_loader: - kv   7:                  qwen2.feed_forward_length u32              = 12288
llama_model_loader: - kv   8:                 qwen2.attention.head_count u32              = 20
llama_model_loader: - kv   9:              qwen2.attention.head_count_kv u32              = 4
llama_model_loader: - kv  10:                       qwen2.rope.freq_base f32              = 1000000.000000
llama_model_loader: - kv  11:     qwen2.attention.layer_norm_rms_epsilon f32              = 0.000001
llama_model_loader: - kv  12:                       tokenizer.ggml.model str              = gpt2
llama_model_loader: - kv  13:                         tokenizer.ggml.pre str              = qwen2
llama_model_loader: - kv  14:                      tokenizer.ggml.tokens arr[str,152064]  = ["!", "\"", "#", "$", "%", "&", "'", ...
llama_model_loader: - kv  15:                  tokenizer.ggml.token_type arr[i32,152064]  = [1, 1, 1, 1, 1, 1, 1, 1, 1, 1, 1, 1, ...
llama_model_loader: - kv  16:                      tokenizer.ggml.merges arr[str,151387]  = ["Ġ Ġ", "ĠĠ ĠĠ", "i n", "Ġ t",...
llama_model_loader: - kv  17:                tokenizer.ggml.eos_token_id u32              = 151645
llama_model_loader: - kv  18:            tokenizer.ggml.padding_token_id u32              = 151643
llama_model_loader: - kv  19:                tokenizer.ggml.bos_token_id u32              = 151643
llama_model_loader: - kv  20:                    tokenizer.chat_template str              = {% for message in messages %}{% if lo...
llama_model_loader: - kv  21:               general.quantization_version u32              = 2
llama_model_loader: - kv  22:                          general.file_type u32              = 15
llama_model_loader: - type  f32:  141 tensors
llama_model_loader: - type q4_K:  169 tensors
llama_model_loader: - type q6_K:   29 tensors
print_info: file format = GGUF V3 (latest)
print_info: file type   = Q4_K - Medium
print_info: file size   = 2.23 GiB (4.95 BPW) 
load: printing all EOG tokens:
load:   - 151643 ('<|endoftext|>')
load:   - 151645 ('<|im_end|>')
load: special tokens cache size = 3
load: token to piece cache size = 0.9308 MB
print_info: arch             = qwen2
print_info: vocab_only       = 0
print_info: n_ctx_train      = 32768
print_info: n_embd           = 2560
print_info: n_layer          = 28
print_info: n_head           = 20
print_info: n_head_kv        = 4
print_info: n_rot            = 128
print_info: n_swa            = 0
print_info: is_swa_any       = 0
print_info: n_embd_head_k    = 128
print_info: n_embd_head_v    = 128
print_info: n_gqa            = 5
print_info: n_embd_k_gqa     = 512
print_info: n_embd_v_gqa     = 512
print_info: f_norm_eps       = 0.0e+00
print_info: f_norm_rms_eps   = 1.0e-06
print_info: f_clamp_kqv      = 0.0e+00
print_info: f_max_alibi_bias = 0.0e+00
print_info: f_logit_scale    = 0.0e+00
print_info: f_attn_scale     = 0.0e+00
print_info: n_ff             = 12288
print_info: n_expert         = 0
print_info: n_expert_used    = 0
print_info: n_expert_groups  = 0
print_info: n_group_used     = 0
print_info: causal attn      = 1
print_info: pooling type     = -1
print_info: rope type        = 2
print_info: rope scaling     = linear
print_info: freq_base_train  = 1000000.0
print_info: freq_scale_train = 1
print_info: n_ctx_orig_yarn  = 32768
print_info: rope_finetuned   = unknown
print_info: model type       = 7B
print_info: model params     = 3.86 B
print_info: general.name     = Tinytron
print_info: vocab type       = BPE
print_info: n_vocab          = 152064
print_info: n_merges         = 151387
print_info: BOS token        = 151643 '<|endoftext|>'
print_info: EOS token        = 151645 '<|im_end|>'
print_info: EOT token        = 151645 '<|im_end|>'
print_info: PAD token        = 151643 '<|endoftext|>'
print_info: LF token         = 198 'Ċ'
print_info: EOG token        = 151643 '<|endoftext|>'
print_info: EOG token        = 151645 '<|im_end|>'
print_info: max token length = 256
load_tensors: loading model tensors, this can take a while... (mmap = true)
load_tensors: offloading 0 repeating layers to GPU
load_tensors: offloaded 0/29 layers to GPU
load_tensors:   CPU_Mapped model buffer size =  2280.85 MiB
................................................................................
llama_context: constructing llama_context
llama_context: n_seq_max     = 1
llama_context: n_ctx         = 2048
llama_context: n_ctx_seq     = 2048
llama_context: n_batch       = 128
llama_context: n_ubatch      = 128
llama_context: causal_attn   = 1
llama_context: flash_attn    = disabled
llama_context: kv_unified    = false
llama_context: freq_base     = 1000000.0
llama_context: freq_scale    = 1
llama_context: n_ctx_seq (2048) < n_ctx_train (32768) -- the full capacity of the model will not be utilized
llama_context:        CPU  output buffer size =     0.58 MiB
llama_kv_cache:        CPU KV buffer size =   112.00 MiB
llama_kv_cache: size =  112.00 MiB (  2048 cells,  28 layers,  1/1 seqs), K (f16):   56.00 MiB, V (f16):   56.00 MiB
llama_context:        CPU compute buffer size =    75.50 MiB
llama_context: graph nodes  = 1098
llama_context: graph splits = 1
common_init_from_params: added <|endoftext|> logit bias = -inf
common_init_from_params: added <|im_end|> logit bias = -inf
common_init_from_params: setting dry_penalty_last_n to ctx_size = 2048
common_init_from_params: warming up the model with an empty run - please wait ... (--no-warmup to disable)
main: llama threadpool init, n_threads = 4

system_info: n_threads = 4 (n_threads_batch = 4) / 8 | CPU : NEON = 1 | ARM_FMA = 1 | FP16_VA = 1 | MATMUL_INT8 = 1 | DOTPROD = 1 | REPACK = 1 | 

sampler seed: 42
sampler params: 
	repeat_last_n = 64, repeat_penalty = 1.500, frequency_penalty = 0.000, presence_penalty = 0.000
	dry_multiplier = 0.000, dry_base = 1.750, dry_allowed_length = 2, dry_penalty_last_n = 2048
	top_k = 20, top_p = 0.850, min_p = 0.050, xtc_probability = 0.000, xtc_threshold = 0.100, typical_p = 1.000, top_n_sigma = -1.000, temp = 0.800
	mirostat = 0, mirostat_lr = 0.100, mirostat_ent = 5.000
sampler chain: logits -> logit-bias -> penalties -> dry -> top-n-sigma -> top-k -> typical -> top-p -> min-p -> xtc -> temp-ext -> dist 
generate: n_ctx = 2048, n_batch = 128, n_predict = 250, n_keep = 4

llama_perf_sampler_print:    sampling time =      34.81 ms /    75 runs   (    0.46 ms per token,  2154.62 tokens per second)
llama_perf_context_print:        load time =     645.93 ms
llama_perf_context_print: prompt eval time =     744.63 ms /    16 tokens (   46.54 ms per token,    21.49 tokens per second)
llama_perf_context_print:        eval time =    4281.53 ms /    58 runs   (   73.82 ms per token,    13.55 tokens per second)
llama_perf_context_print:       total time =    5071.78 ms /    74 tokens
llama_perf_context_print:    graphs reused =         57
llama_memory_breakdown_print: | memory breakdown [MiB]                  | total   free    self   model   context   compute    unaccounted |
llama_memory_breakdown_print: |   - GPUOpenCL (QUALCOMM Adreno(TM) 830) |     0 =    0 + (   0 =     0 +       0 +       0) +           0 |
llama_memory_breakdown_print: |   - HTP0 (Hexagon)                      |  2048 = 2048 + (   0 =     0 +       0 +       0) +           0 |
llama_memory_breakdown_print: |   - Host                                |                 2468 =  2280 +     112 +      75                |
+ adb shell '   cd /data/local/tmp/llama.cpp; ulimit -c unlimited;            LD_LIBRARY_PATH=/data/local/tmp/llama.cpp/./lib       ADSP_LIBRARY_PATH=/data/local/tmp/llama.cpp/./lib                            ././bin/llama-cli -m /data/local/tmp/llama.cpp/../gguf/qwen2-7b-tinytron-Q4_K_M.gguf               -t 8 --ctx-size 4096 --batch-size 128         -ctk f16 -ctv f16 --temp 1.0 --seed 42         --no-display-prompt -fa on         -ngl 0  -n 250 --context-shift --keep 4 	-sys '\''You are a helpful assistant. Provide truthful, accurate, and concise answers.'\'' 	 -no-cnv' -p '"'\''What did Paul Revere say during his midnight ride to warn the American militia of the approach of British forces? '\''"' -n 250 -t 4 -c 2048 -b 128 -ub 128 -ctk f16 -ctv f16 --temp 0.8 --repeat-penalty 1.5 --top-p 0.85 --top-k 20 --keep 4 -fa off --context-shift --poll '0 '
ggml_opencl: selected platform: 'QUALCOMM Snapdragon(TM)'

ggml_opencl: device: 'QUALCOMM Adreno(TM) 830 (OpenCL 3.0 Adreno(TM) 830)'
ggml_opencl: OpenCL driver: OpenCL 3.0 QUALCOMM build: 0800.40.1 Compiler E031.47.18.36
ggml_opencl: vector subgroup broadcast support: true
ggml_opencl: device FP16 support: true
ggml_opencl: mem base addr align: 128
ggml_opencl: max mem alloc size: 1024 MB
ggml_opencl: device max workgroup size: 1024
ggml_opencl: SVM coarse grain buffer support: true
ggml_opencl: SVM fine grain buffer support: true
ggml_opencl: SVM fine grain system support: false
ggml_opencl: SVM atomics support: true
ggml_opencl: flattening quantized weights representation as struct of arrays (GGML_OPENCL_SOA_Q)
ggml_opencl: using kernels optimized for Adreno (GGML_OPENCL_USE_ADRENO_KERNELS)
ggml_opencl: loading OpenCL kernels........................................................................
ggml_opencl: default device: 'QUALCOMM Adreno(TM) 830 (OpenCL 3.0 Adreno(TM) 830)'
ggml-hex: Hexagon backend (experimental) : allocating new registry : ndev 1
ggml-hex: Hexagon Arch version v79
ggml-hex: allocating new session: HTP0
ggml-hex: new session: HTP0 : session-id 0 domain-id 3 uri file:///libggml-htp-v79.so?htp_iface_skel_handle_invoke&_modver=1.0&_dom=cdsp&_session=0 handle 0xb40000716babf9d0
build: 6942 (1f5accb8d) with Android (13324770, +pgo, +bolt, +lto, +mlgo, based on r530567d) clang version 19.0.0 (https://android.googlesource.com/toolchain/llvm-project 97a699bf4812a18fb657c2779f5296a4ab2694d2) for x86_64-unknown-linux-gnu
main: llama backend init
main: load the model and apply lora adapter, if any
llama_model_load_from_file_impl: using device GPUOpenCL (QUALCOMM Adreno(TM) 830) (unknown id) - 0 MiB free
llama_model_load_from_file_impl: using device HTP0 (Hexagon) (unknown id) - 2048 MiB free
llama_model_loader: loaded meta data with 23 key-value pairs and 339 tensors from /data/local/tmp/llama.cpp/../gguf/qwen2-7b-tinytron-Q4_K_M.gguf (version GGUF V3 (latest))
llama_model_loader: Dumping metadata keys/values. Note: KV overrides do not apply in this output.
llama_model_loader: - kv   0:                       general.architecture str              = qwen2
llama_model_loader: - kv   1:                               general.type str              = model
llama_model_loader: - kv   2:                               general.name str              = Tinytron
llama_model_loader: - kv   3:                         general.size_label str              = 3.9B
llama_model_loader: - kv   4:                          qwen2.block_count u32              = 28
llama_model_loader: - kv   5:                       qwen2.context_length u32              = 32768
llama_model_loader: - kv   6:                     qwen2.embedding_length u32              = 2560
llama_model_loader: - kv   7:                  qwen2.feed_forward_length u32              = 12288
llama_model_loader: - kv   8:                 qwen2.attention.head_count u32              = 20
llama_model_loader: - kv   9:              qwen2.attention.head_count_kv u32              = 4
llama_model_loader: - kv  10:                       qwen2.rope.freq_base f32              = 1000000.000000
llama_model_loader: - kv  11:     qwen2.attention.layer_norm_rms_epsilon f32              = 0.000001
llama_model_loader: - kv  12:                       tokenizer.ggml.model str              = gpt2
llama_model_loader: - kv  13:                         tokenizer.ggml.pre str              = qwen2
llama_model_loader: - kv  14:                      tokenizer.ggml.tokens arr[str,152064]  = ["!", "\"", "#", "$", "%", "&", "'", ...
llama_model_loader: - kv  15:                  tokenizer.ggml.token_type arr[i32,152064]  = [1, 1, 1, 1, 1, 1, 1, 1, 1, 1, 1, 1, ...
llama_model_loader: - kv  16:                      tokenizer.ggml.merges arr[str,151387]  = ["Ġ Ġ", "ĠĠ ĠĠ", "i n", "Ġ t",...
llama_model_loader: - kv  17:                tokenizer.ggml.eos_token_id u32              = 151645
llama_model_loader: - kv  18:            tokenizer.ggml.padding_token_id u32              = 151643
llama_model_loader: - kv  19:                tokenizer.ggml.bos_token_id u32              = 151643
llama_model_loader: - kv  20:                    tokenizer.chat_template str              = {% for message in messages %}{% if lo...
llama_model_loader: - kv  21:               general.quantization_version u32              = 2
llama_model_loader: - kv  22:                          general.file_type u32              = 15
llama_model_loader: - type  f32:  141 tensors
llama_model_loader: - type q4_K:  169 tensors
llama_model_loader: - type q6_K:   29 tensors
print_info: file format = GGUF V3 (latest)
print_info: file type   = Q4_K - Medium
print_info: file size   = 2.23 GiB (4.95 BPW) 
load: printing all EOG tokens:
load:   - 151643 ('<|endoftext|>')
load:   - 151645 ('<|im_end|>')
load: special tokens cache size = 3
load: token to piece cache size = 0.9308 MB
print_info: arch             = qwen2
print_info: vocab_only       = 0
print_info: n_ctx_train      = 32768
print_info: n_embd           = 2560
print_info: n_layer          = 28
print_info: n_head           = 20
print_info: n_head_kv        = 4
print_info: n_rot            = 128
print_info: n_swa            = 0
print_info: is_swa_any       = 0
print_info: n_embd_head_k    = 128
print_info: n_embd_head_v    = 128
print_info: n_gqa            = 5
print_info: n_embd_k_gqa     = 512
print_info: n_embd_v_gqa     = 512
print_info: f_norm_eps       = 0.0e+00
print_info: f_norm_rms_eps   = 1.0e-06
print_info: f_clamp_kqv      = 0.0e+00
print_info: f_max_alibi_bias = 0.0e+00
print_info: f_logit_scale    = 0.0e+00
print_info: f_attn_scale     = 0.0e+00
print_info: n_ff             = 12288
print_info: n_expert         = 0
print_info: n_expert_used    = 0
print_info: n_expert_groups  = 0
print_info: n_group_used     = 0
print_info: causal attn      = 1
print_info: pooling type     = -1
print_info: rope type        = 2
print_info: rope scaling     = linear
print_info: freq_base_train  = 1000000.0
print_info: freq_scale_train = 1
print_info: n_ctx_orig_yarn  = 32768
print_info: rope_finetuned   = unknown
print_info: model type       = 7B
print_info: model params     = 3.86 B
print_info: general.name     = Tinytron
print_info: vocab type       = BPE
print_info: n_vocab          = 152064
print_info: n_merges         = 151387
print_info: BOS token        = 151643 '<|endoftext|>'
print_info: EOS token        = 151645 '<|im_end|>'
print_info: EOT token        = 151645 '<|im_end|>'
print_info: PAD token        = 151643 '<|endoftext|>'
print_info: LF token         = 198 'Ċ'
print_info: EOG token        = 151643 '<|endoftext|>'
print_info: EOG token        = 151645 '<|im_end|>'
print_info: max token length = 256
load_tensors: loading model tensors, this can take a while... (mmap = true)
load_tensors: offloading 0 repeating layers to GPU
load_tensors: offloaded 0/29 layers to GPU
load_tensors:   CPU_Mapped model buffer size =  2280.85 MiB
................................................................................
llama_context: constructing llama_context
llama_context: n_seq_max     = 1
llama_context: n_ctx         = 2048
llama_context: n_ctx_seq     = 2048
llama_context: n_batch       = 128
llama_context: n_ubatch      = 128
llama_context: causal_attn   = 1
llama_context: flash_attn    = disabled
llama_context: kv_unified    = false
llama_context: freq_base     = 1000000.0
llama_context: freq_scale    = 1
llama_context: n_ctx_seq (2048) < n_ctx_train (32768) -- the full capacity of the model will not be utilized
llama_context:        CPU  output buffer size =     0.58 MiB
llama_kv_cache:        CPU KV buffer size =   112.00 MiB
llama_kv_cache: size =  112.00 MiB (  2048 cells,  28 layers,  1/1 seqs), K (f16):   56.00 MiB, V (f16):   56.00 MiB
llama_context:        CPU compute buffer size =    75.50 MiB
llama_context: graph nodes  = 1098
llama_context: graph splits = 1
common_init_from_params: added <|endoftext|> logit bias = -inf
common_init_from_params: added <|im_end|> logit bias = -inf
common_init_from_params: setting dry_penalty_last_n to ctx_size = 2048
common_init_from_params: warming up the model with an empty run - please wait ... (--no-warmup to disable)
main: llama threadpool init, n_threads = 4

system_info: n_threads = 4 (n_threads_batch = 4) / 8 | CPU : NEON = 1 | ARM_FMA = 1 | FP16_VA = 1 | MATMUL_INT8 = 1 | DOTPROD = 1 | REPACK = 1 | 

sampler seed: 42
sampler params: 
	repeat_last_n = 64, repeat_penalty = 1.500, frequency_penalty = 0.000, presence_penalty = 0.000
	dry_multiplier = 0.000, dry_base = 1.750, dry_allowed_length = 2, dry_penalty_last_n = 2048
	top_k = 20, top_p = 0.850, min_p = 0.050, xtc_probability = 0.000, xtc_threshold = 0.100, typical_p = 1.000, top_n_sigma = -1.000, temp = 0.800
	mirostat = 0, mirostat_lr = 0.100, mirostat_ent = 5.000
sampler chain: logits -> logit-bias -> penalties -> dry -> top-n-sigma -> top-k -> typical -> top-p -> min-p -> xtc -> temp-ext -> dist 
generate: n_ctx = 2048, n_batch = 128, n_predict = 250, n_keep = 4

llama_perf_sampler_print:    sampling time =      99.12 ms /   243 runs   (    0.41 ms per token,  2451.65 tokens per second)
llama_perf_context_print:        load time =     571.38 ms
llama_perf_context_print: prompt eval time =     927.01 ms /    24 tokens (   38.63 ms per token,    25.89 tokens per second)
llama_perf_context_print:        eval time =   13821.65 ms /   218 runs   (   63.40 ms per token,    15.77 tokens per second)
llama_perf_context_print:       total time =   14866.28 ms /   242 tokens
llama_perf_context_print:    graphs reused =        217
llama_memory_breakdown_print: | memory breakdown [MiB]                  | total   free    self   model   context   compute    unaccounted |
llama_memory_breakdown_print: |   - GPUOpenCL (QUALCOMM Adreno(TM) 830) |     0 =    0 + (   0 =     0 +       0 +       0) +           0 |
llama_memory_breakdown_print: |   - HTP0 (Hexagon)                      |  2048 = 2048 + (   0 =     0 +       0 +       0) +           0 |
llama_memory_breakdown_print: |   - Host                                |                 2468 =  2280 +     112 +      75                |
+ adb shell '   cd /data/local/tmp/llama.cpp; ulimit -c unlimited;            LD_LIBRARY_PATH=/data/local/tmp/llama.cpp/./lib       ADSP_LIBRARY_PATH=/data/local/tmp/llama.cpp/./lib                            ././bin/llama-cli -m /data/local/tmp/llama.cpp/../gguf/qwen2-7b-tinytron-Q4_K_M.gguf               -t 8 --ctx-size 4096 --batch-size 128         -ctk f16 -ctv f16 --temp 1.0 --seed 42         --no-display-prompt -fa on         -ngl 0  -n 250 --context-shift --keep 4 	-sys '\''You are a helpful assistant. Provide truthful, accurate, and concise answers.'\'' 	 -no-cnv' -p '"'\''What was Nixon referring to when he said,  I am not a crook ? '\''"' -n 250 -t 4 -c 2048 -b 128 -ub 128 -ctk f16 -ctv f16 --temp 0.8 --repeat-penalty 1.5 --top-p 0.85 --top-k 20 --keep 4 -fa off --context-shift --poll '0 '
ggml_opencl: selected platform: 'QUALCOMM Snapdragon(TM)'

ggml_opencl: device: 'QUALCOMM Adreno(TM) 830 (OpenCL 3.0 Adreno(TM) 830)'
ggml_opencl: OpenCL driver: OpenCL 3.0 QUALCOMM build: 0800.40.1 Compiler E031.47.18.36
ggml_opencl: vector subgroup broadcast support: true
ggml_opencl: device FP16 support: true
ggml_opencl: mem base addr align: 128
ggml_opencl: max mem alloc size: 1024 MB
ggml_opencl: device max workgroup size: 1024
ggml_opencl: SVM coarse grain buffer support: true
ggml_opencl: SVM fine grain buffer support: true
ggml_opencl: SVM fine grain system support: false
ggml_opencl: SVM atomics support: true
ggml_opencl: flattening quantized weights representation as struct of arrays (GGML_OPENCL_SOA_Q)
ggml_opencl: using kernels optimized for Adreno (GGML_OPENCL_USE_ADRENO_KERNELS)
ggml_opencl: loading OpenCL kernels........................................................................
ggml_opencl: default device: 'QUALCOMM Adreno(TM) 830 (OpenCL 3.0 Adreno(TM) 830)'
ggml-hex: Hexagon backend (experimental) : allocating new registry : ndev 1
ggml-hex: Hexagon Arch version v79
ggml-hex: allocating new session: HTP0
ggml-hex: new session: HTP0 : session-id 0 domain-id 3 uri file:///libggml-htp-v79.so?htp_iface_skel_handle_invoke&_modver=1.0&_dom=cdsp&_session=0 handle 0xb400007b48920250
build: 6942 (1f5accb8d) with Android (13324770, +pgo, +bolt, +lto, +mlgo, based on r530567d) clang version 19.0.0 (https://android.googlesource.com/toolchain/llvm-project 97a699bf4812a18fb657c2779f5296a4ab2694d2) for x86_64-unknown-linux-gnu
main: llama backend init
main: load the model and apply lora adapter, if any
llama_model_load_from_file_impl: using device GPUOpenCL (QUALCOMM Adreno(TM) 830) (unknown id) - 0 MiB free
llama_model_load_from_file_impl: using device HTP0 (Hexagon) (unknown id) - 2048 MiB free
llama_model_loader: loaded meta data with 23 key-value pairs and 339 tensors from /data/local/tmp/llama.cpp/../gguf/qwen2-7b-tinytron-Q4_K_M.gguf (version GGUF V3 (latest))
llama_model_loader: Dumping metadata keys/values. Note: KV overrides do not apply in this output.
llama_model_loader: - kv   0:                       general.architecture str              = qwen2
llama_model_loader: - kv   1:                               general.type str              = model
llama_model_loader: - kv   2:                               general.name str              = Tinytron
llama_model_loader: - kv   3:                         general.size_label str              = 3.9B
llama_model_loader: - kv   4:                          qwen2.block_count u32              = 28
llama_model_loader: - kv   5:                       qwen2.context_length u32              = 32768
llama_model_loader: - kv   6:                     qwen2.embedding_length u32              = 2560
llama_model_loader: - kv   7:                  qwen2.feed_forward_length u32              = 12288
llama_model_loader: - kv   8:                 qwen2.attention.head_count u32              = 20
llama_model_loader: - kv   9:              qwen2.attention.head_count_kv u32              = 4
llama_model_loader: - kv  10:                       qwen2.rope.freq_base f32              = 1000000.000000
llama_model_loader: - kv  11:     qwen2.attention.layer_norm_rms_epsilon f32              = 0.000001
llama_model_loader: - kv  12:                       tokenizer.ggml.model str              = gpt2
llama_model_loader: - kv  13:                         tokenizer.ggml.pre str              = qwen2
llama_model_loader: - kv  14:                      tokenizer.ggml.tokens arr[str,152064]  = ["!", "\"", "#", "$", "%", "&", "'", ...
llama_model_loader: - kv  15:                  tokenizer.ggml.token_type arr[i32,152064]  = [1, 1, 1, 1, 1, 1, 1, 1, 1, 1, 1, 1, ...
llama_model_loader: - kv  16:                      tokenizer.ggml.merges arr[str,151387]  = ["Ġ Ġ", "ĠĠ ĠĠ", "i n", "Ġ t",...
llama_model_loader: - kv  17:                tokenizer.ggml.eos_token_id u32              = 151645
llama_model_loader: - kv  18:            tokenizer.ggml.padding_token_id u32              = 151643
llama_model_loader: - kv  19:                tokenizer.ggml.bos_token_id u32              = 151643
llama_model_loader: - kv  20:                    tokenizer.chat_template str              = {% for message in messages %}{% if lo...
llama_model_loader: - kv  21:               general.quantization_version u32              = 2
llama_model_loader: - kv  22:                          general.file_type u32              = 15
llama_model_loader: - type  f32:  141 tensors
llama_model_loader: - type q4_K:  169 tensors
llama_model_loader: - type q6_K:   29 tensors
print_info: file format = GGUF V3 (latest)
print_info: file type   = Q4_K - Medium
print_info: file size   = 2.23 GiB (4.95 BPW) 
load: printing all EOG tokens:
load:   - 151643 ('<|endoftext|>')
load:   - 151645 ('<|im_end|>')
load: special tokens cache size = 3
load: token to piece cache size = 0.9308 MB
print_info: arch             = qwen2
print_info: vocab_only       = 0
print_info: n_ctx_train      = 32768
print_info: n_embd           = 2560
print_info: n_layer          = 28
print_info: n_head           = 20
print_info: n_head_kv        = 4
print_info: n_rot            = 128
print_info: n_swa            = 0
print_info: is_swa_any       = 0
print_info: n_embd_head_k    = 128
print_info: n_embd_head_v    = 128
print_info: n_gqa            = 5
print_info: n_embd_k_gqa     = 512
print_info: n_embd_v_gqa     = 512
print_info: f_norm_eps       = 0.0e+00
print_info: f_norm_rms_eps   = 1.0e-06
print_info: f_clamp_kqv      = 0.0e+00
print_info: f_max_alibi_bias = 0.0e+00
print_info: f_logit_scale    = 0.0e+00
print_info: f_attn_scale     = 0.0e+00
print_info: n_ff             = 12288
print_info: n_expert         = 0
print_info: n_expert_used    = 0
print_info: n_expert_groups  = 0
print_info: n_group_used     = 0
print_info: causal attn      = 1
print_info: pooling type     = -1
print_info: rope type        = 2
print_info: rope scaling     = linear
print_info: freq_base_train  = 1000000.0
print_info: freq_scale_train = 1
print_info: n_ctx_orig_yarn  = 32768
print_info: rope_finetuned   = unknown
print_info: model type       = 7B
print_info: model params     = 3.86 B
print_info: general.name     = Tinytron
print_info: vocab type       = BPE
print_info: n_vocab          = 152064
print_info: n_merges         = 151387
print_info: BOS token        = 151643 '<|endoftext|>'
print_info: EOS token        = 151645 '<|im_end|>'
print_info: EOT token        = 151645 '<|im_end|>'
print_info: PAD token        = 151643 '<|endoftext|>'
print_info: LF token         = 198 'Ċ'
print_info: EOG token        = 151643 '<|endoftext|>'
print_info: EOG token        = 151645 '<|im_end|>'
print_info: max token length = 256
load_tensors: loading model tensors, this can take a while... (mmap = true)
load_tensors: offloading 0 repeating layers to GPU
load_tensors: offloaded 0/29 layers to GPU
load_tensors:   CPU_Mapped model buffer size =  2280.85 MiB
................................................................................
llama_context: constructing llama_context
llama_context: n_seq_max     = 1
llama_context: n_ctx         = 2048
llama_context: n_ctx_seq     = 2048
llama_context: n_batch       = 128
llama_context: n_ubatch      = 128
llama_context: causal_attn   = 1
llama_context: flash_attn    = disabled
llama_context: kv_unified    = false
llama_context: freq_base     = 1000000.0
llama_context: freq_scale    = 1
llama_context: n_ctx_seq (2048) < n_ctx_train (32768) -- the full capacity of the model will not be utilized
llama_context:        CPU  output buffer size =     0.58 MiB
llama_kv_cache:        CPU KV buffer size =   112.00 MiB
llama_kv_cache: size =  112.00 MiB (  2048 cells,  28 layers,  1/1 seqs), K (f16):   56.00 MiB, V (f16):   56.00 MiB
llama_context:        CPU compute buffer size =    75.50 MiB
llama_context: graph nodes  = 1098
llama_context: graph splits = 1
common_init_from_params: added <|endoftext|> logit bias = -inf
common_init_from_params: added <|im_end|> logit bias = -inf
common_init_from_params: setting dry_penalty_last_n to ctx_size = 2048
common_init_from_params: warming up the model with an empty run - please wait ... (--no-warmup to disable)
main: llama threadpool init, n_threads = 4

system_info: n_threads = 4 (n_threads_batch = 4) / 8 | CPU : NEON = 1 | ARM_FMA = 1 | FP16_VA = 1 | MATMUL_INT8 = 1 | DOTPROD = 1 | REPACK = 1 | 

sampler seed: 42
sampler params: 
	repeat_last_n = 64, repeat_penalty = 1.500, frequency_penalty = 0.000, presence_penalty = 0.000
	dry_multiplier = 0.000, dry_base = 1.750, dry_allowed_length = 2, dry_penalty_last_n = 2048
	top_k = 20, top_p = 0.850, min_p = 0.050, xtc_probability = 0.000, xtc_threshold = 0.100, typical_p = 1.000, top_n_sigma = -1.000, temp = 0.800
	mirostat = 0, mirostat_lr = 0.100, mirostat_ent = 5.000
sampler chain: logits -> logit-bias -> penalties -> dry -> top-n-sigma -> top-k -> typical -> top-p -> min-p -> xtc -> temp-ext -> dist 
generate: n_ctx = 2048, n_batch = 128, n_predict = 250, n_keep = 4

llama_perf_sampler_print:    sampling time =      49.53 ms /   121 runs   (    0.41 ms per token,  2442.87 tokens per second)
llama_perf_context_print:        load time =     514.68 ms
llama_perf_context_print: prompt eval time =     969.75 ms /    19 tokens (   51.04 ms per token,    19.59 tokens per second)
llama_perf_context_print:        eval time =    7011.80 ms /   101 runs   (   69.42 ms per token,    14.40 tokens per second)
llama_perf_context_print:       total time =    8042.53 ms /   120 tokens
llama_perf_context_print:    graphs reused =        100
llama_memory_breakdown_print: | memory breakdown [MiB]                  | total   free    self   model   context   compute    unaccounted |
llama_memory_breakdown_print: |   - GPUOpenCL (QUALCOMM Adreno(TM) 830) |     0 =    0 + (   0 =     0 +       0 +       0) +           0 |
llama_memory_breakdown_print: |   - HTP0 (Hexagon)                      |  2048 = 2048 + (   0 =     0 +       0 +       0) +           0 |
llama_memory_breakdown_print: |   - Host                                |                 2468 =  2280 +     112 +      75                |
