ggml_opencl: selected platform: 'QUALCOMM Snapdragon(TM)'

ggml_opencl: device: 'QUALCOMM Adreno(TM) 830 (OpenCL 3.0 Adreno(TM) 830)'
ggml_opencl: OpenCL driver: OpenCL 3.0 QUALCOMM build: 0800.40.1 Compiler E031.47.18.36
ggml_opencl: vector subgroup broadcast support: true
ggml_opencl: device FP16 support: true
ggml_opencl: mem base addr align: 128
ggml_opencl: max mem alloc size: 1024 MB
ggml_opencl: device max workgroup size: 1024
ggml_opencl: SVM coarse grain buffer support: true
ggml_opencl: SVM fine grain buffer support: true
ggml_opencl: SVM fine grain system support: false
ggml_opencl: SVM atomics support: true
ggml_opencl: flattening quantized weights representation as struct of arrays (GGML_OPENCL_SOA_Q)
ggml_opencl: using kernels optimized for Adreno (GGML_OPENCL_USE_ADRENO_KERNELS)
ggml_opencl: loading OpenCL kernels........................................................................
ggml_opencl: default device: 'QUALCOMM Adreno(TM) 830 (OpenCL 3.0 Adreno(TM) 830)'
ggml-hex: Hexagon backend (experimental) : allocating new registry : ndev 1
ggml-hex: Hexagon Arch version v79
ggml-hex: allocating new session: HTP0
ggml-hex: new session: HTP0 : session-id 0 domain-id 3 uri file:///libggml-htp-v79.so?htp_iface_skel_handle_invoke&_modver=1.0&_dom=cdsp&_session=0 handle 0xb400007c21ad3390
build: 0 (unknown) with Android (13324770, +pgo, +bolt, +lto, +mlgo, based on r530567d) clang version 19.0.0 (https://android.googlesource.com/toolchain/llvm-project 97a699bf4812a18fb657c2779f5296a4ab2694d2) for x86_64-unknown-linux-gnu
main: llama backend init
main: load the model and apply lora adapter, if any
llama_model_load_from_file_impl: using device GPUOpenCL (QUALCOMM Adreno(TM) 830) (unknown id) - 0 MiB free
llama_model_load_from_file_impl: using device HTP0 (Hexagon) (unknown id) - 2048 MiB free
llama_model_loader: loaded meta data with 35 key-value pairs and 147 tensors from /data/local/tmp/llama.cpp/../gguf/Llama-3.2-1B-Instruct-Q4_0.gguf (version GGUF V3 (latest))
llama_model_loader: Dumping metadata keys/values. Note: KV overrides do not apply in this output.
llama_model_loader: - kv   0:                       general.architecture str              = llama
llama_model_loader: - kv   1:                               general.type str              = model
llama_model_loader: - kv   2:                               general.name str              = Llama 3.2 1B Instruct
llama_model_loader: - kv   3:                           general.finetune str              = Instruct
llama_model_loader: - kv   4:                           general.basename str              = Llama-3.2
llama_model_loader: - kv   5:                         general.size_label str              = 1B
llama_model_loader: - kv   6:                            general.license str              = llama3.2
llama_model_loader: - kv   7:                               general.tags arr[str,6]       = ["facebook", "meta", "pytorch", "llam...
llama_model_loader: - kv   8:                          general.languages arr[str,8]       = ["en", "de", "fr", "it", "pt", "hi", ...
llama_model_loader: - kv   9:                          llama.block_count u32              = 16
llama_model_loader: - kv  10:                       llama.context_length u32              = 131072
llama_model_loader: - kv  11:                     llama.embedding_length u32              = 2048
llama_model_loader: - kv  12:                  llama.feed_forward_length u32              = 8192
llama_model_loader: - kv  13:                 llama.attention.head_count u32              = 32
llama_model_loader: - kv  14:              llama.attention.head_count_kv u32              = 8
llama_model_loader: - kv  15:                       llama.rope.freq_base f32              = 500000.000000
llama_model_loader: - kv  16:     llama.attention.layer_norm_rms_epsilon f32              = 0.000010
llama_model_loader: - kv  17:                 llama.attention.key_length u32              = 64
llama_model_loader: - kv  18:               llama.attention.value_length u32              = 64
llama_model_loader: - kv  19:                          general.file_type u32              = 2
llama_model_loader: - kv  20:                           llama.vocab_size u32              = 128256
llama_model_loader: - kv  21:                 llama.rope.dimension_count u32              = 64
llama_model_loader: - kv  22:                       tokenizer.ggml.model str              = gpt2
llama_model_loader: - kv  23:                         tokenizer.ggml.pre str              = llama-bpe
llama_model_loader: - kv  24:                      tokenizer.ggml.tokens arr[str,128256]  = ["!", "\"", "#", "$", "%", "&", "'", ...
llama_model_loader: - kv  25:                  tokenizer.ggml.token_type arr[i32,128256]  = [1, 1, 1, 1, 1, 1, 1, 1, 1, 1, 1, 1, ...
llama_model_loader: - kv  26:                      tokenizer.ggml.merges arr[str,280147]  = ["Ġ Ġ", "Ġ ĠĠĠ", "ĠĠ ĠĠ", "...
llama_model_loader: - kv  27:                tokenizer.ggml.bos_token_id u32              = 128000
llama_model_loader: - kv  28:                tokenizer.ggml.eos_token_id u32              = 128009
llama_model_loader: - kv  29:                    tokenizer.chat_template str              = {{- bos_token }}\n{%- if custom_tools ...
llama_model_loader: - kv  30:               general.quantization_version u32              = 2
llama_model_loader: - kv  31:                      quantize.imatrix.file str              = /models_out/Llama-3.2-1B-Instruct-GGU...
llama_model_loader: - kv  32:                   quantize.imatrix.dataset str              = /training_dir/calibration_datav3.txt
llama_model_loader: - kv  33:             quantize.imatrix.entries_count i32              = 112
llama_model_loader: - kv  34:              quantize.imatrix.chunks_count i32              = 125
llama_model_loader: - type  f32:   34 tensors
llama_model_loader: - type q4_0:  110 tensors
llama_model_loader: - type q4_1:    2 tensors
llama_model_loader: - type q6_K:    1 tensors
print_info: file format = GGUF V3 (latest)
print_info: file type   = Q4_0
print_info: file size   = 729.75 MiB (4.95 BPW) 
load: printing all EOG tokens:
load:   - 128001 ('<|end_of_text|>')
load:   - 128008 ('<|eom_id|>')
load:   - 128009 ('<|eot_id|>')
load: special tokens cache size = 256
load: token to piece cache size = 0.7999 MB
print_info: arch             = llama
print_info: vocab_only       = 0
print_info: n_ctx_train      = 131072
print_info: n_embd           = 2048
print_info: n_layer          = 16
print_info: n_head           = 32
print_info: n_head_kv        = 8
print_info: n_rot            = 64
print_info: n_swa            = 0
print_info: is_swa_any       = 0
print_info: n_embd_head_k    = 64
print_info: n_embd_head_v    = 64
print_info: n_gqa            = 4
print_info: n_embd_k_gqa     = 512
print_info: n_embd_v_gqa     = 512
print_info: f_norm_eps       = 0.0e+00
print_info: f_norm_rms_eps   = 1.0e-05
print_info: f_clamp_kqv      = 0.0e+00
print_info: f_max_alibi_bias = 0.0e+00
print_info: f_logit_scale    = 0.0e+00
print_info: f_attn_scale     = 0.0e+00
print_info: n_ff             = 8192
print_info: n_expert         = 0
print_info: n_expert_used    = 0
print_info: n_expert_groups  = 0
print_info: n_group_used     = 0
print_info: causal attn      = 1
print_info: pooling type     = 0
print_info: rope type        = 0
print_info: rope scaling     = linear
print_info: freq_base_train  = 500000.0
print_info: freq_scale_train = 1
print_info: n_ctx_orig_yarn  = 131072
print_info: rope_finetuned   = unknown
print_info: model type       = 1B
print_info: model params     = 1.24 B
print_info: general.name     = Llama 3.2 1B Instruct
print_info: vocab type       = BPE
print_info: n_vocab          = 128256
print_info: n_merges         = 280147
print_info: BOS token        = 128000 '<|begin_of_text|>'
print_info: EOS token        = 128009 '<|eot_id|>'
print_info: EOT token        = 128001 '<|end_of_text|>'
print_info: EOM token        = 128008 '<|eom_id|>'
print_info: LF token         = 198 'Ċ'
print_info: EOG token        = 128001 '<|end_of_text|>'
print_info: EOG token        = 128008 '<|eom_id|>'
print_info: EOG token        = 128009 '<|eot_id|>'
print_info: max token length = 256
load_tensors: loading model tensors, this can take a while... (mmap = false)
load_tensors: offloading 0 repeating layers to GPU
load_tensors: offloaded 0/17 layers to GPU
load_tensors:          CPU model buffer size =   225.75 MiB
load_tensors:   CPU_REPACK model buffer size =   504.00 MiB
.............................................................
llama_context: constructing llama_context
llama_context: n_seq_max     = 1
llama_context: n_ctx         = 1024
llama_context: n_ctx_seq     = 1024
llama_context: n_batch       = 128
llama_context: n_ubatch      = 128
llama_context: causal_attn   = 1
llama_context: flash_attn    = enabled
llama_context: kv_unified    = false
llama_context: freq_base     = 500000.0
llama_context: freq_scale    = 1
llama_context: n_ctx_seq (1024) < n_ctx_train (131072) -- the full capacity of the model will not be utilized
llama_context:        CPU  output buffer size =     0.49 MiB
llama_kv_cache:        CPU KV buffer size =    24.50 MiB
llama_kv_cache: size =   24.50 MiB (  1024 cells,  16 layers,  1/1 seqs), K (f16):   16.00 MiB, V (q8_0):    8.50 MiB
llama_context:        CPU compute buffer size =    63.62 MiB
llama_context: graph nodes  = 503
llama_context: graph splits = 1
common_init_from_params: added <|end_of_text|> logit bias = -inf
common_init_from_params: added <|eom_id|> logit bias = -inf
common_init_from_params: added <|eot_id|> logit bias = -inf
common_init_from_params: setting dry_penalty_last_n to ctx_size = 1024
common_init_from_params: warming up the model with an empty run - please wait ... (--no-warmup to disable)
main: llama threadpool init, n_threads = 8

system_info: n_threads = 8 (n_threads_batch = 8) / 8 | CPU : NEON = 1 | ARM_FMA = 1 | FP16_VA = 1 | MATMUL_INT8 = 1 | DOTPROD = 1 | REPACK = 1 | 

sampler seed: 985811995
sampler params: 
	repeat_last_n = 64, repeat_penalty = 1.100, frequency_penalty = 0.150, presence_penalty = 0.200
	dry_multiplier = 1.000, dry_base = 1.750, dry_allowed_length = 2, dry_penalty_last_n = 1024
	top_k = 30, top_p = 1.000, min_p = 0.150, xtc_probability = 0.000, xtc_threshold = 0.100, typical_p = 1.000, top_n_sigma = -1.000, temp = 0.400
	mirostat = 0, mirostat_lr = 0.100, mirostat_ent = 5.000
sampler chain: logits -> logit-bias -> penalties -> dry -> top-n-sigma -> top-k -> typical -> top-p -> min-p -> xtc -> temp-ext -> dist 
generate: n_ctx = 1024, n_batch = 128, n_predict = 750, n_keep = 1

llama_perf_sampler_print:    sampling time =      75.82 ms /   158 runs   (    0.48 ms per token,  2083.91 tokens per second)
llama_perf_context_print:        load time =     879.72 ms
llama_perf_context_print: prompt eval time =      63.04 ms /    25 tokens (    2.52 ms per token,   396.60 tokens per second)
llama_perf_context_print:        eval time =    1871.30 ms /   132 runs   (   14.18 ms per token,    70.54 tokens per second)
llama_perf_context_print:       total time =    2241.53 ms /   157 tokens
llama_perf_context_print:    graphs reused =        131
llama_memory_breakdown_print: | memory breakdown [MiB]                  | total   free    self   model   context   compute    unaccounted |
llama_memory_breakdown_print: |   - GPUOpenCL (QUALCOMM Adreno(TM) 830) |     0 =    0 + (   0 =     0 +       0 +       0) +           0 |
llama_memory_breakdown_print: |   - HTP0 (Hexagon)                      |  2048 = 2048 + (   0 =     0 +       0 +       0) +           0 |
llama_memory_breakdown_print: |   - Host                                |                  313 =   225 +      24 +      63                |
llama_memory_breakdown_print: |   - CPU_REPACK                          |                  504 =   504 +       0 +       0                |
ggml_opencl: selected platform: 'QUALCOMM Snapdragon(TM)'

ggml_opencl: device: 'QUALCOMM Adreno(TM) 830 (OpenCL 3.0 Adreno(TM) 830)'
ggml_opencl: OpenCL driver: OpenCL 3.0 QUALCOMM build: 0800.40.1 Compiler E031.47.18.36
ggml_opencl: vector subgroup broadcast support: true
ggml_opencl: device FP16 support: true
ggml_opencl: mem base addr align: 128
ggml_opencl: max mem alloc size: 1024 MB
ggml_opencl: device max workgroup size: 1024
ggml_opencl: SVM coarse grain buffer support: true
ggml_opencl: SVM fine grain buffer support: true
ggml_opencl: SVM fine grain system support: false
ggml_opencl: SVM atomics support: true
ggml_opencl: flattening quantized weights representation as struct of arrays (GGML_OPENCL_SOA_Q)
ggml_opencl: using kernels optimized for Adreno (GGML_OPENCL_USE_ADRENO_KERNELS)
ggml_opencl: loading OpenCL kernels........................................................................
ggml_opencl: default device: 'QUALCOMM Adreno(TM) 830 (OpenCL 3.0 Adreno(TM) 830)'
ggml-hex: Hexagon backend (experimental) : allocating new registry : ndev 1
ggml-hex: Hexagon Arch version v79
ggml-hex: allocating new session: HTP0
ggml-hex: new session: HTP0 : session-id 0 domain-id 3 uri file:///libggml-htp-v79.so?htp_iface_skel_handle_invoke&_modver=1.0&_dom=cdsp&_session=0 handle 0xb40000743290f110
build: 0 (unknown) with Android (13324770, +pgo, +bolt, +lto, +mlgo, based on r530567d) clang version 19.0.0 (https://android.googlesource.com/toolchain/llvm-project 97a699bf4812a18fb657c2779f5296a4ab2694d2) for x86_64-unknown-linux-gnu
main: llama backend init
main: load the model and apply lora adapter, if any
llama_model_load_from_file_impl: using device GPUOpenCL (QUALCOMM Adreno(TM) 830) (unknown id) - 0 MiB free
llama_model_load_from_file_impl: using device HTP0 (Hexagon) (unknown id) - 2048 MiB free
llama_model_loader: loaded meta data with 35 key-value pairs and 147 tensors from /data/local/tmp/llama.cpp/../gguf/Llama-3.2-1B-Instruct-Q4_0.gguf (version GGUF V3 (latest))
llama_model_loader: Dumping metadata keys/values. Note: KV overrides do not apply in this output.
llama_model_loader: - kv   0:                       general.architecture str              = llama
llama_model_loader: - kv   1:                               general.type str              = model
llama_model_loader: - kv   2:                               general.name str              = Llama 3.2 1B Instruct
llama_model_loader: - kv   3:                           general.finetune str              = Instruct
llama_model_loader: - kv   4:                           general.basename str              = Llama-3.2
llama_model_loader: - kv   5:                         general.size_label str              = 1B
llama_model_loader: - kv   6:                            general.license str              = llama3.2
llama_model_loader: - kv   7:                               general.tags arr[str,6]       = ["facebook", "meta", "pytorch", "llam...
llama_model_loader: - kv   8:                          general.languages arr[str,8]       = ["en", "de", "fr", "it", "pt", "hi", ...
llama_model_loader: - kv   9:                          llama.block_count u32              = 16
llama_model_loader: - kv  10:                       llama.context_length u32              = 131072
llama_model_loader: - kv  11:                     llama.embedding_length u32              = 2048
llama_model_loader: - kv  12:                  llama.feed_forward_length u32              = 8192
llama_model_loader: - kv  13:                 llama.attention.head_count u32              = 32
llama_model_loader: - kv  14:              llama.attention.head_count_kv u32              = 8
llama_model_loader: - kv  15:                       llama.rope.freq_base f32              = 500000.000000
llama_model_loader: - kv  16:     llama.attention.layer_norm_rms_epsilon f32              = 0.000010
llama_model_loader: - kv  17:                 llama.attention.key_length u32              = 64
llama_model_loader: - kv  18:               llama.attention.value_length u32              = 64
llama_model_loader: - kv  19:                          general.file_type u32              = 2
llama_model_loader: - kv  20:                           llama.vocab_size u32              = 128256
llama_model_loader: - kv  21:                 llama.rope.dimension_count u32              = 64
llama_model_loader: - kv  22:                       tokenizer.ggml.model str              = gpt2
llama_model_loader: - kv  23:                         tokenizer.ggml.pre str              = llama-bpe
llama_model_loader: - kv  24:                      tokenizer.ggml.tokens arr[str,128256]  = ["!", "\"", "#", "$", "%", "&", "'", ...
llama_model_loader: - kv  25:                  tokenizer.ggml.token_type arr[i32,128256]  = [1, 1, 1, 1, 1, 1, 1, 1, 1, 1, 1, 1, ...
llama_model_loader: - kv  26:                      tokenizer.ggml.merges arr[str,280147]  = ["Ġ Ġ", "Ġ ĠĠĠ", "ĠĠ ĠĠ", "...
llama_model_loader: - kv  27:                tokenizer.ggml.bos_token_id u32              = 128000
llama_model_loader: - kv  28:                tokenizer.ggml.eos_token_id u32              = 128009
llama_model_loader: - kv  29:                    tokenizer.chat_template str              = {{- bos_token }}\n{%- if custom_tools ...
llama_model_loader: - kv  30:               general.quantization_version u32              = 2
llama_model_loader: - kv  31:                      quantize.imatrix.file str              = /models_out/Llama-3.2-1B-Instruct-GGU...
llama_model_loader: - kv  32:                   quantize.imatrix.dataset str              = /training_dir/calibration_datav3.txt
llama_model_loader: - kv  33:             quantize.imatrix.entries_count i32              = 112
llama_model_loader: - kv  34:              quantize.imatrix.chunks_count i32              = 125
llama_model_loader: - type  f32:   34 tensors
llama_model_loader: - type q4_0:  110 tensors
llama_model_loader: - type q4_1:    2 tensors
llama_model_loader: - type q6_K:    1 tensors
print_info: file format = GGUF V3 (latest)
print_info: file type   = Q4_0
print_info: file size   = 729.75 MiB (4.95 BPW) 
load: printing all EOG tokens:
load:   - 128001 ('<|end_of_text|>')
load:   - 128008 ('<|eom_id|>')
load:   - 128009 ('<|eot_id|>')
load: special tokens cache size = 256
load: token to piece cache size = 0.7999 MB
print_info: arch             = llama
print_info: vocab_only       = 0
print_info: n_ctx_train      = 131072
print_info: n_embd           = 2048
print_info: n_layer          = 16
print_info: n_head           = 32
print_info: n_head_kv        = 8
print_info: n_rot            = 64
print_info: n_swa            = 0
print_info: is_swa_any       = 0
print_info: n_embd_head_k    = 64
print_info: n_embd_head_v    = 64
print_info: n_gqa            = 4
print_info: n_embd_k_gqa     = 512
print_info: n_embd_v_gqa     = 512
print_info: f_norm_eps       = 0.0e+00
print_info: f_norm_rms_eps   = 1.0e-05
print_info: f_clamp_kqv      = 0.0e+00
print_info: f_max_alibi_bias = 0.0e+00
print_info: f_logit_scale    = 0.0e+00
print_info: f_attn_scale     = 0.0e+00
print_info: n_ff             = 8192
print_info: n_expert         = 0
print_info: n_expert_used    = 0
print_info: n_expert_groups  = 0
print_info: n_group_used     = 0
print_info: causal attn      = 1
print_info: pooling type     = 0
print_info: rope type        = 0
print_info: rope scaling     = linear
print_info: freq_base_train  = 500000.0
print_info: freq_scale_train = 1
print_info: n_ctx_orig_yarn  = 131072
print_info: rope_finetuned   = unknown
print_info: model type       = 1B
print_info: model params     = 1.24 B
print_info: general.name     = Llama 3.2 1B Instruct
print_info: vocab type       = BPE
print_info: n_vocab          = 128256
print_info: n_merges         = 280147
print_info: BOS token        = 128000 '<|begin_of_text|>'
print_info: EOS token        = 128009 '<|eot_id|>'
print_info: EOT token        = 128001 '<|end_of_text|>'
print_info: EOM token        = 128008 '<|eom_id|>'
print_info: LF token         = 198 'Ċ'
print_info: EOG token        = 128001 '<|end_of_text|>'
print_info: EOG token        = 128008 '<|eom_id|>'
print_info: EOG token        = 128009 '<|eot_id|>'
print_info: max token length = 256
load_tensors: loading model tensors, this can take a while... (mmap = false)
load_tensors: offloading 0 repeating layers to GPU
load_tensors: offloaded 0/17 layers to GPU
load_tensors:          CPU model buffer size =   225.75 MiB
load_tensors:   CPU_REPACK model buffer size =   504.00 MiB
.............................................................
llama_context: constructing llama_context
llama_context: n_seq_max     = 1
llama_context: n_ctx         = 1024
llama_context: n_ctx_seq     = 1024
llama_context: n_batch       = 128
llama_context: n_ubatch      = 128
llama_context: causal_attn   = 1
llama_context: flash_attn    = enabled
llama_context: kv_unified    = false
llama_context: freq_base     = 500000.0
llama_context: freq_scale    = 1
llama_context: n_ctx_seq (1024) < n_ctx_train (131072) -- the full capacity of the model will not be utilized
llama_context:        CPU  output buffer size =     0.49 MiB
llama_kv_cache:        CPU KV buffer size =    24.50 MiB
llama_kv_cache: size =   24.50 MiB (  1024 cells,  16 layers,  1/1 seqs), K (f16):   16.00 MiB, V (q8_0):    8.50 MiB
llama_context:        CPU compute buffer size =    63.62 MiB
llama_context: graph nodes  = 503
llama_context: graph splits = 1
common_init_from_params: added <|end_of_text|> logit bias = -inf
common_init_from_params: added <|eom_id|> logit bias = -inf
common_init_from_params: added <|eot_id|> logit bias = -inf
common_init_from_params: setting dry_penalty_last_n to ctx_size = 1024
common_init_from_params: warming up the model with an empty run - please wait ... (--no-warmup to disable)
main: llama threadpool init, n_threads = 8

system_info: n_threads = 8 (n_threads_batch = 8) / 8 | CPU : NEON = 1 | ARM_FMA = 1 | FP16_VA = 1 | MATMUL_INT8 = 1 | DOTPROD = 1 | REPACK = 1 | 

sampler seed: 2318352187
sampler params: 
	repeat_last_n = 64, repeat_penalty = 1.100, frequency_penalty = 0.150, presence_penalty = 0.200
	dry_multiplier = 1.000, dry_base = 1.750, dry_allowed_length = 2, dry_penalty_last_n = 1024
	top_k = 30, top_p = 1.000, min_p = 0.150, xtc_probability = 0.000, xtc_threshold = 0.100, typical_p = 1.000, top_n_sigma = -1.000, temp = 0.400
	mirostat = 0, mirostat_lr = 0.100, mirostat_ent = 5.000
sampler chain: logits -> logit-bias -> penalties -> dry -> top-n-sigma -> top-k -> typical -> top-p -> min-p -> xtc -> temp-ext -> dist 
generate: n_ctx = 1024, n_batch = 128, n_predict = 750, n_keep = 1

llama_perf_sampler_print:    sampling time =     105.34 ms /   165 runs   (    0.64 ms per token,  1566.34 tokens per second)
llama_perf_context_print:        load time =    1025.79 ms
llama_perf_context_print: prompt eval time =     144.12 ms /    27 tokens (    5.34 ms per token,   187.35 tokens per second)
llama_perf_context_print:        eval time =    2227.18 ms /   137 runs   (   16.26 ms per token,    61.51 tokens per second)
llama_perf_context_print:       total time =    2790.34 ms /   164 tokens
llama_perf_context_print:    graphs reused =        136
llama_memory_breakdown_print: | memory breakdown [MiB]                  | total   free    self   model   context   compute    unaccounted |
llama_memory_breakdown_print: |   - GPUOpenCL (QUALCOMM Adreno(TM) 830) |     0 =    0 + (   0 =     0 +       0 +       0) +           0 |
llama_memory_breakdown_print: |   - HTP0 (Hexagon)                      |  2048 = 2048 + (   0 =     0 +       0 +       0) +           0 |
llama_memory_breakdown_print: |   - Host                                |                  313 =   225 +      24 +      63                |
llama_memory_breakdown_print: |   - CPU_REPACK                          |                  504 =   504 +       0 +       0                |
ggml_opencl: selected platform: 'QUALCOMM Snapdragon(TM)'

ggml_opencl: device: 'QUALCOMM Adreno(TM) 830 (OpenCL 3.0 Adreno(TM) 830)'
ggml_opencl: OpenCL driver: OpenCL 3.0 QUALCOMM build: 0800.40.1 Compiler E031.47.18.36
ggml_opencl: vector subgroup broadcast support: true
ggml_opencl: device FP16 support: true
ggml_opencl: mem base addr align: 128
ggml_opencl: max mem alloc size: 1024 MB
ggml_opencl: device max workgroup size: 1024
ggml_opencl: SVM coarse grain buffer support: true
ggml_opencl: SVM fine grain buffer support: true
ggml_opencl: SVM fine grain system support: false
ggml_opencl: SVM atomics support: true
ggml_opencl: flattening quantized weights representation as struct of arrays (GGML_OPENCL_SOA_Q)
ggml_opencl: using kernels optimized for Adreno (GGML_OPENCL_USE_ADRENO_KERNELS)
ggml_opencl: loading OpenCL kernels........................................................................
ggml_opencl: default device: 'QUALCOMM Adreno(TM) 830 (OpenCL 3.0 Adreno(TM) 830)'
ggml-hex: Hexagon backend (experimental) : allocating new registry : ndev 1
ggml-hex: Hexagon Arch version v79
ggml-hex: allocating new session: HTP0
ggml-hex: new session: HTP0 : session-id 0 domain-id 3 uri file:///libggml-htp-v79.so?htp_iface_skel_handle_invoke&_modver=1.0&_dom=cdsp&_session=0 handle 0xb400007072bf9990
build: 0 (unknown) with Android (13324770, +pgo, +bolt, +lto, +mlgo, based on r530567d) clang version 19.0.0 (https://android.googlesource.com/toolchain/llvm-project 97a699bf4812a18fb657c2779f5296a4ab2694d2) for x86_64-unknown-linux-gnu
main: llama backend init
main: load the model and apply lora adapter, if any
llama_model_load_from_file_impl: using device GPUOpenCL (QUALCOMM Adreno(TM) 830) (unknown id) - 0 MiB free
llama_model_load_from_file_impl: using device HTP0 (Hexagon) (unknown id) - 2048 MiB free
llama_model_loader: loaded meta data with 35 key-value pairs and 147 tensors from /data/local/tmp/llama.cpp/../gguf/Llama-3.2-1B-Instruct-Q4_0.gguf (version GGUF V3 (latest))
llama_model_loader: Dumping metadata keys/values. Note: KV overrides do not apply in this output.
llama_model_loader: - kv   0:                       general.architecture str              = llama
llama_model_loader: - kv   1:                               general.type str              = model
llama_model_loader: - kv   2:                               general.name str              = Llama 3.2 1B Instruct
llama_model_loader: - kv   3:                           general.finetune str              = Instruct
llama_model_loader: - kv   4:                           general.basename str              = Llama-3.2
llama_model_loader: - kv   5:                         general.size_label str              = 1B
llama_model_loader: - kv   6:                            general.license str              = llama3.2
llama_model_loader: - kv   7:                               general.tags arr[str,6]       = ["facebook", "meta", "pytorch", "llam...
llama_model_loader: - kv   8:                          general.languages arr[str,8]       = ["en", "de", "fr", "it", "pt", "hi", ...
llama_model_loader: - kv   9:                          llama.block_count u32              = 16
llama_model_loader: - kv  10:                       llama.context_length u32              = 131072
llama_model_loader: - kv  11:                     llama.embedding_length u32              = 2048
llama_model_loader: - kv  12:                  llama.feed_forward_length u32              = 8192
llama_model_loader: - kv  13:                 llama.attention.head_count u32              = 32
llama_model_loader: - kv  14:              llama.attention.head_count_kv u32              = 8
llama_model_loader: - kv  15:                       llama.rope.freq_base f32              = 500000.000000
llama_model_loader: - kv  16:     llama.attention.layer_norm_rms_epsilon f32              = 0.000010
llama_model_loader: - kv  17:                 llama.attention.key_length u32              = 64
llama_model_loader: - kv  18:               llama.attention.value_length u32              = 64
llama_model_loader: - kv  19:                          general.file_type u32              = 2
llama_model_loader: - kv  20:                           llama.vocab_size u32              = 128256
llama_model_loader: - kv  21:                 llama.rope.dimension_count u32              = 64
llama_model_loader: - kv  22:                       tokenizer.ggml.model str              = gpt2
llama_model_loader: - kv  23:                         tokenizer.ggml.pre str              = llama-bpe
llama_model_loader: - kv  24:                      tokenizer.ggml.tokens arr[str,128256]  = ["!", "\"", "#", "$", "%", "&", "'", ...
llama_model_loader: - kv  25:                  tokenizer.ggml.token_type arr[i32,128256]  = [1, 1, 1, 1, 1, 1, 1, 1, 1, 1, 1, 1, ...
llama_model_loader: - kv  26:                      tokenizer.ggml.merges arr[str,280147]  = ["Ġ Ġ", "Ġ ĠĠĠ", "ĠĠ ĠĠ", "...
llama_model_loader: - kv  27:                tokenizer.ggml.bos_token_id u32              = 128000
llama_model_loader: - kv  28:                tokenizer.ggml.eos_token_id u32              = 128009
llama_model_loader: - kv  29:                    tokenizer.chat_template str              = {{- bos_token }}\n{%- if custom_tools ...
llama_model_loader: - kv  30:               general.quantization_version u32              = 2
llama_model_loader: - kv  31:                      quantize.imatrix.file str              = /models_out/Llama-3.2-1B-Instruct-GGU...
llama_model_loader: - kv  32:                   quantize.imatrix.dataset str              = /training_dir/calibration_datav3.txt
llama_model_loader: - kv  33:             quantize.imatrix.entries_count i32              = 112
llama_model_loader: - kv  34:              quantize.imatrix.chunks_count i32              = 125
llama_model_loader: - type  f32:   34 tensors
llama_model_loader: - type q4_0:  110 tensors
llama_model_loader: - type q4_1:    2 tensors
llama_model_loader: - type q6_K:    1 tensors
print_info: file format = GGUF V3 (latest)
print_info: file type   = Q4_0
print_info: file size   = 729.75 MiB (4.95 BPW) 
load: printing all EOG tokens:
load:   - 128001 ('<|end_of_text|>')
load:   - 128008 ('<|eom_id|>')
load:   - 128009 ('<|eot_id|>')
load: special tokens cache size = 256
load: token to piece cache size = 0.7999 MB
print_info: arch             = llama
print_info: vocab_only       = 0
print_info: n_ctx_train      = 131072
print_info: n_embd           = 2048
print_info: n_layer          = 16
print_info: n_head           = 32
print_info: n_head_kv        = 8
print_info: n_rot            = 64
print_info: n_swa            = 0
print_info: is_swa_any       = 0
print_info: n_embd_head_k    = 64
print_info: n_embd_head_v    = 64
print_info: n_gqa            = 4
print_info: n_embd_k_gqa     = 512
print_info: n_embd_v_gqa     = 512
print_info: f_norm_eps       = 0.0e+00
print_info: f_norm_rms_eps   = 1.0e-05
print_info: f_clamp_kqv      = 0.0e+00
print_info: f_max_alibi_bias = 0.0e+00
print_info: f_logit_scale    = 0.0e+00
print_info: f_attn_scale     = 0.0e+00
print_info: n_ff             = 8192
print_info: n_expert         = 0
print_info: n_expert_used    = 0
print_info: n_expert_groups  = 0
print_info: n_group_used     = 0
print_info: causal attn      = 1
print_info: pooling type     = 0
print_info: rope type        = 0
print_info: rope scaling     = linear
print_info: freq_base_train  = 500000.0
print_info: freq_scale_train = 1
print_info: n_ctx_orig_yarn  = 131072
print_info: rope_finetuned   = unknown
print_info: model type       = 1B
print_info: model params     = 1.24 B
print_info: general.name     = Llama 3.2 1B Instruct
print_info: vocab type       = BPE
print_info: n_vocab          = 128256
print_info: n_merges         = 280147
print_info: BOS token        = 128000 '<|begin_of_text|>'
print_info: EOS token        = 128009 '<|eot_id|>'
print_info: EOT token        = 128001 '<|end_of_text|>'
print_info: EOM token        = 128008 '<|eom_id|>'
print_info: LF token         = 198 'Ċ'
print_info: EOG token        = 128001 '<|end_of_text|>'
print_info: EOG token        = 128008 '<|eom_id|>'
print_info: EOG token        = 128009 '<|eot_id|>'
print_info: max token length = 256
load_tensors: loading model tensors, this can take a while... (mmap = false)
load_tensors: offloading 0 repeating layers to GPU
load_tensors: offloaded 0/17 layers to GPU
load_tensors:          CPU model buffer size =   225.75 MiB
load_tensors:   CPU_REPACK model buffer size =   504.00 MiB
.............................................................
llama_context: constructing llama_context
llama_context: n_seq_max     = 1
llama_context: n_ctx         = 1024
llama_context: n_ctx_seq     = 1024
llama_context: n_batch       = 128
llama_context: n_ubatch      = 128
llama_context: causal_attn   = 1
llama_context: flash_attn    = enabled
llama_context: kv_unified    = false
llama_context: freq_base     = 500000.0
llama_context: freq_scale    = 1
llama_context: n_ctx_seq (1024) < n_ctx_train (131072) -- the full capacity of the model will not be utilized
llama_context:        CPU  output buffer size =     0.49 MiB
llama_kv_cache:        CPU KV buffer size =    24.50 MiB
llama_kv_cache: size =   24.50 MiB (  1024 cells,  16 layers,  1/1 seqs), K (f16):   16.00 MiB, V (q8_0):    8.50 MiB
llama_context:        CPU compute buffer size =    63.62 MiB
llama_context: graph nodes  = 503
llama_context: graph splits = 1
common_init_from_params: added <|end_of_text|> logit bias = -inf
common_init_from_params: added <|eom_id|> logit bias = -inf
common_init_from_params: added <|eot_id|> logit bias = -inf
common_init_from_params: setting dry_penalty_last_n to ctx_size = 1024
common_init_from_params: warming up the model with an empty run - please wait ... (--no-warmup to disable)
main: llama threadpool init, n_threads = 8

system_info: n_threads = 8 (n_threads_batch = 8) / 8 | CPU : NEON = 1 | ARM_FMA = 1 | FP16_VA = 1 | MATMUL_INT8 = 1 | DOTPROD = 1 | REPACK = 1 | 

sampler seed: 3110136601
sampler params: 
	repeat_last_n = 64, repeat_penalty = 1.100, frequency_penalty = 0.150, presence_penalty = 0.200
	dry_multiplier = 1.000, dry_base = 1.750, dry_allowed_length = 2, dry_penalty_last_n = 1024
	top_k = 30, top_p = 1.000, min_p = 0.150, xtc_probability = 0.000, xtc_threshold = 0.100, typical_p = 1.000, top_n_sigma = -1.000, temp = 0.400
	mirostat = 0, mirostat_lr = 0.100, mirostat_ent = 5.000
sampler chain: logits -> logit-bias -> penalties -> dry -> top-n-sigma -> top-k -> typical -> top-p -> min-p -> xtc -> temp-ext -> dist 
generate: n_ctx = 1024, n_batch = 128, n_predict = 750, n_keep = 1

llama_perf_sampler_print:    sampling time =      83.49 ms /   145 runs   (    0.58 ms per token,  1736.80 tokens per second)
llama_perf_context_print:        load time =    1021.14 ms
llama_perf_context_print: prompt eval time =      89.52 ms /    17 tokens (    5.27 ms per token,   189.89 tokens per second)
llama_perf_context_print:        eval time =    1985.48 ms /   127 runs   (   15.63 ms per token,    63.96 tokens per second)
llama_perf_context_print:       total time =    2472.70 ms /   144 tokens
llama_perf_context_print:    graphs reused =        126
llama_memory_breakdown_print: | memory breakdown [MiB]                  | total   free    self   model   context   compute    unaccounted |
llama_memory_breakdown_print: |   - GPUOpenCL (QUALCOMM Adreno(TM) 830) |     0 =    0 + (   0 =     0 +       0 +       0) +           0 |
llama_memory_breakdown_print: |   - HTP0 (Hexagon)                      |  2048 = 2048 + (   0 =     0 +       0 +       0) +           0 |
llama_memory_breakdown_print: |   - Host                                |                  313 =   225 +      24 +      63                |
llama_memory_breakdown_print: |   - CPU_REPACK                          |                  504 =   504 +       0 +       0                |
ggml_opencl: selected platform: 'QUALCOMM Snapdragon(TM)'

ggml_opencl: device: 'QUALCOMM Adreno(TM) 830 (OpenCL 3.0 Adreno(TM) 830)'
ggml_opencl: OpenCL driver: OpenCL 3.0 QUALCOMM build: 0800.40.1 Compiler E031.47.18.36
ggml_opencl: vector subgroup broadcast support: true
ggml_opencl: device FP16 support: true
ggml_opencl: mem base addr align: 128
ggml_opencl: max mem alloc size: 1024 MB
ggml_opencl: device max workgroup size: 1024
ggml_opencl: SVM coarse grain buffer support: true
ggml_opencl: SVM fine grain buffer support: true
ggml_opencl: SVM fine grain system support: false
ggml_opencl: SVM atomics support: true
ggml_opencl: flattening quantized weights representation as struct of arrays (GGML_OPENCL_SOA_Q)
ggml_opencl: using kernels optimized for Adreno (GGML_OPENCL_USE_ADRENO_KERNELS)
ggml_opencl: loading OpenCL kernels........................................................................
ggml_opencl: default device: 'QUALCOMM Adreno(TM) 830 (OpenCL 3.0 Adreno(TM) 830)'
ggml-hex: Hexagon backend (experimental) : allocating new registry : ndev 1
ggml-hex: Hexagon Arch version v79
ggml-hex: allocating new session: HTP0
ggml-hex: new session: HTP0 : session-id 0 domain-id 3 uri file:///libggml-htp-v79.so?htp_iface_skel_handle_invoke&_modver=1.0&_dom=cdsp&_session=0 handle 0xb4000074a7919790
build: 0 (unknown) with Android (13324770, +pgo, +bolt, +lto, +mlgo, based on r530567d) clang version 19.0.0 (https://android.googlesource.com/toolchain/llvm-project 97a699bf4812a18fb657c2779f5296a4ab2694d2) for x86_64-unknown-linux-gnu
main: llama backend init
main: load the model and apply lora adapter, if any
llama_model_load_from_file_impl: using device GPUOpenCL (QUALCOMM Adreno(TM) 830) (unknown id) - 0 MiB free
llama_model_load_from_file_impl: using device HTP0 (Hexagon) (unknown id) - 2048 MiB free
llama_model_loader: loaded meta data with 35 key-value pairs and 147 tensors from /data/local/tmp/llama.cpp/../gguf/Llama-3.2-1B-Instruct-Q4_0.gguf (version GGUF V3 (latest))
llama_model_loader: Dumping metadata keys/values. Note: KV overrides do not apply in this output.
llama_model_loader: - kv   0:                       general.architecture str              = llama
llama_model_loader: - kv   1:                               general.type str              = model
llama_model_loader: - kv   2:                               general.name str              = Llama 3.2 1B Instruct
llama_model_loader: - kv   3:                           general.finetune str              = Instruct
llama_model_loader: - kv   4:                           general.basename str              = Llama-3.2
llama_model_loader: - kv   5:                         general.size_label str              = 1B
llama_model_loader: - kv   6:                            general.license str              = llama3.2
llama_model_loader: - kv   7:                               general.tags arr[str,6]       = ["facebook", "meta", "pytorch", "llam...
llama_model_loader: - kv   8:                          general.languages arr[str,8]       = ["en", "de", "fr", "it", "pt", "hi", ...
llama_model_loader: - kv   9:                          llama.block_count u32              = 16
llama_model_loader: - kv  10:                       llama.context_length u32              = 131072
llama_model_loader: - kv  11:                     llama.embedding_length u32              = 2048
llama_model_loader: - kv  12:                  llama.feed_forward_length u32              = 8192
llama_model_loader: - kv  13:                 llama.attention.head_count u32              = 32
llama_model_loader: - kv  14:              llama.attention.head_count_kv u32              = 8
llama_model_loader: - kv  15:                       llama.rope.freq_base f32              = 500000.000000
llama_model_loader: - kv  16:     llama.attention.layer_norm_rms_epsilon f32              = 0.000010
llama_model_loader: - kv  17:                 llama.attention.key_length u32              = 64
llama_model_loader: - kv  18:               llama.attention.value_length u32              = 64
llama_model_loader: - kv  19:                          general.file_type u32              = 2
llama_model_loader: - kv  20:                           llama.vocab_size u32              = 128256
llama_model_loader: - kv  21:                 llama.rope.dimension_count u32              = 64
llama_model_loader: - kv  22:                       tokenizer.ggml.model str              = gpt2
llama_model_loader: - kv  23:                         tokenizer.ggml.pre str              = llama-bpe
llama_model_loader: - kv  24:                      tokenizer.ggml.tokens arr[str,128256]  = ["!", "\"", "#", "$", "%", "&", "'", ...
llama_model_loader: - kv  25:                  tokenizer.ggml.token_type arr[i32,128256]  = [1, 1, 1, 1, 1, 1, 1, 1, 1, 1, 1, 1, ...
llama_model_loader: - kv  26:                      tokenizer.ggml.merges arr[str,280147]  = ["Ġ Ġ", "Ġ ĠĠĠ", "ĠĠ ĠĠ", "...
llama_model_loader: - kv  27:                tokenizer.ggml.bos_token_id u32              = 128000
llama_model_loader: - kv  28:                tokenizer.ggml.eos_token_id u32              = 128009
llama_model_loader: - kv  29:                    tokenizer.chat_template str              = {{- bos_token }}\n{%- if custom_tools ...
llama_model_loader: - kv  30:               general.quantization_version u32              = 2
llama_model_loader: - kv  31:                      quantize.imatrix.file str              = /models_out/Llama-3.2-1B-Instruct-GGU...
llama_model_loader: - kv  32:                   quantize.imatrix.dataset str              = /training_dir/calibration_datav3.txt
llama_model_loader: - kv  33:             quantize.imatrix.entries_count i32              = 112
llama_model_loader: - kv  34:              quantize.imatrix.chunks_count i32              = 125
llama_model_loader: - type  f32:   34 tensors
llama_model_loader: - type q4_0:  110 tensors
llama_model_loader: - type q4_1:    2 tensors
llama_model_loader: - type q6_K:    1 tensors
print_info: file format = GGUF V3 (latest)
print_info: file type   = Q4_0
print_info: file size   = 729.75 MiB (4.95 BPW) 
load: printing all EOG tokens:
load:   - 128001 ('<|end_of_text|>')
load:   - 128008 ('<|eom_id|>')
load:   - 128009 ('<|eot_id|>')
load: special tokens cache size = 256
load: token to piece cache size = 0.7999 MB
print_info: arch             = llama
print_info: vocab_only       = 0
print_info: n_ctx_train      = 131072
print_info: n_embd           = 2048
print_info: n_layer          = 16
print_info: n_head           = 32
print_info: n_head_kv        = 8
print_info: n_rot            = 64
print_info: n_swa            = 0
print_info: is_swa_any       = 0
print_info: n_embd_head_k    = 64
print_info: n_embd_head_v    = 64
print_info: n_gqa            = 4
print_info: n_embd_k_gqa     = 512
print_info: n_embd_v_gqa     = 512
print_info: f_norm_eps       = 0.0e+00
print_info: f_norm_rms_eps   = 1.0e-05
print_info: f_clamp_kqv      = 0.0e+00
print_info: f_max_alibi_bias = 0.0e+00
print_info: f_logit_scale    = 0.0e+00
print_info: f_attn_scale     = 0.0e+00
print_info: n_ff             = 8192
print_info: n_expert         = 0
print_info: n_expert_used    = 0
print_info: n_expert_groups  = 0
print_info: n_group_used     = 0
print_info: causal attn      = 1
print_info: pooling type     = 0
print_info: rope type        = 0
print_info: rope scaling     = linear
print_info: freq_base_train  = 500000.0
print_info: freq_scale_train = 1
print_info: n_ctx_orig_yarn  = 131072
print_info: rope_finetuned   = unknown
print_info: model type       = 1B
print_info: model params     = 1.24 B
print_info: general.name     = Llama 3.2 1B Instruct
print_info: vocab type       = BPE
print_info: n_vocab          = 128256
print_info: n_merges         = 280147
print_info: BOS token        = 128000 '<|begin_of_text|>'
print_info: EOS token        = 128009 '<|eot_id|>'
print_info: EOT token        = 128001 '<|end_of_text|>'
print_info: EOM token        = 128008 '<|eom_id|>'
print_info: LF token         = 198 'Ċ'
print_info: EOG token        = 128001 '<|end_of_text|>'
print_info: EOG token        = 128008 '<|eom_id|>'
print_info: EOG token        = 128009 '<|eot_id|>'
print_info: max token length = 256
load_tensors: loading model tensors, this can take a while... (mmap = false)
load_tensors: offloading 0 repeating layers to GPU
load_tensors: offloaded 0/17 layers to GPU
load_tensors:          CPU model buffer size =   225.75 MiB
load_tensors:   CPU_REPACK model buffer size =   504.00 MiB
.............................................................
llama_context: constructing llama_context
llama_context: n_seq_max     = 1
llama_context: n_ctx         = 1024
llama_context: n_ctx_seq     = 1024
llama_context: n_batch       = 128
llama_context: n_ubatch      = 128
llama_context: causal_attn   = 1
llama_context: flash_attn    = enabled
llama_context: kv_unified    = false
llama_context: freq_base     = 500000.0
llama_context: freq_scale    = 1
llama_context: n_ctx_seq (1024) < n_ctx_train (131072) -- the full capacity of the model will not be utilized
llama_context:        CPU  output buffer size =     0.49 MiB
llama_kv_cache:        CPU KV buffer size =    24.50 MiB
llama_kv_cache: size =   24.50 MiB (  1024 cells,  16 layers,  1/1 seqs), K (f16):   16.00 MiB, V (q8_0):    8.50 MiB
llama_context:        CPU compute buffer size =    63.62 MiB
llama_context: graph nodes  = 503
llama_context: graph splits = 1
common_init_from_params: added <|end_of_text|> logit bias = -inf
common_init_from_params: added <|eom_id|> logit bias = -inf
common_init_from_params: added <|eot_id|> logit bias = -inf
common_init_from_params: setting dry_penalty_last_n to ctx_size = 1024
common_init_from_params: warming up the model with an empty run - please wait ... (--no-warmup to disable)
main: llama threadpool init, n_threads = 8

system_info: n_threads = 8 (n_threads_batch = 8) / 8 | CPU : NEON = 1 | ARM_FMA = 1 | FP16_VA = 1 | MATMUL_INT8 = 1 | DOTPROD = 1 | REPACK = 1 | 

sampler seed: 1802194300
sampler params: 
	repeat_last_n = 64, repeat_penalty = 1.100, frequency_penalty = 0.150, presence_penalty = 0.200
	dry_multiplier = 1.000, dry_base = 1.750, dry_allowed_length = 2, dry_penalty_last_n = 1024
	top_k = 30, top_p = 1.000, min_p = 0.150, xtc_probability = 0.000, xtc_threshold = 0.100, typical_p = 1.000, top_n_sigma = -1.000, temp = 0.400
	mirostat = 0, mirostat_lr = 0.100, mirostat_ent = 5.000
sampler chain: logits -> logit-bias -> penalties -> dry -> top-n-sigma -> top-k -> typical -> top-p -> min-p -> xtc -> temp-ext -> dist 
generate: n_ctx = 1024, n_batch = 128, n_predict = 750, n_keep = 1

llama_perf_sampler_print:    sampling time =     393.53 ms /   657 runs   (    0.60 ms per token,  1669.49 tokens per second)
llama_perf_context_print:        load time =    1032.04 ms
llama_perf_context_print: prompt eval time =     132.23 ms /    23 tokens (    5.75 ms per token,   173.94 tokens per second)
llama_perf_context_print:        eval time =    9980.97 ms /   633 runs   (   15.77 ms per token,    63.42 tokens per second)
llama_perf_context_print:       total time =   10876.36 ms /   656 tokens
llama_perf_context_print:    graphs reused =        630
llama_memory_breakdown_print: | memory breakdown [MiB]                  | total   free    self   model   context   compute    unaccounted |
llama_memory_breakdown_print: |   - GPUOpenCL (QUALCOMM Adreno(TM) 830) |     0 =    0 + (   0 =     0 +       0 +       0) +           0 |
llama_memory_breakdown_print: |   - HTP0 (Hexagon)                      |  2048 = 2048 + (   0 =     0 +       0 +       0) +           0 |
llama_memory_breakdown_print: |   - Host                                |                  313 =   225 +      24 +      63                |
llama_memory_breakdown_print: |   - CPU_REPACK                          |                  504 =   504 +       0 +       0                |
ggml_opencl: selected platform: 'QUALCOMM Snapdragon(TM)'

ggml_opencl: device: 'QUALCOMM Adreno(TM) 830 (OpenCL 3.0 Adreno(TM) 830)'
ggml_opencl: OpenCL driver: OpenCL 3.0 QUALCOMM build: 0800.40.1 Compiler E031.47.18.36
ggml_opencl: vector subgroup broadcast support: true
ggml_opencl: device FP16 support: true
ggml_opencl: mem base addr align: 128
ggml_opencl: max mem alloc size: 1024 MB
ggml_opencl: device max workgroup size: 1024
ggml_opencl: SVM coarse grain buffer support: true
ggml_opencl: SVM fine grain buffer support: true
ggml_opencl: SVM fine grain system support: false
ggml_opencl: SVM atomics support: true
ggml_opencl: flattening quantized weights representation as struct of arrays (GGML_OPENCL_SOA_Q)
ggml_opencl: using kernels optimized for Adreno (GGML_OPENCL_USE_ADRENO_KERNELS)
ggml_opencl: loading OpenCL kernels........................................................................
ggml_opencl: default device: 'QUALCOMM Adreno(TM) 830 (OpenCL 3.0 Adreno(TM) 830)'
ggml-hex: Hexagon backend (experimental) : allocating new registry : ndev 1
ggml-hex: Hexagon Arch version v79
ggml-hex: allocating new session: HTP0
ggml-hex: new session: HTP0 : session-id 0 domain-id 3 uri file:///libggml-htp-v79.so?htp_iface_skel_handle_invoke&_modver=1.0&_dom=cdsp&_session=0 handle 0xb400007a2247a5d0
build: 0 (unknown) with Android (13324770, +pgo, +bolt, +lto, +mlgo, based on r530567d) clang version 19.0.0 (https://android.googlesource.com/toolchain/llvm-project 97a699bf4812a18fb657c2779f5296a4ab2694d2) for x86_64-unknown-linux-gnu
main: llama backend init
main: load the model and apply lora adapter, if any
llama_model_load_from_file_impl: using device GPUOpenCL (QUALCOMM Adreno(TM) 830) (unknown id) - 0 MiB free
llama_model_load_from_file_impl: using device HTP0 (Hexagon) (unknown id) - 2048 MiB free
llama_model_loader: loaded meta data with 35 key-value pairs and 147 tensors from /data/local/tmp/llama.cpp/../gguf/Llama-3.2-1B-Instruct-Q4_0.gguf (version GGUF V3 (latest))
llama_model_loader: Dumping metadata keys/values. Note: KV overrides do not apply in this output.
llama_model_loader: - kv   0:                       general.architecture str              = llama
llama_model_loader: - kv   1:                               general.type str              = model
llama_model_loader: - kv   2:                               general.name str              = Llama 3.2 1B Instruct
llama_model_loader: - kv   3:                           general.finetune str              = Instruct
llama_model_loader: - kv   4:                           general.basename str              = Llama-3.2
llama_model_loader: - kv   5:                         general.size_label str              = 1B
llama_model_loader: - kv   6:                            general.license str              = llama3.2
llama_model_loader: - kv   7:                               general.tags arr[str,6]       = ["facebook", "meta", "pytorch", "llam...
llama_model_loader: - kv   8:                          general.languages arr[str,8]       = ["en", "de", "fr", "it", "pt", "hi", ...
llama_model_loader: - kv   9:                          llama.block_count u32              = 16
llama_model_loader: - kv  10:                       llama.context_length u32              = 131072
llama_model_loader: - kv  11:                     llama.embedding_length u32              = 2048
llama_model_loader: - kv  12:                  llama.feed_forward_length u32              = 8192
llama_model_loader: - kv  13:                 llama.attention.head_count u32              = 32
llama_model_loader: - kv  14:              llama.attention.head_count_kv u32              = 8
llama_model_loader: - kv  15:                       llama.rope.freq_base f32              = 500000.000000
llama_model_loader: - kv  16:     llama.attention.layer_norm_rms_epsilon f32              = 0.000010
llama_model_loader: - kv  17:                 llama.attention.key_length u32              = 64
llama_model_loader: - kv  18:               llama.attention.value_length u32              = 64
llama_model_loader: - kv  19:                          general.file_type u32              = 2
llama_model_loader: - kv  20:                           llama.vocab_size u32              = 128256
llama_model_loader: - kv  21:                 llama.rope.dimension_count u32              = 64
llama_model_loader: - kv  22:                       tokenizer.ggml.model str              = gpt2
llama_model_loader: - kv  23:                         tokenizer.ggml.pre str              = llama-bpe
llama_model_loader: - kv  24:                      tokenizer.ggml.tokens arr[str,128256]  = ["!", "\"", "#", "$", "%", "&", "'", ...
llama_model_loader: - kv  25:                  tokenizer.ggml.token_type arr[i32,128256]  = [1, 1, 1, 1, 1, 1, 1, 1, 1, 1, 1, 1, ...
llama_model_loader: - kv  26:                      tokenizer.ggml.merges arr[str,280147]  = ["Ġ Ġ", "Ġ ĠĠĠ", "ĠĠ ĠĠ", "...
llama_model_loader: - kv  27:                tokenizer.ggml.bos_token_id u32              = 128000
llama_model_loader: - kv  28:                tokenizer.ggml.eos_token_id u32              = 128009
llama_model_loader: - kv  29:                    tokenizer.chat_template str              = {{- bos_token }}\n{%- if custom_tools ...
llama_model_loader: - kv  30:               general.quantization_version u32              = 2
llama_model_loader: - kv  31:                      quantize.imatrix.file str              = /models_out/Llama-3.2-1B-Instruct-GGU...
llama_model_loader: - kv  32:                   quantize.imatrix.dataset str              = /training_dir/calibration_datav3.txt
llama_model_loader: - kv  33:             quantize.imatrix.entries_count i32              = 112
llama_model_loader: - kv  34:              quantize.imatrix.chunks_count i32              = 125
llama_model_loader: - type  f32:   34 tensors
llama_model_loader: - type q4_0:  110 tensors
llama_model_loader: - type q4_1:    2 tensors
llama_model_loader: - type q6_K:    1 tensors
print_info: file format = GGUF V3 (latest)
print_info: file type   = Q4_0
print_info: file size   = 729.75 MiB (4.95 BPW) 
load: printing all EOG tokens:
load:   - 128001 ('<|end_of_text|>')
load:   - 128008 ('<|eom_id|>')
load:   - 128009 ('<|eot_id|>')
load: special tokens cache size = 256
load: token to piece cache size = 0.7999 MB
print_info: arch             = llama
print_info: vocab_only       = 0
print_info: n_ctx_train      = 131072
print_info: n_embd           = 2048
print_info: n_layer          = 16
print_info: n_head           = 32
print_info: n_head_kv        = 8
print_info: n_rot            = 64
print_info: n_swa            = 0
print_info: is_swa_any       = 0
print_info: n_embd_head_k    = 64
print_info: n_embd_head_v    = 64
print_info: n_gqa            = 4
print_info: n_embd_k_gqa     = 512
print_info: n_embd_v_gqa     = 512
print_info: f_norm_eps       = 0.0e+00
print_info: f_norm_rms_eps   = 1.0e-05
print_info: f_clamp_kqv      = 0.0e+00
print_info: f_max_alibi_bias = 0.0e+00
print_info: f_logit_scale    = 0.0e+00
print_info: f_attn_scale     = 0.0e+00
print_info: n_ff             = 8192
print_info: n_expert         = 0
print_info: n_expert_used    = 0
print_info: n_expert_groups  = 0
print_info: n_group_used     = 0
print_info: causal attn      = 1
print_info: pooling type     = 0
print_info: rope type        = 0
print_info: rope scaling     = linear
print_info: freq_base_train  = 500000.0
print_info: freq_scale_train = 1
print_info: n_ctx_orig_yarn  = 131072
print_info: rope_finetuned   = unknown
print_info: model type       = 1B
print_info: model params     = 1.24 B
print_info: general.name     = Llama 3.2 1B Instruct
print_info: vocab type       = BPE
print_info: n_vocab          = 128256
print_info: n_merges         = 280147
print_info: BOS token        = 128000 '<|begin_of_text|>'
print_info: EOS token        = 128009 '<|eot_id|>'
print_info: EOT token        = 128001 '<|end_of_text|>'
print_info: EOM token        = 128008 '<|eom_id|>'
print_info: LF token         = 198 'Ċ'
print_info: EOG token        = 128001 '<|end_of_text|>'
print_info: EOG token        = 128008 '<|eom_id|>'
print_info: EOG token        = 128009 '<|eot_id|>'
print_info: max token length = 256
load_tensors: loading model tensors, this can take a while... (mmap = false)
load_tensors: offloading 0 repeating layers to GPU
load_tensors: offloaded 0/17 layers to GPU
load_tensors:          CPU model buffer size =   225.75 MiB
load_tensors:   CPU_REPACK model buffer size =   504.00 MiB
.............................................................
llama_context: constructing llama_context
llama_context: n_seq_max     = 1
llama_context: n_ctx         = 1024
llama_context: n_ctx_seq     = 1024
llama_context: n_batch       = 128
llama_context: n_ubatch      = 128
llama_context: causal_attn   = 1
llama_context: flash_attn    = enabled
llama_context: kv_unified    = false
llama_context: freq_base     = 500000.0
llama_context: freq_scale    = 1
llama_context: n_ctx_seq (1024) < n_ctx_train (131072) -- the full capacity of the model will not be utilized
llama_context:        CPU  output buffer size =     0.49 MiB
llama_kv_cache:        CPU KV buffer size =    24.50 MiB
llama_kv_cache: size =   24.50 MiB (  1024 cells,  16 layers,  1/1 seqs), K (f16):   16.00 MiB, V (q8_0):    8.50 MiB
llama_context:        CPU compute buffer size =    63.62 MiB
llama_context: graph nodes  = 503
llama_context: graph splits = 1
common_init_from_params: added <|end_of_text|> logit bias = -inf
common_init_from_params: added <|eom_id|> logit bias = -inf
common_init_from_params: added <|eot_id|> logit bias = -inf
common_init_from_params: setting dry_penalty_last_n to ctx_size = 1024
common_init_from_params: warming up the model with an empty run - please wait ... (--no-warmup to disable)
main: llama threadpool init, n_threads = 8

system_info: n_threads = 8 (n_threads_batch = 8) / 8 | CPU : NEON = 1 | ARM_FMA = 1 | FP16_VA = 1 | MATMUL_INT8 = 1 | DOTPROD = 1 | REPACK = 1 | 

sampler seed: 2712124320
sampler params: 
	repeat_last_n = 64, repeat_penalty = 1.100, frequency_penalty = 0.150, presence_penalty = 0.200
	dry_multiplier = 1.000, dry_base = 1.750, dry_allowed_length = 2, dry_penalty_last_n = 1024
	top_k = 30, top_p = 1.000, min_p = 0.150, xtc_probability = 0.000, xtc_threshold = 0.100, typical_p = 1.000, top_n_sigma = -1.000, temp = 0.400
	mirostat = 0, mirostat_lr = 0.100, mirostat_ent = 5.000
sampler chain: logits -> logit-bias -> penalties -> dry -> top-n-sigma -> top-k -> typical -> top-p -> min-p -> xtc -> temp-ext -> dist 
generate: n_ctx = 1024, n_batch = 128, n_predict = 750, n_keep = 1

llama_perf_sampler_print:    sampling time =     664.12 ms /   684 runs   (    0.97 ms per token,  1029.93 tokens per second)
llama_perf_context_print:        load time =    1525.99 ms
llama_perf_context_print: prompt eval time =      70.53 ms /    20 tokens (    3.53 ms per token,   283.56 tokens per second)
llama_perf_context_print:        eval time =   17237.46 ms /   663 runs   (   26.00 ms per token,    38.46 tokens per second)
llama_perf_context_print:       total time =   18411.04 ms /   683 tokens
llama_perf_context_print:    graphs reused =        660
llama_memory_breakdown_print: | memory breakdown [MiB]                  | total   free    self   model   context   compute    unaccounted |
llama_memory_breakdown_print: |   - GPUOpenCL (QUALCOMM Adreno(TM) 830) |     0 =    0 + (   0 =     0 +       0 +       0) +           0 |
llama_memory_breakdown_print: |   - HTP0 (Hexagon)                      |  2048 = 2048 + (   0 =     0 +       0 +       0) +           0 |
llama_memory_breakdown_print: |   - Host                                |                  313 =   225 +      24 +      63                |
llama_memory_breakdown_print: |   - CPU_REPACK                          |                  504 =   504 +       0 +       0                |
ggml_opencl: selected platform: 'QUALCOMM Snapdragon(TM)'

ggml_opencl: device: 'QUALCOMM Adreno(TM) 830 (OpenCL 3.0 Adreno(TM) 830)'
ggml_opencl: OpenCL driver: OpenCL 3.0 QUALCOMM build: 0800.40.1 Compiler E031.47.18.36
ggml_opencl: vector subgroup broadcast support: true
ggml_opencl: device FP16 support: true
ggml_opencl: mem base addr align: 128
ggml_opencl: max mem alloc size: 1024 MB
ggml_opencl: device max workgroup size: 1024
ggml_opencl: SVM coarse grain buffer support: true
ggml_opencl: SVM fine grain buffer support: true
ggml_opencl: SVM fine grain system support: false
ggml_opencl: SVM atomics support: true
ggml_opencl: flattening quantized weights representation as struct of arrays (GGML_OPENCL_SOA_Q)
ggml_opencl: using kernels optimized for Adreno (GGML_OPENCL_USE_ADRENO_KERNELS)
ggml_opencl: loading OpenCL kernels........................................................................
ggml_opencl: default device: 'QUALCOMM Adreno(TM) 830 (OpenCL 3.0 Adreno(TM) 830)'
ggml-hex: Hexagon backend (experimental) : allocating new registry : ndev 1
ggml-hex: Hexagon Arch version v79
ggml-hex: allocating new session: HTP0
ggml-hex: new session: HTP0 : session-id 0 domain-id 3 uri file:///libggml-htp-v79.so?htp_iface_skel_handle_invoke&_modver=1.0&_dom=cdsp&_session=0 handle 0xb4000071af1012d0
build: 0 (unknown) with Android (13324770, +pgo, +bolt, +lto, +mlgo, based on r530567d) clang version 19.0.0 (https://android.googlesource.com/toolchain/llvm-project 97a699bf4812a18fb657c2779f5296a4ab2694d2) for x86_64-unknown-linux-gnu
main: llama backend init
main: load the model and apply lora adapter, if any
llama_model_load_from_file_impl: using device GPUOpenCL (QUALCOMM Adreno(TM) 830) (unknown id) - 0 MiB free
llama_model_load_from_file_impl: using device HTP0 (Hexagon) (unknown id) - 2048 MiB free
llama_model_loader: loaded meta data with 35 key-value pairs and 147 tensors from /data/local/tmp/llama.cpp/../gguf/Llama-3.2-1B-Instruct-Q4_0.gguf (version GGUF V3 (latest))
llama_model_loader: Dumping metadata keys/values. Note: KV overrides do not apply in this output.
llama_model_loader: - kv   0:                       general.architecture str              = llama
llama_model_loader: - kv   1:                               general.type str              = model
llama_model_loader: - kv   2:                               general.name str              = Llama 3.2 1B Instruct
llama_model_loader: - kv   3:                           general.finetune str              = Instruct
llama_model_loader: - kv   4:                           general.basename str              = Llama-3.2
llama_model_loader: - kv   5:                         general.size_label str              = 1B
llama_model_loader: - kv   6:                            general.license str              = llama3.2
llama_model_loader: - kv   7:                               general.tags arr[str,6]       = ["facebook", "meta", "pytorch", "llam...
llama_model_loader: - kv   8:                          general.languages arr[str,8]       = ["en", "de", "fr", "it", "pt", "hi", ...
llama_model_loader: - kv   9:                          llama.block_count u32              = 16
llama_model_loader: - kv  10:                       llama.context_length u32              = 131072
llama_model_loader: - kv  11:                     llama.embedding_length u32              = 2048
llama_model_loader: - kv  12:                  llama.feed_forward_length u32              = 8192
llama_model_loader: - kv  13:                 llama.attention.head_count u32              = 32
llama_model_loader: - kv  14:              llama.attention.head_count_kv u32              = 8
llama_model_loader: - kv  15:                       llama.rope.freq_base f32              = 500000.000000
llama_model_loader: - kv  16:     llama.attention.layer_norm_rms_epsilon f32              = 0.000010
llama_model_loader: - kv  17:                 llama.attention.key_length u32              = 64
llama_model_loader: - kv  18:               llama.attention.value_length u32              = 64
llama_model_loader: - kv  19:                          general.file_type u32              = 2
llama_model_loader: - kv  20:                           llama.vocab_size u32              = 128256
llama_model_loader: - kv  21:                 llama.rope.dimension_count u32              = 64
llama_model_loader: - kv  22:                       tokenizer.ggml.model str              = gpt2
llama_model_loader: - kv  23:                         tokenizer.ggml.pre str              = llama-bpe
llama_model_loader: - kv  24:                      tokenizer.ggml.tokens arr[str,128256]  = ["!", "\"", "#", "$", "%", "&", "'", ...
llama_model_loader: - kv  25:                  tokenizer.ggml.token_type arr[i32,128256]  = [1, 1, 1, 1, 1, 1, 1, 1, 1, 1, 1, 1, ...
llama_model_loader: - kv  26:                      tokenizer.ggml.merges arr[str,280147]  = ["Ġ Ġ", "Ġ ĠĠĠ", "ĠĠ ĠĠ", "...
llama_model_loader: - kv  27:                tokenizer.ggml.bos_token_id u32              = 128000
llama_model_loader: - kv  28:                tokenizer.ggml.eos_token_id u32              = 128009
llama_model_loader: - kv  29:                    tokenizer.chat_template str              = {{- bos_token }}\n{%- if custom_tools ...
llama_model_loader: - kv  30:               general.quantization_version u32              = 2
llama_model_loader: - kv  31:                      quantize.imatrix.file str              = /models_out/Llama-3.2-1B-Instruct-GGU...
llama_model_loader: - kv  32:                   quantize.imatrix.dataset str              = /training_dir/calibration_datav3.txt
llama_model_loader: - kv  33:             quantize.imatrix.entries_count i32              = 112
llama_model_loader: - kv  34:              quantize.imatrix.chunks_count i32              = 125
llama_model_loader: - type  f32:   34 tensors
llama_model_loader: - type q4_0:  110 tensors
llama_model_loader: - type q4_1:    2 tensors
llama_model_loader: - type q6_K:    1 tensors
print_info: file format = GGUF V3 (latest)
print_info: file type   = Q4_0
print_info: file size   = 729.75 MiB (4.95 BPW) 
load: printing all EOG tokens:
load:   - 128001 ('<|end_of_text|>')
load:   - 128008 ('<|eom_id|>')
load:   - 128009 ('<|eot_id|>')
load: special tokens cache size = 256
load: token to piece cache size = 0.7999 MB
print_info: arch             = llama
print_info: vocab_only       = 0
print_info: n_ctx_train      = 131072
print_info: n_embd           = 2048
print_info: n_layer          = 16
print_info: n_head           = 32
print_info: n_head_kv        = 8
print_info: n_rot            = 64
print_info: n_swa            = 0
print_info: is_swa_any       = 0
print_info: n_embd_head_k    = 64
print_info: n_embd_head_v    = 64
print_info: n_gqa            = 4
print_info: n_embd_k_gqa     = 512
print_info: n_embd_v_gqa     = 512
print_info: f_norm_eps       = 0.0e+00
print_info: f_norm_rms_eps   = 1.0e-05
print_info: f_clamp_kqv      = 0.0e+00
print_info: f_max_alibi_bias = 0.0e+00
print_info: f_logit_scale    = 0.0e+00
print_info: f_attn_scale     = 0.0e+00
print_info: n_ff             = 8192
print_info: n_expert         = 0
print_info: n_expert_used    = 0
print_info: n_expert_groups  = 0
print_info: n_group_used     = 0
print_info: causal attn      = 1
print_info: pooling type     = 0
print_info: rope type        = 0
print_info: rope scaling     = linear
print_info: freq_base_train  = 500000.0
print_info: freq_scale_train = 1
print_info: n_ctx_orig_yarn  = 131072
print_info: rope_finetuned   = unknown
print_info: model type       = 1B
print_info: model params     = 1.24 B
print_info: general.name     = Llama 3.2 1B Instruct
print_info: vocab type       = BPE
print_info: n_vocab          = 128256
print_info: n_merges         = 280147
print_info: BOS token        = 128000 '<|begin_of_text|>'
print_info: EOS token        = 128009 '<|eot_id|>'
print_info: EOT token        = 128001 '<|end_of_text|>'
print_info: EOM token        = 128008 '<|eom_id|>'
print_info: LF token         = 198 'Ċ'
print_info: EOG token        = 128001 '<|end_of_text|>'
print_info: EOG token        = 128008 '<|eom_id|>'
print_info: EOG token        = 128009 '<|eot_id|>'
print_info: max token length = 256
load_tensors: loading model tensors, this can take a while... (mmap = false)
load_tensors: offloading 0 repeating layers to GPU
load_tensors: offloaded 0/17 layers to GPU
load_tensors:          CPU model buffer size =   225.75 MiB
load_tensors:   CPU_REPACK model buffer size =   504.00 MiB
.............................................................
llama_context: constructing llama_context
llama_context: n_seq_max     = 1
llama_context: n_ctx         = 1024
llama_context: n_ctx_seq     = 1024
llama_context: n_batch       = 128
llama_context: n_ubatch      = 128
llama_context: causal_attn   = 1
llama_context: flash_attn    = enabled
llama_context: kv_unified    = false
llama_context: freq_base     = 500000.0
llama_context: freq_scale    = 1
llama_context: n_ctx_seq (1024) < n_ctx_train (131072) -- the full capacity of the model will not be utilized
llama_context:        CPU  output buffer size =     0.49 MiB
llama_kv_cache:        CPU KV buffer size =    24.50 MiB
llama_kv_cache: size =   24.50 MiB (  1024 cells,  16 layers,  1/1 seqs), K (f16):   16.00 MiB, V (q8_0):    8.50 MiB
llama_context:        CPU compute buffer size =    63.62 MiB
llama_context: graph nodes  = 503
llama_context: graph splits = 1
common_init_from_params: added <|end_of_text|> logit bias = -inf
common_init_from_params: added <|eom_id|> logit bias = -inf
common_init_from_params: added <|eot_id|> logit bias = -inf
common_init_from_params: setting dry_penalty_last_n to ctx_size = 1024
common_init_from_params: warming up the model with an empty run - please wait ... (--no-warmup to disable)
main: llama threadpool init, n_threads = 8

system_info: n_threads = 8 (n_threads_batch = 8) / 8 | CPU : NEON = 1 | ARM_FMA = 1 | FP16_VA = 1 | MATMUL_INT8 = 1 | DOTPROD = 1 | REPACK = 1 | 

sampler seed: 1742064013
sampler params: 
	repeat_last_n = 64, repeat_penalty = 1.100, frequency_penalty = 0.150, presence_penalty = 0.200
	dry_multiplier = 1.000, dry_base = 1.750, dry_allowed_length = 2, dry_penalty_last_n = 1024
	top_k = 30, top_p = 1.000, min_p = 0.150, xtc_probability = 0.000, xtc_threshold = 0.100, typical_p = 1.000, top_n_sigma = -1.000, temp = 0.400
	mirostat = 0, mirostat_lr = 0.100, mirostat_ent = 5.000
sampler chain: logits -> logit-bias -> penalties -> dry -> top-n-sigma -> top-k -> typical -> top-p -> min-p -> xtc -> temp-ext -> dist 
generate: n_ctx = 1024, n_batch = 128, n_predict = 750, n_keep = 1

llama_perf_sampler_print:    sampling time =     231.03 ms /   260 runs   (    0.89 ms per token,  1125.40 tokens per second)
llama_perf_context_print:        load time =    1461.98 ms
llama_perf_context_print: prompt eval time =      95.44 ms /    23 tokens (    4.15 ms per token,   240.98 tokens per second)
llama_perf_context_print:        eval time =    4510.03 ms /   236 runs   (   19.11 ms per token,    52.33 tokens per second)
llama_perf_context_print:       total time =    5227.16 ms /   259 tokens
llama_perf_context_print:    graphs reused =        234
llama_memory_breakdown_print: | memory breakdown [MiB]                  | total   free    self   model   context   compute    unaccounted |
llama_memory_breakdown_print: |   - GPUOpenCL (QUALCOMM Adreno(TM) 830) |     0 =    0 + (   0 =     0 +       0 +       0) +           0 |
llama_memory_breakdown_print: |   - HTP0 (Hexagon)                      |  2048 = 2048 + (   0 =     0 +       0 +       0) +           0 |
llama_memory_breakdown_print: |   - Host                                |                  313 =   225 +      24 +      63                |
llama_memory_breakdown_print: |   - CPU_REPACK                          |                  504 =   504 +       0 +       0                |
ggml_opencl: selected platform: 'QUALCOMM Snapdragon(TM)'

ggml_opencl: device: 'QUALCOMM Adreno(TM) 830 (OpenCL 3.0 Adreno(TM) 830)'
ggml_opencl: OpenCL driver: OpenCL 3.0 QUALCOMM build: 0800.40.1 Compiler E031.47.18.36
ggml_opencl: vector subgroup broadcast support: true
ggml_opencl: device FP16 support: true
ggml_opencl: mem base addr align: 128
ggml_opencl: max mem alloc size: 1024 MB
ggml_opencl: device max workgroup size: 1024
ggml_opencl: SVM coarse grain buffer support: true
ggml_opencl: SVM fine grain buffer support: true
ggml_opencl: SVM fine grain system support: false
ggml_opencl: SVM atomics support: true
ggml_opencl: flattening quantized weights representation as struct of arrays (GGML_OPENCL_SOA_Q)
ggml_opencl: using kernels optimized for Adreno (GGML_OPENCL_USE_ADRENO_KERNELS)
ggml_opencl: loading OpenCL kernels........................................................................
ggml_opencl: default device: 'QUALCOMM Adreno(TM) 830 (OpenCL 3.0 Adreno(TM) 830)'
ggml-hex: Hexagon backend (experimental) : allocating new registry : ndev 1
ggml-hex: Hexagon Arch version v79
ggml-hex: allocating new session: HTP0
ggml-hex: new session: HTP0 : session-id 0 domain-id 3 uri file:///libggml-htp-v79.so?htp_iface_skel_handle_invoke&_modver=1.0&_dom=cdsp&_session=0 handle 0xb400007819f83a10
build: 0 (unknown) with Android (13324770, +pgo, +bolt, +lto, +mlgo, based on r530567d) clang version 19.0.0 (https://android.googlesource.com/toolchain/llvm-project 97a699bf4812a18fb657c2779f5296a4ab2694d2) for x86_64-unknown-linux-gnu
main: llama backend init
main: load the model and apply lora adapter, if any
llama_model_load_from_file_impl: using device GPUOpenCL (QUALCOMM Adreno(TM) 830) (unknown id) - 0 MiB free
llama_model_load_from_file_impl: using device HTP0 (Hexagon) (unknown id) - 2048 MiB free
llama_model_loader: loaded meta data with 35 key-value pairs and 147 tensors from /data/local/tmp/llama.cpp/../gguf/Llama-3.2-1B-Instruct-Q4_0.gguf (version GGUF V3 (latest))
llama_model_loader: Dumping metadata keys/values. Note: KV overrides do not apply in this output.
llama_model_loader: - kv   0:                       general.architecture str              = llama
llama_model_loader: - kv   1:                               general.type str              = model
llama_model_loader: - kv   2:                               general.name str              = Llama 3.2 1B Instruct
llama_model_loader: - kv   3:                           general.finetune str              = Instruct
llama_model_loader: - kv   4:                           general.basename str              = Llama-3.2
llama_model_loader: - kv   5:                         general.size_label str              = 1B
llama_model_loader: - kv   6:                            general.license str              = llama3.2
llama_model_loader: - kv   7:                               general.tags arr[str,6]       = ["facebook", "meta", "pytorch", "llam...
llama_model_loader: - kv   8:                          general.languages arr[str,8]       = ["en", "de", "fr", "it", "pt", "hi", ...
llama_model_loader: - kv   9:                          llama.block_count u32              = 16
llama_model_loader: - kv  10:                       llama.context_length u32              = 131072
llama_model_loader: - kv  11:                     llama.embedding_length u32              = 2048
llama_model_loader: - kv  12:                  llama.feed_forward_length u32              = 8192
llama_model_loader: - kv  13:                 llama.attention.head_count u32              = 32
llama_model_loader: - kv  14:              llama.attention.head_count_kv u32              = 8
llama_model_loader: - kv  15:                       llama.rope.freq_base f32              = 500000.000000
llama_model_loader: - kv  16:     llama.attention.layer_norm_rms_epsilon f32              = 0.000010
llama_model_loader: - kv  17:                 llama.attention.key_length u32              = 64
llama_model_loader: - kv  18:               llama.attention.value_length u32              = 64
llama_model_loader: - kv  19:                          general.file_type u32              = 2
llama_model_loader: - kv  20:                           llama.vocab_size u32              = 128256
llama_model_loader: - kv  21:                 llama.rope.dimension_count u32              = 64
llama_model_loader: - kv  22:                       tokenizer.ggml.model str              = gpt2
llama_model_loader: - kv  23:                         tokenizer.ggml.pre str              = llama-bpe
llama_model_loader: - kv  24:                      tokenizer.ggml.tokens arr[str,128256]  = ["!", "\"", "#", "$", "%", "&", "'", ...
llama_model_loader: - kv  25:                  tokenizer.ggml.token_type arr[i32,128256]  = [1, 1, 1, 1, 1, 1, 1, 1, 1, 1, 1, 1, ...
llama_model_loader: - kv  26:                      tokenizer.ggml.merges arr[str,280147]  = ["Ġ Ġ", "Ġ ĠĠĠ", "ĠĠ ĠĠ", "...
llama_model_loader: - kv  27:                tokenizer.ggml.bos_token_id u32              = 128000
llama_model_loader: - kv  28:                tokenizer.ggml.eos_token_id u32              = 128009
llama_model_loader: - kv  29:                    tokenizer.chat_template str              = {{- bos_token }}\n{%- if custom_tools ...
llama_model_loader: - kv  30:               general.quantization_version u32              = 2
llama_model_loader: - kv  31:                      quantize.imatrix.file str              = /models_out/Llama-3.2-1B-Instruct-GGU...
llama_model_loader: - kv  32:                   quantize.imatrix.dataset str              = /training_dir/calibration_datav3.txt
llama_model_loader: - kv  33:             quantize.imatrix.entries_count i32              = 112
llama_model_loader: - kv  34:              quantize.imatrix.chunks_count i32              = 125
llama_model_loader: - type  f32:   34 tensors
llama_model_loader: - type q4_0:  110 tensors
llama_model_loader: - type q4_1:    2 tensors
llama_model_loader: - type q6_K:    1 tensors
print_info: file format = GGUF V3 (latest)
print_info: file type   = Q4_0
print_info: file size   = 729.75 MiB (4.95 BPW) 
load: printing all EOG tokens:
load:   - 128001 ('<|end_of_text|>')
load:   - 128008 ('<|eom_id|>')
load:   - 128009 ('<|eot_id|>')
load: special tokens cache size = 256
load: token to piece cache size = 0.7999 MB
print_info: arch             = llama
print_info: vocab_only       = 0
print_info: n_ctx_train      = 131072
print_info: n_embd           = 2048
print_info: n_layer          = 16
print_info: n_head           = 32
print_info: n_head_kv        = 8
print_info: n_rot            = 64
print_info: n_swa            = 0
print_info: is_swa_any       = 0
print_info: n_embd_head_k    = 64
print_info: n_embd_head_v    = 64
print_info: n_gqa            = 4
print_info: n_embd_k_gqa     = 512
print_info: n_embd_v_gqa     = 512
print_info: f_norm_eps       = 0.0e+00
print_info: f_norm_rms_eps   = 1.0e-05
print_info: f_clamp_kqv      = 0.0e+00
print_info: f_max_alibi_bias = 0.0e+00
print_info: f_logit_scale    = 0.0e+00
print_info: f_attn_scale     = 0.0e+00
print_info: n_ff             = 8192
print_info: n_expert         = 0
print_info: n_expert_used    = 0
print_info: n_expert_groups  = 0
print_info: n_group_used     = 0
print_info: causal attn      = 1
print_info: pooling type     = 0
print_info: rope type        = 0
print_info: rope scaling     = linear
print_info: freq_base_train  = 500000.0
print_info: freq_scale_train = 1
print_info: n_ctx_orig_yarn  = 131072
print_info: rope_finetuned   = unknown
print_info: model type       = 1B
print_info: model params     = 1.24 B
print_info: general.name     = Llama 3.2 1B Instruct
print_info: vocab type       = BPE
print_info: n_vocab          = 128256
print_info: n_merges         = 280147
print_info: BOS token        = 128000 '<|begin_of_text|>'
print_info: EOS token        = 128009 '<|eot_id|>'
print_info: EOT token        = 128001 '<|end_of_text|>'
print_info: EOM token        = 128008 '<|eom_id|>'
print_info: LF token         = 198 'Ċ'
print_info: EOG token        = 128001 '<|end_of_text|>'
print_info: EOG token        = 128008 '<|eom_id|>'
print_info: EOG token        = 128009 '<|eot_id|>'
print_info: max token length = 256
load_tensors: loading model tensors, this can take a while... (mmap = false)
load_tensors: offloading 0 repeating layers to GPU
load_tensors: offloaded 0/17 layers to GPU
load_tensors:          CPU model buffer size =   225.75 MiB
load_tensors:   CPU_REPACK model buffer size =   504.00 MiB
.............................................................
llama_context: constructing llama_context
llama_context: n_seq_max     = 1
llama_context: n_ctx         = 1024
llama_context: n_ctx_seq     = 1024
llama_context: n_batch       = 128
llama_context: n_ubatch      = 128
llama_context: causal_attn   = 1
llama_context: flash_attn    = enabled
llama_context: kv_unified    = false
llama_context: freq_base     = 500000.0
llama_context: freq_scale    = 1
llama_context: n_ctx_seq (1024) < n_ctx_train (131072) -- the full capacity of the model will not be utilized
llama_context:        CPU  output buffer size =     0.49 MiB
llama_kv_cache:        CPU KV buffer size =    24.50 MiB
llama_kv_cache: size =   24.50 MiB (  1024 cells,  16 layers,  1/1 seqs), K (f16):   16.00 MiB, V (q8_0):    8.50 MiB
llama_context:        CPU compute buffer size =    63.62 MiB
llama_context: graph nodes  = 503
llama_context: graph splits = 1
common_init_from_params: added <|end_of_text|> logit bias = -inf
common_init_from_params: added <|eom_id|> logit bias = -inf
common_init_from_params: added <|eot_id|> logit bias = -inf
common_init_from_params: setting dry_penalty_last_n to ctx_size = 1024
common_init_from_params: warming up the model with an empty run - please wait ... (--no-warmup to disable)
main: llama threadpool init, n_threads = 8

system_info: n_threads = 8 (n_threads_batch = 8) / 8 | CPU : NEON = 1 | ARM_FMA = 1 | FP16_VA = 1 | MATMUL_INT8 = 1 | DOTPROD = 1 | REPACK = 1 | 

sampler seed: 1328185736
sampler params: 
	repeat_last_n = 64, repeat_penalty = 1.100, frequency_penalty = 0.150, presence_penalty = 0.200
	dry_multiplier = 1.000, dry_base = 1.750, dry_allowed_length = 2, dry_penalty_last_n = 1024
	top_k = 30, top_p = 1.000, min_p = 0.150, xtc_probability = 0.000, xtc_threshold = 0.100, typical_p = 1.000, top_n_sigma = -1.000, temp = 0.400
	mirostat = 0, mirostat_lr = 0.100, mirostat_ent = 5.000
sampler chain: logits -> logit-bias -> penalties -> dry -> top-n-sigma -> top-k -> typical -> top-p -> min-p -> xtc -> temp-ext -> dist 
generate: n_ctx = 1024, n_batch = 128, n_predict = 750, n_keep = 1

llama_perf_sampler_print:    sampling time =      85.23 ms /   114 runs   (    0.75 ms per token,  1337.64 tokens per second)
llama_perf_context_print:        load time =    1465.55 ms
llama_perf_context_print: prompt eval time =      87.55 ms /    22 tokens (    3.98 ms per token,   251.29 tokens per second)
llama_perf_context_print:        eval time =    1658.61 ms /    91 runs   (   18.23 ms per token,    54.87 tokens per second)
llama_perf_context_print:       total time =    2188.45 ms /   113 tokens
llama_perf_context_print:    graphs reused =         90
llama_memory_breakdown_print: | memory breakdown [MiB]                  | total   free    self   model   context   compute    unaccounted |
llama_memory_breakdown_print: |   - GPUOpenCL (QUALCOMM Adreno(TM) 830) |     0 =    0 + (   0 =     0 +       0 +       0) +           0 |
llama_memory_breakdown_print: |   - HTP0 (Hexagon)                      |  2048 = 2048 + (   0 =     0 +       0 +       0) +           0 |
llama_memory_breakdown_print: |   - Host                                |                  313 =   225 +      24 +      63                |
llama_memory_breakdown_print: |   - CPU_REPACK                          |                  504 =   504 +       0 +       0                |
ggml_opencl: selected platform: 'QUALCOMM Snapdragon(TM)'

ggml_opencl: device: 'QUALCOMM Adreno(TM) 830 (OpenCL 3.0 Adreno(TM) 830)'
ggml_opencl: OpenCL driver: OpenCL 3.0 QUALCOMM build: 0800.40.1 Compiler E031.47.18.36
ggml_opencl: vector subgroup broadcast support: true
ggml_opencl: device FP16 support: true
ggml_opencl: mem base addr align: 128
ggml_opencl: max mem alloc size: 1024 MB
ggml_opencl: device max workgroup size: 1024
ggml_opencl: SVM coarse grain buffer support: true
ggml_opencl: SVM fine grain buffer support: true
ggml_opencl: SVM fine grain system support: false
ggml_opencl: SVM atomics support: true
ggml_opencl: flattening quantized weights representation as struct of arrays (GGML_OPENCL_SOA_Q)
ggml_opencl: using kernels optimized for Adreno (GGML_OPENCL_USE_ADRENO_KERNELS)
ggml_opencl: loading OpenCL kernels........................................................................
ggml_opencl: default device: 'QUALCOMM Adreno(TM) 830 (OpenCL 3.0 Adreno(TM) 830)'
ggml-hex: Hexagon backend (experimental) : allocating new registry : ndev 1
ggml-hex: Hexagon Arch version v79
ggml-hex: allocating new session: HTP0
ggml-hex: new session: HTP0 : session-id 0 domain-id 3 uri file:///libggml-htp-v79.so?htp_iface_skel_handle_invoke&_modver=1.0&_dom=cdsp&_session=0 handle 0xb400007652cc7850
build: 0 (unknown) with Android (13324770, +pgo, +bolt, +lto, +mlgo, based on r530567d) clang version 19.0.0 (https://android.googlesource.com/toolchain/llvm-project 97a699bf4812a18fb657c2779f5296a4ab2694d2) for x86_64-unknown-linux-gnu
main: llama backend init
main: load the model and apply lora adapter, if any
llama_model_load_from_file_impl: using device GPUOpenCL (QUALCOMM Adreno(TM) 830) (unknown id) - 0 MiB free
llama_model_load_from_file_impl: using device HTP0 (Hexagon) (unknown id) - 2048 MiB free
llama_model_loader: loaded meta data with 35 key-value pairs and 147 tensors from /data/local/tmp/llama.cpp/../gguf/Llama-3.2-1B-Instruct-Q4_0.gguf (version GGUF V3 (latest))
llama_model_loader: Dumping metadata keys/values. Note: KV overrides do not apply in this output.
llama_model_loader: - kv   0:                       general.architecture str              = llama
llama_model_loader: - kv   1:                               general.type str              = model
llama_model_loader: - kv   2:                               general.name str              = Llama 3.2 1B Instruct
llama_model_loader: - kv   3:                           general.finetune str              = Instruct
llama_model_loader: - kv   4:                           general.basename str              = Llama-3.2
llama_model_loader: - kv   5:                         general.size_label str              = 1B
llama_model_loader: - kv   6:                            general.license str              = llama3.2
llama_model_loader: - kv   7:                               general.tags arr[str,6]       = ["facebook", "meta", "pytorch", "llam...
llama_model_loader: - kv   8:                          general.languages arr[str,8]       = ["en", "de", "fr", "it", "pt", "hi", ...
llama_model_loader: - kv   9:                          llama.block_count u32              = 16
llama_model_loader: - kv  10:                       llama.context_length u32              = 131072
llama_model_loader: - kv  11:                     llama.embedding_length u32              = 2048
llama_model_loader: - kv  12:                  llama.feed_forward_length u32              = 8192
llama_model_loader: - kv  13:                 llama.attention.head_count u32              = 32
llama_model_loader: - kv  14:              llama.attention.head_count_kv u32              = 8
llama_model_loader: - kv  15:                       llama.rope.freq_base f32              = 500000.000000
llama_model_loader: - kv  16:     llama.attention.layer_norm_rms_epsilon f32              = 0.000010
llama_model_loader: - kv  17:                 llama.attention.key_length u32              = 64
llama_model_loader: - kv  18:               llama.attention.value_length u32              = 64
llama_model_loader: - kv  19:                          general.file_type u32              = 2
llama_model_loader: - kv  20:                           llama.vocab_size u32              = 128256
llama_model_loader: - kv  21:                 llama.rope.dimension_count u32              = 64
llama_model_loader: - kv  22:                       tokenizer.ggml.model str              = gpt2
llama_model_loader: - kv  23:                         tokenizer.ggml.pre str              = llama-bpe
llama_model_loader: - kv  24:                      tokenizer.ggml.tokens arr[str,128256]  = ["!", "\"", "#", "$", "%", "&", "'", ...
llama_model_loader: - kv  25:                  tokenizer.ggml.token_type arr[i32,128256]  = [1, 1, 1, 1, 1, 1, 1, 1, 1, 1, 1, 1, ...
llama_model_loader: - kv  26:                      tokenizer.ggml.merges arr[str,280147]  = ["Ġ Ġ", "Ġ ĠĠĠ", "ĠĠ ĠĠ", "...
llama_model_loader: - kv  27:                tokenizer.ggml.bos_token_id u32              = 128000
llama_model_loader: - kv  28:                tokenizer.ggml.eos_token_id u32              = 128009
llama_model_loader: - kv  29:                    tokenizer.chat_template str              = {{- bos_token }}\n{%- if custom_tools ...
llama_model_loader: - kv  30:               general.quantization_version u32              = 2
llama_model_loader: - kv  31:                      quantize.imatrix.file str              = /models_out/Llama-3.2-1B-Instruct-GGU...
llama_model_loader: - kv  32:                   quantize.imatrix.dataset str              = /training_dir/calibration_datav3.txt
llama_model_loader: - kv  33:             quantize.imatrix.entries_count i32              = 112
llama_model_loader: - kv  34:              quantize.imatrix.chunks_count i32              = 125
llama_model_loader: - type  f32:   34 tensors
llama_model_loader: - type q4_0:  110 tensors
llama_model_loader: - type q4_1:    2 tensors
llama_model_loader: - type q6_K:    1 tensors
print_info: file format = GGUF V3 (latest)
print_info: file type   = Q4_0
print_info: file size   = 729.75 MiB (4.95 BPW) 
load: printing all EOG tokens:
load:   - 128001 ('<|end_of_text|>')
load:   - 128008 ('<|eom_id|>')
load:   - 128009 ('<|eot_id|>')
load: special tokens cache size = 256
load: token to piece cache size = 0.7999 MB
print_info: arch             = llama
print_info: vocab_only       = 0
print_info: n_ctx_train      = 131072
print_info: n_embd           = 2048
print_info: n_layer          = 16
print_info: n_head           = 32
print_info: n_head_kv        = 8
print_info: n_rot            = 64
print_info: n_swa            = 0
print_info: is_swa_any       = 0
print_info: n_embd_head_k    = 64
print_info: n_embd_head_v    = 64
print_info: n_gqa            = 4
print_info: n_embd_k_gqa     = 512
print_info: n_embd_v_gqa     = 512
print_info: f_norm_eps       = 0.0e+00
print_info: f_norm_rms_eps   = 1.0e-05
print_info: f_clamp_kqv      = 0.0e+00
print_info: f_max_alibi_bias = 0.0e+00
print_info: f_logit_scale    = 0.0e+00
print_info: f_attn_scale     = 0.0e+00
print_info: n_ff             = 8192
print_info: n_expert         = 0
print_info: n_expert_used    = 0
print_info: n_expert_groups  = 0
print_info: n_group_used     = 0
print_info: causal attn      = 1
print_info: pooling type     = 0
print_info: rope type        = 0
print_info: rope scaling     = linear
print_info: freq_base_train  = 500000.0
print_info: freq_scale_train = 1
print_info: n_ctx_orig_yarn  = 131072
print_info: rope_finetuned   = unknown
print_info: model type       = 1B
print_info: model params     = 1.24 B
print_info: general.name     = Llama 3.2 1B Instruct
print_info: vocab type       = BPE
print_info: n_vocab          = 128256
print_info: n_merges         = 280147
print_info: BOS token        = 128000 '<|begin_of_text|>'
print_info: EOS token        = 128009 '<|eot_id|>'
print_info: EOT token        = 128001 '<|end_of_text|>'
print_info: EOM token        = 128008 '<|eom_id|>'
print_info: LF token         = 198 'Ċ'
print_info: EOG token        = 128001 '<|end_of_text|>'
print_info: EOG token        = 128008 '<|eom_id|>'
print_info: EOG token        = 128009 '<|eot_id|>'
print_info: max token length = 256
load_tensors: loading model tensors, this can take a while... (mmap = false)
load_tensors: offloading 0 repeating layers to GPU
load_tensors: offloaded 0/17 layers to GPU
load_tensors:          CPU model buffer size =   225.75 MiB
load_tensors:   CPU_REPACK model buffer size =   504.00 MiB
.............................................................
llama_context: constructing llama_context
llama_context: n_seq_max     = 1
llama_context: n_ctx         = 1024
llama_context: n_ctx_seq     = 1024
llama_context: n_batch       = 128
llama_context: n_ubatch      = 128
llama_context: causal_attn   = 1
llama_context: flash_attn    = enabled
llama_context: kv_unified    = false
llama_context: freq_base     = 500000.0
llama_context: freq_scale    = 1
llama_context: n_ctx_seq (1024) < n_ctx_train (131072) -- the full capacity of the model will not be utilized
llama_context:        CPU  output buffer size =     0.49 MiB
llama_kv_cache:        CPU KV buffer size =    24.50 MiB
llama_kv_cache: size =   24.50 MiB (  1024 cells,  16 layers,  1/1 seqs), K (f16):   16.00 MiB, V (q8_0):    8.50 MiB
llama_context:        CPU compute buffer size =    63.62 MiB
llama_context: graph nodes  = 503
llama_context: graph splits = 1
common_init_from_params: added <|end_of_text|> logit bias = -inf
common_init_from_params: added <|eom_id|> logit bias = -inf
common_init_from_params: added <|eot_id|> logit bias = -inf
common_init_from_params: setting dry_penalty_last_n to ctx_size = 1024
common_init_from_params: warming up the model with an empty run - please wait ... (--no-warmup to disable)
main: llama threadpool init, n_threads = 8

system_info: n_threads = 8 (n_threads_batch = 8) / 8 | CPU : NEON = 1 | ARM_FMA = 1 | FP16_VA = 1 | MATMUL_INT8 = 1 | DOTPROD = 1 | REPACK = 1 | 

sampler seed: 1834484815
sampler params: 
	repeat_last_n = 64, repeat_penalty = 1.100, frequency_penalty = 0.150, presence_penalty = 0.200
	dry_multiplier = 1.000, dry_base = 1.750, dry_allowed_length = 2, dry_penalty_last_n = 1024
	top_k = 30, top_p = 1.000, min_p = 0.150, xtc_probability = 0.000, xtc_threshold = 0.100, typical_p = 1.000, top_n_sigma = -1.000, temp = 0.400
	mirostat = 0, mirostat_lr = 0.100, mirostat_ent = 5.000
sampler chain: logits -> logit-bias -> penalties -> dry -> top-n-sigma -> top-k -> typical -> top-p -> min-p -> xtc -> temp-ext -> dist 
generate: n_ctx = 1024, n_batch = 128, n_predict = 750, n_keep = 1

llama_perf_sampler_print:    sampling time =     584.65 ms /   769 runs   (    0.76 ms per token,  1315.33 tokens per second)
llama_perf_context_print:        load time =    1230.77 ms
llama_perf_context_print: prompt eval time =      96.98 ms /    19 tokens (    5.10 ms per token,   195.92 tokens per second)
llama_perf_context_print:        eval time =   15671.15 ms /   749 runs   (   20.92 ms per token,    47.79 tokens per second)
llama_perf_context_print:       total time =   16790.07 ms /   768 tokens
llama_perf_context_print:    graphs reused =        746
llama_memory_breakdown_print: | memory breakdown [MiB]                  | total   free    self   model   context   compute    unaccounted |
llama_memory_breakdown_print: |   - GPUOpenCL (QUALCOMM Adreno(TM) 830) |     0 =    0 + (   0 =     0 +       0 +       0) +           0 |
llama_memory_breakdown_print: |   - HTP0 (Hexagon)                      |  2048 = 2048 + (   0 =     0 +       0 +       0) +           0 |
llama_memory_breakdown_print: |   - Host                                |                  313 =   225 +      24 +      63                |
llama_memory_breakdown_print: |   - CPU_REPACK                          |                  504 =   504 +       0 +       0                |
ggml_opencl: selected platform: 'QUALCOMM Snapdragon(TM)'

ggml_opencl: device: 'QUALCOMM Adreno(TM) 830 (OpenCL 3.0 Adreno(TM) 830)'
ggml_opencl: OpenCL driver: OpenCL 3.0 QUALCOMM build: 0800.40.1 Compiler E031.47.18.36
ggml_opencl: vector subgroup broadcast support: true
ggml_opencl: device FP16 support: true
ggml_opencl: mem base addr align: 128
ggml_opencl: max mem alloc size: 1024 MB
ggml_opencl: device max workgroup size: 1024
ggml_opencl: SVM coarse grain buffer support: true
ggml_opencl: SVM fine grain buffer support: true
ggml_opencl: SVM fine grain system support: false
ggml_opencl: SVM atomics support: true
ggml_opencl: flattening quantized weights representation as struct of arrays (GGML_OPENCL_SOA_Q)
ggml_opencl: using kernels optimized for Adreno (GGML_OPENCL_USE_ADRENO_KERNELS)
ggml_opencl: loading OpenCL kernels........................................................................
ggml_opencl: default device: 'QUALCOMM Adreno(TM) 830 (OpenCL 3.0 Adreno(TM) 830)'
ggml-hex: Hexagon backend (experimental) : allocating new registry : ndev 1
ggml-hex: Hexagon Arch version v79
ggml-hex: allocating new session: HTP0
ggml-hex: new session: HTP0 : session-id 0 domain-id 3 uri file:///libggml-htp-v79.so?htp_iface_skel_handle_invoke&_modver=1.0&_dom=cdsp&_session=0 handle 0xb4000073c8d79c10
build: 0 (unknown) with Android (13324770, +pgo, +bolt, +lto, +mlgo, based on r530567d) clang version 19.0.0 (https://android.googlesource.com/toolchain/llvm-project 97a699bf4812a18fb657c2779f5296a4ab2694d2) for x86_64-unknown-linux-gnu
main: llama backend init
main: load the model and apply lora adapter, if any
llama_model_load_from_file_impl: using device GPUOpenCL (QUALCOMM Adreno(TM) 830) (unknown id) - 0 MiB free
llama_model_load_from_file_impl: using device HTP0 (Hexagon) (unknown id) - 2048 MiB free
llama_model_loader: loaded meta data with 35 key-value pairs and 147 tensors from /data/local/tmp/llama.cpp/../gguf/Llama-3.2-1B-Instruct-Q4_0.gguf (version GGUF V3 (latest))
llama_model_loader: Dumping metadata keys/values. Note: KV overrides do not apply in this output.
llama_model_loader: - kv   0:                       general.architecture str              = llama
llama_model_loader: - kv   1:                               general.type str              = model
llama_model_loader: - kv   2:                               general.name str              = Llama 3.2 1B Instruct
llama_model_loader: - kv   3:                           general.finetune str              = Instruct
llama_model_loader: - kv   4:                           general.basename str              = Llama-3.2
llama_model_loader: - kv   5:                         general.size_label str              = 1B
llama_model_loader: - kv   6:                            general.license str              = llama3.2
llama_model_loader: - kv   7:                               general.tags arr[str,6]       = ["facebook", "meta", "pytorch", "llam...
llama_model_loader: - kv   8:                          general.languages arr[str,8]       = ["en", "de", "fr", "it", "pt", "hi", ...
llama_model_loader: - kv   9:                          llama.block_count u32              = 16
llama_model_loader: - kv  10:                       llama.context_length u32              = 131072
llama_model_loader: - kv  11:                     llama.embedding_length u32              = 2048
llama_model_loader: - kv  12:                  llama.feed_forward_length u32              = 8192
llama_model_loader: - kv  13:                 llama.attention.head_count u32              = 32
llama_model_loader: - kv  14:              llama.attention.head_count_kv u32              = 8
llama_model_loader: - kv  15:                       llama.rope.freq_base f32              = 500000.000000
llama_model_loader: - kv  16:     llama.attention.layer_norm_rms_epsilon f32              = 0.000010
llama_model_loader: - kv  17:                 llama.attention.key_length u32              = 64
llama_model_loader: - kv  18:               llama.attention.value_length u32              = 64
llama_model_loader: - kv  19:                          general.file_type u32              = 2
llama_model_loader: - kv  20:                           llama.vocab_size u32              = 128256
llama_model_loader: - kv  21:                 llama.rope.dimension_count u32              = 64
llama_model_loader: - kv  22:                       tokenizer.ggml.model str              = gpt2
llama_model_loader: - kv  23:                         tokenizer.ggml.pre str              = llama-bpe
llama_model_loader: - kv  24:                      tokenizer.ggml.tokens arr[str,128256]  = ["!", "\"", "#", "$", "%", "&", "'", ...
llama_model_loader: - kv  25:                  tokenizer.ggml.token_type arr[i32,128256]  = [1, 1, 1, 1, 1, 1, 1, 1, 1, 1, 1, 1, ...
llama_model_loader: - kv  26:                      tokenizer.ggml.merges arr[str,280147]  = ["Ġ Ġ", "Ġ ĠĠĠ", "ĠĠ ĠĠ", "...
llama_model_loader: - kv  27:                tokenizer.ggml.bos_token_id u32              = 128000
llama_model_loader: - kv  28:                tokenizer.ggml.eos_token_id u32              = 128009
llama_model_loader: - kv  29:                    tokenizer.chat_template str              = {{- bos_token }}\n{%- if custom_tools ...
llama_model_loader: - kv  30:               general.quantization_version u32              = 2
llama_model_loader: - kv  31:                      quantize.imatrix.file str              = /models_out/Llama-3.2-1B-Instruct-GGU...
llama_model_loader: - kv  32:                   quantize.imatrix.dataset str              = /training_dir/calibration_datav3.txt
llama_model_loader: - kv  33:             quantize.imatrix.entries_count i32              = 112
llama_model_loader: - kv  34:              quantize.imatrix.chunks_count i32              = 125
llama_model_loader: - type  f32:   34 tensors
llama_model_loader: - type q4_0:  110 tensors
llama_model_loader: - type q4_1:    2 tensors
llama_model_loader: - type q6_K:    1 tensors
print_info: file format = GGUF V3 (latest)
print_info: file type   = Q4_0
print_info: file size   = 729.75 MiB (4.95 BPW) 
load: printing all EOG tokens:
load:   - 128001 ('<|end_of_text|>')
load:   - 128008 ('<|eom_id|>')
load:   - 128009 ('<|eot_id|>')
load: special tokens cache size = 256
load: token to piece cache size = 0.7999 MB
print_info: arch             = llama
print_info: vocab_only       = 0
print_info: n_ctx_train      = 131072
print_info: n_embd           = 2048
print_info: n_layer          = 16
print_info: n_head           = 32
print_info: n_head_kv        = 8
print_info: n_rot            = 64
print_info: n_swa            = 0
print_info: is_swa_any       = 0
print_info: n_embd_head_k    = 64
print_info: n_embd_head_v    = 64
print_info: n_gqa            = 4
print_info: n_embd_k_gqa     = 512
print_info: n_embd_v_gqa     = 512
print_info: f_norm_eps       = 0.0e+00
print_info: f_norm_rms_eps   = 1.0e-05
print_info: f_clamp_kqv      = 0.0e+00
print_info: f_max_alibi_bias = 0.0e+00
print_info: f_logit_scale    = 0.0e+00
print_info: f_attn_scale     = 0.0e+00
print_info: n_ff             = 8192
print_info: n_expert         = 0
print_info: n_expert_used    = 0
print_info: n_expert_groups  = 0
print_info: n_group_used     = 0
print_info: causal attn      = 1
print_info: pooling type     = 0
print_info: rope type        = 0
print_info: rope scaling     = linear
print_info: freq_base_train  = 500000.0
print_info: freq_scale_train = 1
print_info: n_ctx_orig_yarn  = 131072
print_info: rope_finetuned   = unknown
print_info: model type       = 1B
print_info: model params     = 1.24 B
print_info: general.name     = Llama 3.2 1B Instruct
print_info: vocab type       = BPE
print_info: n_vocab          = 128256
print_info: n_merges         = 280147
print_info: BOS token        = 128000 '<|begin_of_text|>'
print_info: EOS token        = 128009 '<|eot_id|>'
print_info: EOT token        = 128001 '<|end_of_text|>'
print_info: EOM token        = 128008 '<|eom_id|>'
print_info: LF token         = 198 'Ċ'
print_info: EOG token        = 128001 '<|end_of_text|>'
print_info: EOG token        = 128008 '<|eom_id|>'
print_info: EOG token        = 128009 '<|eot_id|>'
print_info: max token length = 256
load_tensors: loading model tensors, this can take a while... (mmap = false)
load_tensors: offloading 0 repeating layers to GPU
load_tensors: offloaded 0/17 layers to GPU
load_tensors:          CPU model buffer size =   225.75 MiB
load_tensors:   CPU_REPACK model buffer size =   504.00 MiB
.............................................................
llama_context: constructing llama_context
llama_context: n_seq_max     = 1
llama_context: n_ctx         = 1024
llama_context: n_ctx_seq     = 1024
llama_context: n_batch       = 128
llama_context: n_ubatch      = 128
llama_context: causal_attn   = 1
llama_context: flash_attn    = enabled
llama_context: kv_unified    = false
llama_context: freq_base     = 500000.0
llama_context: freq_scale    = 1
llama_context: n_ctx_seq (1024) < n_ctx_train (131072) -- the full capacity of the model will not be utilized
llama_context:        CPU  output buffer size =     0.49 MiB
llama_kv_cache:        CPU KV buffer size =    24.50 MiB
llama_kv_cache: size =   24.50 MiB (  1024 cells,  16 layers,  1/1 seqs), K (f16):   16.00 MiB, V (q8_0):    8.50 MiB
llama_context:        CPU compute buffer size =    63.62 MiB
llama_context: graph nodes  = 503
llama_context: graph splits = 1
common_init_from_params: added <|end_of_text|> logit bias = -inf
common_init_from_params: added <|eom_id|> logit bias = -inf
common_init_from_params: added <|eot_id|> logit bias = -inf
common_init_from_params: setting dry_penalty_last_n to ctx_size = 1024
common_init_from_params: warming up the model with an empty run - please wait ... (--no-warmup to disable)
main: llama threadpool init, n_threads = 8

system_info: n_threads = 8 (n_threads_batch = 8) / 8 | CPU : NEON = 1 | ARM_FMA = 1 | FP16_VA = 1 | MATMUL_INT8 = 1 | DOTPROD = 1 | REPACK = 1 | 

sampler seed: 2179951029
sampler params: 
	repeat_last_n = 64, repeat_penalty = 1.100, frequency_penalty = 0.150, presence_penalty = 0.200
	dry_multiplier = 1.000, dry_base = 1.750, dry_allowed_length = 2, dry_penalty_last_n = 1024
	top_k = 30, top_p = 1.000, min_p = 0.150, xtc_probability = 0.000, xtc_threshold = 0.100, typical_p = 1.000, top_n_sigma = -1.000, temp = 0.400
	mirostat = 0, mirostat_lr = 0.100, mirostat_ent = 5.000
sampler chain: logits -> logit-bias -> penalties -> dry -> top-n-sigma -> top-k -> typical -> top-p -> min-p -> xtc -> temp-ext -> dist 
generate: n_ctx = 1024, n_batch = 128, n_predict = 750, n_keep = 1

llama_perf_sampler_print:    sampling time =     822.23 ms /   778 runs   (    1.06 ms per token,   946.20 tokens per second)
llama_perf_context_print:        load time =    1213.48 ms
llama_perf_context_print: prompt eval time =     113.75 ms /    28 tokens (    4.06 ms per token,   246.16 tokens per second)
llama_perf_context_print:        eval time =   17744.73 ms /   749 runs   (   23.69 ms per token,    42.21 tokens per second)
llama_perf_context_print:       total time =   19135.81 ms /   777 tokens
llama_perf_context_print:    graphs reused =        745
llama_memory_breakdown_print: | memory breakdown [MiB]                  | total   free    self   model   context   compute    unaccounted |
llama_memory_breakdown_print: |   - GPUOpenCL (QUALCOMM Adreno(TM) 830) |     0 =    0 + (   0 =     0 +       0 +       0) +           0 |
llama_memory_breakdown_print: |   - HTP0 (Hexagon)                      |  2048 = 2048 + (   0 =     0 +       0 +       0) +           0 |
llama_memory_breakdown_print: |   - Host                                |                  313 =   225 +      24 +      63                |
llama_memory_breakdown_print: |   - CPU_REPACK                          |                  504 =   504 +       0 +       0                |
ggml_opencl: selected platform: 'QUALCOMM Snapdragon(TM)'

ggml_opencl: device: 'QUALCOMM Adreno(TM) 830 (OpenCL 3.0 Adreno(TM) 830)'
ggml_opencl: OpenCL driver: OpenCL 3.0 QUALCOMM build: 0800.40.1 Compiler E031.47.18.36
ggml_opencl: vector subgroup broadcast support: true
ggml_opencl: device FP16 support: true
ggml_opencl: mem base addr align: 128
ggml_opencl: max mem alloc size: 1024 MB
ggml_opencl: device max workgroup size: 1024
ggml_opencl: SVM coarse grain buffer support: true
ggml_opencl: SVM fine grain buffer support: true
ggml_opencl: SVM fine grain system support: false
ggml_opencl: SVM atomics support: true
ggml_opencl: flattening quantized weights representation as struct of arrays (GGML_OPENCL_SOA_Q)
ggml_opencl: using kernels optimized for Adreno (GGML_OPENCL_USE_ADRENO_KERNELS)
ggml_opencl: loading OpenCL kernels........................................................................
ggml_opencl: default device: 'QUALCOMM Adreno(TM) 830 (OpenCL 3.0 Adreno(TM) 830)'
ggml-hex: Hexagon backend (experimental) : allocating new registry : ndev 1
ggml-hex: Hexagon Arch version v79
ggml-hex: allocating new session: HTP0
ggml-hex: new session: HTP0 : session-id 0 domain-id 3 uri file:///libggml-htp-v79.so?htp_iface_skel_handle_invoke&_modver=1.0&_dom=cdsp&_session=0 handle 0xb4000073ed2a4550
build: 0 (unknown) with Android (13324770, +pgo, +bolt, +lto, +mlgo, based on r530567d) clang version 19.0.0 (https://android.googlesource.com/toolchain/llvm-project 97a699bf4812a18fb657c2779f5296a4ab2694d2) for x86_64-unknown-linux-gnu
main: llama backend init
main: load the model and apply lora adapter, if any
llama_model_load_from_file_impl: using device GPUOpenCL (QUALCOMM Adreno(TM) 830) (unknown id) - 0 MiB free
llama_model_load_from_file_impl: using device HTP0 (Hexagon) (unknown id) - 2048 MiB free
llama_model_loader: loaded meta data with 35 key-value pairs and 147 tensors from /data/local/tmp/llama.cpp/../gguf/Llama-3.2-1B-Instruct-Q4_0.gguf (version GGUF V3 (latest))
llama_model_loader: Dumping metadata keys/values. Note: KV overrides do not apply in this output.
llama_model_loader: - kv   0:                       general.architecture str              = llama
llama_model_loader: - kv   1:                               general.type str              = model
llama_model_loader: - kv   2:                               general.name str              = Llama 3.2 1B Instruct
llama_model_loader: - kv   3:                           general.finetune str              = Instruct
llama_model_loader: - kv   4:                           general.basename str              = Llama-3.2
llama_model_loader: - kv   5:                         general.size_label str              = 1B
llama_model_loader: - kv   6:                            general.license str              = llama3.2
llama_model_loader: - kv   7:                               general.tags arr[str,6]       = ["facebook", "meta", "pytorch", "llam...
llama_model_loader: - kv   8:                          general.languages arr[str,8]       = ["en", "de", "fr", "it", "pt", "hi", ...
llama_model_loader: - kv   9:                          llama.block_count u32              = 16
llama_model_loader: - kv  10:                       llama.context_length u32              = 131072
llama_model_loader: - kv  11:                     llama.embedding_length u32              = 2048
llama_model_loader: - kv  12:                  llama.feed_forward_length u32              = 8192
llama_model_loader: - kv  13:                 llama.attention.head_count u32              = 32
llama_model_loader: - kv  14:              llama.attention.head_count_kv u32              = 8
llama_model_loader: - kv  15:                       llama.rope.freq_base f32              = 500000.000000
llama_model_loader: - kv  16:     llama.attention.layer_norm_rms_epsilon f32              = 0.000010
llama_model_loader: - kv  17:                 llama.attention.key_length u32              = 64
llama_model_loader: - kv  18:               llama.attention.value_length u32              = 64
llama_model_loader: - kv  19:                          general.file_type u32              = 2
llama_model_loader: - kv  20:                           llama.vocab_size u32              = 128256
llama_model_loader: - kv  21:                 llama.rope.dimension_count u32              = 64
llama_model_loader: - kv  22:                       tokenizer.ggml.model str              = gpt2
llama_model_loader: - kv  23:                         tokenizer.ggml.pre str              = llama-bpe
llama_model_loader: - kv  24:                      tokenizer.ggml.tokens arr[str,128256]  = ["!", "\"", "#", "$", "%", "&", "'", ...
llama_model_loader: - kv  25:                  tokenizer.ggml.token_type arr[i32,128256]  = [1, 1, 1, 1, 1, 1, 1, 1, 1, 1, 1, 1, ...
llama_model_loader: - kv  26:                      tokenizer.ggml.merges arr[str,280147]  = ["Ġ Ġ", "Ġ ĠĠĠ", "ĠĠ ĠĠ", "...
llama_model_loader: - kv  27:                tokenizer.ggml.bos_token_id u32              = 128000
llama_model_loader: - kv  28:                tokenizer.ggml.eos_token_id u32              = 128009
llama_model_loader: - kv  29:                    tokenizer.chat_template str              = {{- bos_token }}\n{%- if custom_tools ...
llama_model_loader: - kv  30:               general.quantization_version u32              = 2
llama_model_loader: - kv  31:                      quantize.imatrix.file str              = /models_out/Llama-3.2-1B-Instruct-GGU...
llama_model_loader: - kv  32:                   quantize.imatrix.dataset str              = /training_dir/calibration_datav3.txt
llama_model_loader: - kv  33:             quantize.imatrix.entries_count i32              = 112
llama_model_loader: - kv  34:              quantize.imatrix.chunks_count i32              = 125
llama_model_loader: - type  f32:   34 tensors
llama_model_loader: - type q4_0:  110 tensors
llama_model_loader: - type q4_1:    2 tensors
llama_model_loader: - type q6_K:    1 tensors
print_info: file format = GGUF V3 (latest)
print_info: file type   = Q4_0
print_info: file size   = 729.75 MiB (4.95 BPW) 
load: printing all EOG tokens:
load:   - 128001 ('<|end_of_text|>')
load:   - 128008 ('<|eom_id|>')
load:   - 128009 ('<|eot_id|>')
load: special tokens cache size = 256
load: token to piece cache size = 0.7999 MB
print_info: arch             = llama
print_info: vocab_only       = 0
print_info: n_ctx_train      = 131072
print_info: n_embd           = 2048
print_info: n_layer          = 16
print_info: n_head           = 32
print_info: n_head_kv        = 8
print_info: n_rot            = 64
print_info: n_swa            = 0
print_info: is_swa_any       = 0
print_info: n_embd_head_k    = 64
print_info: n_embd_head_v    = 64
print_info: n_gqa            = 4
print_info: n_embd_k_gqa     = 512
print_info: n_embd_v_gqa     = 512
print_info: f_norm_eps       = 0.0e+00
print_info: f_norm_rms_eps   = 1.0e-05
print_info: f_clamp_kqv      = 0.0e+00
print_info: f_max_alibi_bias = 0.0e+00
print_info: f_logit_scale    = 0.0e+00
print_info: f_attn_scale     = 0.0e+00
print_info: n_ff             = 8192
print_info: n_expert         = 0
print_info: n_expert_used    = 0
print_info: n_expert_groups  = 0
print_info: n_group_used     = 0
print_info: causal attn      = 1
print_info: pooling type     = 0
print_info: rope type        = 0
print_info: rope scaling     = linear
print_info: freq_base_train  = 500000.0
print_info: freq_scale_train = 1
print_info: n_ctx_orig_yarn  = 131072
print_info: rope_finetuned   = unknown
print_info: model type       = 1B
print_info: model params     = 1.24 B
print_info: general.name     = Llama 3.2 1B Instruct
print_info: vocab type       = BPE
print_info: n_vocab          = 128256
print_info: n_merges         = 280147
print_info: BOS token        = 128000 '<|begin_of_text|>'
print_info: EOS token        = 128009 '<|eot_id|>'
print_info: EOT token        = 128001 '<|end_of_text|>'
print_info: EOM token        = 128008 '<|eom_id|>'
print_info: LF token         = 198 'Ċ'
print_info: EOG token        = 128001 '<|end_of_text|>'
print_info: EOG token        = 128008 '<|eom_id|>'
print_info: EOG token        = 128009 '<|eot_id|>'
print_info: max token length = 256
load_tensors: loading model tensors, this can take a while... (mmap = false)
load_tensors: offloading 0 repeating layers to GPU
load_tensors: offloaded 0/17 layers to GPU
load_tensors:          CPU model buffer size =   225.75 MiB
load_tensors:   CPU_REPACK model buffer size =   504.00 MiB
.............................................................
llama_context: constructing llama_context
llama_context: n_seq_max     = 1
llama_context: n_ctx         = 1024
llama_context: n_ctx_seq     = 1024
llama_context: n_batch       = 128
llama_context: n_ubatch      = 128
llama_context: causal_attn   = 1
llama_context: flash_attn    = enabled
llama_context: kv_unified    = false
llama_context: freq_base     = 500000.0
llama_context: freq_scale    = 1
llama_context: n_ctx_seq (1024) < n_ctx_train (131072) -- the full capacity of the model will not be utilized
llama_context:        CPU  output buffer size =     0.49 MiB
llama_kv_cache:        CPU KV buffer size =    24.50 MiB
llama_kv_cache: size =   24.50 MiB (  1024 cells,  16 layers,  1/1 seqs), K (f16):   16.00 MiB, V (q8_0):    8.50 MiB
llama_context:        CPU compute buffer size =    63.62 MiB
llama_context: graph nodes  = 503
llama_context: graph splits = 1
common_init_from_params: added <|end_of_text|> logit bias = -inf
common_init_from_params: added <|eom_id|> logit bias = -inf
common_init_from_params: added <|eot_id|> logit bias = -inf
common_init_from_params: setting dry_penalty_last_n to ctx_size = 1024
common_init_from_params: warming up the model with an empty run - please wait ... (--no-warmup to disable)
main: llama threadpool init, n_threads = 8

system_info: n_threads = 8 (n_threads_batch = 8) / 8 | CPU : NEON = 1 | ARM_FMA = 1 | FP16_VA = 1 | MATMUL_INT8 = 1 | DOTPROD = 1 | REPACK = 1 | 

sampler seed: 1897999673
sampler params: 
	repeat_last_n = 64, repeat_penalty = 1.100, frequency_penalty = 0.150, presence_penalty = 0.200
	dry_multiplier = 1.000, dry_base = 1.750, dry_allowed_length = 2, dry_penalty_last_n = 1024
	top_k = 30, top_p = 1.000, min_p = 0.150, xtc_probability = 0.000, xtc_threshold = 0.100, typical_p = 1.000, top_n_sigma = -1.000, temp = 0.400
	mirostat = 0, mirostat_lr = 0.100, mirostat_ent = 5.000
sampler chain: logits -> logit-bias -> penalties -> dry -> top-n-sigma -> top-k -> typical -> top-p -> min-p -> xtc -> temp-ext -> dist 
generate: n_ctx = 1024, n_batch = 128, n_predict = 750, n_keep = 1

llama_perf_sampler_print:    sampling time =     421.07 ms /   609 runs   (    0.69 ms per token,  1446.31 tokens per second)
llama_perf_context_print:        load time =    1442.02 ms
llama_perf_context_print: prompt eval time =      99.03 ms /    19 tokens (    5.21 ms per token,   191.85 tokens per second)
llama_perf_context_print:        eval time =    9762.16 ms /   589 runs   (   16.57 ms per token,    60.34 tokens per second)
llama_perf_context_print:       total time =   10608.86 ms /   608 tokens
llama_perf_context_print:    graphs reused =        586
llama_memory_breakdown_print: | memory breakdown [MiB]                  | total   free    self   model   context   compute    unaccounted |
llama_memory_breakdown_print: |   - GPUOpenCL (QUALCOMM Adreno(TM) 830) |     0 =    0 + (   0 =     0 +       0 +       0) +           0 |
llama_memory_breakdown_print: |   - HTP0 (Hexagon)                      |  2048 = 2048 + (   0 =     0 +       0 +       0) +           0 |
llama_memory_breakdown_print: |   - Host                                |                  313 =   225 +      24 +      63                |
llama_memory_breakdown_print: |   - CPU_REPACK                          |                  504 =   504 +       0 +       0                |
ggml_opencl: selected platform: 'QUALCOMM Snapdragon(TM)'

ggml_opencl: device: 'QUALCOMM Adreno(TM) 830 (OpenCL 3.0 Adreno(TM) 830)'
ggml_opencl: OpenCL driver: OpenCL 3.0 QUALCOMM build: 0800.40.1 Compiler E031.47.18.36
ggml_opencl: vector subgroup broadcast support: true
ggml_opencl: device FP16 support: true
ggml_opencl: mem base addr align: 128
ggml_opencl: max mem alloc size: 1024 MB
ggml_opencl: device max workgroup size: 1024
ggml_opencl: SVM coarse grain buffer support: true
ggml_opencl: SVM fine grain buffer support: true
ggml_opencl: SVM fine grain system support: false
ggml_opencl: SVM atomics support: true
ggml_opencl: flattening quantized weights representation as struct of arrays (GGML_OPENCL_SOA_Q)
ggml_opencl: using kernels optimized for Adreno (GGML_OPENCL_USE_ADRENO_KERNELS)
ggml_opencl: loading OpenCL kernels........................................................................
ggml_opencl: default device: 'QUALCOMM Adreno(TM) 830 (OpenCL 3.0 Adreno(TM) 830)'
ggml-hex: Hexagon backend (experimental) : allocating new registry : ndev 1
ggml-hex: Hexagon Arch version v79
ggml-hex: allocating new session: HTP0
ggml-hex: new session: HTP0 : session-id 0 domain-id 3 uri file:///libggml-htp-v79.so?htp_iface_skel_handle_invoke&_modver=1.0&_dom=cdsp&_session=0 handle 0xb40000705bf27e90
build: 0 (unknown) with Android (13324770, +pgo, +bolt, +lto, +mlgo, based on r530567d) clang version 19.0.0 (https://android.googlesource.com/toolchain/llvm-project 97a699bf4812a18fb657c2779f5296a4ab2694d2) for x86_64-unknown-linux-gnu
main: llama backend init
main: load the model and apply lora adapter, if any
llama_model_load_from_file_impl: using device GPUOpenCL (QUALCOMM Adreno(TM) 830) (unknown id) - 0 MiB free
llama_model_load_from_file_impl: using device HTP0 (Hexagon) (unknown id) - 2048 MiB free
llama_model_loader: loaded meta data with 35 key-value pairs and 147 tensors from /data/local/tmp/llama.cpp/../gguf/Llama-3.2-1B-Instruct-Q4_0.gguf (version GGUF V3 (latest))
llama_model_loader: Dumping metadata keys/values. Note: KV overrides do not apply in this output.
llama_model_loader: - kv   0:                       general.architecture str              = llama
llama_model_loader: - kv   1:                               general.type str              = model
llama_model_loader: - kv   2:                               general.name str              = Llama 3.2 1B Instruct
llama_model_loader: - kv   3:                           general.finetune str              = Instruct
llama_model_loader: - kv   4:                           general.basename str              = Llama-3.2
llama_model_loader: - kv   5:                         general.size_label str              = 1B
llama_model_loader: - kv   6:                            general.license str              = llama3.2
llama_model_loader: - kv   7:                               general.tags arr[str,6]       = ["facebook", "meta", "pytorch", "llam...
llama_model_loader: - kv   8:                          general.languages arr[str,8]       = ["en", "de", "fr", "it", "pt", "hi", ...
llama_model_loader: - kv   9:                          llama.block_count u32              = 16
llama_model_loader: - kv  10:                       llama.context_length u32              = 131072
llama_model_loader: - kv  11:                     llama.embedding_length u32              = 2048
llama_model_loader: - kv  12:                  llama.feed_forward_length u32              = 8192
llama_model_loader: - kv  13:                 llama.attention.head_count u32              = 32
llama_model_loader: - kv  14:              llama.attention.head_count_kv u32              = 8
llama_model_loader: - kv  15:                       llama.rope.freq_base f32              = 500000.000000
llama_model_loader: - kv  16:     llama.attention.layer_norm_rms_epsilon f32              = 0.000010
llama_model_loader: - kv  17:                 llama.attention.key_length u32              = 64
llama_model_loader: - kv  18:               llama.attention.value_length u32              = 64
llama_model_loader: - kv  19:                          general.file_type u32              = 2
llama_model_loader: - kv  20:                           llama.vocab_size u32              = 128256
llama_model_loader: - kv  21:                 llama.rope.dimension_count u32              = 64
llama_model_loader: - kv  22:                       tokenizer.ggml.model str              = gpt2
llama_model_loader: - kv  23:                         tokenizer.ggml.pre str              = llama-bpe
llama_model_loader: - kv  24:                      tokenizer.ggml.tokens arr[str,128256]  = ["!", "\"", "#", "$", "%", "&", "'", ...
llama_model_loader: - kv  25:                  tokenizer.ggml.token_type arr[i32,128256]  = [1, 1, 1, 1, 1, 1, 1, 1, 1, 1, 1, 1, ...
llama_model_loader: - kv  26:                      tokenizer.ggml.merges arr[str,280147]  = ["Ġ Ġ", "Ġ ĠĠĠ", "ĠĠ ĠĠ", "...
llama_model_loader: - kv  27:                tokenizer.ggml.bos_token_id u32              = 128000
llama_model_loader: - kv  28:                tokenizer.ggml.eos_token_id u32              = 128009
llama_model_loader: - kv  29:                    tokenizer.chat_template str              = {{- bos_token }}\n{%- if custom_tools ...
llama_model_loader: - kv  30:               general.quantization_version u32              = 2
llama_model_loader: - kv  31:                      quantize.imatrix.file str              = /models_out/Llama-3.2-1B-Instruct-GGU...
llama_model_loader: - kv  32:                   quantize.imatrix.dataset str              = /training_dir/calibration_datav3.txt
llama_model_loader: - kv  33:             quantize.imatrix.entries_count i32              = 112
llama_model_loader: - kv  34:              quantize.imatrix.chunks_count i32              = 125
llama_model_loader: - type  f32:   34 tensors
llama_model_loader: - type q4_0:  110 tensors
llama_model_loader: - type q4_1:    2 tensors
llama_model_loader: - type q6_K:    1 tensors
print_info: file format = GGUF V3 (latest)
print_info: file type   = Q4_0
print_info: file size   = 729.75 MiB (4.95 BPW) 
load: printing all EOG tokens:
load:   - 128001 ('<|end_of_text|>')
load:   - 128008 ('<|eom_id|>')
load:   - 128009 ('<|eot_id|>')
load: special tokens cache size = 256
load: token to piece cache size = 0.7999 MB
print_info: arch             = llama
print_info: vocab_only       = 0
print_info: n_ctx_train      = 131072
print_info: n_embd           = 2048
print_info: n_layer          = 16
print_info: n_head           = 32
print_info: n_head_kv        = 8
print_info: n_rot            = 64
print_info: n_swa            = 0
print_info: is_swa_any       = 0
print_info: n_embd_head_k    = 64
print_info: n_embd_head_v    = 64
print_info: n_gqa            = 4
print_info: n_embd_k_gqa     = 512
print_info: n_embd_v_gqa     = 512
print_info: f_norm_eps       = 0.0e+00
print_info: f_norm_rms_eps   = 1.0e-05
print_info: f_clamp_kqv      = 0.0e+00
print_info: f_max_alibi_bias = 0.0e+00
print_info: f_logit_scale    = 0.0e+00
print_info: f_attn_scale     = 0.0e+00
print_info: n_ff             = 8192
print_info: n_expert         = 0
print_info: n_expert_used    = 0
print_info: n_expert_groups  = 0
print_info: n_group_used     = 0
print_info: causal attn      = 1
print_info: pooling type     = 0
print_info: rope type        = 0
print_info: rope scaling     = linear
print_info: freq_base_train  = 500000.0
print_info: freq_scale_train = 1
print_info: n_ctx_orig_yarn  = 131072
print_info: rope_finetuned   = unknown
print_info: model type       = 1B
print_info: model params     = 1.24 B
print_info: general.name     = Llama 3.2 1B Instruct
print_info: vocab type       = BPE
print_info: n_vocab          = 128256
print_info: n_merges         = 280147
print_info: BOS token        = 128000 '<|begin_of_text|>'
print_info: EOS token        = 128009 '<|eot_id|>'
print_info: EOT token        = 128001 '<|end_of_text|>'
print_info: EOM token        = 128008 '<|eom_id|>'
print_info: LF token         = 198 'Ċ'
print_info: EOG token        = 128001 '<|end_of_text|>'
print_info: EOG token        = 128008 '<|eom_id|>'
print_info: EOG token        = 128009 '<|eot_id|>'
print_info: max token length = 256
load_tensors: loading model tensors, this can take a while... (mmap = false)
load_tensors: offloading 0 repeating layers to GPU
load_tensors: offloaded 0/17 layers to GPU
load_tensors:          CPU model buffer size =   225.75 MiB
load_tensors:   CPU_REPACK model buffer size =   504.00 MiB
.............................................................
llama_context: constructing llama_context
llama_context: n_seq_max     = 1
llama_context: n_ctx         = 1024
llama_context: n_ctx_seq     = 1024
llama_context: n_batch       = 128
llama_context: n_ubatch      = 128
llama_context: causal_attn   = 1
llama_context: flash_attn    = enabled
llama_context: kv_unified    = false
llama_context: freq_base     = 500000.0
llama_context: freq_scale    = 1
llama_context: n_ctx_seq (1024) < n_ctx_train (131072) -- the full capacity of the model will not be utilized
llama_context:        CPU  output buffer size =     0.49 MiB
llama_kv_cache:        CPU KV buffer size =    24.50 MiB
llama_kv_cache: size =   24.50 MiB (  1024 cells,  16 layers,  1/1 seqs), K (f16):   16.00 MiB, V (q8_0):    8.50 MiB
llama_context:        CPU compute buffer size =    63.62 MiB
llama_context: graph nodes  = 503
llama_context: graph splits = 1
common_init_from_params: added <|end_of_text|> logit bias = -inf
common_init_from_params: added <|eom_id|> logit bias = -inf
common_init_from_params: added <|eot_id|> logit bias = -inf
common_init_from_params: setting dry_penalty_last_n to ctx_size = 1024
common_init_from_params: warming up the model with an empty run - please wait ... (--no-warmup to disable)
main: llama threadpool init, n_threads = 8

system_info: n_threads = 8 (n_threads_batch = 8) / 8 | CPU : NEON = 1 | ARM_FMA = 1 | FP16_VA = 1 | MATMUL_INT8 = 1 | DOTPROD = 1 | REPACK = 1 | 

sampler seed: 2786093666
sampler params: 
	repeat_last_n = 64, repeat_penalty = 1.100, frequency_penalty = 0.150, presence_penalty = 0.200
	dry_multiplier = 1.000, dry_base = 1.750, dry_allowed_length = 2, dry_penalty_last_n = 1024
	top_k = 30, top_p = 1.000, min_p = 0.150, xtc_probability = 0.000, xtc_threshold = 0.100, typical_p = 1.000, top_n_sigma = -1.000, temp = 0.400
	mirostat = 0, mirostat_lr = 0.100, mirostat_ent = 5.000
sampler chain: logits -> logit-bias -> penalties -> dry -> top-n-sigma -> top-k -> typical -> top-p -> min-p -> xtc -> temp-ext -> dist 
generate: n_ctx = 1024, n_batch = 128, n_predict = 750, n_keep = 1

llama_perf_sampler_print:    sampling time =     387.18 ms /   571 runs   (    0.68 ms per token,  1474.75 tokens per second)
llama_perf_context_print:        load time =    1883.34 ms
llama_perf_context_print: prompt eval time =      89.32 ms /    20 tokens (    4.47 ms per token,   223.90 tokens per second)
llama_perf_context_print:        eval time =    9165.30 ms /   550 runs   (   16.66 ms per token,    60.01 tokens per second)
llama_perf_context_print:       total time =    9973.85 ms /   570 tokens
llama_perf_context_print:    graphs reused =        547
llama_memory_breakdown_print: | memory breakdown [MiB]                  | total   free    self   model   context   compute    unaccounted |
llama_memory_breakdown_print: |   - GPUOpenCL (QUALCOMM Adreno(TM) 830) |     0 =    0 + (   0 =     0 +       0 +       0) +           0 |
llama_memory_breakdown_print: |   - HTP0 (Hexagon)                      |  2048 = 2048 + (   0 =     0 +       0 +       0) +           0 |
llama_memory_breakdown_print: |   - Host                                |                  313 =   225 +      24 +      63                |
llama_memory_breakdown_print: |   - CPU_REPACK                          |                  504 =   504 +       0 +       0                |
ggml_opencl: selected platform: 'QUALCOMM Snapdragon(TM)'

ggml_opencl: device: 'QUALCOMM Adreno(TM) 830 (OpenCL 3.0 Adreno(TM) 830)'
ggml_opencl: OpenCL driver: OpenCL 3.0 QUALCOMM build: 0800.40.1 Compiler E031.47.18.36
ggml_opencl: vector subgroup broadcast support: true
ggml_opencl: device FP16 support: true
ggml_opencl: mem base addr align: 128
ggml_opencl: max mem alloc size: 1024 MB
ggml_opencl: device max workgroup size: 1024
ggml_opencl: SVM coarse grain buffer support: true
ggml_opencl: SVM fine grain buffer support: true
ggml_opencl: SVM fine grain system support: false
ggml_opencl: SVM atomics support: true
ggml_opencl: flattening quantized weights representation as struct of arrays (GGML_OPENCL_SOA_Q)
ggml_opencl: using kernels optimized for Adreno (GGML_OPENCL_USE_ADRENO_KERNELS)
ggml_opencl: loading OpenCL kernels........................................................................
ggml_opencl: default device: 'QUALCOMM Adreno(TM) 830 (OpenCL 3.0 Adreno(TM) 830)'
ggml-hex: Hexagon backend (experimental) : allocating new registry : ndev 1
ggml-hex: Hexagon Arch version v79
ggml-hex: allocating new session: HTP0
ggml-hex: new session: HTP0 : session-id 0 domain-id 3 uri file:///libggml-htp-v79.so?htp_iface_skel_handle_invoke&_modver=1.0&_dom=cdsp&_session=0 handle 0xb4000076bc4cef50
build: 0 (unknown) with Android (13324770, +pgo, +bolt, +lto, +mlgo, based on r530567d) clang version 19.0.0 (https://android.googlesource.com/toolchain/llvm-project 97a699bf4812a18fb657c2779f5296a4ab2694d2) for x86_64-unknown-linux-gnu
main: llama backend init
main: load the model and apply lora adapter, if any
llama_model_load_from_file_impl: using device GPUOpenCL (QUALCOMM Adreno(TM) 830) (unknown id) - 0 MiB free
llama_model_load_from_file_impl: using device HTP0 (Hexagon) (unknown id) - 2048 MiB free
llama_model_loader: loaded meta data with 35 key-value pairs and 147 tensors from /data/local/tmp/llama.cpp/../gguf/Llama-3.2-1B-Instruct-Q4_0.gguf (version GGUF V3 (latest))
llama_model_loader: Dumping metadata keys/values. Note: KV overrides do not apply in this output.
llama_model_loader: - kv   0:                       general.architecture str              = llama
llama_model_loader: - kv   1:                               general.type str              = model
llama_model_loader: - kv   2:                               general.name str              = Llama 3.2 1B Instruct
llama_model_loader: - kv   3:                           general.finetune str              = Instruct
llama_model_loader: - kv   4:                           general.basename str              = Llama-3.2
llama_model_loader: - kv   5:                         general.size_label str              = 1B
llama_model_loader: - kv   6:                            general.license str              = llama3.2
llama_model_loader: - kv   7:                               general.tags arr[str,6]       = ["facebook", "meta", "pytorch", "llam...
llama_model_loader: - kv   8:                          general.languages arr[str,8]       = ["en", "de", "fr", "it", "pt", "hi", ...
llama_model_loader: - kv   9:                          llama.block_count u32              = 16
llama_model_loader: - kv  10:                       llama.context_length u32              = 131072
llama_model_loader: - kv  11:                     llama.embedding_length u32              = 2048
llama_model_loader: - kv  12:                  llama.feed_forward_length u32              = 8192
llama_model_loader: - kv  13:                 llama.attention.head_count u32              = 32
llama_model_loader: - kv  14:              llama.attention.head_count_kv u32              = 8
llama_model_loader: - kv  15:                       llama.rope.freq_base f32              = 500000.000000
llama_model_loader: - kv  16:     llama.attention.layer_norm_rms_epsilon f32              = 0.000010
llama_model_loader: - kv  17:                 llama.attention.key_length u32              = 64
llama_model_loader: - kv  18:               llama.attention.value_length u32              = 64
llama_model_loader: - kv  19:                          general.file_type u32              = 2
llama_model_loader: - kv  20:                           llama.vocab_size u32              = 128256
llama_model_loader: - kv  21:                 llama.rope.dimension_count u32              = 64
llama_model_loader: - kv  22:                       tokenizer.ggml.model str              = gpt2
llama_model_loader: - kv  23:                         tokenizer.ggml.pre str              = llama-bpe
llama_model_loader: - kv  24:                      tokenizer.ggml.tokens arr[str,128256]  = ["!", "\"", "#", "$", "%", "&", "'", ...
llama_model_loader: - kv  25:                  tokenizer.ggml.token_type arr[i32,128256]  = [1, 1, 1, 1, 1, 1, 1, 1, 1, 1, 1, 1, ...
llama_model_loader: - kv  26:                      tokenizer.ggml.merges arr[str,280147]  = ["Ġ Ġ", "Ġ ĠĠĠ", "ĠĠ ĠĠ", "...
llama_model_loader: - kv  27:                tokenizer.ggml.bos_token_id u32              = 128000
llama_model_loader: - kv  28:                tokenizer.ggml.eos_token_id u32              = 128009
llama_model_loader: - kv  29:                    tokenizer.chat_template str              = {{- bos_token }}\n{%- if custom_tools ...
llama_model_loader: - kv  30:               general.quantization_version u32              = 2
llama_model_loader: - kv  31:                      quantize.imatrix.file str              = /models_out/Llama-3.2-1B-Instruct-GGU...
llama_model_loader: - kv  32:                   quantize.imatrix.dataset str              = /training_dir/calibration_datav3.txt
llama_model_loader: - kv  33:             quantize.imatrix.entries_count i32              = 112
llama_model_loader: - kv  34:              quantize.imatrix.chunks_count i32              = 125
llama_model_loader: - type  f32:   34 tensors
llama_model_loader: - type q4_0:  110 tensors
llama_model_loader: - type q4_1:    2 tensors
llama_model_loader: - type q6_K:    1 tensors
print_info: file format = GGUF V3 (latest)
print_info: file type   = Q4_0
print_info: file size   = 729.75 MiB (4.95 BPW) 
load: printing all EOG tokens:
load:   - 128001 ('<|end_of_text|>')
load:   - 128008 ('<|eom_id|>')
load:   - 128009 ('<|eot_id|>')
load: special tokens cache size = 256
load: token to piece cache size = 0.7999 MB
print_info: arch             = llama
print_info: vocab_only       = 0
print_info: n_ctx_train      = 131072
print_info: n_embd           = 2048
print_info: n_layer          = 16
print_info: n_head           = 32
print_info: n_head_kv        = 8
print_info: n_rot            = 64
print_info: n_swa            = 0
print_info: is_swa_any       = 0
print_info: n_embd_head_k    = 64
print_info: n_embd_head_v    = 64
print_info: n_gqa            = 4
print_info: n_embd_k_gqa     = 512
print_info: n_embd_v_gqa     = 512
print_info: f_norm_eps       = 0.0e+00
print_info: f_norm_rms_eps   = 1.0e-05
print_info: f_clamp_kqv      = 0.0e+00
print_info: f_max_alibi_bias = 0.0e+00
print_info: f_logit_scale    = 0.0e+00
print_info: f_attn_scale     = 0.0e+00
print_info: n_ff             = 8192
print_info: n_expert         = 0
print_info: n_expert_used    = 0
print_info: n_expert_groups  = 0
print_info: n_group_used     = 0
print_info: causal attn      = 1
print_info: pooling type     = 0
print_info: rope type        = 0
print_info: rope scaling     = linear
print_info: freq_base_train  = 500000.0
print_info: freq_scale_train = 1
print_info: n_ctx_orig_yarn  = 131072
print_info: rope_finetuned   = unknown
print_info: model type       = 1B
print_info: model params     = 1.24 B
print_info: general.name     = Llama 3.2 1B Instruct
print_info: vocab type       = BPE
print_info: n_vocab          = 128256
print_info: n_merges         = 280147
print_info: BOS token        = 128000 '<|begin_of_text|>'
print_info: EOS token        = 128009 '<|eot_id|>'
print_info: EOT token        = 128001 '<|end_of_text|>'
print_info: EOM token        = 128008 '<|eom_id|>'
print_info: LF token         = 198 'Ċ'
print_info: EOG token        = 128001 '<|end_of_text|>'
print_info: EOG token        = 128008 '<|eom_id|>'
print_info: EOG token        = 128009 '<|eot_id|>'
print_info: max token length = 256
load_tensors: loading model tensors, this can take a while... (mmap = false)
load_tensors: offloading 0 repeating layers to GPU
load_tensors: offloaded 0/17 layers to GPU
load_tensors:          CPU model buffer size =   225.75 MiB
load_tensors:   CPU_REPACK model buffer size =   504.00 MiB
.............................................................
llama_context: constructing llama_context
llama_context: n_seq_max     = 1
llama_context: n_ctx         = 1024
llama_context: n_ctx_seq     = 1024
llama_context: n_batch       = 128
llama_context: n_ubatch      = 128
llama_context: causal_attn   = 1
llama_context: flash_attn    = enabled
llama_context: kv_unified    = false
llama_context: freq_base     = 500000.0
llama_context: freq_scale    = 1
llama_context: n_ctx_seq (1024) < n_ctx_train (131072) -- the full capacity of the model will not be utilized
llama_context:        CPU  output buffer size =     0.49 MiB
llama_kv_cache:        CPU KV buffer size =    24.50 MiB
llama_kv_cache: size =   24.50 MiB (  1024 cells,  16 layers,  1/1 seqs), K (f16):   16.00 MiB, V (q8_0):    8.50 MiB
llama_context:        CPU compute buffer size =    63.62 MiB
llama_context: graph nodes  = 503
llama_context: graph splits = 1
common_init_from_params: added <|end_of_text|> logit bias = -inf
common_init_from_params: added <|eom_id|> logit bias = -inf
common_init_from_params: added <|eot_id|> logit bias = -inf
common_init_from_params: setting dry_penalty_last_n to ctx_size = 1024
common_init_from_params: warming up the model with an empty run - please wait ... (--no-warmup to disable)
main: llama threadpool init, n_threads = 8

system_info: n_threads = 8 (n_threads_batch = 8) / 8 | CPU : NEON = 1 | ARM_FMA = 1 | FP16_VA = 1 | MATMUL_INT8 = 1 | DOTPROD = 1 | REPACK = 1 | 

sampler seed: 2459492532
sampler params: 
	repeat_last_n = 64, repeat_penalty = 1.100, frequency_penalty = 0.150, presence_penalty = 0.200
	dry_multiplier = 1.000, dry_base = 1.750, dry_allowed_length = 2, dry_penalty_last_n = 1024
	top_k = 30, top_p = 1.000, min_p = 0.150, xtc_probability = 0.000, xtc_threshold = 0.100, typical_p = 1.000, top_n_sigma = -1.000, temp = 0.400
	mirostat = 0, mirostat_lr = 0.100, mirostat_ent = 5.000
sampler chain: logits -> logit-bias -> penalties -> dry -> top-n-sigma -> top-k -> typical -> top-p -> min-p -> xtc -> temp-ext -> dist 
generate: n_ctx = 1024, n_batch = 128, n_predict = 750, n_keep = 1

llama_perf_sampler_print:    sampling time =      96.69 ms /   150 runs   (    0.64 ms per token,  1551.35 tokens per second)
llama_perf_context_print:        load time =    1519.36 ms
llama_perf_context_print: prompt eval time =      82.11 ms /    20 tokens (    4.11 ms per token,   243.58 tokens per second)
llama_perf_context_print:        eval time =    2307.48 ms /   129 runs   (   17.89 ms per token,    55.91 tokens per second)
llama_perf_context_print:       total time =    2810.74 ms /   149 tokens
llama_perf_context_print:    graphs reused =        128
llama_memory_breakdown_print: | memory breakdown [MiB]                  | total   free    self   model   context   compute    unaccounted |
llama_memory_breakdown_print: |   - GPUOpenCL (QUALCOMM Adreno(TM) 830) |     0 =    0 + (   0 =     0 +       0 +       0) +           0 |
llama_memory_breakdown_print: |   - HTP0 (Hexagon)                      |  2048 = 2048 + (   0 =     0 +       0 +       0) +           0 |
llama_memory_breakdown_print: |   - Host                                |                  313 =   225 +      24 +      63                |
llama_memory_breakdown_print: |   - CPU_REPACK                          |                  504 =   504 +       0 +       0                |
ggml_opencl: selected platform: 'QUALCOMM Snapdragon(TM)'

ggml_opencl: device: 'QUALCOMM Adreno(TM) 830 (OpenCL 3.0 Adreno(TM) 830)'
ggml_opencl: OpenCL driver: OpenCL 3.0 QUALCOMM build: 0800.40.1 Compiler E031.47.18.36
ggml_opencl: vector subgroup broadcast support: true
ggml_opencl: device FP16 support: true
ggml_opencl: mem base addr align: 128
ggml_opencl: max mem alloc size: 1024 MB
ggml_opencl: device max workgroup size: 1024
ggml_opencl: SVM coarse grain buffer support: true
ggml_opencl: SVM fine grain buffer support: true
ggml_opencl: SVM fine grain system support: false
ggml_opencl: SVM atomics support: true
ggml_opencl: flattening quantized weights representation as struct of arrays (GGML_OPENCL_SOA_Q)
ggml_opencl: using kernels optimized for Adreno (GGML_OPENCL_USE_ADRENO_KERNELS)
ggml_opencl: loading OpenCL kernels........................................................................
ggml_opencl: default device: 'QUALCOMM Adreno(TM) 830 (OpenCL 3.0 Adreno(TM) 830)'
ggml-hex: Hexagon backend (experimental) : allocating new registry : ndev 1
ggml-hex: Hexagon Arch version v79
ggml-hex: allocating new session: HTP0
ggml-hex: new session: HTP0 : session-id 0 domain-id 3 uri file:///libggml-htp-v79.so?htp_iface_skel_handle_invoke&_modver=1.0&_dom=cdsp&_session=0 handle 0xb400007c70f0f550
build: 0 (unknown) with Android (13324770, +pgo, +bolt, +lto, +mlgo, based on r530567d) clang version 19.0.0 (https://android.googlesource.com/toolchain/llvm-project 97a699bf4812a18fb657c2779f5296a4ab2694d2) for x86_64-unknown-linux-gnu
main: llama backend init
main: load the model and apply lora adapter, if any
llama_model_load_from_file_impl: using device GPUOpenCL (QUALCOMM Adreno(TM) 830) (unknown id) - 0 MiB free
llama_model_load_from_file_impl: using device HTP0 (Hexagon) (unknown id) - 2048 MiB free
llama_model_loader: loaded meta data with 35 key-value pairs and 147 tensors from /data/local/tmp/llama.cpp/../gguf/Llama-3.2-1B-Instruct-Q4_0.gguf (version GGUF V3 (latest))
llama_model_loader: Dumping metadata keys/values. Note: KV overrides do not apply in this output.
llama_model_loader: - kv   0:                       general.architecture str              = llama
llama_model_loader: - kv   1:                               general.type str              = model
llama_model_loader: - kv   2:                               general.name str              = Llama 3.2 1B Instruct
llama_model_loader: - kv   3:                           general.finetune str              = Instruct
llama_model_loader: - kv   4:                           general.basename str              = Llama-3.2
llama_model_loader: - kv   5:                         general.size_label str              = 1B
llama_model_loader: - kv   6:                            general.license str              = llama3.2
llama_model_loader: - kv   7:                               general.tags arr[str,6]       = ["facebook", "meta", "pytorch", "llam...
llama_model_loader: - kv   8:                          general.languages arr[str,8]       = ["en", "de", "fr", "it", "pt", "hi", ...
llama_model_loader: - kv   9:                          llama.block_count u32              = 16
llama_model_loader: - kv  10:                       llama.context_length u32              = 131072
llama_model_loader: - kv  11:                     llama.embedding_length u32              = 2048
llama_model_loader: - kv  12:                  llama.feed_forward_length u32              = 8192
llama_model_loader: - kv  13:                 llama.attention.head_count u32              = 32
llama_model_loader: - kv  14:              llama.attention.head_count_kv u32              = 8
llama_model_loader: - kv  15:                       llama.rope.freq_base f32              = 500000.000000
llama_model_loader: - kv  16:     llama.attention.layer_norm_rms_epsilon f32              = 0.000010
llama_model_loader: - kv  17:                 llama.attention.key_length u32              = 64
llama_model_loader: - kv  18:               llama.attention.value_length u32              = 64
llama_model_loader: - kv  19:                          general.file_type u32              = 2
llama_model_loader: - kv  20:                           llama.vocab_size u32              = 128256
llama_model_loader: - kv  21:                 llama.rope.dimension_count u32              = 64
llama_model_loader: - kv  22:                       tokenizer.ggml.model str              = gpt2
llama_model_loader: - kv  23:                         tokenizer.ggml.pre str              = llama-bpe
llama_model_loader: - kv  24:                      tokenizer.ggml.tokens arr[str,128256]  = ["!", "\"", "#", "$", "%", "&", "'", ...
llama_model_loader: - kv  25:                  tokenizer.ggml.token_type arr[i32,128256]  = [1, 1, 1, 1, 1, 1, 1, 1, 1, 1, 1, 1, ...
llama_model_loader: - kv  26:                      tokenizer.ggml.merges arr[str,280147]  = ["Ġ Ġ", "Ġ ĠĠĠ", "ĠĠ ĠĠ", "...
llama_model_loader: - kv  27:                tokenizer.ggml.bos_token_id u32              = 128000
llama_model_loader: - kv  28:                tokenizer.ggml.eos_token_id u32              = 128009
llama_model_loader: - kv  29:                    tokenizer.chat_template str              = {{- bos_token }}\n{%- if custom_tools ...
llama_model_loader: - kv  30:               general.quantization_version u32              = 2
llama_model_loader: - kv  31:                      quantize.imatrix.file str              = /models_out/Llama-3.2-1B-Instruct-GGU...
llama_model_loader: - kv  32:                   quantize.imatrix.dataset str              = /training_dir/calibration_datav3.txt
llama_model_loader: - kv  33:             quantize.imatrix.entries_count i32              = 112
llama_model_loader: - kv  34:              quantize.imatrix.chunks_count i32              = 125
llama_model_loader: - type  f32:   34 tensors
llama_model_loader: - type q4_0:  110 tensors
llama_model_loader: - type q4_1:    2 tensors
llama_model_loader: - type q6_K:    1 tensors
print_info: file format = GGUF V3 (latest)
print_info: file type   = Q4_0
print_info: file size   = 729.75 MiB (4.95 BPW) 
load: printing all EOG tokens:
load:   - 128001 ('<|end_of_text|>')
load:   - 128008 ('<|eom_id|>')
load:   - 128009 ('<|eot_id|>')
load: special tokens cache size = 256
load: token to piece cache size = 0.7999 MB
print_info: arch             = llama
print_info: vocab_only       = 0
print_info: n_ctx_train      = 131072
print_info: n_embd           = 2048
print_info: n_layer          = 16
print_info: n_head           = 32
print_info: n_head_kv        = 8
print_info: n_rot            = 64
print_info: n_swa            = 0
print_info: is_swa_any       = 0
print_info: n_embd_head_k    = 64
print_info: n_embd_head_v    = 64
print_info: n_gqa            = 4
print_info: n_embd_k_gqa     = 512
print_info: n_embd_v_gqa     = 512
print_info: f_norm_eps       = 0.0e+00
print_info: f_norm_rms_eps   = 1.0e-05
print_info: f_clamp_kqv      = 0.0e+00
print_info: f_max_alibi_bias = 0.0e+00
print_info: f_logit_scale    = 0.0e+00
print_info: f_attn_scale     = 0.0e+00
print_info: n_ff             = 8192
print_info: n_expert         = 0
print_info: n_expert_used    = 0
print_info: n_expert_groups  = 0
print_info: n_group_used     = 0
print_info: causal attn      = 1
print_info: pooling type     = 0
print_info: rope type        = 0
print_info: rope scaling     = linear
print_info: freq_base_train  = 500000.0
print_info: freq_scale_train = 1
print_info: n_ctx_orig_yarn  = 131072
print_info: rope_finetuned   = unknown
print_info: model type       = 1B
print_info: model params     = 1.24 B
print_info: general.name     = Llama 3.2 1B Instruct
print_info: vocab type       = BPE
print_info: n_vocab          = 128256
print_info: n_merges         = 280147
print_info: BOS token        = 128000 '<|begin_of_text|>'
print_info: EOS token        = 128009 '<|eot_id|>'
print_info: EOT token        = 128001 '<|end_of_text|>'
print_info: EOM token        = 128008 '<|eom_id|>'
print_info: LF token         = 198 'Ċ'
print_info: EOG token        = 128001 '<|end_of_text|>'
print_info: EOG token        = 128008 '<|eom_id|>'
print_info: EOG token        = 128009 '<|eot_id|>'
print_info: max token length = 256
load_tensors: loading model tensors, this can take a while... (mmap = false)
load_tensors: offloading 0 repeating layers to GPU
load_tensors: offloaded 0/17 layers to GPU
load_tensors:          CPU model buffer size =   225.75 MiB
load_tensors:   CPU_REPACK model buffer size =   504.00 MiB
.............................................................
llama_context: constructing llama_context
llama_context: n_seq_max     = 1
llama_context: n_ctx         = 1024
llama_context: n_ctx_seq     = 1024
llama_context: n_batch       = 128
llama_context: n_ubatch      = 128
llama_context: causal_attn   = 1
llama_context: flash_attn    = enabled
llama_context: kv_unified    = false
llama_context: freq_base     = 500000.0
llama_context: freq_scale    = 1
llama_context: n_ctx_seq (1024) < n_ctx_train (131072) -- the full capacity of the model will not be utilized
llama_context:        CPU  output buffer size =     0.49 MiB
llama_kv_cache:        CPU KV buffer size =    24.50 MiB
llama_kv_cache: size =   24.50 MiB (  1024 cells,  16 layers,  1/1 seqs), K (f16):   16.00 MiB, V (q8_0):    8.50 MiB
llama_context:        CPU compute buffer size =    63.62 MiB
llama_context: graph nodes  = 503
llama_context: graph splits = 1
common_init_from_params: added <|end_of_text|> logit bias = -inf
common_init_from_params: added <|eom_id|> logit bias = -inf
common_init_from_params: added <|eot_id|> logit bias = -inf
common_init_from_params: setting dry_penalty_last_n to ctx_size = 1024
common_init_from_params: warming up the model with an empty run - please wait ... (--no-warmup to disable)
main: llama threadpool init, n_threads = 8

system_info: n_threads = 8 (n_threads_batch = 8) / 8 | CPU : NEON = 1 | ARM_FMA = 1 | FP16_VA = 1 | MATMUL_INT8 = 1 | DOTPROD = 1 | REPACK = 1 | 

sampler seed: 3363361799
sampler params: 
	repeat_last_n = 64, repeat_penalty = 1.100, frequency_penalty = 0.150, presence_penalty = 0.200
	dry_multiplier = 1.000, dry_base = 1.750, dry_allowed_length = 2, dry_penalty_last_n = 1024
	top_k = 30, top_p = 1.000, min_p = 0.150, xtc_probability = 0.000, xtc_threshold = 0.100, typical_p = 1.000, top_n_sigma = -1.000, temp = 0.400
	mirostat = 0, mirostat_lr = 0.100, mirostat_ent = 5.000
sampler chain: logits -> logit-bias -> penalties -> dry -> top-n-sigma -> top-k -> typical -> top-p -> min-p -> xtc -> temp-ext -> dist 
generate: n_ctx = 1024, n_batch = 128, n_predict = 750, n_keep = 1

llama_perf_sampler_print:    sampling time =     134.49 ms /   233 runs   (    0.58 ms per token,  1732.48 tokens per second)
llama_perf_context_print:        load time =    1059.02 ms
llama_perf_context_print: prompt eval time =      94.78 ms /    26 tokens (    3.65 ms per token,   274.32 tokens per second)
llama_perf_context_print:        eval time =    3503.17 ms /   206 runs   (   17.01 ms per token,    58.80 tokens per second)
llama_perf_context_print:       total time =    4012.77 ms /   232 tokens
llama_perf_context_print:    graphs reused =        205
llama_memory_breakdown_print: | memory breakdown [MiB]                  | total   free    self   model   context   compute    unaccounted |
llama_memory_breakdown_print: |   - GPUOpenCL (QUALCOMM Adreno(TM) 830) |     0 =    0 + (   0 =     0 +       0 +       0) +           0 |
llama_memory_breakdown_print: |   - HTP0 (Hexagon)                      |  2048 = 2048 + (   0 =     0 +       0 +       0) +           0 |
llama_memory_breakdown_print: |   - Host                                |                  313 =   225 +      24 +      63                |
llama_memory_breakdown_print: |   - CPU_REPACK                          |                  504 =   504 +       0 +       0                |
ggml_opencl: selected platform: 'QUALCOMM Snapdragon(TM)'

ggml_opencl: device: 'QUALCOMM Adreno(TM) 830 (OpenCL 3.0 Adreno(TM) 830)'
ggml_opencl: OpenCL driver: OpenCL 3.0 QUALCOMM build: 0800.40.1 Compiler E031.47.18.36
ggml_opencl: vector subgroup broadcast support: true
ggml_opencl: device FP16 support: true
ggml_opencl: mem base addr align: 128
ggml_opencl: max mem alloc size: 1024 MB
ggml_opencl: device max workgroup size: 1024
ggml_opencl: SVM coarse grain buffer support: true
ggml_opencl: SVM fine grain buffer support: true
ggml_opencl: SVM fine grain system support: false
ggml_opencl: SVM atomics support: true
ggml_opencl: flattening quantized weights representation as struct of arrays (GGML_OPENCL_SOA_Q)
ggml_opencl: using kernels optimized for Adreno (GGML_OPENCL_USE_ADRENO_KERNELS)
ggml_opencl: loading OpenCL kernels........................................................................
ggml_opencl: default device: 'QUALCOMM Adreno(TM) 830 (OpenCL 3.0 Adreno(TM) 830)'
ggml-hex: Hexagon backend (experimental) : allocating new registry : ndev 1
ggml-hex: Hexagon Arch version v79
ggml-hex: allocating new session: HTP0
ggml-hex: new session: HTP0 : session-id 0 domain-id 3 uri file:///libggml-htp-v79.so?htp_iface_skel_handle_invoke&_modver=1.0&_dom=cdsp&_session=0 handle 0xb400007d8c0ce550
build: 0 (unknown) with Android (13324770, +pgo, +bolt, +lto, +mlgo, based on r530567d) clang version 19.0.0 (https://android.googlesource.com/toolchain/llvm-project 97a699bf4812a18fb657c2779f5296a4ab2694d2) for x86_64-unknown-linux-gnu
main: llama backend init
main: load the model and apply lora adapter, if any
llama_model_load_from_file_impl: using device GPUOpenCL (QUALCOMM Adreno(TM) 830) (unknown id) - 0 MiB free
llama_model_load_from_file_impl: using device HTP0 (Hexagon) (unknown id) - 2048 MiB free
llama_model_loader: loaded meta data with 35 key-value pairs and 147 tensors from /data/local/tmp/llama.cpp/../gguf/Llama-3.2-1B-Instruct-Q4_0.gguf (version GGUF V3 (latest))
llama_model_loader: Dumping metadata keys/values. Note: KV overrides do not apply in this output.
llama_model_loader: - kv   0:                       general.architecture str              = llama
llama_model_loader: - kv   1:                               general.type str              = model
llama_model_loader: - kv   2:                               general.name str              = Llama 3.2 1B Instruct
llama_model_loader: - kv   3:                           general.finetune str              = Instruct
llama_model_loader: - kv   4:                           general.basename str              = Llama-3.2
llama_model_loader: - kv   5:                         general.size_label str              = 1B
llama_model_loader: - kv   6:                            general.license str              = llama3.2
llama_model_loader: - kv   7:                               general.tags arr[str,6]       = ["facebook", "meta", "pytorch", "llam...
llama_model_loader: - kv   8:                          general.languages arr[str,8]       = ["en", "de", "fr", "it", "pt", "hi", ...
llama_model_loader: - kv   9:                          llama.block_count u32              = 16
llama_model_loader: - kv  10:                       llama.context_length u32              = 131072
llama_model_loader: - kv  11:                     llama.embedding_length u32              = 2048
llama_model_loader: - kv  12:                  llama.feed_forward_length u32              = 8192
llama_model_loader: - kv  13:                 llama.attention.head_count u32              = 32
llama_model_loader: - kv  14:              llama.attention.head_count_kv u32              = 8
llama_model_loader: - kv  15:                       llama.rope.freq_base f32              = 500000.000000
llama_model_loader: - kv  16:     llama.attention.layer_norm_rms_epsilon f32              = 0.000010
llama_model_loader: - kv  17:                 llama.attention.key_length u32              = 64
llama_model_loader: - kv  18:               llama.attention.value_length u32              = 64
llama_model_loader: - kv  19:                          general.file_type u32              = 2
llama_model_loader: - kv  20:                           llama.vocab_size u32              = 128256
llama_model_loader: - kv  21:                 llama.rope.dimension_count u32              = 64
llama_model_loader: - kv  22:                       tokenizer.ggml.model str              = gpt2
llama_model_loader: - kv  23:                         tokenizer.ggml.pre str              = llama-bpe
llama_model_loader: - kv  24:                      tokenizer.ggml.tokens arr[str,128256]  = ["!", "\"", "#", "$", "%", "&", "'", ...
llama_model_loader: - kv  25:                  tokenizer.ggml.token_type arr[i32,128256]  = [1, 1, 1, 1, 1, 1, 1, 1, 1, 1, 1, 1, ...
llama_model_loader: - kv  26:                      tokenizer.ggml.merges arr[str,280147]  = ["Ġ Ġ", "Ġ ĠĠĠ", "ĠĠ ĠĠ", "...
llama_model_loader: - kv  27:                tokenizer.ggml.bos_token_id u32              = 128000
llama_model_loader: - kv  28:                tokenizer.ggml.eos_token_id u32              = 128009
llama_model_loader: - kv  29:                    tokenizer.chat_template str              = {{- bos_token }}\n{%- if custom_tools ...
llama_model_loader: - kv  30:               general.quantization_version u32              = 2
llama_model_loader: - kv  31:                      quantize.imatrix.file str              = /models_out/Llama-3.2-1B-Instruct-GGU...
llama_model_loader: - kv  32:                   quantize.imatrix.dataset str              = /training_dir/calibration_datav3.txt
llama_model_loader: - kv  33:             quantize.imatrix.entries_count i32              = 112
llama_model_loader: - kv  34:              quantize.imatrix.chunks_count i32              = 125
llama_model_loader: - type  f32:   34 tensors
llama_model_loader: - type q4_0:  110 tensors
llama_model_loader: - type q4_1:    2 tensors
llama_model_loader: - type q6_K:    1 tensors
print_info: file format = GGUF V3 (latest)
print_info: file type   = Q4_0
print_info: file size   = 729.75 MiB (4.95 BPW) 
load: printing all EOG tokens:
load:   - 128001 ('<|end_of_text|>')
load:   - 128008 ('<|eom_id|>')
load:   - 128009 ('<|eot_id|>')
load: special tokens cache size = 256
load: token to piece cache size = 0.7999 MB
print_info: arch             = llama
print_info: vocab_only       = 0
print_info: n_ctx_train      = 131072
print_info: n_embd           = 2048
print_info: n_layer          = 16
print_info: n_head           = 32
print_info: n_head_kv        = 8
print_info: n_rot            = 64
print_info: n_swa            = 0
print_info: is_swa_any       = 0
print_info: n_embd_head_k    = 64
print_info: n_embd_head_v    = 64
print_info: n_gqa            = 4
print_info: n_embd_k_gqa     = 512
print_info: n_embd_v_gqa     = 512
print_info: f_norm_eps       = 0.0e+00
print_info: f_norm_rms_eps   = 1.0e-05
print_info: f_clamp_kqv      = 0.0e+00
print_info: f_max_alibi_bias = 0.0e+00
print_info: f_logit_scale    = 0.0e+00
print_info: f_attn_scale     = 0.0e+00
print_info: n_ff             = 8192
print_info: n_expert         = 0
print_info: n_expert_used    = 0
print_info: n_expert_groups  = 0
print_info: n_group_used     = 0
print_info: causal attn      = 1
print_info: pooling type     = 0
print_info: rope type        = 0
print_info: rope scaling     = linear
print_info: freq_base_train  = 500000.0
print_info: freq_scale_train = 1
print_info: n_ctx_orig_yarn  = 131072
print_info: rope_finetuned   = unknown
print_info: model type       = 1B
print_info: model params     = 1.24 B
print_info: general.name     = Llama 3.2 1B Instruct
print_info: vocab type       = BPE
print_info: n_vocab          = 128256
print_info: n_merges         = 280147
print_info: BOS token        = 128000 '<|begin_of_text|>'
print_info: EOS token        = 128009 '<|eot_id|>'
print_info: EOT token        = 128001 '<|end_of_text|>'
print_info: EOM token        = 128008 '<|eom_id|>'
print_info: LF token         = 198 'Ċ'
print_info: EOG token        = 128001 '<|end_of_text|>'
print_info: EOG token        = 128008 '<|eom_id|>'
print_info: EOG token        = 128009 '<|eot_id|>'
print_info: max token length = 256
load_tensors: loading model tensors, this can take a while... (mmap = false)
load_tensors: offloading 0 repeating layers to GPU
load_tensors: offloaded 0/17 layers to GPU
load_tensors:          CPU model buffer size =   225.75 MiB
load_tensors:   CPU_REPACK model buffer size =   504.00 MiB
.............................................................
llama_context: constructing llama_context
llama_context: n_seq_max     = 1
llama_context: n_ctx         = 1024
llama_context: n_ctx_seq     = 1024
llama_context: n_batch       = 128
llama_context: n_ubatch      = 128
llama_context: causal_attn   = 1
llama_context: flash_attn    = enabled
llama_context: kv_unified    = false
llama_context: freq_base     = 500000.0
llama_context: freq_scale    = 1
llama_context: n_ctx_seq (1024) < n_ctx_train (131072) -- the full capacity of the model will not be utilized
llama_context:        CPU  output buffer size =     0.49 MiB
llama_kv_cache:        CPU KV buffer size =    24.50 MiB
llama_kv_cache: size =   24.50 MiB (  1024 cells,  16 layers,  1/1 seqs), K (f16):   16.00 MiB, V (q8_0):    8.50 MiB
llama_context:        CPU compute buffer size =    63.62 MiB
llama_context: graph nodes  = 503
llama_context: graph splits = 1
common_init_from_params: added <|end_of_text|> logit bias = -inf
common_init_from_params: added <|eom_id|> logit bias = -inf
common_init_from_params: added <|eot_id|> logit bias = -inf
common_init_from_params: setting dry_penalty_last_n to ctx_size = 1024
common_init_from_params: warming up the model with an empty run - please wait ... (--no-warmup to disable)
main: llama threadpool init, n_threads = 8

system_info: n_threads = 8 (n_threads_batch = 8) / 8 | CPU : NEON = 1 | ARM_FMA = 1 | FP16_VA = 1 | MATMUL_INT8 = 1 | DOTPROD = 1 | REPACK = 1 | 

sampler seed: 957534694
sampler params: 
	repeat_last_n = 64, repeat_penalty = 1.100, frequency_penalty = 0.150, presence_penalty = 0.200
	dry_multiplier = 1.000, dry_base = 1.750, dry_allowed_length = 2, dry_penalty_last_n = 1024
	top_k = 30, top_p = 1.000, min_p = 0.150, xtc_probability = 0.000, xtc_threshold = 0.100, typical_p = 1.000, top_n_sigma = -1.000, temp = 0.400
	mirostat = 0, mirostat_lr = 0.100, mirostat_ent = 5.000
sampler chain: logits -> logit-bias -> penalties -> dry -> top-n-sigma -> top-k -> typical -> top-p -> min-p -> xtc -> temp-ext -> dist 
generate: n_ctx = 1024, n_batch = 128, n_predict = 750, n_keep = 1

llama_perf_sampler_print:    sampling time =      96.70 ms /   128 runs   (    0.76 ms per token,  1323.64 tokens per second)
llama_perf_context_print:        load time =    1078.57 ms
llama_perf_context_print: prompt eval time =     121.75 ms /    27 tokens (    4.51 ms per token,   221.76 tokens per second)
llama_perf_context_print:        eval time =    2585.96 ms /   100 runs   (   25.86 ms per token,    38.67 tokens per second)
llama_perf_context_print:       total time =    3168.12 ms /   127 tokens
llama_perf_context_print:    graphs reused =         99
llama_memory_breakdown_print: | memory breakdown [MiB]                  | total   free    self   model   context   compute    unaccounted |
llama_memory_breakdown_print: |   - GPUOpenCL (QUALCOMM Adreno(TM) 830) |     0 =    0 + (   0 =     0 +       0 +       0) +           0 |
llama_memory_breakdown_print: |   - HTP0 (Hexagon)                      |  2048 = 2048 + (   0 =     0 +       0 +       0) +           0 |
llama_memory_breakdown_print: |   - Host                                |                  313 =   225 +      24 +      63                |
llama_memory_breakdown_print: |   - CPU_REPACK                          |                  504 =   504 +       0 +       0                |
ggml_opencl: selected platform: 'QUALCOMM Snapdragon(TM)'

ggml_opencl: device: 'QUALCOMM Adreno(TM) 830 (OpenCL 3.0 Adreno(TM) 830)'
ggml_opencl: OpenCL driver: OpenCL 3.0 QUALCOMM build: 0800.40.1 Compiler E031.47.18.36
ggml_opencl: vector subgroup broadcast support: true
ggml_opencl: device FP16 support: true
ggml_opencl: mem base addr align: 128
ggml_opencl: max mem alloc size: 1024 MB
ggml_opencl: device max workgroup size: 1024
ggml_opencl: SVM coarse grain buffer support: true
ggml_opencl: SVM fine grain buffer support: true
ggml_opencl: SVM fine grain system support: false
ggml_opencl: SVM atomics support: true
ggml_opencl: flattening quantized weights representation as struct of arrays (GGML_OPENCL_SOA_Q)
ggml_opencl: using kernels optimized for Adreno (GGML_OPENCL_USE_ADRENO_KERNELS)
ggml_opencl: loading OpenCL kernels........................................................................
ggml_opencl: default device: 'QUALCOMM Adreno(TM) 830 (OpenCL 3.0 Adreno(TM) 830)'
ggml-hex: Hexagon backend (experimental) : allocating new registry : ndev 1
ggml-hex: Hexagon Arch version v79
ggml-hex: allocating new session: HTP0
ggml-hex: new session: HTP0 : session-id 0 domain-id 3 uri file:///libggml-htp-v79.so?htp_iface_skel_handle_invoke&_modver=1.0&_dom=cdsp&_session=0 handle 0xb400007570244c50
build: 0 (unknown) with Android (13324770, +pgo, +bolt, +lto, +mlgo, based on r530567d) clang version 19.0.0 (https://android.googlesource.com/toolchain/llvm-project 97a699bf4812a18fb657c2779f5296a4ab2694d2) for x86_64-unknown-linux-gnu
main: llama backend init
main: load the model and apply lora adapter, if any
llama_model_load_from_file_impl: using device GPUOpenCL (QUALCOMM Adreno(TM) 830) (unknown id) - 0 MiB free
llama_model_load_from_file_impl: using device HTP0 (Hexagon) (unknown id) - 2048 MiB free
llama_model_loader: loaded meta data with 35 key-value pairs and 147 tensors from /data/local/tmp/llama.cpp/../gguf/Llama-3.2-1B-Instruct-Q4_0.gguf (version GGUF V3 (latest))
llama_model_loader: Dumping metadata keys/values. Note: KV overrides do not apply in this output.
llama_model_loader: - kv   0:                       general.architecture str              = llama
llama_model_loader: - kv   1:                               general.type str              = model
llama_model_loader: - kv   2:                               general.name str              = Llama 3.2 1B Instruct
llama_model_loader: - kv   3:                           general.finetune str              = Instruct
llama_model_loader: - kv   4:                           general.basename str              = Llama-3.2
llama_model_loader: - kv   5:                         general.size_label str              = 1B
llama_model_loader: - kv   6:                            general.license str              = llama3.2
llama_model_loader: - kv   7:                               general.tags arr[str,6]       = ["facebook", "meta", "pytorch", "llam...
llama_model_loader: - kv   8:                          general.languages arr[str,8]       = ["en", "de", "fr", "it", "pt", "hi", ...
llama_model_loader: - kv   9:                          llama.block_count u32              = 16
llama_model_loader: - kv  10:                       llama.context_length u32              = 131072
llama_model_loader: - kv  11:                     llama.embedding_length u32              = 2048
llama_model_loader: - kv  12:                  llama.feed_forward_length u32              = 8192
llama_model_loader: - kv  13:                 llama.attention.head_count u32              = 32
llama_model_loader: - kv  14:              llama.attention.head_count_kv u32              = 8
llama_model_loader: - kv  15:                       llama.rope.freq_base f32              = 500000.000000
llama_model_loader: - kv  16:     llama.attention.layer_norm_rms_epsilon f32              = 0.000010
llama_model_loader: - kv  17:                 llama.attention.key_length u32              = 64
llama_model_loader: - kv  18:               llama.attention.value_length u32              = 64
llama_model_loader: - kv  19:                          general.file_type u32              = 2
llama_model_loader: - kv  20:                           llama.vocab_size u32              = 128256
llama_model_loader: - kv  21:                 llama.rope.dimension_count u32              = 64
llama_model_loader: - kv  22:                       tokenizer.ggml.model str              = gpt2
llama_model_loader: - kv  23:                         tokenizer.ggml.pre str              = llama-bpe
llama_model_loader: - kv  24:                      tokenizer.ggml.tokens arr[str,128256]  = ["!", "\"", "#", "$", "%", "&", "'", ...
llama_model_loader: - kv  25:                  tokenizer.ggml.token_type arr[i32,128256]  = [1, 1, 1, 1, 1, 1, 1, 1, 1, 1, 1, 1, ...
llama_model_loader: - kv  26:                      tokenizer.ggml.merges arr[str,280147]  = ["Ġ Ġ", "Ġ ĠĠĠ", "ĠĠ ĠĠ", "...
llama_model_loader: - kv  27:                tokenizer.ggml.bos_token_id u32              = 128000
llama_model_loader: - kv  28:                tokenizer.ggml.eos_token_id u32              = 128009
llama_model_loader: - kv  29:                    tokenizer.chat_template str              = {{- bos_token }}\n{%- if custom_tools ...
llama_model_loader: - kv  30:               general.quantization_version u32              = 2
llama_model_loader: - kv  31:                      quantize.imatrix.file str              = /models_out/Llama-3.2-1B-Instruct-GGU...
llama_model_loader: - kv  32:                   quantize.imatrix.dataset str              = /training_dir/calibration_datav3.txt
llama_model_loader: - kv  33:             quantize.imatrix.entries_count i32              = 112
llama_model_loader: - kv  34:              quantize.imatrix.chunks_count i32              = 125
llama_model_loader: - type  f32:   34 tensors
llama_model_loader: - type q4_0:  110 tensors
llama_model_loader: - type q4_1:    2 tensors
llama_model_loader: - type q6_K:    1 tensors
print_info: file format = GGUF V3 (latest)
print_info: file type   = Q4_0
print_info: file size   = 729.75 MiB (4.95 BPW) 
load: printing all EOG tokens:
load:   - 128001 ('<|end_of_text|>')
load:   - 128008 ('<|eom_id|>')
load:   - 128009 ('<|eot_id|>')
load: special tokens cache size = 256
load: token to piece cache size = 0.7999 MB
print_info: arch             = llama
print_info: vocab_only       = 0
print_info: n_ctx_train      = 131072
print_info: n_embd           = 2048
print_info: n_layer          = 16
print_info: n_head           = 32
print_info: n_head_kv        = 8
print_info: n_rot            = 64
print_info: n_swa            = 0
print_info: is_swa_any       = 0
print_info: n_embd_head_k    = 64
print_info: n_embd_head_v    = 64
print_info: n_gqa            = 4
print_info: n_embd_k_gqa     = 512
print_info: n_embd_v_gqa     = 512
print_info: f_norm_eps       = 0.0e+00
print_info: f_norm_rms_eps   = 1.0e-05
print_info: f_clamp_kqv      = 0.0e+00
print_info: f_max_alibi_bias = 0.0e+00
print_info: f_logit_scale    = 0.0e+00
print_info: f_attn_scale     = 0.0e+00
print_info: n_ff             = 8192
print_info: n_expert         = 0
print_info: n_expert_used    = 0
print_info: n_expert_groups  = 0
print_info: n_group_used     = 0
print_info: causal attn      = 1
print_info: pooling type     = 0
print_info: rope type        = 0
print_info: rope scaling     = linear
print_info: freq_base_train  = 500000.0
print_info: freq_scale_train = 1
print_info: n_ctx_orig_yarn  = 131072
print_info: rope_finetuned   = unknown
print_info: model type       = 1B
print_info: model params     = 1.24 B
print_info: general.name     = Llama 3.2 1B Instruct
print_info: vocab type       = BPE
print_info: n_vocab          = 128256
print_info: n_merges         = 280147
print_info: BOS token        = 128000 '<|begin_of_text|>'
print_info: EOS token        = 128009 '<|eot_id|>'
print_info: EOT token        = 128001 '<|end_of_text|>'
print_info: EOM token        = 128008 '<|eom_id|>'
print_info: LF token         = 198 'Ċ'
print_info: EOG token        = 128001 '<|end_of_text|>'
print_info: EOG token        = 128008 '<|eom_id|>'
print_info: EOG token        = 128009 '<|eot_id|>'
print_info: max token length = 256
load_tensors: loading model tensors, this can take a while... (mmap = false)
load_tensors: offloading 0 repeating layers to GPU
load_tensors: offloaded 0/17 layers to GPU
load_tensors:          CPU model buffer size =   225.75 MiB
load_tensors:   CPU_REPACK model buffer size =   504.00 MiB
.............................................................
llama_context: constructing llama_context
llama_context: n_seq_max     = 1
llama_context: n_ctx         = 1024
llama_context: n_ctx_seq     = 1024
llama_context: n_batch       = 128
llama_context: n_ubatch      = 128
llama_context: causal_attn   = 1
llama_context: flash_attn    = enabled
llama_context: kv_unified    = false
llama_context: freq_base     = 500000.0
llama_context: freq_scale    = 1
llama_context: n_ctx_seq (1024) < n_ctx_train (131072) -- the full capacity of the model will not be utilized
llama_context:        CPU  output buffer size =     0.49 MiB
llama_kv_cache:        CPU KV buffer size =    24.50 MiB
llama_kv_cache: size =   24.50 MiB (  1024 cells,  16 layers,  1/1 seqs), K (f16):   16.00 MiB, V (q8_0):    8.50 MiB
llama_context:        CPU compute buffer size =    63.62 MiB
llama_context: graph nodes  = 503
llama_context: graph splits = 1
common_init_from_params: added <|end_of_text|> logit bias = -inf
common_init_from_params: added <|eom_id|> logit bias = -inf
common_init_from_params: added <|eot_id|> logit bias = -inf
common_init_from_params: setting dry_penalty_last_n to ctx_size = 1024
common_init_from_params: warming up the model with an empty run - please wait ... (--no-warmup to disable)
main: llama threadpool init, n_threads = 8

system_info: n_threads = 8 (n_threads_batch = 8) / 8 | CPU : NEON = 1 | ARM_FMA = 1 | FP16_VA = 1 | MATMUL_INT8 = 1 | DOTPROD = 1 | REPACK = 1 | 

sampler seed: 3612092309
sampler params: 
	repeat_last_n = 64, repeat_penalty = 1.100, frequency_penalty = 0.150, presence_penalty = 0.200
	dry_multiplier = 1.000, dry_base = 1.750, dry_allowed_length = 2, dry_penalty_last_n = 1024
	top_k = 30, top_p = 1.000, min_p = 0.150, xtc_probability = 0.000, xtc_threshold = 0.100, typical_p = 1.000, top_n_sigma = -1.000, temp = 0.400
	mirostat = 0, mirostat_lr = 0.100, mirostat_ent = 5.000
sampler chain: logits -> logit-bias -> penalties -> dry -> top-n-sigma -> top-k -> typical -> top-p -> min-p -> xtc -> temp-ext -> dist 
generate: n_ctx = 1024, n_batch = 128, n_predict = 750, n_keep = 1

llama_perf_sampler_print:    sampling time =     125.87 ms /   247 runs   (    0.51 ms per token,  1962.42 tokens per second)
llama_perf_context_print:        load time =     839.19 ms
llama_perf_context_print: prompt eval time =      76.91 ms /    23 tokens (    3.34 ms per token,   299.05 tokens per second)
llama_perf_context_print:        eval time =    3141.29 ms /   223 runs   (   14.09 ms per token,    70.99 tokens per second)
llama_perf_context_print:       total time =    3584.77 ms /   246 tokens
llama_perf_context_print:    graphs reused =        222
llama_memory_breakdown_print: | memory breakdown [MiB]                  | total   free    self   model   context   compute    unaccounted |
llama_memory_breakdown_print: |   - GPUOpenCL (QUALCOMM Adreno(TM) 830) |     0 =    0 + (   0 =     0 +       0 +       0) +           0 |
llama_memory_breakdown_print: |   - HTP0 (Hexagon)                      |  2048 = 2048 + (   0 =     0 +       0 +       0) +           0 |
llama_memory_breakdown_print: |   - Host                                |                  313 =   225 +      24 +      63                |
llama_memory_breakdown_print: |   - CPU_REPACK                          |                  504 =   504 +       0 +       0                |
