ggml_opencl: selected platform: 'QUALCOMM Snapdragon(TM)'

ggml_opencl: device: 'QUALCOMM Adreno(TM) 830 (OpenCL 3.0 Adreno(TM) 830)'
ggml_opencl: OpenCL driver: OpenCL 3.0 QUALCOMM build: 0800.40.1 Compiler E031.47.18.36
ggml_opencl: vector subgroup broadcast support: true
ggml_opencl: device FP16 support: true
ggml_opencl: mem base addr align: 128
ggml_opencl: max mem alloc size: 1024 MB
ggml_opencl: device max workgroup size: 1024
ggml_opencl: SVM coarse grain buffer support: true
ggml_opencl: SVM fine grain buffer support: true
ggml_opencl: SVM fine grain system support: false
ggml_opencl: SVM atomics support: true
ggml_opencl: flattening quantized weights representation as struct of arrays (GGML_OPENCL_SOA_Q)
ggml_opencl: using kernels optimized for Adreno (GGML_OPENCL_USE_ADRENO_KERNELS)
ggml_opencl: loading OpenCL kernels........................................................................
ggml_opencl: default device: 'QUALCOMM Adreno(TM) 830 (OpenCL 3.0 Adreno(TM) 830)'
ggml-hex: Hexagon backend (experimental) : allocating new registry : ndev 1
ggml-hex: Hexagon Arch version v79
ggml-hex: allocating new session: HTP0
ggml-hex: new session: HTP0 : session-id 0 domain-id 3 uri file:///libggml-htp-v79.so?htp_iface_skel_handle_invoke&_modver=1.0&_dom=cdsp&_session=0 handle 0xb400007dc20c5dd0
build: 0 (unknown) with Android (13324770, +pgo, +bolt, +lto, +mlgo, based on r530567d) clang version 19.0.0 (https://android.googlesource.com/toolchain/llvm-project 97a699bf4812a18fb657c2779f5296a4ab2694d2) for x86_64-unknown-linux-gnu
main: llama backend init
main: load the model and apply lora adapter, if any
llama_model_loader: loaded meta data with 35 key-value pairs and 147 tensors from /data/local/tmp/llama.cpp/../gguf/Llama-3.2-1B-Instruct-Q4_0.gguf (version GGUF V3 (latest))
llama_model_loader: Dumping metadata keys/values. Note: KV overrides do not apply in this output.
llama_model_loader: - kv   0:                       general.architecture str              = llama
llama_model_loader: - kv   1:                               general.type str              = model
llama_model_loader: - kv   2:                               general.name str              = Llama 3.2 1B Instruct
llama_model_loader: - kv   3:                           general.finetune str              = Instruct
llama_model_loader: - kv   4:                           general.basename str              = Llama-3.2
llama_model_loader: - kv   5:                         general.size_label str              = 1B
llama_model_loader: - kv   6:                            general.license str              = llama3.2
llama_model_loader: - kv   7:                               general.tags arr[str,6]       = ["facebook", "meta", "pytorch", "llam...
llama_model_loader: - kv   8:                          general.languages arr[str,8]       = ["en", "de", "fr", "it", "pt", "hi", ...
llama_model_loader: - kv   9:                          llama.block_count u32              = 16
llama_model_loader: - kv  10:                       llama.context_length u32              = 131072
llama_model_loader: - kv  11:                     llama.embedding_length u32              = 2048
llama_model_loader: - kv  12:                  llama.feed_forward_length u32              = 8192
llama_model_loader: - kv  13:                 llama.attention.head_count u32              = 32
llama_model_loader: - kv  14:              llama.attention.head_count_kv u32              = 8
llama_model_loader: - kv  15:                       llama.rope.freq_base f32              = 500000.000000
llama_model_loader: - kv  16:     llama.attention.layer_norm_rms_epsilon f32              = 0.000010
llama_model_loader: - kv  17:                 llama.attention.key_length u32              = 64
llama_model_loader: - kv  18:               llama.attention.value_length u32              = 64
llama_model_loader: - kv  19:                          general.file_type u32              = 2
llama_model_loader: - kv  20:                           llama.vocab_size u32              = 128256
llama_model_loader: - kv  21:                 llama.rope.dimension_count u32              = 64
llama_model_loader: - kv  22:                       tokenizer.ggml.model str              = gpt2
llama_model_loader: - kv  23:                         tokenizer.ggml.pre str              = llama-bpe
llama_model_loader: - kv  24:                      tokenizer.ggml.tokens arr[str,128256]  = ["!", "\"", "#", "$", "%", "&", "'", ...
llama_model_loader: - kv  25:                  tokenizer.ggml.token_type arr[i32,128256]  = [1, 1, 1, 1, 1, 1, 1, 1, 1, 1, 1, 1, ...
llama_model_loader: - kv  26:                      tokenizer.ggml.merges arr[str,280147]  = ["Ġ Ġ", "Ġ ĠĠĠ", "ĠĠ ĠĠ", "...
llama_model_loader: - kv  27:                tokenizer.ggml.bos_token_id u32              = 128000
llama_model_loader: - kv  28:                tokenizer.ggml.eos_token_id u32              = 128009
llama_model_loader: - kv  29:                    tokenizer.chat_template str              = {{- bos_token }}\n{%- if custom_tools ...
llama_model_loader: - kv  30:               general.quantization_version u32              = 2
llama_model_loader: - kv  31:                      quantize.imatrix.file str              = /models_out/Llama-3.2-1B-Instruct-GGU...
llama_model_loader: - kv  32:                   quantize.imatrix.dataset str              = /training_dir/calibration_datav3.txt
llama_model_loader: - kv  33:             quantize.imatrix.entries_count i32              = 112
llama_model_loader: - kv  34:              quantize.imatrix.chunks_count i32              = 125
llama_model_loader: - type  f32:   34 tensors
llama_model_loader: - type q4_0:  110 tensors
llama_model_loader: - type q4_1:    2 tensors
llama_model_loader: - type q6_K:    1 tensors
print_info: file format = GGUF V3 (latest)
print_info: file type   = Q4_0
print_info: file size   = 729.75 MiB (4.95 BPW) 
load: printing all EOG tokens:
load:   - 128001 ('<|end_of_text|>')
load:   - 128008 ('<|eom_id|>')
load:   - 128009 ('<|eot_id|>')
load: special tokens cache size = 256
load: token to piece cache size = 0.7999 MB
print_info: arch             = llama
print_info: vocab_only       = 0
print_info: n_ctx_train      = 131072
print_info: n_embd           = 2048
print_info: n_layer          = 16
print_info: n_head           = 32
print_info: n_head_kv        = 8
print_info: n_rot            = 64
print_info: n_swa            = 0
print_info: is_swa_any       = 0
print_info: n_embd_head_k    = 64
print_info: n_embd_head_v    = 64
print_info: n_gqa            = 4
print_info: n_embd_k_gqa     = 512
print_info: n_embd_v_gqa     = 512
print_info: f_norm_eps       = 0.0e+00
print_info: f_norm_rms_eps   = 1.0e-05
print_info: f_clamp_kqv      = 0.0e+00
print_info: f_max_alibi_bias = 0.0e+00
print_info: f_logit_scale    = 0.0e+00
print_info: f_attn_scale     = 0.0e+00
print_info: n_ff             = 8192
print_info: n_expert         = 0
print_info: n_expert_used    = 0
print_info: n_expert_groups  = 0
print_info: n_group_used     = 0
print_info: causal attn      = 1
print_info: pooling type     = 0
print_info: rope type        = 0
print_info: rope scaling     = linear
print_info: freq_base_train  = 500000.0
print_info: freq_scale_train = 1
print_info: n_ctx_orig_yarn  = 131072
print_info: rope_finetuned   = unknown
print_info: model type       = 1B
print_info: model params     = 1.24 B
print_info: general.name     = Llama 3.2 1B Instruct
print_info: vocab type       = BPE
print_info: n_vocab          = 128256
print_info: n_merges         = 280147
print_info: BOS token        = 128000 '<|begin_of_text|>'
print_info: EOS token        = 128009 '<|eot_id|>'
print_info: EOT token        = 128001 '<|end_of_text|>'
print_info: EOM token        = 128008 '<|eom_id|>'
print_info: LF token         = 198 'Ċ'
print_info: EOG token        = 128001 '<|end_of_text|>'
print_info: EOG token        = 128008 '<|eom_id|>'
print_info: EOG token        = 128009 '<|eot_id|>'
print_info: max token length = 256
load_tensors: loading model tensors, this can take a while... (mmap = false)
load_tensors: offloading 0 repeating layers to GPU
load_tensors: offloaded 0/17 layers to GPU
load_tensors:          CPU model buffer size =   225.75 MiB
load_tensors:   CPU_REPACK model buffer size =   504.00 MiB
.............................................................
llama_context: constructing llama_context
llama_context: n_seq_max     = 1
llama_context: n_ctx         = 1024
llama_context: n_ctx_seq     = 1024
llama_context: n_batch       = 128
llama_context: n_ubatch      = 128
llama_context: causal_attn   = 1
llama_context: flash_attn    = enabled
llama_context: kv_unified    = false
llama_context: freq_base     = 500000.0
llama_context: freq_scale    = 1
llama_context: n_ctx_seq (1024) < n_ctx_train (131072) -- the full capacity of the model will not be utilized
llama_context:        CPU  output buffer size =     0.49 MiB
llama_kv_cache:        CPU KV buffer size =    32.00 MiB
llama_kv_cache: size =   32.00 MiB (  1024 cells,  16 layers,  1/1 seqs), K (f16):   16.00 MiB, V (f16):   16.00 MiB
llama_context:        CPU compute buffer size =    63.62 MiB
llama_context: graph nodes  = 503
llama_context: graph splits = 1
common_init_from_params: added <|end_of_text|> logit bias = -inf
common_init_from_params: added <|eom_id|> logit bias = -inf
common_init_from_params: added <|eot_id|> logit bias = -inf
common_init_from_params: setting dry_penalty_last_n to ctx_size = 1024
common_init_from_params: warming up the model with an empty run - please wait ... (--no-warmup to disable)
main: llama threadpool init, n_threads = 8

system_info: n_threads = 8 (n_threads_batch = 8) / 8 | CPU : NEON = 1 | ARM_FMA = 1 | FP16_VA = 1 | MATMUL_INT8 = 1 | DOTPROD = 1 | REPACK = 1 | 

sampler seed: 2523728856
sampler params: 
	repeat_last_n = 64, repeat_penalty = 1.100, frequency_penalty = 0.100, presence_penalty = 0.400
	dry_multiplier = 1.000, dry_base = 1.750, dry_allowed_length = 2, dry_penalty_last_n = 1024
	top_k = 30, top_p = 1.000, min_p = 0.150, xtc_probability = 0.000, xtc_threshold = 0.100, typical_p = 1.000, top_n_sigma = -1.000, temp = 0.400
	mirostat = 0, mirostat_lr = 0.100, mirostat_ent = 5.000
sampler chain: logits -> logit-bias -> penalties -> dry -> top-n-sigma -> top-k -> typical -> top-p -> min-p -> xtc -> temp-ext -> dist 
generate: n_ctx = 1024, n_batch = 128, n_predict = 600, n_keep = 5

llama_perf_sampler_print:    sampling time =     336.32 ms /   583 runs   (    0.58 ms per token,  1733.47 tokens per second)
llama_perf_context_print:        load time =    1415.87 ms
llama_perf_context_print: prompt eval time =      89.38 ms /    25 tokens (    3.58 ms per token,   279.70 tokens per second)
llama_perf_context_print:        eval time =    8382.05 ms /   557 runs   (   15.05 ms per token,    66.45 tokens per second)
llama_perf_context_print:       total time =    9122.29 ms /   582 tokens
llama_perf_context_print:    graphs reused =        554
llama_memory_breakdown_print: | memory breakdown [MiB] | total   free    self   model   context   compute    unaccounted |
llama_memory_breakdown_print: |   - Host               |                  321 =   225 +      32 +      63                |
llama_memory_breakdown_print: |   - CPU_REPACK         |                  504 =   504 +       0 +       0                |
ggml_opencl: selected platform: 'QUALCOMM Snapdragon(TM)'

ggml_opencl: device: 'QUALCOMM Adreno(TM) 830 (OpenCL 3.0 Adreno(TM) 830)'
ggml_opencl: OpenCL driver: OpenCL 3.0 QUALCOMM build: 0800.40.1 Compiler E031.47.18.36
ggml_opencl: vector subgroup broadcast support: true
ggml_opencl: device FP16 support: true
ggml_opencl: mem base addr align: 128
ggml_opencl: max mem alloc size: 1024 MB
ggml_opencl: device max workgroup size: 1024
ggml_opencl: SVM coarse grain buffer support: true
ggml_opencl: SVM fine grain buffer support: true
ggml_opencl: SVM fine grain system support: false
ggml_opencl: SVM atomics support: true
ggml_opencl: flattening quantized weights representation as struct of arrays (GGML_OPENCL_SOA_Q)
ggml_opencl: using kernels optimized for Adreno (GGML_OPENCL_USE_ADRENO_KERNELS)
ggml_opencl: loading OpenCL kernels........................................................................
ggml_opencl: default device: 'QUALCOMM Adreno(TM) 830 (OpenCL 3.0 Adreno(TM) 830)'
ggml-hex: Hexagon backend (experimental) : allocating new registry : ndev 1
ggml-hex: Hexagon Arch version v79
ggml-hex: allocating new session: HTP0
ggml-hex: new session: HTP0 : session-id 0 domain-id 3 uri file:///libggml-htp-v79.so?htp_iface_skel_handle_invoke&_modver=1.0&_dom=cdsp&_session=0 handle 0xb400006ff7b95710
build: 0 (unknown) with Android (13324770, +pgo, +bolt, +lto, +mlgo, based on r530567d) clang version 19.0.0 (https://android.googlesource.com/toolchain/llvm-project 97a699bf4812a18fb657c2779f5296a4ab2694d2) for x86_64-unknown-linux-gnu
main: llama backend init
main: load the model and apply lora adapter, if any
llama_model_loader: loaded meta data with 35 key-value pairs and 147 tensors from /data/local/tmp/llama.cpp/../gguf/Llama-3.2-1B-Instruct-Q4_0.gguf (version GGUF V3 (latest))
llama_model_loader: Dumping metadata keys/values. Note: KV overrides do not apply in this output.
llama_model_loader: - kv   0:                       general.architecture str              = llama
llama_model_loader: - kv   1:                               general.type str              = model
llama_model_loader: - kv   2:                               general.name str              = Llama 3.2 1B Instruct
llama_model_loader: - kv   3:                           general.finetune str              = Instruct
llama_model_loader: - kv   4:                           general.basename str              = Llama-3.2
llama_model_loader: - kv   5:                         general.size_label str              = 1B
llama_model_loader: - kv   6:                            general.license str              = llama3.2
llama_model_loader: - kv   7:                               general.tags arr[str,6]       = ["facebook", "meta", "pytorch", "llam...
llama_model_loader: - kv   8:                          general.languages arr[str,8]       = ["en", "de", "fr", "it", "pt", "hi", ...
llama_model_loader: - kv   9:                          llama.block_count u32              = 16
llama_model_loader: - kv  10:                       llama.context_length u32              = 131072
llama_model_loader: - kv  11:                     llama.embedding_length u32              = 2048
llama_model_loader: - kv  12:                  llama.feed_forward_length u32              = 8192
llama_model_loader: - kv  13:                 llama.attention.head_count u32              = 32
llama_model_loader: - kv  14:              llama.attention.head_count_kv u32              = 8
llama_model_loader: - kv  15:                       llama.rope.freq_base f32              = 500000.000000
llama_model_loader: - kv  16:     llama.attention.layer_norm_rms_epsilon f32              = 0.000010
llama_model_loader: - kv  17:                 llama.attention.key_length u32              = 64
llama_model_loader: - kv  18:               llama.attention.value_length u32              = 64
llama_model_loader: - kv  19:                          general.file_type u32              = 2
llama_model_loader: - kv  20:                           llama.vocab_size u32              = 128256
llama_model_loader: - kv  21:                 llama.rope.dimension_count u32              = 64
llama_model_loader: - kv  22:                       tokenizer.ggml.model str              = gpt2
llama_model_loader: - kv  23:                         tokenizer.ggml.pre str              = llama-bpe
llama_model_loader: - kv  24:                      tokenizer.ggml.tokens arr[str,128256]  = ["!", "\"", "#", "$", "%", "&", "'", ...
llama_model_loader: - kv  25:                  tokenizer.ggml.token_type arr[i32,128256]  = [1, 1, 1, 1, 1, 1, 1, 1, 1, 1, 1, 1, ...
llama_model_loader: - kv  26:                      tokenizer.ggml.merges arr[str,280147]  = ["Ġ Ġ", "Ġ ĠĠĠ", "ĠĠ ĠĠ", "...
llama_model_loader: - kv  27:                tokenizer.ggml.bos_token_id u32              = 128000
llama_model_loader: - kv  28:                tokenizer.ggml.eos_token_id u32              = 128009
llama_model_loader: - kv  29:                    tokenizer.chat_template str              = {{- bos_token }}\n{%- if custom_tools ...
llama_model_loader: - kv  30:               general.quantization_version u32              = 2
llama_model_loader: - kv  31:                      quantize.imatrix.file str              = /models_out/Llama-3.2-1B-Instruct-GGU...
llama_model_loader: - kv  32:                   quantize.imatrix.dataset str              = /training_dir/calibration_datav3.txt
llama_model_loader: - kv  33:             quantize.imatrix.entries_count i32              = 112
llama_model_loader: - kv  34:              quantize.imatrix.chunks_count i32              = 125
llama_model_loader: - type  f32:   34 tensors
llama_model_loader: - type q4_0:  110 tensors
llama_model_loader: - type q4_1:    2 tensors
llama_model_loader: - type q6_K:    1 tensors
print_info: file format = GGUF V3 (latest)
print_info: file type   = Q4_0
print_info: file size   = 729.75 MiB (4.95 BPW) 
load: printing all EOG tokens:
load:   - 128001 ('<|end_of_text|>')
load:   - 128008 ('<|eom_id|>')
load:   - 128009 ('<|eot_id|>')
load: special tokens cache size = 256
load: token to piece cache size = 0.7999 MB
print_info: arch             = llama
print_info: vocab_only       = 0
print_info: n_ctx_train      = 131072
print_info: n_embd           = 2048
print_info: n_layer          = 16
print_info: n_head           = 32
print_info: n_head_kv        = 8
print_info: n_rot            = 64
print_info: n_swa            = 0
print_info: is_swa_any       = 0
print_info: n_embd_head_k    = 64
print_info: n_embd_head_v    = 64
print_info: n_gqa            = 4
print_info: n_embd_k_gqa     = 512
print_info: n_embd_v_gqa     = 512
print_info: f_norm_eps       = 0.0e+00
print_info: f_norm_rms_eps   = 1.0e-05
print_info: f_clamp_kqv      = 0.0e+00
print_info: f_max_alibi_bias = 0.0e+00
print_info: f_logit_scale    = 0.0e+00
print_info: f_attn_scale     = 0.0e+00
print_info: n_ff             = 8192
print_info: n_expert         = 0
print_info: n_expert_used    = 0
print_info: n_expert_groups  = 0
print_info: n_group_used     = 0
print_info: causal attn      = 1
print_info: pooling type     = 0
print_info: rope type        = 0
print_info: rope scaling     = linear
print_info: freq_base_train  = 500000.0
print_info: freq_scale_train = 1
print_info: n_ctx_orig_yarn  = 131072
print_info: rope_finetuned   = unknown
print_info: model type       = 1B
print_info: model params     = 1.24 B
print_info: general.name     = Llama 3.2 1B Instruct
print_info: vocab type       = BPE
print_info: n_vocab          = 128256
print_info: n_merges         = 280147
print_info: BOS token        = 128000 '<|begin_of_text|>'
print_info: EOS token        = 128009 '<|eot_id|>'
print_info: EOT token        = 128001 '<|end_of_text|>'
print_info: EOM token        = 128008 '<|eom_id|>'
print_info: LF token         = 198 'Ċ'
print_info: EOG token        = 128001 '<|end_of_text|>'
print_info: EOG token        = 128008 '<|eom_id|>'
print_info: EOG token        = 128009 '<|eot_id|>'
print_info: max token length = 256
load_tensors: loading model tensors, this can take a while... (mmap = false)
load_tensors: offloading 0 repeating layers to GPU
load_tensors: offloaded 0/17 layers to GPU
load_tensors:          CPU model buffer size =   225.75 MiB
load_tensors:   CPU_REPACK model buffer size =   504.00 MiB
.............................................................
llama_context: constructing llama_context
llama_context: n_seq_max     = 1
llama_context: n_ctx         = 1024
llama_context: n_ctx_seq     = 1024
llama_context: n_batch       = 128
llama_context: n_ubatch      = 128
llama_context: causal_attn   = 1
llama_context: flash_attn    = enabled
llama_context: kv_unified    = false
llama_context: freq_base     = 500000.0
llama_context: freq_scale    = 1
llama_context: n_ctx_seq (1024) < n_ctx_train (131072) -- the full capacity of the model will not be utilized
llama_context:        CPU  output buffer size =     0.49 MiB
llama_kv_cache:        CPU KV buffer size =    32.00 MiB
llama_kv_cache: size =   32.00 MiB (  1024 cells,  16 layers,  1/1 seqs), K (f16):   16.00 MiB, V (f16):   16.00 MiB
llama_context:        CPU compute buffer size =    63.62 MiB
llama_context: graph nodes  = 503
llama_context: graph splits = 1
common_init_from_params: added <|end_of_text|> logit bias = -inf
common_init_from_params: added <|eom_id|> logit bias = -inf
common_init_from_params: added <|eot_id|> logit bias = -inf
common_init_from_params: setting dry_penalty_last_n to ctx_size = 1024
common_init_from_params: warming up the model with an empty run - please wait ... (--no-warmup to disable)
main: llama threadpool init, n_threads = 8

system_info: n_threads = 8 (n_threads_batch = 8) / 8 | CPU : NEON = 1 | ARM_FMA = 1 | FP16_VA = 1 | MATMUL_INT8 = 1 | DOTPROD = 1 | REPACK = 1 | 

sampler seed: 3797781199
sampler params: 
	repeat_last_n = 64, repeat_penalty = 1.100, frequency_penalty = 0.100, presence_penalty = 0.400
	dry_multiplier = 1.000, dry_base = 1.750, dry_allowed_length = 2, dry_penalty_last_n = 1024
	top_k = 30, top_p = 1.000, min_p = 0.150, xtc_probability = 0.000, xtc_threshold = 0.100, typical_p = 1.000, top_n_sigma = -1.000, temp = 0.400
	mirostat = 0, mirostat_lr = 0.100, mirostat_ent = 5.000
sampler chain: logits -> logit-bias -> penalties -> dry -> top-n-sigma -> top-k -> typical -> top-p -> min-p -> xtc -> temp-ext -> dist 
generate: n_ctx = 1024, n_batch = 128, n_predict = 600, n_keep = 5

llama_perf_sampler_print:    sampling time =     155.97 ms /   190 runs   (    0.82 ms per token,  1218.22 tokens per second)
llama_perf_context_print:        load time =    1766.57 ms
llama_perf_context_print: prompt eval time =     145.30 ms /    27 tokens (    5.38 ms per token,   185.82 tokens per second)
llama_perf_context_print:        eval time =    2943.49 ms /   162 runs   (   18.17 ms per token,    55.04 tokens per second)
llama_perf_context_print:       total time =    3618.84 ms /   189 tokens
llama_perf_context_print:    graphs reused =        161
llama_memory_breakdown_print: | memory breakdown [MiB] | total   free    self   model   context   compute    unaccounted |
llama_memory_breakdown_print: |   - Host               |                  321 =   225 +      32 +      63                |
llama_memory_breakdown_print: |   - CPU_REPACK         |                  504 =   504 +       0 +       0                |
ggml_opencl: selected platform: 'QUALCOMM Snapdragon(TM)'

ggml_opencl: device: 'QUALCOMM Adreno(TM) 830 (OpenCL 3.0 Adreno(TM) 830)'
ggml_opencl: OpenCL driver: OpenCL 3.0 QUALCOMM build: 0800.40.1 Compiler E031.47.18.36
ggml_opencl: vector subgroup broadcast support: true
ggml_opencl: device FP16 support: true
ggml_opencl: mem base addr align: 128
ggml_opencl: max mem alloc size: 1024 MB
ggml_opencl: device max workgroup size: 1024
ggml_opencl: SVM coarse grain buffer support: true
ggml_opencl: SVM fine grain buffer support: true
ggml_opencl: SVM fine grain system support: false
ggml_opencl: SVM atomics support: true
ggml_opencl: flattening quantized weights representation as struct of arrays (GGML_OPENCL_SOA_Q)
ggml_opencl: using kernels optimized for Adreno (GGML_OPENCL_USE_ADRENO_KERNELS)
ggml_opencl: loading OpenCL kernels........................................................................
ggml_opencl: default device: 'QUALCOMM Adreno(TM) 830 (OpenCL 3.0 Adreno(TM) 830)'
ggml-hex: Hexagon backend (experimental) : allocating new registry : ndev 1
ggml-hex: Hexagon Arch version v79
ggml-hex: allocating new session: HTP0
ggml-hex: new session: HTP0 : session-id 0 domain-id 3 uri file:///libggml-htp-v79.so?htp_iface_skel_handle_invoke&_modver=1.0&_dom=cdsp&_session=0 handle 0xb4000073727f7b10
build: 0 (unknown) with Android (13324770, +pgo, +bolt, +lto, +mlgo, based on r530567d) clang version 19.0.0 (https://android.googlesource.com/toolchain/llvm-project 97a699bf4812a18fb657c2779f5296a4ab2694d2) for x86_64-unknown-linux-gnu
main: llama backend init
main: load the model and apply lora adapter, if any
llama_model_loader: loaded meta data with 35 key-value pairs and 147 tensors from /data/local/tmp/llama.cpp/../gguf/Llama-3.2-1B-Instruct-Q4_0.gguf (version GGUF V3 (latest))
llama_model_loader: Dumping metadata keys/values. Note: KV overrides do not apply in this output.
llama_model_loader: - kv   0:                       general.architecture str              = llama
llama_model_loader: - kv   1:                               general.type str              = model
llama_model_loader: - kv   2:                               general.name str              = Llama 3.2 1B Instruct
llama_model_loader: - kv   3:                           general.finetune str              = Instruct
llama_model_loader: - kv   4:                           general.basename str              = Llama-3.2
llama_model_loader: - kv   5:                         general.size_label str              = 1B
llama_model_loader: - kv   6:                            general.license str              = llama3.2
llama_model_loader: - kv   7:                               general.tags arr[str,6]       = ["facebook", "meta", "pytorch", "llam...
llama_model_loader: - kv   8:                          general.languages arr[str,8]       = ["en", "de", "fr", "it", "pt", "hi", ...
llama_model_loader: - kv   9:                          llama.block_count u32              = 16
llama_model_loader: - kv  10:                       llama.context_length u32              = 131072
llama_model_loader: - kv  11:                     llama.embedding_length u32              = 2048
llama_model_loader: - kv  12:                  llama.feed_forward_length u32              = 8192
llama_model_loader: - kv  13:                 llama.attention.head_count u32              = 32
llama_model_loader: - kv  14:              llama.attention.head_count_kv u32              = 8
llama_model_loader: - kv  15:                       llama.rope.freq_base f32              = 500000.000000
llama_model_loader: - kv  16:     llama.attention.layer_norm_rms_epsilon f32              = 0.000010
llama_model_loader: - kv  17:                 llama.attention.key_length u32              = 64
llama_model_loader: - kv  18:               llama.attention.value_length u32              = 64
llama_model_loader: - kv  19:                          general.file_type u32              = 2
llama_model_loader: - kv  20:                           llama.vocab_size u32              = 128256
llama_model_loader: - kv  21:                 llama.rope.dimension_count u32              = 64
llama_model_loader: - kv  22:                       tokenizer.ggml.model str              = gpt2
llama_model_loader: - kv  23:                         tokenizer.ggml.pre str              = llama-bpe
llama_model_loader: - kv  24:                      tokenizer.ggml.tokens arr[str,128256]  = ["!", "\"", "#", "$", "%", "&", "'", ...
llama_model_loader: - kv  25:                  tokenizer.ggml.token_type arr[i32,128256]  = [1, 1, 1, 1, 1, 1, 1, 1, 1, 1, 1, 1, ...
llama_model_loader: - kv  26:                      tokenizer.ggml.merges arr[str,280147]  = ["Ġ Ġ", "Ġ ĠĠĠ", "ĠĠ ĠĠ", "...
llama_model_loader: - kv  27:                tokenizer.ggml.bos_token_id u32              = 128000
llama_model_loader: - kv  28:                tokenizer.ggml.eos_token_id u32              = 128009
llama_model_loader: - kv  29:                    tokenizer.chat_template str              = {{- bos_token }}\n{%- if custom_tools ...
llama_model_loader: - kv  30:               general.quantization_version u32              = 2
llama_model_loader: - kv  31:                      quantize.imatrix.file str              = /models_out/Llama-3.2-1B-Instruct-GGU...
llama_model_loader: - kv  32:                   quantize.imatrix.dataset str              = /training_dir/calibration_datav3.txt
llama_model_loader: - kv  33:             quantize.imatrix.entries_count i32              = 112
llama_model_loader: - kv  34:              quantize.imatrix.chunks_count i32              = 125
llama_model_loader: - type  f32:   34 tensors
llama_model_loader: - type q4_0:  110 tensors
llama_model_loader: - type q4_1:    2 tensors
llama_model_loader: - type q6_K:    1 tensors
print_info: file format = GGUF V3 (latest)
print_info: file type   = Q4_0
print_info: file size   = 729.75 MiB (4.95 BPW) 
load: printing all EOG tokens:
load:   - 128001 ('<|end_of_text|>')
load:   - 128008 ('<|eom_id|>')
load:   - 128009 ('<|eot_id|>')
load: special tokens cache size = 256
load: token to piece cache size = 0.7999 MB
print_info: arch             = llama
print_info: vocab_only       = 0
print_info: n_ctx_train      = 131072
print_info: n_embd           = 2048
print_info: n_layer          = 16
print_info: n_head           = 32
print_info: n_head_kv        = 8
print_info: n_rot            = 64
print_info: n_swa            = 0
print_info: is_swa_any       = 0
print_info: n_embd_head_k    = 64
print_info: n_embd_head_v    = 64
print_info: n_gqa            = 4
print_info: n_embd_k_gqa     = 512
print_info: n_embd_v_gqa     = 512
print_info: f_norm_eps       = 0.0e+00
print_info: f_norm_rms_eps   = 1.0e-05
print_info: f_clamp_kqv      = 0.0e+00
print_info: f_max_alibi_bias = 0.0e+00
print_info: f_logit_scale    = 0.0e+00
print_info: f_attn_scale     = 0.0e+00
print_info: n_ff             = 8192
print_info: n_expert         = 0
print_info: n_expert_used    = 0
print_info: n_expert_groups  = 0
print_info: n_group_used     = 0
print_info: causal attn      = 1
print_info: pooling type     = 0
print_info: rope type        = 0
print_info: rope scaling     = linear
print_info: freq_base_train  = 500000.0
print_info: freq_scale_train = 1
print_info: n_ctx_orig_yarn  = 131072
print_info: rope_finetuned   = unknown
print_info: model type       = 1B
print_info: model params     = 1.24 B
print_info: general.name     = Llama 3.2 1B Instruct
print_info: vocab type       = BPE
print_info: n_vocab          = 128256
print_info: n_merges         = 280147
print_info: BOS token        = 128000 '<|begin_of_text|>'
print_info: EOS token        = 128009 '<|eot_id|>'
print_info: EOT token        = 128001 '<|end_of_text|>'
print_info: EOM token        = 128008 '<|eom_id|>'
print_info: LF token         = 198 'Ċ'
print_info: EOG token        = 128001 '<|end_of_text|>'
print_info: EOG token        = 128008 '<|eom_id|>'
print_info: EOG token        = 128009 '<|eot_id|>'
print_info: max token length = 256
load_tensors: loading model tensors, this can take a while... (mmap = false)
load_tensors: offloading 0 repeating layers to GPU
load_tensors: offloaded 0/17 layers to GPU
load_tensors:          CPU model buffer size =   225.75 MiB
load_tensors:   CPU_REPACK model buffer size =   504.00 MiB
.............................................................
llama_context: constructing llama_context
llama_context: n_seq_max     = 1
llama_context: n_ctx         = 1024
llama_context: n_ctx_seq     = 1024
llama_context: n_batch       = 128
llama_context: n_ubatch      = 128
llama_context: causal_attn   = 1
llama_context: flash_attn    = enabled
llama_context: kv_unified    = false
llama_context: freq_base     = 500000.0
llama_context: freq_scale    = 1
llama_context: n_ctx_seq (1024) < n_ctx_train (131072) -- the full capacity of the model will not be utilized
llama_context:        CPU  output buffer size =     0.49 MiB
llama_kv_cache:        CPU KV buffer size =    32.00 MiB
llama_kv_cache: size =   32.00 MiB (  1024 cells,  16 layers,  1/1 seqs), K (f16):   16.00 MiB, V (f16):   16.00 MiB
llama_context:        CPU compute buffer size =    63.62 MiB
llama_context: graph nodes  = 503
llama_context: graph splits = 1
common_init_from_params: added <|end_of_text|> logit bias = -inf
common_init_from_params: added <|eom_id|> logit bias = -inf
common_init_from_params: added <|eot_id|> logit bias = -inf
common_init_from_params: setting dry_penalty_last_n to ctx_size = 1024
common_init_from_params: warming up the model with an empty run - please wait ... (--no-warmup to disable)
main: llama threadpool init, n_threads = 8

system_info: n_threads = 8 (n_threads_batch = 8) / 8 | CPU : NEON = 1 | ARM_FMA = 1 | FP16_VA = 1 | MATMUL_INT8 = 1 | DOTPROD = 1 | REPACK = 1 | 

sampler seed: 2111279970
sampler params: 
	repeat_last_n = 64, repeat_penalty = 1.100, frequency_penalty = 0.100, presence_penalty = 0.400
	dry_multiplier = 1.000, dry_base = 1.750, dry_allowed_length = 2, dry_penalty_last_n = 1024
	top_k = 30, top_p = 1.000, min_p = 0.150, xtc_probability = 0.000, xtc_threshold = 0.100, typical_p = 1.000, top_n_sigma = -1.000, temp = 0.400
	mirostat = 0, mirostat_lr = 0.100, mirostat_ent = 5.000
sampler chain: logits -> logit-bias -> penalties -> dry -> top-n-sigma -> top-k -> typical -> top-p -> min-p -> xtc -> temp-ext -> dist 
generate: n_ctx = 1024, n_batch = 128, n_predict = 600, n_keep = 5

llama_perf_sampler_print:    sampling time =     244.44 ms /   264 runs   (    0.93 ms per token,  1080.01 tokens per second)
llama_perf_context_print:        load time =    1220.28 ms
llama_perf_context_print: prompt eval time =     107.75 ms /    17 tokens (    6.34 ms per token,   157.77 tokens per second)
llama_perf_context_print:        eval time =    4787.50 ms /   246 runs   (   19.46 ms per token,    51.38 tokens per second)
llama_perf_context_print:       total time =    5520.97 ms /   263 tokens
llama_perf_context_print:    graphs reused =        244
llama_memory_breakdown_print: | memory breakdown [MiB] | total   free    self   model   context   compute    unaccounted |
llama_memory_breakdown_print: |   - Host               |                  321 =   225 +      32 +      63                |
llama_memory_breakdown_print: |   - CPU_REPACK         |                  504 =   504 +       0 +       0                |
ggml_opencl: selected platform: 'QUALCOMM Snapdragon(TM)'

ggml_opencl: device: 'QUALCOMM Adreno(TM) 830 (OpenCL 3.0 Adreno(TM) 830)'
ggml_opencl: OpenCL driver: OpenCL 3.0 QUALCOMM build: 0800.40.1 Compiler E031.47.18.36
ggml_opencl: vector subgroup broadcast support: true
ggml_opencl: device FP16 support: true
ggml_opencl: mem base addr align: 128
ggml_opencl: max mem alloc size: 1024 MB
ggml_opencl: device max workgroup size: 1024
ggml_opencl: SVM coarse grain buffer support: true
ggml_opencl: SVM fine grain buffer support: true
ggml_opencl: SVM fine grain system support: false
ggml_opencl: SVM atomics support: true
ggml_opencl: flattening quantized weights representation as struct of arrays (GGML_OPENCL_SOA_Q)
ggml_opencl: using kernels optimized for Adreno (GGML_OPENCL_USE_ADRENO_KERNELS)
ggml_opencl: loading OpenCL kernels........................................................................
ggml_opencl: default device: 'QUALCOMM Adreno(TM) 830 (OpenCL 3.0 Adreno(TM) 830)'
ggml-hex: Hexagon backend (experimental) : allocating new registry : ndev 1
ggml-hex: Hexagon Arch version v79
ggml-hex: allocating new session: HTP0
ggml-hex: new session: HTP0 : session-id 0 domain-id 3 uri file:///libggml-htp-v79.so?htp_iface_skel_handle_invoke&_modver=1.0&_dom=cdsp&_session=0 handle 0xb4000073a0eb19d0
build: 0 (unknown) with Android (13324770, +pgo, +bolt, +lto, +mlgo, based on r530567d) clang version 19.0.0 (https://android.googlesource.com/toolchain/llvm-project 97a699bf4812a18fb657c2779f5296a4ab2694d2) for x86_64-unknown-linux-gnu
main: llama backend init
main: load the model and apply lora adapter, if any
llama_model_loader: loaded meta data with 35 key-value pairs and 147 tensors from /data/local/tmp/llama.cpp/../gguf/Llama-3.2-1B-Instruct-Q4_0.gguf (version GGUF V3 (latest))
llama_model_loader: Dumping metadata keys/values. Note: KV overrides do not apply in this output.
llama_model_loader: - kv   0:                       general.architecture str              = llama
llama_model_loader: - kv   1:                               general.type str              = model
llama_model_loader: - kv   2:                               general.name str              = Llama 3.2 1B Instruct
llama_model_loader: - kv   3:                           general.finetune str              = Instruct
llama_model_loader: - kv   4:                           general.basename str              = Llama-3.2
llama_model_loader: - kv   5:                         general.size_label str              = 1B
llama_model_loader: - kv   6:                            general.license str              = llama3.2
llama_model_loader: - kv   7:                               general.tags arr[str,6]       = ["facebook", "meta", "pytorch", "llam...
llama_model_loader: - kv   8:                          general.languages arr[str,8]       = ["en", "de", "fr", "it", "pt", "hi", ...
llama_model_loader: - kv   9:                          llama.block_count u32              = 16
llama_model_loader: - kv  10:                       llama.context_length u32              = 131072
llama_model_loader: - kv  11:                     llama.embedding_length u32              = 2048
llama_model_loader: - kv  12:                  llama.feed_forward_length u32              = 8192
llama_model_loader: - kv  13:                 llama.attention.head_count u32              = 32
llama_model_loader: - kv  14:              llama.attention.head_count_kv u32              = 8
llama_model_loader: - kv  15:                       llama.rope.freq_base f32              = 500000.000000
llama_model_loader: - kv  16:     llama.attention.layer_norm_rms_epsilon f32              = 0.000010
llama_model_loader: - kv  17:                 llama.attention.key_length u32              = 64
llama_model_loader: - kv  18:               llama.attention.value_length u32              = 64
llama_model_loader: - kv  19:                          general.file_type u32              = 2
llama_model_loader: - kv  20:                           llama.vocab_size u32              = 128256
llama_model_loader: - kv  21:                 llama.rope.dimension_count u32              = 64
llama_model_loader: - kv  22:                       tokenizer.ggml.model str              = gpt2
llama_model_loader: - kv  23:                         tokenizer.ggml.pre str              = llama-bpe
llama_model_loader: - kv  24:                      tokenizer.ggml.tokens arr[str,128256]  = ["!", "\"", "#", "$", "%", "&", "'", ...
llama_model_loader: - kv  25:                  tokenizer.ggml.token_type arr[i32,128256]  = [1, 1, 1, 1, 1, 1, 1, 1, 1, 1, 1, 1, ...
llama_model_loader: - kv  26:                      tokenizer.ggml.merges arr[str,280147]  = ["Ġ Ġ", "Ġ ĠĠĠ", "ĠĠ ĠĠ", "...
llama_model_loader: - kv  27:                tokenizer.ggml.bos_token_id u32              = 128000
llama_model_loader: - kv  28:                tokenizer.ggml.eos_token_id u32              = 128009
llama_model_loader: - kv  29:                    tokenizer.chat_template str              = {{- bos_token }}\n{%- if custom_tools ...
llama_model_loader: - kv  30:               general.quantization_version u32              = 2
llama_model_loader: - kv  31:                      quantize.imatrix.file str              = /models_out/Llama-3.2-1B-Instruct-GGU...
llama_model_loader: - kv  32:                   quantize.imatrix.dataset str              = /training_dir/calibration_datav3.txt
llama_model_loader: - kv  33:             quantize.imatrix.entries_count i32              = 112
llama_model_loader: - kv  34:              quantize.imatrix.chunks_count i32              = 125
llama_model_loader: - type  f32:   34 tensors
llama_model_loader: - type q4_0:  110 tensors
llama_model_loader: - type q4_1:    2 tensors
llama_model_loader: - type q6_K:    1 tensors
print_info: file format = GGUF V3 (latest)
print_info: file type   = Q4_0
print_info: file size   = 729.75 MiB (4.95 BPW) 
load: printing all EOG tokens:
load:   - 128001 ('<|end_of_text|>')
load:   - 128008 ('<|eom_id|>')
load:   - 128009 ('<|eot_id|>')
load: special tokens cache size = 256
load: token to piece cache size = 0.7999 MB
print_info: arch             = llama
print_info: vocab_only       = 0
print_info: n_ctx_train      = 131072
print_info: n_embd           = 2048
print_info: n_layer          = 16
print_info: n_head           = 32
print_info: n_head_kv        = 8
print_info: n_rot            = 64
print_info: n_swa            = 0
print_info: is_swa_any       = 0
print_info: n_embd_head_k    = 64
print_info: n_embd_head_v    = 64
print_info: n_gqa            = 4
print_info: n_embd_k_gqa     = 512
print_info: n_embd_v_gqa     = 512
print_info: f_norm_eps       = 0.0e+00
print_info: f_norm_rms_eps   = 1.0e-05
print_info: f_clamp_kqv      = 0.0e+00
print_info: f_max_alibi_bias = 0.0e+00
print_info: f_logit_scale    = 0.0e+00
print_info: f_attn_scale     = 0.0e+00
print_info: n_ff             = 8192
print_info: n_expert         = 0
print_info: n_expert_used    = 0
print_info: n_expert_groups  = 0
print_info: n_group_used     = 0
print_info: causal attn      = 1
print_info: pooling type     = 0
print_info: rope type        = 0
print_info: rope scaling     = linear
print_info: freq_base_train  = 500000.0
print_info: freq_scale_train = 1
print_info: n_ctx_orig_yarn  = 131072
print_info: rope_finetuned   = unknown
print_info: model type       = 1B
print_info: model params     = 1.24 B
print_info: general.name     = Llama 3.2 1B Instruct
print_info: vocab type       = BPE
print_info: n_vocab          = 128256
print_info: n_merges         = 280147
print_info: BOS token        = 128000 '<|begin_of_text|>'
print_info: EOS token        = 128009 '<|eot_id|>'
print_info: EOT token        = 128001 '<|end_of_text|>'
print_info: EOM token        = 128008 '<|eom_id|>'
print_info: LF token         = 198 'Ċ'
print_info: EOG token        = 128001 '<|end_of_text|>'
print_info: EOG token        = 128008 '<|eom_id|>'
print_info: EOG token        = 128009 '<|eot_id|>'
print_info: max token length = 256
load_tensors: loading model tensors, this can take a while... (mmap = false)
load_tensors: offloading 0 repeating layers to GPU
load_tensors: offloaded 0/17 layers to GPU
load_tensors:          CPU model buffer size =   225.75 MiB
load_tensors:   CPU_REPACK model buffer size =   504.00 MiB
.............................................................
llama_context: constructing llama_context
llama_context: n_seq_max     = 1
llama_context: n_ctx         = 1024
llama_context: n_ctx_seq     = 1024
llama_context: n_batch       = 128
llama_context: n_ubatch      = 128
llama_context: causal_attn   = 1
llama_context: flash_attn    = enabled
llama_context: kv_unified    = false
llama_context: freq_base     = 500000.0
llama_context: freq_scale    = 1
llama_context: n_ctx_seq (1024) < n_ctx_train (131072) -- the full capacity of the model will not be utilized
llama_context:        CPU  output buffer size =     0.49 MiB
llama_kv_cache:        CPU KV buffer size =    32.00 MiB
llama_kv_cache: size =   32.00 MiB (  1024 cells,  16 layers,  1/1 seqs), K (f16):   16.00 MiB, V (f16):   16.00 MiB
llama_context:        CPU compute buffer size =    63.62 MiB
llama_context: graph nodes  = 503
llama_context: graph splits = 1
common_init_from_params: added <|end_of_text|> logit bias = -inf
common_init_from_params: added <|eom_id|> logit bias = -inf
common_init_from_params: added <|eot_id|> logit bias = -inf
common_init_from_params: setting dry_penalty_last_n to ctx_size = 1024
common_init_from_params: warming up the model with an empty run - please wait ... (--no-warmup to disable)
main: llama threadpool init, n_threads = 8

system_info: n_threads = 8 (n_threads_batch = 8) / 8 | CPU : NEON = 1 | ARM_FMA = 1 | FP16_VA = 1 | MATMUL_INT8 = 1 | DOTPROD = 1 | REPACK = 1 | 

sampler seed: 1721994539
sampler params: 
	repeat_last_n = 64, repeat_penalty = 1.100, frequency_penalty = 0.100, presence_penalty = 0.400
	dry_multiplier = 1.000, dry_base = 1.750, dry_allowed_length = 2, dry_penalty_last_n = 1024
	top_k = 30, top_p = 1.000, min_p = 0.150, xtc_probability = 0.000, xtc_threshold = 0.100, typical_p = 1.000, top_n_sigma = -1.000, temp = 0.400
	mirostat = 0, mirostat_lr = 0.100, mirostat_ent = 5.000
sampler chain: logits -> logit-bias -> penalties -> dry -> top-n-sigma -> top-k -> typical -> top-p -> min-p -> xtc -> temp-ext -> dist 
generate: n_ctx = 1024, n_batch = 128, n_predict = 600, n_keep = 5

llama_perf_sampler_print:    sampling time =     201.92 ms /   256 runs   (    0.79 ms per token,  1267.80 tokens per second)
llama_perf_context_print:        load time =    1201.62 ms
llama_perf_context_print: prompt eval time =      94.30 ms /    23 tokens (    4.10 ms per token,   243.91 tokens per second)
llama_perf_context_print:        eval time =    4142.97 ms /   232 runs   (   17.86 ms per token,    56.00 tokens per second)
llama_perf_context_print:       total time =    4813.86 ms /   255 tokens
llama_perf_context_print:    graphs reused =        231
llama_memory_breakdown_print: | memory breakdown [MiB] | total   free    self   model   context   compute    unaccounted |
llama_memory_breakdown_print: |   - Host               |                  321 =   225 +      32 +      63                |
llama_memory_breakdown_print: |   - CPU_REPACK         |                  504 =   504 +       0 +       0                |
ggml_opencl: selected platform: 'QUALCOMM Snapdragon(TM)'

ggml_opencl: device: 'QUALCOMM Adreno(TM) 830 (OpenCL 3.0 Adreno(TM) 830)'
ggml_opencl: OpenCL driver: OpenCL 3.0 QUALCOMM build: 0800.40.1 Compiler E031.47.18.36
ggml_opencl: vector subgroup broadcast support: true
ggml_opencl: device FP16 support: true
ggml_opencl: mem base addr align: 128
ggml_opencl: max mem alloc size: 1024 MB
ggml_opencl: device max workgroup size: 1024
ggml_opencl: SVM coarse grain buffer support: true
ggml_opencl: SVM fine grain buffer support: true
ggml_opencl: SVM fine grain system support: false
ggml_opencl: SVM atomics support: true
ggml_opencl: flattening quantized weights representation as struct of arrays (GGML_OPENCL_SOA_Q)
ggml_opencl: using kernels optimized for Adreno (GGML_OPENCL_USE_ADRENO_KERNELS)
ggml_opencl: loading OpenCL kernels........................................................................
ggml_opencl: default device: 'QUALCOMM Adreno(TM) 830 (OpenCL 3.0 Adreno(TM) 830)'
ggml-hex: Hexagon backend (experimental) : allocating new registry : ndev 1
ggml-hex: Hexagon Arch version v79
ggml-hex: allocating new session: HTP0
ggml-hex: new session: HTP0 : session-id 0 domain-id 3 uri file:///libggml-htp-v79.so?htp_iface_skel_handle_invoke&_modver=1.0&_dom=cdsp&_session=0 handle 0xb40000795e5896d0
build: 0 (unknown) with Android (13324770, +pgo, +bolt, +lto, +mlgo, based on r530567d) clang version 19.0.0 (https://android.googlesource.com/toolchain/llvm-project 97a699bf4812a18fb657c2779f5296a4ab2694d2) for x86_64-unknown-linux-gnu
main: llama backend init
main: load the model and apply lora adapter, if any
llama_model_loader: loaded meta data with 35 key-value pairs and 147 tensors from /data/local/tmp/llama.cpp/../gguf/Llama-3.2-1B-Instruct-Q4_0.gguf (version GGUF V3 (latest))
llama_model_loader: Dumping metadata keys/values. Note: KV overrides do not apply in this output.
llama_model_loader: - kv   0:                       general.architecture str              = llama
llama_model_loader: - kv   1:                               general.type str              = model
llama_model_loader: - kv   2:                               general.name str              = Llama 3.2 1B Instruct
llama_model_loader: - kv   3:                           general.finetune str              = Instruct
llama_model_loader: - kv   4:                           general.basename str              = Llama-3.2
llama_model_loader: - kv   5:                         general.size_label str              = 1B
llama_model_loader: - kv   6:                            general.license str              = llama3.2
llama_model_loader: - kv   7:                               general.tags arr[str,6]       = ["facebook", "meta", "pytorch", "llam...
llama_model_loader: - kv   8:                          general.languages arr[str,8]       = ["en", "de", "fr", "it", "pt", "hi", ...
llama_model_loader: - kv   9:                          llama.block_count u32              = 16
llama_model_loader: - kv  10:                       llama.context_length u32              = 131072
llama_model_loader: - kv  11:                     llama.embedding_length u32              = 2048
llama_model_loader: - kv  12:                  llama.feed_forward_length u32              = 8192
llama_model_loader: - kv  13:                 llama.attention.head_count u32              = 32
llama_model_loader: - kv  14:              llama.attention.head_count_kv u32              = 8
llama_model_loader: - kv  15:                       llama.rope.freq_base f32              = 500000.000000
llama_model_loader: - kv  16:     llama.attention.layer_norm_rms_epsilon f32              = 0.000010
llama_model_loader: - kv  17:                 llama.attention.key_length u32              = 64
llama_model_loader: - kv  18:               llama.attention.value_length u32              = 64
llama_model_loader: - kv  19:                          general.file_type u32              = 2
llama_model_loader: - kv  20:                           llama.vocab_size u32              = 128256
llama_model_loader: - kv  21:                 llama.rope.dimension_count u32              = 64
llama_model_loader: - kv  22:                       tokenizer.ggml.model str              = gpt2
llama_model_loader: - kv  23:                         tokenizer.ggml.pre str              = llama-bpe
llama_model_loader: - kv  24:                      tokenizer.ggml.tokens arr[str,128256]  = ["!", "\"", "#", "$", "%", "&", "'", ...
llama_model_loader: - kv  25:                  tokenizer.ggml.token_type arr[i32,128256]  = [1, 1, 1, 1, 1, 1, 1, 1, 1, 1, 1, 1, ...
llama_model_loader: - kv  26:                      tokenizer.ggml.merges arr[str,280147]  = ["Ġ Ġ", "Ġ ĠĠĠ", "ĠĠ ĠĠ", "...
llama_model_loader: - kv  27:                tokenizer.ggml.bos_token_id u32              = 128000
llama_model_loader: - kv  28:                tokenizer.ggml.eos_token_id u32              = 128009
llama_model_loader: - kv  29:                    tokenizer.chat_template str              = {{- bos_token }}\n{%- if custom_tools ...
llama_model_loader: - kv  30:               general.quantization_version u32              = 2
llama_model_loader: - kv  31:                      quantize.imatrix.file str              = /models_out/Llama-3.2-1B-Instruct-GGU...
llama_model_loader: - kv  32:                   quantize.imatrix.dataset str              = /training_dir/calibration_datav3.txt
llama_model_loader: - kv  33:             quantize.imatrix.entries_count i32              = 112
llama_model_loader: - kv  34:              quantize.imatrix.chunks_count i32              = 125
llama_model_loader: - type  f32:   34 tensors
llama_model_loader: - type q4_0:  110 tensors
llama_model_loader: - type q4_1:    2 tensors
llama_model_loader: - type q6_K:    1 tensors
print_info: file format = GGUF V3 (latest)
print_info: file type   = Q4_0
print_info: file size   = 729.75 MiB (4.95 BPW) 
load: printing all EOG tokens:
load:   - 128001 ('<|end_of_text|>')
load:   - 128008 ('<|eom_id|>')
load:   - 128009 ('<|eot_id|>')
load: special tokens cache size = 256
load: token to piece cache size = 0.7999 MB
print_info: arch             = llama
print_info: vocab_only       = 0
print_info: n_ctx_train      = 131072
print_info: n_embd           = 2048
print_info: n_layer          = 16
print_info: n_head           = 32
print_info: n_head_kv        = 8
print_info: n_rot            = 64
print_info: n_swa            = 0
print_info: is_swa_any       = 0
print_info: n_embd_head_k    = 64
print_info: n_embd_head_v    = 64
print_info: n_gqa            = 4
print_info: n_embd_k_gqa     = 512
print_info: n_embd_v_gqa     = 512
print_info: f_norm_eps       = 0.0e+00
print_info: f_norm_rms_eps   = 1.0e-05
print_info: f_clamp_kqv      = 0.0e+00
print_info: f_max_alibi_bias = 0.0e+00
print_info: f_logit_scale    = 0.0e+00
print_info: f_attn_scale     = 0.0e+00
print_info: n_ff             = 8192
print_info: n_expert         = 0
print_info: n_expert_used    = 0
print_info: n_expert_groups  = 0
print_info: n_group_used     = 0
print_info: causal attn      = 1
print_info: pooling type     = 0
print_info: rope type        = 0
print_info: rope scaling     = linear
print_info: freq_base_train  = 500000.0
print_info: freq_scale_train = 1
print_info: n_ctx_orig_yarn  = 131072
print_info: rope_finetuned   = unknown
print_info: model type       = 1B
print_info: model params     = 1.24 B
print_info: general.name     = Llama 3.2 1B Instruct
print_info: vocab type       = BPE
print_info: n_vocab          = 128256
print_info: n_merges         = 280147
print_info: BOS token        = 128000 '<|begin_of_text|>'
print_info: EOS token        = 128009 '<|eot_id|>'
print_info: EOT token        = 128001 '<|end_of_text|>'
print_info: EOM token        = 128008 '<|eom_id|>'
print_info: LF token         = 198 'Ċ'
print_info: EOG token        = 128001 '<|end_of_text|>'
print_info: EOG token        = 128008 '<|eom_id|>'
print_info: EOG token        = 128009 '<|eot_id|>'
print_info: max token length = 256
load_tensors: loading model tensors, this can take a while... (mmap = false)
load_tensors: offloading 0 repeating layers to GPU
load_tensors: offloaded 0/17 layers to GPU
load_tensors:          CPU model buffer size =   225.75 MiB
load_tensors:   CPU_REPACK model buffer size =   504.00 MiB
.............................................................
llama_context: constructing llama_context
llama_context: n_seq_max     = 1
llama_context: n_ctx         = 1024
llama_context: n_ctx_seq     = 1024
llama_context: n_batch       = 128
llama_context: n_ubatch      = 128
llama_context: causal_attn   = 1
llama_context: flash_attn    = enabled
llama_context: kv_unified    = false
llama_context: freq_base     = 500000.0
llama_context: freq_scale    = 1
llama_context: n_ctx_seq (1024) < n_ctx_train (131072) -- the full capacity of the model will not be utilized
llama_context:        CPU  output buffer size =     0.49 MiB
llama_kv_cache:        CPU KV buffer size =    32.00 MiB
llama_kv_cache: size =   32.00 MiB (  1024 cells,  16 layers,  1/1 seqs), K (f16):   16.00 MiB, V (f16):   16.00 MiB
llama_context:        CPU compute buffer size =    63.62 MiB
llama_context: graph nodes  = 503
llama_context: graph splits = 1
common_init_from_params: added <|end_of_text|> logit bias = -inf
common_init_from_params: added <|eom_id|> logit bias = -inf
common_init_from_params: added <|eot_id|> logit bias = -inf
common_init_from_params: setting dry_penalty_last_n to ctx_size = 1024
common_init_from_params: warming up the model with an empty run - please wait ... (--no-warmup to disable)
main: llama threadpool init, n_threads = 8

system_info: n_threads = 8 (n_threads_batch = 8) / 8 | CPU : NEON = 1 | ARM_FMA = 1 | FP16_VA = 1 | MATMUL_INT8 = 1 | DOTPROD = 1 | REPACK = 1 | 

sampler seed: 2813727411
sampler params: 
	repeat_last_n = 64, repeat_penalty = 1.100, frequency_penalty = 0.100, presence_penalty = 0.400
	dry_multiplier = 1.000, dry_base = 1.750, dry_allowed_length = 2, dry_penalty_last_n = 1024
	top_k = 30, top_p = 1.000, min_p = 0.150, xtc_probability = 0.000, xtc_threshold = 0.100, typical_p = 1.000, top_n_sigma = -1.000, temp = 0.400
	mirostat = 0, mirostat_lr = 0.100, mirostat_ent = 5.000
sampler chain: logits -> logit-bias -> penalties -> dry -> top-n-sigma -> top-k -> typical -> top-p -> min-p -> xtc -> temp-ext -> dist 
generate: n_ctx = 1024, n_batch = 128, n_predict = 600, n_keep = 5

llama_perf_sampler_print:    sampling time =     209.70 ms /   274 runs   (    0.77 ms per token,  1306.63 tokens per second)
llama_perf_context_print:        load time =    1202.27 ms
llama_perf_context_print: prompt eval time =      88.08 ms /    20 tokens (    4.40 ms per token,   227.06 tokens per second)
llama_perf_context_print:        eval time =    4540.72 ms /   253 runs   (   17.95 ms per token,    55.72 tokens per second)
llama_perf_context_print:       total time =    5216.88 ms /   273 tokens
llama_perf_context_print:    graphs reused =        251
llama_memory_breakdown_print: | memory breakdown [MiB] | total   free    self   model   context   compute    unaccounted |
llama_memory_breakdown_print: |   - Host               |                  321 =   225 +      32 +      63                |
llama_memory_breakdown_print: |   - CPU_REPACK         |                  504 =   504 +       0 +       0                |
ggml_opencl: selected platform: 'QUALCOMM Snapdragon(TM)'

ggml_opencl: device: 'QUALCOMM Adreno(TM) 830 (OpenCL 3.0 Adreno(TM) 830)'
ggml_opencl: OpenCL driver: OpenCL 3.0 QUALCOMM build: 0800.40.1 Compiler E031.47.18.36
ggml_opencl: vector subgroup broadcast support: true
ggml_opencl: device FP16 support: true
ggml_opencl: mem base addr align: 128
ggml_opencl: max mem alloc size: 1024 MB
ggml_opencl: device max workgroup size: 1024
ggml_opencl: SVM coarse grain buffer support: true
ggml_opencl: SVM fine grain buffer support: true
ggml_opencl: SVM fine grain system support: false
ggml_opencl: SVM atomics support: true
ggml_opencl: flattening quantized weights representation as struct of arrays (GGML_OPENCL_SOA_Q)
ggml_opencl: using kernels optimized for Adreno (GGML_OPENCL_USE_ADRENO_KERNELS)
ggml_opencl: loading OpenCL kernels........................................................................
ggml_opencl: default device: 'QUALCOMM Adreno(TM) 830 (OpenCL 3.0 Adreno(TM) 830)'
ggml-hex: Hexagon backend (experimental) : allocating new registry : ndev 1
ggml-hex: Hexagon Arch version v79
ggml-hex: allocating new session: HTP0
ggml-hex: new session: HTP0 : session-id 0 domain-id 3 uri file:///libggml-htp-v79.so?htp_iface_skel_handle_invoke&_modver=1.0&_dom=cdsp&_session=0 handle 0xb400007c72ef8890
build: 0 (unknown) with Android (13324770, +pgo, +bolt, +lto, +mlgo, based on r530567d) clang version 19.0.0 (https://android.googlesource.com/toolchain/llvm-project 97a699bf4812a18fb657c2779f5296a4ab2694d2) for x86_64-unknown-linux-gnu
main: llama backend init
main: load the model and apply lora adapter, if any
llama_model_loader: loaded meta data with 35 key-value pairs and 147 tensors from /data/local/tmp/llama.cpp/../gguf/Llama-3.2-1B-Instruct-Q4_0.gguf (version GGUF V3 (latest))
llama_model_loader: Dumping metadata keys/values. Note: KV overrides do not apply in this output.
llama_model_loader: - kv   0:                       general.architecture str              = llama
llama_model_loader: - kv   1:                               general.type str              = model
llama_model_loader: - kv   2:                               general.name str              = Llama 3.2 1B Instruct
llama_model_loader: - kv   3:                           general.finetune str              = Instruct
llama_model_loader: - kv   4:                           general.basename str              = Llama-3.2
llama_model_loader: - kv   5:                         general.size_label str              = 1B
llama_model_loader: - kv   6:                            general.license str              = llama3.2
llama_model_loader: - kv   7:                               general.tags arr[str,6]       = ["facebook", "meta", "pytorch", "llam...
llama_model_loader: - kv   8:                          general.languages arr[str,8]       = ["en", "de", "fr", "it", "pt", "hi", ...
llama_model_loader: - kv   9:                          llama.block_count u32              = 16
llama_model_loader: - kv  10:                       llama.context_length u32              = 131072
llama_model_loader: - kv  11:                     llama.embedding_length u32              = 2048
llama_model_loader: - kv  12:                  llama.feed_forward_length u32              = 8192
llama_model_loader: - kv  13:                 llama.attention.head_count u32              = 32
llama_model_loader: - kv  14:              llama.attention.head_count_kv u32              = 8
llama_model_loader: - kv  15:                       llama.rope.freq_base f32              = 500000.000000
llama_model_loader: - kv  16:     llama.attention.layer_norm_rms_epsilon f32              = 0.000010
llama_model_loader: - kv  17:                 llama.attention.key_length u32              = 64
llama_model_loader: - kv  18:               llama.attention.value_length u32              = 64
llama_model_loader: - kv  19:                          general.file_type u32              = 2
llama_model_loader: - kv  20:                           llama.vocab_size u32              = 128256
llama_model_loader: - kv  21:                 llama.rope.dimension_count u32              = 64
llama_model_loader: - kv  22:                       tokenizer.ggml.model str              = gpt2
llama_model_loader: - kv  23:                         tokenizer.ggml.pre str              = llama-bpe
llama_model_loader: - kv  24:                      tokenizer.ggml.tokens arr[str,128256]  = ["!", "\"", "#", "$", "%", "&", "'", ...
llama_model_loader: - kv  25:                  tokenizer.ggml.token_type arr[i32,128256]  = [1, 1, 1, 1, 1, 1, 1, 1, 1, 1, 1, 1, ...
llama_model_loader: - kv  26:                      tokenizer.ggml.merges arr[str,280147]  = ["Ġ Ġ", "Ġ ĠĠĠ", "ĠĠ ĠĠ", "...
llama_model_loader: - kv  27:                tokenizer.ggml.bos_token_id u32              = 128000
llama_model_loader: - kv  28:                tokenizer.ggml.eos_token_id u32              = 128009
llama_model_loader: - kv  29:                    tokenizer.chat_template str              = {{- bos_token }}\n{%- if custom_tools ...
llama_model_loader: - kv  30:               general.quantization_version u32              = 2
llama_model_loader: - kv  31:                      quantize.imatrix.file str              = /models_out/Llama-3.2-1B-Instruct-GGU...
llama_model_loader: - kv  32:                   quantize.imatrix.dataset str              = /training_dir/calibration_datav3.txt
llama_model_loader: - kv  33:             quantize.imatrix.entries_count i32              = 112
llama_model_loader: - kv  34:              quantize.imatrix.chunks_count i32              = 125
llama_model_loader: - type  f32:   34 tensors
llama_model_loader: - type q4_0:  110 tensors
llama_model_loader: - type q4_1:    2 tensors
llama_model_loader: - type q6_K:    1 tensors
print_info: file format = GGUF V3 (latest)
print_info: file type   = Q4_0
print_info: file size   = 729.75 MiB (4.95 BPW) 
load: printing all EOG tokens:
load:   - 128001 ('<|end_of_text|>')
load:   - 128008 ('<|eom_id|>')
load:   - 128009 ('<|eot_id|>')
load: special tokens cache size = 256
load: token to piece cache size = 0.7999 MB
print_info: arch             = llama
print_info: vocab_only       = 0
print_info: n_ctx_train      = 131072
print_info: n_embd           = 2048
print_info: n_layer          = 16
print_info: n_head           = 32
print_info: n_head_kv        = 8
print_info: n_rot            = 64
print_info: n_swa            = 0
print_info: is_swa_any       = 0
print_info: n_embd_head_k    = 64
print_info: n_embd_head_v    = 64
print_info: n_gqa            = 4
print_info: n_embd_k_gqa     = 512
print_info: n_embd_v_gqa     = 512
print_info: f_norm_eps       = 0.0e+00
print_info: f_norm_rms_eps   = 1.0e-05
print_info: f_clamp_kqv      = 0.0e+00
print_info: f_max_alibi_bias = 0.0e+00
print_info: f_logit_scale    = 0.0e+00
print_info: f_attn_scale     = 0.0e+00
print_info: n_ff             = 8192
print_info: n_expert         = 0
print_info: n_expert_used    = 0
print_info: n_expert_groups  = 0
print_info: n_group_used     = 0
print_info: causal attn      = 1
print_info: pooling type     = 0
print_info: rope type        = 0
print_info: rope scaling     = linear
print_info: freq_base_train  = 500000.0
print_info: freq_scale_train = 1
print_info: n_ctx_orig_yarn  = 131072
print_info: rope_finetuned   = unknown
print_info: model type       = 1B
print_info: model params     = 1.24 B
print_info: general.name     = Llama 3.2 1B Instruct
print_info: vocab type       = BPE
print_info: n_vocab          = 128256
print_info: n_merges         = 280147
print_info: BOS token        = 128000 '<|begin_of_text|>'
print_info: EOS token        = 128009 '<|eot_id|>'
print_info: EOT token        = 128001 '<|end_of_text|>'
print_info: EOM token        = 128008 '<|eom_id|>'
print_info: LF token         = 198 'Ċ'
print_info: EOG token        = 128001 '<|end_of_text|>'
print_info: EOG token        = 128008 '<|eom_id|>'
print_info: EOG token        = 128009 '<|eot_id|>'
print_info: max token length = 256
load_tensors: loading model tensors, this can take a while... (mmap = false)
load_tensors: offloading 0 repeating layers to GPU
load_tensors: offloaded 0/17 layers to GPU
load_tensors:          CPU model buffer size =   225.75 MiB
load_tensors:   CPU_REPACK model buffer size =   504.00 MiB
.............................................................
llama_context: constructing llama_context
llama_context: n_seq_max     = 1
llama_context: n_ctx         = 1024
llama_context: n_ctx_seq     = 1024
llama_context: n_batch       = 128
llama_context: n_ubatch      = 128
llama_context: causal_attn   = 1
llama_context: flash_attn    = enabled
llama_context: kv_unified    = false
llama_context: freq_base     = 500000.0
llama_context: freq_scale    = 1
llama_context: n_ctx_seq (1024) < n_ctx_train (131072) -- the full capacity of the model will not be utilized
llama_context:        CPU  output buffer size =     0.49 MiB
llama_kv_cache:        CPU KV buffer size =    32.00 MiB
llama_kv_cache: size =   32.00 MiB (  1024 cells,  16 layers,  1/1 seqs), K (f16):   16.00 MiB, V (f16):   16.00 MiB
llama_context:        CPU compute buffer size =    63.62 MiB
llama_context: graph nodes  = 503
llama_context: graph splits = 1
common_init_from_params: added <|end_of_text|> logit bias = -inf
common_init_from_params: added <|eom_id|> logit bias = -inf
common_init_from_params: added <|eot_id|> logit bias = -inf
common_init_from_params: setting dry_penalty_last_n to ctx_size = 1024
common_init_from_params: warming up the model with an empty run - please wait ... (--no-warmup to disable)
main: llama threadpool init, n_threads = 8

system_info: n_threads = 8 (n_threads_batch = 8) / 8 | CPU : NEON = 1 | ARM_FMA = 1 | FP16_VA = 1 | MATMUL_INT8 = 1 | DOTPROD = 1 | REPACK = 1 | 

sampler seed: 1126998629
sampler params: 
	repeat_last_n = 64, repeat_penalty = 1.100, frequency_penalty = 0.100, presence_penalty = 0.400
	dry_multiplier = 1.000, dry_base = 1.750, dry_allowed_length = 2, dry_penalty_last_n = 1024
	top_k = 30, top_p = 1.000, min_p = 0.150, xtc_probability = 0.000, xtc_threshold = 0.100, typical_p = 1.000, top_n_sigma = -1.000, temp = 0.400
	mirostat = 0, mirostat_lr = 0.100, mirostat_ent = 5.000
sampler chain: logits -> logit-bias -> penalties -> dry -> top-n-sigma -> top-k -> typical -> top-p -> min-p -> xtc -> temp-ext -> dist 
generate: n_ctx = 1024, n_batch = 128, n_predict = 600, n_keep = 5

llama_perf_sampler_print:    sampling time =     213.67 ms /   234 runs   (    0.91 ms per token,  1095.15 tokens per second)
llama_perf_context_print:        load time =    1353.54 ms
llama_perf_context_print: prompt eval time =     119.58 ms /    23 tokens (    5.20 ms per token,   192.35 tokens per second)
llama_perf_context_print:        eval time =    3806.10 ms /   210 runs   (   18.12 ms per token,    55.17 tokens per second)
llama_perf_context_print:       total time =    4514.95 ms /   233 tokens
llama_perf_context_print:    graphs reused =        209
llama_memory_breakdown_print: | memory breakdown [MiB] | total   free    self   model   context   compute    unaccounted |
llama_memory_breakdown_print: |   - Host               |                  321 =   225 +      32 +      63                |
llama_memory_breakdown_print: |   - CPU_REPACK         |                  504 =   504 +       0 +       0                |
ggml_opencl: selected platform: 'QUALCOMM Snapdragon(TM)'

ggml_opencl: device: 'QUALCOMM Adreno(TM) 830 (OpenCL 3.0 Adreno(TM) 830)'
ggml_opencl: OpenCL driver: OpenCL 3.0 QUALCOMM build: 0800.40.1 Compiler E031.47.18.36
ggml_opencl: vector subgroup broadcast support: true
ggml_opencl: device FP16 support: true
ggml_opencl: mem base addr align: 128
ggml_opencl: max mem alloc size: 1024 MB
ggml_opencl: device max workgroup size: 1024
ggml_opencl: SVM coarse grain buffer support: true
ggml_opencl: SVM fine grain buffer support: true
ggml_opencl: SVM fine grain system support: false
ggml_opencl: SVM atomics support: true
ggml_opencl: flattening quantized weights representation as struct of arrays (GGML_OPENCL_SOA_Q)
ggml_opencl: using kernels optimized for Adreno (GGML_OPENCL_USE_ADRENO_KERNELS)
ggml_opencl: loading OpenCL kernels........................................................................
ggml_opencl: default device: 'QUALCOMM Adreno(TM) 830 (OpenCL 3.0 Adreno(TM) 830)'
ggml-hex: Hexagon backend (experimental) : allocating new registry : ndev 1
ggml-hex: Hexagon Arch version v79
ggml-hex: allocating new session: HTP0
ggml-hex: new session: HTP0 : session-id 0 domain-id 3 uri file:///libggml-htp-v79.so?htp_iface_skel_handle_invoke&_modver=1.0&_dom=cdsp&_session=0 handle 0xb400007c6cfdc510
build: 0 (unknown) with Android (13324770, +pgo, +bolt, +lto, +mlgo, based on r530567d) clang version 19.0.0 (https://android.googlesource.com/toolchain/llvm-project 97a699bf4812a18fb657c2779f5296a4ab2694d2) for x86_64-unknown-linux-gnu
main: llama backend init
main: load the model and apply lora adapter, if any
llama_model_loader: loaded meta data with 35 key-value pairs and 147 tensors from /data/local/tmp/llama.cpp/../gguf/Llama-3.2-1B-Instruct-Q4_0.gguf (version GGUF V3 (latest))
llama_model_loader: Dumping metadata keys/values. Note: KV overrides do not apply in this output.
llama_model_loader: - kv   0:                       general.architecture str              = llama
llama_model_loader: - kv   1:                               general.type str              = model
llama_model_loader: - kv   2:                               general.name str              = Llama 3.2 1B Instruct
llama_model_loader: - kv   3:                           general.finetune str              = Instruct
llama_model_loader: - kv   4:                           general.basename str              = Llama-3.2
llama_model_loader: - kv   5:                         general.size_label str              = 1B
llama_model_loader: - kv   6:                            general.license str              = llama3.2
llama_model_loader: - kv   7:                               general.tags arr[str,6]       = ["facebook", "meta", "pytorch", "llam...
llama_model_loader: - kv   8:                          general.languages arr[str,8]       = ["en", "de", "fr", "it", "pt", "hi", ...
llama_model_loader: - kv   9:                          llama.block_count u32              = 16
llama_model_loader: - kv  10:                       llama.context_length u32              = 131072
llama_model_loader: - kv  11:                     llama.embedding_length u32              = 2048
llama_model_loader: - kv  12:                  llama.feed_forward_length u32              = 8192
llama_model_loader: - kv  13:                 llama.attention.head_count u32              = 32
llama_model_loader: - kv  14:              llama.attention.head_count_kv u32              = 8
llama_model_loader: - kv  15:                       llama.rope.freq_base f32              = 500000.000000
llama_model_loader: - kv  16:     llama.attention.layer_norm_rms_epsilon f32              = 0.000010
llama_model_loader: - kv  17:                 llama.attention.key_length u32              = 64
llama_model_loader: - kv  18:               llama.attention.value_length u32              = 64
llama_model_loader: - kv  19:                          general.file_type u32              = 2
llama_model_loader: - kv  20:                           llama.vocab_size u32              = 128256
llama_model_loader: - kv  21:                 llama.rope.dimension_count u32              = 64
llama_model_loader: - kv  22:                       tokenizer.ggml.model str              = gpt2
llama_model_loader: - kv  23:                         tokenizer.ggml.pre str              = llama-bpe
llama_model_loader: - kv  24:                      tokenizer.ggml.tokens arr[str,128256]  = ["!", "\"", "#", "$", "%", "&", "'", ...
llama_model_loader: - kv  25:                  tokenizer.ggml.token_type arr[i32,128256]  = [1, 1, 1, 1, 1, 1, 1, 1, 1, 1, 1, 1, ...
llama_model_loader: - kv  26:                      tokenizer.ggml.merges arr[str,280147]  = ["Ġ Ġ", "Ġ ĠĠĠ", "ĠĠ ĠĠ", "...
llama_model_loader: - kv  27:                tokenizer.ggml.bos_token_id u32              = 128000
llama_model_loader: - kv  28:                tokenizer.ggml.eos_token_id u32              = 128009
llama_model_loader: - kv  29:                    tokenizer.chat_template str              = {{- bos_token }}\n{%- if custom_tools ...
llama_model_loader: - kv  30:               general.quantization_version u32              = 2
llama_model_loader: - kv  31:                      quantize.imatrix.file str              = /models_out/Llama-3.2-1B-Instruct-GGU...
llama_model_loader: - kv  32:                   quantize.imatrix.dataset str              = /training_dir/calibration_datav3.txt
llama_model_loader: - kv  33:             quantize.imatrix.entries_count i32              = 112
llama_model_loader: - kv  34:              quantize.imatrix.chunks_count i32              = 125
llama_model_loader: - type  f32:   34 tensors
llama_model_loader: - type q4_0:  110 tensors
llama_model_loader: - type q4_1:    2 tensors
llama_model_loader: - type q6_K:    1 tensors
print_info: file format = GGUF V3 (latest)
print_info: file type   = Q4_0
print_info: file size   = 729.75 MiB (4.95 BPW) 
load: printing all EOG tokens:
load:   - 128001 ('<|end_of_text|>')
load:   - 128008 ('<|eom_id|>')
load:   - 128009 ('<|eot_id|>')
load: special tokens cache size = 256
load: token to piece cache size = 0.7999 MB
print_info: arch             = llama
print_info: vocab_only       = 0
print_info: n_ctx_train      = 131072
print_info: n_embd           = 2048
print_info: n_layer          = 16
print_info: n_head           = 32
print_info: n_head_kv        = 8
print_info: n_rot            = 64
print_info: n_swa            = 0
print_info: is_swa_any       = 0
print_info: n_embd_head_k    = 64
print_info: n_embd_head_v    = 64
print_info: n_gqa            = 4
print_info: n_embd_k_gqa     = 512
print_info: n_embd_v_gqa     = 512
print_info: f_norm_eps       = 0.0e+00
print_info: f_norm_rms_eps   = 1.0e-05
print_info: f_clamp_kqv      = 0.0e+00
print_info: f_max_alibi_bias = 0.0e+00
print_info: f_logit_scale    = 0.0e+00
print_info: f_attn_scale     = 0.0e+00
print_info: n_ff             = 8192
print_info: n_expert         = 0
print_info: n_expert_used    = 0
print_info: n_expert_groups  = 0
print_info: n_group_used     = 0
print_info: causal attn      = 1
print_info: pooling type     = 0
print_info: rope type        = 0
print_info: rope scaling     = linear
print_info: freq_base_train  = 500000.0
print_info: freq_scale_train = 1
print_info: n_ctx_orig_yarn  = 131072
print_info: rope_finetuned   = unknown
print_info: model type       = 1B
print_info: model params     = 1.24 B
print_info: general.name     = Llama 3.2 1B Instruct
print_info: vocab type       = BPE
print_info: n_vocab          = 128256
print_info: n_merges         = 280147
print_info: BOS token        = 128000 '<|begin_of_text|>'
print_info: EOS token        = 128009 '<|eot_id|>'
print_info: EOT token        = 128001 '<|end_of_text|>'
print_info: EOM token        = 128008 '<|eom_id|>'
print_info: LF token         = 198 'Ċ'
print_info: EOG token        = 128001 '<|end_of_text|>'
print_info: EOG token        = 128008 '<|eom_id|>'
print_info: EOG token        = 128009 '<|eot_id|>'
print_info: max token length = 256
load_tensors: loading model tensors, this can take a while... (mmap = false)
load_tensors: offloading 0 repeating layers to GPU
load_tensors: offloaded 0/17 layers to GPU
load_tensors:          CPU model buffer size =   225.75 MiB
load_tensors:   CPU_REPACK model buffer size =   504.00 MiB
.............................................................
llama_context: constructing llama_context
llama_context: n_seq_max     = 1
llama_context: n_ctx         = 1024
llama_context: n_ctx_seq     = 1024
llama_context: n_batch       = 128
llama_context: n_ubatch      = 128
llama_context: causal_attn   = 1
llama_context: flash_attn    = enabled
llama_context: kv_unified    = false
llama_context: freq_base     = 500000.0
llama_context: freq_scale    = 1
llama_context: n_ctx_seq (1024) < n_ctx_train (131072) -- the full capacity of the model will not be utilized
llama_context:        CPU  output buffer size =     0.49 MiB
llama_kv_cache:        CPU KV buffer size =    32.00 MiB
llama_kv_cache: size =   32.00 MiB (  1024 cells,  16 layers,  1/1 seqs), K (f16):   16.00 MiB, V (f16):   16.00 MiB
llama_context:        CPU compute buffer size =    63.62 MiB
llama_context: graph nodes  = 503
llama_context: graph splits = 1
common_init_from_params: added <|end_of_text|> logit bias = -inf
common_init_from_params: added <|eom_id|> logit bias = -inf
common_init_from_params: added <|eot_id|> logit bias = -inf
common_init_from_params: setting dry_penalty_last_n to ctx_size = 1024
common_init_from_params: warming up the model with an empty run - please wait ... (--no-warmup to disable)
main: llama threadpool init, n_threads = 8

system_info: n_threads = 8 (n_threads_batch = 8) / 8 | CPU : NEON = 1 | ARM_FMA = 1 | FP16_VA = 1 | MATMUL_INT8 = 1 | DOTPROD = 1 | REPACK = 1 | 

sampler seed: 263242000
sampler params: 
	repeat_last_n = 64, repeat_penalty = 1.100, frequency_penalty = 0.100, presence_penalty = 0.400
	dry_multiplier = 1.000, dry_base = 1.750, dry_allowed_length = 2, dry_penalty_last_n = 1024
	top_k = 30, top_p = 1.000, min_p = 0.150, xtc_probability = 0.000, xtc_threshold = 0.100, typical_p = 1.000, top_n_sigma = -1.000, temp = 0.400
	mirostat = 0, mirostat_lr = 0.100, mirostat_ent = 5.000
sampler chain: logits -> logit-bias -> penalties -> dry -> top-n-sigma -> top-k -> typical -> top-p -> min-p -> xtc -> temp-ext -> dist 
generate: n_ctx = 1024, n_batch = 128, n_predict = 600, n_keep = 5

llama_perf_sampler_print:    sampling time =      74.74 ms /   118 runs   (    0.63 ms per token,  1578.74 tokens per second)
llama_perf_context_print:        load time =    1488.55 ms
llama_perf_context_print: prompt eval time =     126.94 ms /    22 tokens (    5.77 ms per token,   173.31 tokens per second)
llama_perf_context_print:        eval time =    1647.21 ms /    95 runs   (   17.34 ms per token,    57.67 tokens per second)
llama_perf_context_print:       total time =    2210.27 ms /   117 tokens
llama_perf_context_print:    graphs reused =         94
llama_memory_breakdown_print: | memory breakdown [MiB] | total   free    self   model   context   compute    unaccounted |
llama_memory_breakdown_print: |   - Host               |                  321 =   225 +      32 +      63                |
llama_memory_breakdown_print: |   - CPU_REPACK         |                  504 =   504 +       0 +       0                |
ggml_opencl: selected platform: 'QUALCOMM Snapdragon(TM)'

ggml_opencl: device: 'QUALCOMM Adreno(TM) 830 (OpenCL 3.0 Adreno(TM) 830)'
ggml_opencl: OpenCL driver: OpenCL 3.0 QUALCOMM build: 0800.40.1 Compiler E031.47.18.36
ggml_opencl: vector subgroup broadcast support: true
ggml_opencl: device FP16 support: true
ggml_opencl: mem base addr align: 128
ggml_opencl: max mem alloc size: 1024 MB
ggml_opencl: device max workgroup size: 1024
ggml_opencl: SVM coarse grain buffer support: true
ggml_opencl: SVM fine grain buffer support: true
ggml_opencl: SVM fine grain system support: false
ggml_opencl: SVM atomics support: true
ggml_opencl: flattening quantized weights representation as struct of arrays (GGML_OPENCL_SOA_Q)
ggml_opencl: using kernels optimized for Adreno (GGML_OPENCL_USE_ADRENO_KERNELS)
ggml_opencl: loading OpenCL kernels........................................................................
ggml_opencl: default device: 'QUALCOMM Adreno(TM) 830 (OpenCL 3.0 Adreno(TM) 830)'
ggml-hex: Hexagon backend (experimental) : allocating new registry : ndev 1
ggml-hex: Hexagon Arch version v79
ggml-hex: allocating new session: HTP0
ggml-hex: new session: HTP0 : session-id 0 domain-id 3 uri file:///libggml-htp-v79.so?htp_iface_skel_handle_invoke&_modver=1.0&_dom=cdsp&_session=0 handle 0xb4000077d3771510
build: 0 (unknown) with Android (13324770, +pgo, +bolt, +lto, +mlgo, based on r530567d) clang version 19.0.0 (https://android.googlesource.com/toolchain/llvm-project 97a699bf4812a18fb657c2779f5296a4ab2694d2) for x86_64-unknown-linux-gnu
main: llama backend init
main: load the model and apply lora adapter, if any
llama_model_loader: loaded meta data with 35 key-value pairs and 147 tensors from /data/local/tmp/llama.cpp/../gguf/Llama-3.2-1B-Instruct-Q4_0.gguf (version GGUF V3 (latest))
llama_model_loader: Dumping metadata keys/values. Note: KV overrides do not apply in this output.
llama_model_loader: - kv   0:                       general.architecture str              = llama
llama_model_loader: - kv   1:                               general.type str              = model
llama_model_loader: - kv   2:                               general.name str              = Llama 3.2 1B Instruct
llama_model_loader: - kv   3:                           general.finetune str              = Instruct
llama_model_loader: - kv   4:                           general.basename str              = Llama-3.2
llama_model_loader: - kv   5:                         general.size_label str              = 1B
llama_model_loader: - kv   6:                            general.license str              = llama3.2
llama_model_loader: - kv   7:                               general.tags arr[str,6]       = ["facebook", "meta", "pytorch", "llam...
llama_model_loader: - kv   8:                          general.languages arr[str,8]       = ["en", "de", "fr", "it", "pt", "hi", ...
llama_model_loader: - kv   9:                          llama.block_count u32              = 16
llama_model_loader: - kv  10:                       llama.context_length u32              = 131072
llama_model_loader: - kv  11:                     llama.embedding_length u32              = 2048
llama_model_loader: - kv  12:                  llama.feed_forward_length u32              = 8192
llama_model_loader: - kv  13:                 llama.attention.head_count u32              = 32
llama_model_loader: - kv  14:              llama.attention.head_count_kv u32              = 8
llama_model_loader: - kv  15:                       llama.rope.freq_base f32              = 500000.000000
llama_model_loader: - kv  16:     llama.attention.layer_norm_rms_epsilon f32              = 0.000010
llama_model_loader: - kv  17:                 llama.attention.key_length u32              = 64
llama_model_loader: - kv  18:               llama.attention.value_length u32              = 64
llama_model_loader: - kv  19:                          general.file_type u32              = 2
llama_model_loader: - kv  20:                           llama.vocab_size u32              = 128256
llama_model_loader: - kv  21:                 llama.rope.dimension_count u32              = 64
llama_model_loader: - kv  22:                       tokenizer.ggml.model str              = gpt2
llama_model_loader: - kv  23:                         tokenizer.ggml.pre str              = llama-bpe
llama_model_loader: - kv  24:                      tokenizer.ggml.tokens arr[str,128256]  = ["!", "\"", "#", "$", "%", "&", "'", ...
llama_model_loader: - kv  25:                  tokenizer.ggml.token_type arr[i32,128256]  = [1, 1, 1, 1, 1, 1, 1, 1, 1, 1, 1, 1, ...
llama_model_loader: - kv  26:                      tokenizer.ggml.merges arr[str,280147]  = ["Ġ Ġ", "Ġ ĠĠĠ", "ĠĠ ĠĠ", "...
llama_model_loader: - kv  27:                tokenizer.ggml.bos_token_id u32              = 128000
llama_model_loader: - kv  28:                tokenizer.ggml.eos_token_id u32              = 128009
llama_model_loader: - kv  29:                    tokenizer.chat_template str              = {{- bos_token }}\n{%- if custom_tools ...
llama_model_loader: - kv  30:               general.quantization_version u32              = 2
llama_model_loader: - kv  31:                      quantize.imatrix.file str              = /models_out/Llama-3.2-1B-Instruct-GGU...
llama_model_loader: - kv  32:                   quantize.imatrix.dataset str              = /training_dir/calibration_datav3.txt
llama_model_loader: - kv  33:             quantize.imatrix.entries_count i32              = 112
llama_model_loader: - kv  34:              quantize.imatrix.chunks_count i32              = 125
llama_model_loader: - type  f32:   34 tensors
llama_model_loader: - type q4_0:  110 tensors
llama_model_loader: - type q4_1:    2 tensors
llama_model_loader: - type q6_K:    1 tensors
print_info: file format = GGUF V3 (latest)
print_info: file type   = Q4_0
print_info: file size   = 729.75 MiB (4.95 BPW) 
load: printing all EOG tokens:
load:   - 128001 ('<|end_of_text|>')
load:   - 128008 ('<|eom_id|>')
load:   - 128009 ('<|eot_id|>')
load: special tokens cache size = 256
load: token to piece cache size = 0.7999 MB
print_info: arch             = llama
print_info: vocab_only       = 0
print_info: n_ctx_train      = 131072
print_info: n_embd           = 2048
print_info: n_layer          = 16
print_info: n_head           = 32
print_info: n_head_kv        = 8
print_info: n_rot            = 64
print_info: n_swa            = 0
print_info: is_swa_any       = 0
print_info: n_embd_head_k    = 64
print_info: n_embd_head_v    = 64
print_info: n_gqa            = 4
print_info: n_embd_k_gqa     = 512
print_info: n_embd_v_gqa     = 512
print_info: f_norm_eps       = 0.0e+00
print_info: f_norm_rms_eps   = 1.0e-05
print_info: f_clamp_kqv      = 0.0e+00
print_info: f_max_alibi_bias = 0.0e+00
print_info: f_logit_scale    = 0.0e+00
print_info: f_attn_scale     = 0.0e+00
print_info: n_ff             = 8192
print_info: n_expert         = 0
print_info: n_expert_used    = 0
print_info: n_expert_groups  = 0
print_info: n_group_used     = 0
print_info: causal attn      = 1
print_info: pooling type     = 0
print_info: rope type        = 0
print_info: rope scaling     = linear
print_info: freq_base_train  = 500000.0
print_info: freq_scale_train = 1
print_info: n_ctx_orig_yarn  = 131072
print_info: rope_finetuned   = unknown
print_info: model type       = 1B
print_info: model params     = 1.24 B
print_info: general.name     = Llama 3.2 1B Instruct
print_info: vocab type       = BPE
print_info: n_vocab          = 128256
print_info: n_merges         = 280147
print_info: BOS token        = 128000 '<|begin_of_text|>'
print_info: EOS token        = 128009 '<|eot_id|>'
print_info: EOT token        = 128001 '<|end_of_text|>'
print_info: EOM token        = 128008 '<|eom_id|>'
print_info: LF token         = 198 'Ċ'
print_info: EOG token        = 128001 '<|end_of_text|>'
print_info: EOG token        = 128008 '<|eom_id|>'
print_info: EOG token        = 128009 '<|eot_id|>'
print_info: max token length = 256
load_tensors: loading model tensors, this can take a while... (mmap = false)
load_tensors: offloading 0 repeating layers to GPU
load_tensors: offloaded 0/17 layers to GPU
load_tensors:          CPU model buffer size =   225.75 MiB
load_tensors:   CPU_REPACK model buffer size =   504.00 MiB
.............................................................
llama_context: constructing llama_context
llama_context: n_seq_max     = 1
llama_context: n_ctx         = 1024
llama_context: n_ctx_seq     = 1024
llama_context: n_batch       = 128
llama_context: n_ubatch      = 128
llama_context: causal_attn   = 1
llama_context: flash_attn    = enabled
llama_context: kv_unified    = false
llama_context: freq_base     = 500000.0
llama_context: freq_scale    = 1
llama_context: n_ctx_seq (1024) < n_ctx_train (131072) -- the full capacity of the model will not be utilized
llama_context:        CPU  output buffer size =     0.49 MiB
llama_kv_cache:        CPU KV buffer size =    32.00 MiB
llama_kv_cache: size =   32.00 MiB (  1024 cells,  16 layers,  1/1 seqs), K (f16):   16.00 MiB, V (f16):   16.00 MiB
llama_context:        CPU compute buffer size =    63.62 MiB
llama_context: graph nodes  = 503
llama_context: graph splits = 1
common_init_from_params: added <|end_of_text|> logit bias = -inf
common_init_from_params: added <|eom_id|> logit bias = -inf
common_init_from_params: added <|eot_id|> logit bias = -inf
common_init_from_params: setting dry_penalty_last_n to ctx_size = 1024
common_init_from_params: warming up the model with an empty run - please wait ... (--no-warmup to disable)
main: llama threadpool init, n_threads = 8

system_info: n_threads = 8 (n_threads_batch = 8) / 8 | CPU : NEON = 1 | ARM_FMA = 1 | FP16_VA = 1 | MATMUL_INT8 = 1 | DOTPROD = 1 | REPACK = 1 | 

sampler seed: 311199165
sampler params: 
	repeat_last_n = 64, repeat_penalty = 1.100, frequency_penalty = 0.100, presence_penalty = 0.400
	dry_multiplier = 1.000, dry_base = 1.750, dry_allowed_length = 2, dry_penalty_last_n = 1024
	top_k = 30, top_p = 1.000, min_p = 0.150, xtc_probability = 0.000, xtc_threshold = 0.100, typical_p = 1.000, top_n_sigma = -1.000, temp = 0.400
	mirostat = 0, mirostat_lr = 0.100, mirostat_ent = 5.000
sampler chain: logits -> logit-bias -> penalties -> dry -> top-n-sigma -> top-k -> typical -> top-p -> min-p -> xtc -> temp-ext -> dist 
generate: n_ctx = 1024, n_batch = 128, n_predict = 600, n_keep = 5

llama_perf_sampler_print:    sampling time =      99.62 ms /   160 runs   (    0.62 ms per token,  1606.17 tokens per second)
llama_perf_context_print:        load time =    1313.33 ms
llama_perf_context_print: prompt eval time =      74.02 ms /    19 tokens (    3.90 ms per token,   256.70 tokens per second)
llama_perf_context_print:        eval time =    2111.58 ms /   140 runs   (   15.08 ms per token,    66.30 tokens per second)
llama_perf_context_print:       total time =    2602.47 ms /   159 tokens
llama_perf_context_print:    graphs reused =        139
llama_memory_breakdown_print: | memory breakdown [MiB] | total   free    self   model   context   compute    unaccounted |
llama_memory_breakdown_print: |   - Host               |                  321 =   225 +      32 +      63                |
llama_memory_breakdown_print: |   - CPU_REPACK         |                  504 =   504 +       0 +       0                |
ggml_opencl: selected platform: 'QUALCOMM Snapdragon(TM)'

ggml_opencl: device: 'QUALCOMM Adreno(TM) 830 (OpenCL 3.0 Adreno(TM) 830)'
ggml_opencl: OpenCL driver: OpenCL 3.0 QUALCOMM build: 0800.40.1 Compiler E031.47.18.36
ggml_opencl: vector subgroup broadcast support: true
ggml_opencl: device FP16 support: true
ggml_opencl: mem base addr align: 128
ggml_opencl: max mem alloc size: 1024 MB
ggml_opencl: device max workgroup size: 1024
ggml_opencl: SVM coarse grain buffer support: true
ggml_opencl: SVM fine grain buffer support: true
ggml_opencl: SVM fine grain system support: false
ggml_opencl: SVM atomics support: true
ggml_opencl: flattening quantized weights representation as struct of arrays (GGML_OPENCL_SOA_Q)
ggml_opencl: using kernels optimized for Adreno (GGML_OPENCL_USE_ADRENO_KERNELS)
ggml_opencl: loading OpenCL kernels........................................................................
ggml_opencl: default device: 'QUALCOMM Adreno(TM) 830 (OpenCL 3.0 Adreno(TM) 830)'
ggml-hex: Hexagon backend (experimental) : allocating new registry : ndev 1
ggml-hex: Hexagon Arch version v79
ggml-hex: allocating new session: HTP0
ggml-hex: new session: HTP0 : session-id 0 domain-id 3 uri file:///libggml-htp-v79.so?htp_iface_skel_handle_invoke&_modver=1.0&_dom=cdsp&_session=0 handle 0xb400007e5caf6810
build: 0 (unknown) with Android (13324770, +pgo, +bolt, +lto, +mlgo, based on r530567d) clang version 19.0.0 (https://android.googlesource.com/toolchain/llvm-project 97a699bf4812a18fb657c2779f5296a4ab2694d2) for x86_64-unknown-linux-gnu
main: llama backend init
main: load the model and apply lora adapter, if any
llama_model_loader: loaded meta data with 35 key-value pairs and 147 tensors from /data/local/tmp/llama.cpp/../gguf/Llama-3.2-1B-Instruct-Q4_0.gguf (version GGUF V3 (latest))
llama_model_loader: Dumping metadata keys/values. Note: KV overrides do not apply in this output.
llama_model_loader: - kv   0:                       general.architecture str              = llama
llama_model_loader: - kv   1:                               general.type str              = model
llama_model_loader: - kv   2:                               general.name str              = Llama 3.2 1B Instruct
llama_model_loader: - kv   3:                           general.finetune str              = Instruct
llama_model_loader: - kv   4:                           general.basename str              = Llama-3.2
llama_model_loader: - kv   5:                         general.size_label str              = 1B
llama_model_loader: - kv   6:                            general.license str              = llama3.2
llama_model_loader: - kv   7:                               general.tags arr[str,6]       = ["facebook", "meta", "pytorch", "llam...
llama_model_loader: - kv   8:                          general.languages arr[str,8]       = ["en", "de", "fr", "it", "pt", "hi", ...
llama_model_loader: - kv   9:                          llama.block_count u32              = 16
llama_model_loader: - kv  10:                       llama.context_length u32              = 131072
llama_model_loader: - kv  11:                     llama.embedding_length u32              = 2048
llama_model_loader: - kv  12:                  llama.feed_forward_length u32              = 8192
llama_model_loader: - kv  13:                 llama.attention.head_count u32              = 32
llama_model_loader: - kv  14:              llama.attention.head_count_kv u32              = 8
llama_model_loader: - kv  15:                       llama.rope.freq_base f32              = 500000.000000
llama_model_loader: - kv  16:     llama.attention.layer_norm_rms_epsilon f32              = 0.000010
llama_model_loader: - kv  17:                 llama.attention.key_length u32              = 64
llama_model_loader: - kv  18:               llama.attention.value_length u32              = 64
llama_model_loader: - kv  19:                          general.file_type u32              = 2
llama_model_loader: - kv  20:                           llama.vocab_size u32              = 128256
llama_model_loader: - kv  21:                 llama.rope.dimension_count u32              = 64
llama_model_loader: - kv  22:                       tokenizer.ggml.model str              = gpt2
llama_model_loader: - kv  23:                         tokenizer.ggml.pre str              = llama-bpe
llama_model_loader: - kv  24:                      tokenizer.ggml.tokens arr[str,128256]  = ["!", "\"", "#", "$", "%", "&", "'", ...
llama_model_loader: - kv  25:                  tokenizer.ggml.token_type arr[i32,128256]  = [1, 1, 1, 1, 1, 1, 1, 1, 1, 1, 1, 1, ...
llama_model_loader: - kv  26:                      tokenizer.ggml.merges arr[str,280147]  = ["Ġ Ġ", "Ġ ĠĠĠ", "ĠĠ ĠĠ", "...
llama_model_loader: - kv  27:                tokenizer.ggml.bos_token_id u32              = 128000
llama_model_loader: - kv  28:                tokenizer.ggml.eos_token_id u32              = 128009
llama_model_loader: - kv  29:                    tokenizer.chat_template str              = {{- bos_token }}\n{%- if custom_tools ...
llama_model_loader: - kv  30:               general.quantization_version u32              = 2
llama_model_loader: - kv  31:                      quantize.imatrix.file str              = /models_out/Llama-3.2-1B-Instruct-GGU...
llama_model_loader: - kv  32:                   quantize.imatrix.dataset str              = /training_dir/calibration_datav3.txt
llama_model_loader: - kv  33:             quantize.imatrix.entries_count i32              = 112
llama_model_loader: - kv  34:              quantize.imatrix.chunks_count i32              = 125
llama_model_loader: - type  f32:   34 tensors
llama_model_loader: - type q4_0:  110 tensors
llama_model_loader: - type q4_1:    2 tensors
llama_model_loader: - type q6_K:    1 tensors
print_info: file format = GGUF V3 (latest)
print_info: file type   = Q4_0
print_info: file size   = 729.75 MiB (4.95 BPW) 
load: printing all EOG tokens:
load:   - 128001 ('<|end_of_text|>')
load:   - 128008 ('<|eom_id|>')
load:   - 128009 ('<|eot_id|>')
load: special tokens cache size = 256
load: token to piece cache size = 0.7999 MB
print_info: arch             = llama
print_info: vocab_only       = 0
print_info: n_ctx_train      = 131072
print_info: n_embd           = 2048
print_info: n_layer          = 16
print_info: n_head           = 32
print_info: n_head_kv        = 8
print_info: n_rot            = 64
print_info: n_swa            = 0
print_info: is_swa_any       = 0
print_info: n_embd_head_k    = 64
print_info: n_embd_head_v    = 64
print_info: n_gqa            = 4
print_info: n_embd_k_gqa     = 512
print_info: n_embd_v_gqa     = 512
print_info: f_norm_eps       = 0.0e+00
print_info: f_norm_rms_eps   = 1.0e-05
print_info: f_clamp_kqv      = 0.0e+00
print_info: f_max_alibi_bias = 0.0e+00
print_info: f_logit_scale    = 0.0e+00
print_info: f_attn_scale     = 0.0e+00
print_info: n_ff             = 8192
print_info: n_expert         = 0
print_info: n_expert_used    = 0
print_info: n_expert_groups  = 0
print_info: n_group_used     = 0
print_info: causal attn      = 1
print_info: pooling type     = 0
print_info: rope type        = 0
print_info: rope scaling     = linear
print_info: freq_base_train  = 500000.0
print_info: freq_scale_train = 1
print_info: n_ctx_orig_yarn  = 131072
print_info: rope_finetuned   = unknown
print_info: model type       = 1B
print_info: model params     = 1.24 B
print_info: general.name     = Llama 3.2 1B Instruct
print_info: vocab type       = BPE
print_info: n_vocab          = 128256
print_info: n_merges         = 280147
print_info: BOS token        = 128000 '<|begin_of_text|>'
print_info: EOS token        = 128009 '<|eot_id|>'
print_info: EOT token        = 128001 '<|end_of_text|>'
print_info: EOM token        = 128008 '<|eom_id|>'
print_info: LF token         = 198 'Ċ'
print_info: EOG token        = 128001 '<|end_of_text|>'
print_info: EOG token        = 128008 '<|eom_id|>'
print_info: EOG token        = 128009 '<|eot_id|>'
print_info: max token length = 256
load_tensors: loading model tensors, this can take a while... (mmap = false)
load_tensors: offloading 0 repeating layers to GPU
load_tensors: offloaded 0/17 layers to GPU
load_tensors:          CPU model buffer size =   225.75 MiB
load_tensors:   CPU_REPACK model buffer size =   504.00 MiB
.............................................................
llama_context: constructing llama_context
llama_context: n_seq_max     = 1
llama_context: n_ctx         = 1024
llama_context: n_ctx_seq     = 1024
llama_context: n_batch       = 128
llama_context: n_ubatch      = 128
llama_context: causal_attn   = 1
llama_context: flash_attn    = enabled
llama_context: kv_unified    = false
llama_context: freq_base     = 500000.0
llama_context: freq_scale    = 1
llama_context: n_ctx_seq (1024) < n_ctx_train (131072) -- the full capacity of the model will not be utilized
llama_context:        CPU  output buffer size =     0.49 MiB
llama_kv_cache:        CPU KV buffer size =    32.00 MiB
llama_kv_cache: size =   32.00 MiB (  1024 cells,  16 layers,  1/1 seqs), K (f16):   16.00 MiB, V (f16):   16.00 MiB
llama_context:        CPU compute buffer size =    63.62 MiB
llama_context: graph nodes  = 503
llama_context: graph splits = 1
common_init_from_params: added <|end_of_text|> logit bias = -inf
common_init_from_params: added <|eom_id|> logit bias = -inf
common_init_from_params: added <|eot_id|> logit bias = -inf
common_init_from_params: setting dry_penalty_last_n to ctx_size = 1024
common_init_from_params: warming up the model with an empty run - please wait ... (--no-warmup to disable)
main: llama threadpool init, n_threads = 8

system_info: n_threads = 8 (n_threads_batch = 8) / 8 | CPU : NEON = 1 | ARM_FMA = 1 | FP16_VA = 1 | MATMUL_INT8 = 1 | DOTPROD = 1 | REPACK = 1 | 

sampler seed: 131308567
sampler params: 
	repeat_last_n = 64, repeat_penalty = 1.100, frequency_penalty = 0.100, presence_penalty = 0.400
	dry_multiplier = 1.000, dry_base = 1.750, dry_allowed_length = 2, dry_penalty_last_n = 1024
	top_k = 30, top_p = 1.000, min_p = 0.150, xtc_probability = 0.000, xtc_threshold = 0.100, typical_p = 1.000, top_n_sigma = -1.000, temp = 0.400
	mirostat = 0, mirostat_lr = 0.100, mirostat_ent = 5.000
sampler chain: logits -> logit-bias -> penalties -> dry -> top-n-sigma -> top-k -> typical -> top-p -> min-p -> xtc -> temp-ext -> dist 
generate: n_ctx = 1024, n_batch = 128, n_predict = 600, n_keep = 5

llama_perf_sampler_print:    sampling time =      62.77 ms /   121 runs   (    0.52 ms per token,  1927.70 tokens per second)
llama_perf_context_print:        load time =     918.55 ms
llama_perf_context_print: prompt eval time =      89.22 ms /    28 tokens (    3.19 ms per token,   313.83 tokens per second)
llama_perf_context_print:        eval time =    1336.56 ms /    92 runs   (   14.53 ms per token,    68.83 tokens per second)
llama_perf_context_print:       total time =    1761.33 ms /   120 tokens
llama_perf_context_print:    graphs reused =         91
llama_memory_breakdown_print: | memory breakdown [MiB] | total   free    self   model   context   compute    unaccounted |
llama_memory_breakdown_print: |   - Host               |                  321 =   225 +      32 +      63                |
llama_memory_breakdown_print: |   - CPU_REPACK         |                  504 =   504 +       0 +       0                |
ggml_opencl: selected platform: 'QUALCOMM Snapdragon(TM)'

ggml_opencl: device: 'QUALCOMM Adreno(TM) 830 (OpenCL 3.0 Adreno(TM) 830)'
ggml_opencl: OpenCL driver: OpenCL 3.0 QUALCOMM build: 0800.40.1 Compiler E031.47.18.36
ggml_opencl: vector subgroup broadcast support: true
ggml_opencl: device FP16 support: true
ggml_opencl: mem base addr align: 128
ggml_opencl: max mem alloc size: 1024 MB
ggml_opencl: device max workgroup size: 1024
ggml_opencl: SVM coarse grain buffer support: true
ggml_opencl: SVM fine grain buffer support: true
ggml_opencl: SVM fine grain system support: false
ggml_opencl: SVM atomics support: true
ggml_opencl: flattening quantized weights representation as struct of arrays (GGML_OPENCL_SOA_Q)
ggml_opencl: using kernels optimized for Adreno (GGML_OPENCL_USE_ADRENO_KERNELS)
ggml_opencl: loading OpenCL kernels........................................................................
ggml_opencl: default device: 'QUALCOMM Adreno(TM) 830 (OpenCL 3.0 Adreno(TM) 830)'
ggml-hex: Hexagon backend (experimental) : allocating new registry : ndev 1
ggml-hex: Hexagon Arch version v79
ggml-hex: allocating new session: HTP0
ggml-hex: new session: HTP0 : session-id 0 domain-id 3 uri file:///libggml-htp-v79.so?htp_iface_skel_handle_invoke&_modver=1.0&_dom=cdsp&_session=0 handle 0xb400006f6db049d0
build: 0 (unknown) with Android (13324770, +pgo, +bolt, +lto, +mlgo, based on r530567d) clang version 19.0.0 (https://android.googlesource.com/toolchain/llvm-project 97a699bf4812a18fb657c2779f5296a4ab2694d2) for x86_64-unknown-linux-gnu
main: llama backend init
main: load the model and apply lora adapter, if any
llama_model_loader: loaded meta data with 35 key-value pairs and 147 tensors from /data/local/tmp/llama.cpp/../gguf/Llama-3.2-1B-Instruct-Q4_0.gguf (version GGUF V3 (latest))
llama_model_loader: Dumping metadata keys/values. Note: KV overrides do not apply in this output.
llama_model_loader: - kv   0:                       general.architecture str              = llama
llama_model_loader: - kv   1:                               general.type str              = model
llama_model_loader: - kv   2:                               general.name str              = Llama 3.2 1B Instruct
llama_model_loader: - kv   3:                           general.finetune str              = Instruct
llama_model_loader: - kv   4:                           general.basename str              = Llama-3.2
llama_model_loader: - kv   5:                         general.size_label str              = 1B
llama_model_loader: - kv   6:                            general.license str              = llama3.2
llama_model_loader: - kv   7:                               general.tags arr[str,6]       = ["facebook", "meta", "pytorch", "llam...
llama_model_loader: - kv   8:                          general.languages arr[str,8]       = ["en", "de", "fr", "it", "pt", "hi", ...
llama_model_loader: - kv   9:                          llama.block_count u32              = 16
llama_model_loader: - kv  10:                       llama.context_length u32              = 131072
llama_model_loader: - kv  11:                     llama.embedding_length u32              = 2048
llama_model_loader: - kv  12:                  llama.feed_forward_length u32              = 8192
llama_model_loader: - kv  13:                 llama.attention.head_count u32              = 32
llama_model_loader: - kv  14:              llama.attention.head_count_kv u32              = 8
llama_model_loader: - kv  15:                       llama.rope.freq_base f32              = 500000.000000
llama_model_loader: - kv  16:     llama.attention.layer_norm_rms_epsilon f32              = 0.000010
llama_model_loader: - kv  17:                 llama.attention.key_length u32              = 64
llama_model_loader: - kv  18:               llama.attention.value_length u32              = 64
llama_model_loader: - kv  19:                          general.file_type u32              = 2
llama_model_loader: - kv  20:                           llama.vocab_size u32              = 128256
llama_model_loader: - kv  21:                 llama.rope.dimension_count u32              = 64
llama_model_loader: - kv  22:                       tokenizer.ggml.model str              = gpt2
llama_model_loader: - kv  23:                         tokenizer.ggml.pre str              = llama-bpe
llama_model_loader: - kv  24:                      tokenizer.ggml.tokens arr[str,128256]  = ["!", "\"", "#", "$", "%", "&", "'", ...
llama_model_loader: - kv  25:                  tokenizer.ggml.token_type arr[i32,128256]  = [1, 1, 1, 1, 1, 1, 1, 1, 1, 1, 1, 1, ...
llama_model_loader: - kv  26:                      tokenizer.ggml.merges arr[str,280147]  = ["Ġ Ġ", "Ġ ĠĠĠ", "ĠĠ ĠĠ", "...
llama_model_loader: - kv  27:                tokenizer.ggml.bos_token_id u32              = 128000
llama_model_loader: - kv  28:                tokenizer.ggml.eos_token_id u32              = 128009
llama_model_loader: - kv  29:                    tokenizer.chat_template str              = {{- bos_token }}\n{%- if custom_tools ...
llama_model_loader: - kv  30:               general.quantization_version u32              = 2
llama_model_loader: - kv  31:                      quantize.imatrix.file str              = /models_out/Llama-3.2-1B-Instruct-GGU...
llama_model_loader: - kv  32:                   quantize.imatrix.dataset str              = /training_dir/calibration_datav3.txt
llama_model_loader: - kv  33:             quantize.imatrix.entries_count i32              = 112
llama_model_loader: - kv  34:              quantize.imatrix.chunks_count i32              = 125
llama_model_loader: - type  f32:   34 tensors
llama_model_loader: - type q4_0:  110 tensors
llama_model_loader: - type q4_1:    2 tensors
llama_model_loader: - type q6_K:    1 tensors
print_info: file format = GGUF V3 (latest)
print_info: file type   = Q4_0
print_info: file size   = 729.75 MiB (4.95 BPW) 
load: printing all EOG tokens:
load:   - 128001 ('<|end_of_text|>')
load:   - 128008 ('<|eom_id|>')
load:   - 128009 ('<|eot_id|>')
load: special tokens cache size = 256
load: token to piece cache size = 0.7999 MB
print_info: arch             = llama
print_info: vocab_only       = 0
print_info: n_ctx_train      = 131072
print_info: n_embd           = 2048
print_info: n_layer          = 16
print_info: n_head           = 32
print_info: n_head_kv        = 8
print_info: n_rot            = 64
print_info: n_swa            = 0
print_info: is_swa_any       = 0
print_info: n_embd_head_k    = 64
print_info: n_embd_head_v    = 64
print_info: n_gqa            = 4
print_info: n_embd_k_gqa     = 512
print_info: n_embd_v_gqa     = 512
print_info: f_norm_eps       = 0.0e+00
print_info: f_norm_rms_eps   = 1.0e-05
print_info: f_clamp_kqv      = 0.0e+00
print_info: f_max_alibi_bias = 0.0e+00
print_info: f_logit_scale    = 0.0e+00
print_info: f_attn_scale     = 0.0e+00
print_info: n_ff             = 8192
print_info: n_expert         = 0
print_info: n_expert_used    = 0
print_info: n_expert_groups  = 0
print_info: n_group_used     = 0
print_info: causal attn      = 1
print_info: pooling type     = 0
print_info: rope type        = 0
print_info: rope scaling     = linear
print_info: freq_base_train  = 500000.0
print_info: freq_scale_train = 1
print_info: n_ctx_orig_yarn  = 131072
print_info: rope_finetuned   = unknown
print_info: model type       = 1B
print_info: model params     = 1.24 B
print_info: general.name     = Llama 3.2 1B Instruct
print_info: vocab type       = BPE
print_info: n_vocab          = 128256
print_info: n_merges         = 280147
print_info: BOS token        = 128000 '<|begin_of_text|>'
print_info: EOS token        = 128009 '<|eot_id|>'
print_info: EOT token        = 128001 '<|end_of_text|>'
print_info: EOM token        = 128008 '<|eom_id|>'
print_info: LF token         = 198 'Ċ'
print_info: EOG token        = 128001 '<|end_of_text|>'
print_info: EOG token        = 128008 '<|eom_id|>'
print_info: EOG token        = 128009 '<|eot_id|>'
print_info: max token length = 256
load_tensors: loading model tensors, this can take a while... (mmap = false)
load_tensors: offloading 0 repeating layers to GPU
load_tensors: offloaded 0/17 layers to GPU
load_tensors:          CPU model buffer size =   225.75 MiB
load_tensors:   CPU_REPACK model buffer size =   504.00 MiB
.............................................................
llama_context: constructing llama_context
llama_context: n_seq_max     = 1
llama_context: n_ctx         = 1024
llama_context: n_ctx_seq     = 1024
llama_context: n_batch       = 128
llama_context: n_ubatch      = 128
llama_context: causal_attn   = 1
llama_context: flash_attn    = enabled
llama_context: kv_unified    = false
llama_context: freq_base     = 500000.0
llama_context: freq_scale    = 1
llama_context: n_ctx_seq (1024) < n_ctx_train (131072) -- the full capacity of the model will not be utilized
llama_context:        CPU  output buffer size =     0.49 MiB
llama_kv_cache:        CPU KV buffer size =    32.00 MiB
llama_kv_cache: size =   32.00 MiB (  1024 cells,  16 layers,  1/1 seqs), K (f16):   16.00 MiB, V (f16):   16.00 MiB
llama_context:        CPU compute buffer size =    63.62 MiB
llama_context: graph nodes  = 503
llama_context: graph splits = 1
common_init_from_params: added <|end_of_text|> logit bias = -inf
common_init_from_params: added <|eom_id|> logit bias = -inf
common_init_from_params: added <|eot_id|> logit bias = -inf
common_init_from_params: setting dry_penalty_last_n to ctx_size = 1024
common_init_from_params: warming up the model with an empty run - please wait ... (--no-warmup to disable)
main: llama threadpool init, n_threads = 8

system_info: n_threads = 8 (n_threads_batch = 8) / 8 | CPU : NEON = 1 | ARM_FMA = 1 | FP16_VA = 1 | MATMUL_INT8 = 1 | DOTPROD = 1 | REPACK = 1 | 

sampler seed: 1967837643
sampler params: 
	repeat_last_n = 64, repeat_penalty = 1.100, frequency_penalty = 0.100, presence_penalty = 0.400
	dry_multiplier = 1.000, dry_base = 1.750, dry_allowed_length = 2, dry_penalty_last_n = 1024
	top_k = 30, top_p = 1.000, min_p = 0.150, xtc_probability = 0.000, xtc_threshold = 0.100, typical_p = 1.000, top_n_sigma = -1.000, temp = 0.400
	mirostat = 0, mirostat_lr = 0.100, mirostat_ent = 5.000
sampler chain: logits -> logit-bias -> penalties -> dry -> top-n-sigma -> top-k -> typical -> top-p -> min-p -> xtc -> temp-ext -> dist 
generate: n_ctx = 1024, n_batch = 128, n_predict = 600, n_keep = 5

llama_perf_sampler_print:    sampling time =     112.10 ms /   204 runs   (    0.55 ms per token,  1819.85 tokens per second)
llama_perf_context_print:        load time =    1544.50 ms
llama_perf_context_print: prompt eval time =     109.92 ms /    19 tokens (    5.79 ms per token,   172.85 tokens per second)
llama_perf_context_print:        eval time =    2694.00 ms /   184 runs   (   14.64 ms per token,    68.30 tokens per second)
llama_perf_context_print:       total time =    3233.48 ms /   203 tokens
llama_perf_context_print:    graphs reused =        183
llama_memory_breakdown_print: | memory breakdown [MiB] | total   free    self   model   context   compute    unaccounted |
llama_memory_breakdown_print: |   - Host               |                  321 =   225 +      32 +      63                |
llama_memory_breakdown_print: |   - CPU_REPACK         |                  504 =   504 +       0 +       0                |
ggml_opencl: selected platform: 'QUALCOMM Snapdragon(TM)'

ggml_opencl: device: 'QUALCOMM Adreno(TM) 830 (OpenCL 3.0 Adreno(TM) 830)'
ggml_opencl: OpenCL driver: OpenCL 3.0 QUALCOMM build: 0800.40.1 Compiler E031.47.18.36
ggml_opencl: vector subgroup broadcast support: true
ggml_opencl: device FP16 support: true
ggml_opencl: mem base addr align: 128
ggml_opencl: max mem alloc size: 1024 MB
ggml_opencl: device max workgroup size: 1024
ggml_opencl: SVM coarse grain buffer support: true
ggml_opencl: SVM fine grain buffer support: true
ggml_opencl: SVM fine grain system support: false
ggml_opencl: SVM atomics support: true
ggml_opencl: flattening quantized weights representation as struct of arrays (GGML_OPENCL_SOA_Q)
ggml_opencl: using kernels optimized for Adreno (GGML_OPENCL_USE_ADRENO_KERNELS)
ggml_opencl: loading OpenCL kernels........................................................................
ggml_opencl: default device: 'QUALCOMM Adreno(TM) 830 (OpenCL 3.0 Adreno(TM) 830)'
ggml-hex: Hexagon backend (experimental) : allocating new registry : ndev 1
ggml-hex: Hexagon Arch version v79
ggml-hex: allocating new session: HTP0
ggml-hex: new session: HTP0 : session-id 0 domain-id 3 uri file:///libggml-htp-v79.so?htp_iface_skel_handle_invoke&_modver=1.0&_dom=cdsp&_session=0 handle 0xb4000078a1899690
build: 0 (unknown) with Android (13324770, +pgo, +bolt, +lto, +mlgo, based on r530567d) clang version 19.0.0 (https://android.googlesource.com/toolchain/llvm-project 97a699bf4812a18fb657c2779f5296a4ab2694d2) for x86_64-unknown-linux-gnu
main: llama backend init
main: load the model and apply lora adapter, if any
llama_model_loader: loaded meta data with 35 key-value pairs and 147 tensors from /data/local/tmp/llama.cpp/../gguf/Llama-3.2-1B-Instruct-Q4_0.gguf (version GGUF V3 (latest))
llama_model_loader: Dumping metadata keys/values. Note: KV overrides do not apply in this output.
llama_model_loader: - kv   0:                       general.architecture str              = llama
llama_model_loader: - kv   1:                               general.type str              = model
llama_model_loader: - kv   2:                               general.name str              = Llama 3.2 1B Instruct
llama_model_loader: - kv   3:                           general.finetune str              = Instruct
llama_model_loader: - kv   4:                           general.basename str              = Llama-3.2
llama_model_loader: - kv   5:                         general.size_label str              = 1B
llama_model_loader: - kv   6:                            general.license str              = llama3.2
llama_model_loader: - kv   7:                               general.tags arr[str,6]       = ["facebook", "meta", "pytorch", "llam...
llama_model_loader: - kv   8:                          general.languages arr[str,8]       = ["en", "de", "fr", "it", "pt", "hi", ...
llama_model_loader: - kv   9:                          llama.block_count u32              = 16
llama_model_loader: - kv  10:                       llama.context_length u32              = 131072
llama_model_loader: - kv  11:                     llama.embedding_length u32              = 2048
llama_model_loader: - kv  12:                  llama.feed_forward_length u32              = 8192
llama_model_loader: - kv  13:                 llama.attention.head_count u32              = 32
llama_model_loader: - kv  14:              llama.attention.head_count_kv u32              = 8
llama_model_loader: - kv  15:                       llama.rope.freq_base f32              = 500000.000000
llama_model_loader: - kv  16:     llama.attention.layer_norm_rms_epsilon f32              = 0.000010
llama_model_loader: - kv  17:                 llama.attention.key_length u32              = 64
llama_model_loader: - kv  18:               llama.attention.value_length u32              = 64
llama_model_loader: - kv  19:                          general.file_type u32              = 2
llama_model_loader: - kv  20:                           llama.vocab_size u32              = 128256
llama_model_loader: - kv  21:                 llama.rope.dimension_count u32              = 64
llama_model_loader: - kv  22:                       tokenizer.ggml.model str              = gpt2
llama_model_loader: - kv  23:                         tokenizer.ggml.pre str              = llama-bpe
llama_model_loader: - kv  24:                      tokenizer.ggml.tokens arr[str,128256]  = ["!", "\"", "#", "$", "%", "&", "'", ...
llama_model_loader: - kv  25:                  tokenizer.ggml.token_type arr[i32,128256]  = [1, 1, 1, 1, 1, 1, 1, 1, 1, 1, 1, 1, ...
llama_model_loader: - kv  26:                      tokenizer.ggml.merges arr[str,280147]  = ["Ġ Ġ", "Ġ ĠĠĠ", "ĠĠ ĠĠ", "...
llama_model_loader: - kv  27:                tokenizer.ggml.bos_token_id u32              = 128000
llama_model_loader: - kv  28:                tokenizer.ggml.eos_token_id u32              = 128009
llama_model_loader: - kv  29:                    tokenizer.chat_template str              = {{- bos_token }}\n{%- if custom_tools ...
llama_model_loader: - kv  30:               general.quantization_version u32              = 2
llama_model_loader: - kv  31:                      quantize.imatrix.file str              = /models_out/Llama-3.2-1B-Instruct-GGU...
llama_model_loader: - kv  32:                   quantize.imatrix.dataset str              = /training_dir/calibration_datav3.txt
llama_model_loader: - kv  33:             quantize.imatrix.entries_count i32              = 112
llama_model_loader: - kv  34:              quantize.imatrix.chunks_count i32              = 125
llama_model_loader: - type  f32:   34 tensors
llama_model_loader: - type q4_0:  110 tensors
llama_model_loader: - type q4_1:    2 tensors
llama_model_loader: - type q6_K:    1 tensors
print_info: file format = GGUF V3 (latest)
print_info: file type   = Q4_0
print_info: file size   = 729.75 MiB (4.95 BPW) 
load: printing all EOG tokens:
load:   - 128001 ('<|end_of_text|>')
load:   - 128008 ('<|eom_id|>')
load:   - 128009 ('<|eot_id|>')
load: special tokens cache size = 256
load: token to piece cache size = 0.7999 MB
print_info: arch             = llama
print_info: vocab_only       = 0
print_info: n_ctx_train      = 131072
print_info: n_embd           = 2048
print_info: n_layer          = 16
print_info: n_head           = 32
print_info: n_head_kv        = 8
print_info: n_rot            = 64
print_info: n_swa            = 0
print_info: is_swa_any       = 0
print_info: n_embd_head_k    = 64
print_info: n_embd_head_v    = 64
print_info: n_gqa            = 4
print_info: n_embd_k_gqa     = 512
print_info: n_embd_v_gqa     = 512
print_info: f_norm_eps       = 0.0e+00
print_info: f_norm_rms_eps   = 1.0e-05
print_info: f_clamp_kqv      = 0.0e+00
print_info: f_max_alibi_bias = 0.0e+00
print_info: f_logit_scale    = 0.0e+00
print_info: f_attn_scale     = 0.0e+00
print_info: n_ff             = 8192
print_info: n_expert         = 0
print_info: n_expert_used    = 0
print_info: n_expert_groups  = 0
print_info: n_group_used     = 0
print_info: causal attn      = 1
print_info: pooling type     = 0
print_info: rope type        = 0
print_info: rope scaling     = linear
print_info: freq_base_train  = 500000.0
print_info: freq_scale_train = 1
print_info: n_ctx_orig_yarn  = 131072
print_info: rope_finetuned   = unknown
print_info: model type       = 1B
print_info: model params     = 1.24 B
print_info: general.name     = Llama 3.2 1B Instruct
print_info: vocab type       = BPE
print_info: n_vocab          = 128256
print_info: n_merges         = 280147
print_info: BOS token        = 128000 '<|begin_of_text|>'
print_info: EOS token        = 128009 '<|eot_id|>'
print_info: EOT token        = 128001 '<|end_of_text|>'
print_info: EOM token        = 128008 '<|eom_id|>'
print_info: LF token         = 198 'Ċ'
print_info: EOG token        = 128001 '<|end_of_text|>'
print_info: EOG token        = 128008 '<|eom_id|>'
print_info: EOG token        = 128009 '<|eot_id|>'
print_info: max token length = 256
load_tensors: loading model tensors, this can take a while... (mmap = false)
load_tensors: offloading 0 repeating layers to GPU
load_tensors: offloaded 0/17 layers to GPU
load_tensors:          CPU model buffer size =   225.75 MiB
load_tensors:   CPU_REPACK model buffer size =   504.00 MiB
.............................................................
llama_context: constructing llama_context
llama_context: n_seq_max     = 1
llama_context: n_ctx         = 1024
llama_context: n_ctx_seq     = 1024
llama_context: n_batch       = 128
llama_context: n_ubatch      = 128
llama_context: causal_attn   = 1
llama_context: flash_attn    = enabled
llama_context: kv_unified    = false
llama_context: freq_base     = 500000.0
llama_context: freq_scale    = 1
llama_context: n_ctx_seq (1024) < n_ctx_train (131072) -- the full capacity of the model will not be utilized
llama_context:        CPU  output buffer size =     0.49 MiB
llama_kv_cache:        CPU KV buffer size =    32.00 MiB
llama_kv_cache: size =   32.00 MiB (  1024 cells,  16 layers,  1/1 seqs), K (f16):   16.00 MiB, V (f16):   16.00 MiB
llama_context:        CPU compute buffer size =    63.62 MiB
llama_context: graph nodes  = 503
llama_context: graph splits = 1
common_init_from_params: added <|end_of_text|> logit bias = -inf
common_init_from_params: added <|eom_id|> logit bias = -inf
common_init_from_params: added <|eot_id|> logit bias = -inf
common_init_from_params: setting dry_penalty_last_n to ctx_size = 1024
common_init_from_params: warming up the model with an empty run - please wait ... (--no-warmup to disable)
main: llama threadpool init, n_threads = 8

system_info: n_threads = 8 (n_threads_batch = 8) / 8 | CPU : NEON = 1 | ARM_FMA = 1 | FP16_VA = 1 | MATMUL_INT8 = 1 | DOTPROD = 1 | REPACK = 1 | 

sampler seed: 4289452582
sampler params: 
	repeat_last_n = 64, repeat_penalty = 1.100, frequency_penalty = 0.100, presence_penalty = 0.400
	dry_multiplier = 1.000, dry_base = 1.750, dry_allowed_length = 2, dry_penalty_last_n = 1024
	top_k = 30, top_p = 1.000, min_p = 0.150, xtc_probability = 0.000, xtc_threshold = 0.100, typical_p = 1.000, top_n_sigma = -1.000, temp = 0.400
	mirostat = 0, mirostat_lr = 0.100, mirostat_ent = 5.000
sampler chain: logits -> logit-bias -> penalties -> dry -> top-n-sigma -> top-k -> typical -> top-p -> min-p -> xtc -> temp-ext -> dist 
generate: n_ctx = 1024, n_batch = 128, n_predict = 600, n_keep = 5

llama_perf_sampler_print:    sampling time =      71.77 ms /   101 runs   (    0.71 ms per token,  1407.27 tokens per second)
llama_perf_context_print:        load time =    1459.56 ms
llama_perf_context_print: prompt eval time =      85.85 ms /    20 tokens (    4.29 ms per token,   232.96 tokens per second)
llama_perf_context_print:        eval time =    1425.84 ms /    80 runs   (   17.82 ms per token,    56.11 tokens per second)
llama_perf_context_print:       total time =    1933.45 ms /   100 tokens
llama_perf_context_print:    graphs reused =         79
llama_memory_breakdown_print: | memory breakdown [MiB] | total   free    self   model   context   compute    unaccounted |
llama_memory_breakdown_print: |   - Host               |                  321 =   225 +      32 +      63                |
llama_memory_breakdown_print: |   - CPU_REPACK         |                  504 =   504 +       0 +       0                |
ggml_opencl: selected platform: 'QUALCOMM Snapdragon(TM)'

ggml_opencl: device: 'QUALCOMM Adreno(TM) 830 (OpenCL 3.0 Adreno(TM) 830)'
ggml_opencl: OpenCL driver: OpenCL 3.0 QUALCOMM build: 0800.40.1 Compiler E031.47.18.36
ggml_opencl: vector subgroup broadcast support: true
ggml_opencl: device FP16 support: true
ggml_opencl: mem base addr align: 128
ggml_opencl: max mem alloc size: 1024 MB
ggml_opencl: device max workgroup size: 1024
ggml_opencl: SVM coarse grain buffer support: true
ggml_opencl: SVM fine grain buffer support: true
ggml_opencl: SVM fine grain system support: false
ggml_opencl: SVM atomics support: true
ggml_opencl: flattening quantized weights representation as struct of arrays (GGML_OPENCL_SOA_Q)
ggml_opencl: using kernels optimized for Adreno (GGML_OPENCL_USE_ADRENO_KERNELS)
ggml_opencl: loading OpenCL kernels........................................................................
ggml_opencl: default device: 'QUALCOMM Adreno(TM) 830 (OpenCL 3.0 Adreno(TM) 830)'
ggml-hex: Hexagon backend (experimental) : allocating new registry : ndev 1
ggml-hex: Hexagon Arch version v79
ggml-hex: allocating new session: HTP0
ggml-hex: new session: HTP0 : session-id 0 domain-id 3 uri file:///libggml-htp-v79.so?htp_iface_skel_handle_invoke&_modver=1.0&_dom=cdsp&_session=0 handle 0xb400007bc08c8f50
build: 0 (unknown) with Android (13324770, +pgo, +bolt, +lto, +mlgo, based on r530567d) clang version 19.0.0 (https://android.googlesource.com/toolchain/llvm-project 97a699bf4812a18fb657c2779f5296a4ab2694d2) for x86_64-unknown-linux-gnu
main: llama backend init
main: load the model and apply lora adapter, if any
llama_model_loader: loaded meta data with 35 key-value pairs and 147 tensors from /data/local/tmp/llama.cpp/../gguf/Llama-3.2-1B-Instruct-Q4_0.gguf (version GGUF V3 (latest))
llama_model_loader: Dumping metadata keys/values. Note: KV overrides do not apply in this output.
llama_model_loader: - kv   0:                       general.architecture str              = llama
llama_model_loader: - kv   1:                               general.type str              = model
llama_model_loader: - kv   2:                               general.name str              = Llama 3.2 1B Instruct
llama_model_loader: - kv   3:                           general.finetune str              = Instruct
llama_model_loader: - kv   4:                           general.basename str              = Llama-3.2
llama_model_loader: - kv   5:                         general.size_label str              = 1B
llama_model_loader: - kv   6:                            general.license str              = llama3.2
llama_model_loader: - kv   7:                               general.tags arr[str,6]       = ["facebook", "meta", "pytorch", "llam...
llama_model_loader: - kv   8:                          general.languages arr[str,8]       = ["en", "de", "fr", "it", "pt", "hi", ...
llama_model_loader: - kv   9:                          llama.block_count u32              = 16
llama_model_loader: - kv  10:                       llama.context_length u32              = 131072
llama_model_loader: - kv  11:                     llama.embedding_length u32              = 2048
llama_model_loader: - kv  12:                  llama.feed_forward_length u32              = 8192
llama_model_loader: - kv  13:                 llama.attention.head_count u32              = 32
llama_model_loader: - kv  14:              llama.attention.head_count_kv u32              = 8
llama_model_loader: - kv  15:                       llama.rope.freq_base f32              = 500000.000000
llama_model_loader: - kv  16:     llama.attention.layer_norm_rms_epsilon f32              = 0.000010
llama_model_loader: - kv  17:                 llama.attention.key_length u32              = 64
llama_model_loader: - kv  18:               llama.attention.value_length u32              = 64
llama_model_loader: - kv  19:                          general.file_type u32              = 2
llama_model_loader: - kv  20:                           llama.vocab_size u32              = 128256
llama_model_loader: - kv  21:                 llama.rope.dimension_count u32              = 64
llama_model_loader: - kv  22:                       tokenizer.ggml.model str              = gpt2
llama_model_loader: - kv  23:                         tokenizer.ggml.pre str              = llama-bpe
llama_model_loader: - kv  24:                      tokenizer.ggml.tokens arr[str,128256]  = ["!", "\"", "#", "$", "%", "&", "'", ...
llama_model_loader: - kv  25:                  tokenizer.ggml.token_type arr[i32,128256]  = [1, 1, 1, 1, 1, 1, 1, 1, 1, 1, 1, 1, ...
llama_model_loader: - kv  26:                      tokenizer.ggml.merges arr[str,280147]  = ["Ġ Ġ", "Ġ ĠĠĠ", "ĠĠ ĠĠ", "...
llama_model_loader: - kv  27:                tokenizer.ggml.bos_token_id u32              = 128000
llama_model_loader: - kv  28:                tokenizer.ggml.eos_token_id u32              = 128009
llama_model_loader: - kv  29:                    tokenizer.chat_template str              = {{- bos_token }}\n{%- if custom_tools ...
llama_model_loader: - kv  30:               general.quantization_version u32              = 2
llama_model_loader: - kv  31:                      quantize.imatrix.file str              = /models_out/Llama-3.2-1B-Instruct-GGU...
llama_model_loader: - kv  32:                   quantize.imatrix.dataset str              = /training_dir/calibration_datav3.txt
llama_model_loader: - kv  33:             quantize.imatrix.entries_count i32              = 112
llama_model_loader: - kv  34:              quantize.imatrix.chunks_count i32              = 125
llama_model_loader: - type  f32:   34 tensors
llama_model_loader: - type q4_0:  110 tensors
llama_model_loader: - type q4_1:    2 tensors
llama_model_loader: - type q6_K:    1 tensors
print_info: file format = GGUF V3 (latest)
print_info: file type   = Q4_0
print_info: file size   = 729.75 MiB (4.95 BPW) 
load: printing all EOG tokens:
load:   - 128001 ('<|end_of_text|>')
load:   - 128008 ('<|eom_id|>')
load:   - 128009 ('<|eot_id|>')
load: special tokens cache size = 256
load: token to piece cache size = 0.7999 MB
print_info: arch             = llama
print_info: vocab_only       = 0
print_info: n_ctx_train      = 131072
print_info: n_embd           = 2048
print_info: n_layer          = 16
print_info: n_head           = 32
print_info: n_head_kv        = 8
print_info: n_rot            = 64
print_info: n_swa            = 0
print_info: is_swa_any       = 0
print_info: n_embd_head_k    = 64
print_info: n_embd_head_v    = 64
print_info: n_gqa            = 4
print_info: n_embd_k_gqa     = 512
print_info: n_embd_v_gqa     = 512
print_info: f_norm_eps       = 0.0e+00
print_info: f_norm_rms_eps   = 1.0e-05
print_info: f_clamp_kqv      = 0.0e+00
print_info: f_max_alibi_bias = 0.0e+00
print_info: f_logit_scale    = 0.0e+00
print_info: f_attn_scale     = 0.0e+00
print_info: n_ff             = 8192
print_info: n_expert         = 0
print_info: n_expert_used    = 0
print_info: n_expert_groups  = 0
print_info: n_group_used     = 0
print_info: causal attn      = 1
print_info: pooling type     = 0
print_info: rope type        = 0
print_info: rope scaling     = linear
print_info: freq_base_train  = 500000.0
print_info: freq_scale_train = 1
print_info: n_ctx_orig_yarn  = 131072
print_info: rope_finetuned   = unknown
print_info: model type       = 1B
print_info: model params     = 1.24 B
print_info: general.name     = Llama 3.2 1B Instruct
print_info: vocab type       = BPE
print_info: n_vocab          = 128256
print_info: n_merges         = 280147
print_info: BOS token        = 128000 '<|begin_of_text|>'
print_info: EOS token        = 128009 '<|eot_id|>'
print_info: EOT token        = 128001 '<|end_of_text|>'
print_info: EOM token        = 128008 '<|eom_id|>'
print_info: LF token         = 198 'Ċ'
print_info: EOG token        = 128001 '<|end_of_text|>'
print_info: EOG token        = 128008 '<|eom_id|>'
print_info: EOG token        = 128009 '<|eot_id|>'
print_info: max token length = 256
load_tensors: loading model tensors, this can take a while... (mmap = false)
load_tensors: offloading 0 repeating layers to GPU
load_tensors: offloaded 0/17 layers to GPU
load_tensors:          CPU model buffer size =   225.75 MiB
load_tensors:   CPU_REPACK model buffer size =   504.00 MiB
.............................................................
llama_context: constructing llama_context
llama_context: n_seq_max     = 1
llama_context: n_ctx         = 1024
llama_context: n_ctx_seq     = 1024
llama_context: n_batch       = 128
llama_context: n_ubatch      = 128
llama_context: causal_attn   = 1
llama_context: flash_attn    = enabled
llama_context: kv_unified    = false
llama_context: freq_base     = 500000.0
llama_context: freq_scale    = 1
llama_context: n_ctx_seq (1024) < n_ctx_train (131072) -- the full capacity of the model will not be utilized
llama_context:        CPU  output buffer size =     0.49 MiB
llama_kv_cache:        CPU KV buffer size =    32.00 MiB
llama_kv_cache: size =   32.00 MiB (  1024 cells,  16 layers,  1/1 seqs), K (f16):   16.00 MiB, V (f16):   16.00 MiB
llama_context:        CPU compute buffer size =    63.62 MiB
llama_context: graph nodes  = 503
llama_context: graph splits = 1
common_init_from_params: added <|end_of_text|> logit bias = -inf
common_init_from_params: added <|eom_id|> logit bias = -inf
common_init_from_params: added <|eot_id|> logit bias = -inf
common_init_from_params: setting dry_penalty_last_n to ctx_size = 1024
common_init_from_params: warming up the model with an empty run - please wait ... (--no-warmup to disable)
main: llama threadpool init, n_threads = 8

system_info: n_threads = 8 (n_threads_batch = 8) / 8 | CPU : NEON = 1 | ARM_FMA = 1 | FP16_VA = 1 | MATMUL_INT8 = 1 | DOTPROD = 1 | REPACK = 1 | 

sampler seed: 3616129821
sampler params: 
	repeat_last_n = 64, repeat_penalty = 1.100, frequency_penalty = 0.100, presence_penalty = 0.400
	dry_multiplier = 1.000, dry_base = 1.750, dry_allowed_length = 2, dry_penalty_last_n = 1024
	top_k = 30, top_p = 1.000, min_p = 0.150, xtc_probability = 0.000, xtc_threshold = 0.100, typical_p = 1.000, top_n_sigma = -1.000, temp = 0.400
	mirostat = 0, mirostat_lr = 0.100, mirostat_ent = 5.000
sampler chain: logits -> logit-bias -> penalties -> dry -> top-n-sigma -> top-k -> typical -> top-p -> min-p -> xtc -> temp-ext -> dist 
generate: n_ctx = 1024, n_batch = 128, n_predict = 600, n_keep = 5

llama_perf_sampler_print:    sampling time =     311.92 ms /   462 runs   (    0.68 ms per token,  1481.15 tokens per second)
llama_perf_context_print:        load time =    1452.25 ms
llama_perf_context_print: prompt eval time =      68.64 ms /    20 tokens (    3.43 ms per token,   291.38 tokens per second)
llama_perf_context_print:        eval time =    6837.39 ms /   441 runs   (   15.50 ms per token,    64.50 tokens per second)
llama_perf_context_print:       total time =    7546.88 ms /   461 tokens
llama_perf_context_print:    graphs reused =        439
llama_memory_breakdown_print: | memory breakdown [MiB] | total   free    self   model   context   compute    unaccounted |
llama_memory_breakdown_print: |   - Host               |                  321 =   225 +      32 +      63                |
llama_memory_breakdown_print: |   - CPU_REPACK         |                  504 =   504 +       0 +       0                |
ggml_opencl: selected platform: 'QUALCOMM Snapdragon(TM)'

ggml_opencl: device: 'QUALCOMM Adreno(TM) 830 (OpenCL 3.0 Adreno(TM) 830)'
ggml_opencl: OpenCL driver: OpenCL 3.0 QUALCOMM build: 0800.40.1 Compiler E031.47.18.36
ggml_opencl: vector subgroup broadcast support: true
ggml_opencl: device FP16 support: true
ggml_opencl: mem base addr align: 128
ggml_opencl: max mem alloc size: 1024 MB
ggml_opencl: device max workgroup size: 1024
ggml_opencl: SVM coarse grain buffer support: true
ggml_opencl: SVM fine grain buffer support: true
ggml_opencl: SVM fine grain system support: false
ggml_opencl: SVM atomics support: true
ggml_opencl: flattening quantized weights representation as struct of arrays (GGML_OPENCL_SOA_Q)
ggml_opencl: using kernels optimized for Adreno (GGML_OPENCL_USE_ADRENO_KERNELS)
ggml_opencl: loading OpenCL kernels........................................................................
ggml_opencl: default device: 'QUALCOMM Adreno(TM) 830 (OpenCL 3.0 Adreno(TM) 830)'
ggml-hex: Hexagon backend (experimental) : allocating new registry : ndev 1
ggml-hex: Hexagon Arch version v79
ggml-hex: allocating new session: HTP0
ggml-hex: new session: HTP0 : session-id 0 domain-id 3 uri file:///libggml-htp-v79.so?htp_iface_skel_handle_invoke&_modver=1.0&_dom=cdsp&_session=0 handle 0xb4000073a72a4110
build: 0 (unknown) with Android (13324770, +pgo, +bolt, +lto, +mlgo, based on r530567d) clang version 19.0.0 (https://android.googlesource.com/toolchain/llvm-project 97a699bf4812a18fb657c2779f5296a4ab2694d2) for x86_64-unknown-linux-gnu
main: llama backend init
main: load the model and apply lora adapter, if any
llama_model_loader: loaded meta data with 35 key-value pairs and 147 tensors from /data/local/tmp/llama.cpp/../gguf/Llama-3.2-1B-Instruct-Q4_0.gguf (version GGUF V3 (latest))
llama_model_loader: Dumping metadata keys/values. Note: KV overrides do not apply in this output.
llama_model_loader: - kv   0:                       general.architecture str              = llama
llama_model_loader: - kv   1:                               general.type str              = model
llama_model_loader: - kv   2:                               general.name str              = Llama 3.2 1B Instruct
llama_model_loader: - kv   3:                           general.finetune str              = Instruct
llama_model_loader: - kv   4:                           general.basename str              = Llama-3.2
llama_model_loader: - kv   5:                         general.size_label str              = 1B
llama_model_loader: - kv   6:                            general.license str              = llama3.2
llama_model_loader: - kv   7:                               general.tags arr[str,6]       = ["facebook", "meta", "pytorch", "llam...
llama_model_loader: - kv   8:                          general.languages arr[str,8]       = ["en", "de", "fr", "it", "pt", "hi", ...
llama_model_loader: - kv   9:                          llama.block_count u32              = 16
llama_model_loader: - kv  10:                       llama.context_length u32              = 131072
llama_model_loader: - kv  11:                     llama.embedding_length u32              = 2048
llama_model_loader: - kv  12:                  llama.feed_forward_length u32              = 8192
llama_model_loader: - kv  13:                 llama.attention.head_count u32              = 32
llama_model_loader: - kv  14:              llama.attention.head_count_kv u32              = 8
llama_model_loader: - kv  15:                       llama.rope.freq_base f32              = 500000.000000
llama_model_loader: - kv  16:     llama.attention.layer_norm_rms_epsilon f32              = 0.000010
llama_model_loader: - kv  17:                 llama.attention.key_length u32              = 64
llama_model_loader: - kv  18:               llama.attention.value_length u32              = 64
llama_model_loader: - kv  19:                          general.file_type u32              = 2
llama_model_loader: - kv  20:                           llama.vocab_size u32              = 128256
llama_model_loader: - kv  21:                 llama.rope.dimension_count u32              = 64
llama_model_loader: - kv  22:                       tokenizer.ggml.model str              = gpt2
llama_model_loader: - kv  23:                         tokenizer.ggml.pre str              = llama-bpe
llama_model_loader: - kv  24:                      tokenizer.ggml.tokens arr[str,128256]  = ["!", "\"", "#", "$", "%", "&", "'", ...
llama_model_loader: - kv  25:                  tokenizer.ggml.token_type arr[i32,128256]  = [1, 1, 1, 1, 1, 1, 1, 1, 1, 1, 1, 1, ...
llama_model_loader: - kv  26:                      tokenizer.ggml.merges arr[str,280147]  = ["Ġ Ġ", "Ġ ĠĠĠ", "ĠĠ ĠĠ", "...
llama_model_loader: - kv  27:                tokenizer.ggml.bos_token_id u32              = 128000
llama_model_loader: - kv  28:                tokenizer.ggml.eos_token_id u32              = 128009
llama_model_loader: - kv  29:                    tokenizer.chat_template str              = {{- bos_token }}\n{%- if custom_tools ...
llama_model_loader: - kv  30:               general.quantization_version u32              = 2
llama_model_loader: - kv  31:                      quantize.imatrix.file str              = /models_out/Llama-3.2-1B-Instruct-GGU...
llama_model_loader: - kv  32:                   quantize.imatrix.dataset str              = /training_dir/calibration_datav3.txt
llama_model_loader: - kv  33:             quantize.imatrix.entries_count i32              = 112
llama_model_loader: - kv  34:              quantize.imatrix.chunks_count i32              = 125
llama_model_loader: - type  f32:   34 tensors
llama_model_loader: - type q4_0:  110 tensors
llama_model_loader: - type q4_1:    2 tensors
llama_model_loader: - type q6_K:    1 tensors
print_info: file format = GGUF V3 (latest)
print_info: file type   = Q4_0
print_info: file size   = 729.75 MiB (4.95 BPW) 
load: printing all EOG tokens:
load:   - 128001 ('<|end_of_text|>')
load:   - 128008 ('<|eom_id|>')
load:   - 128009 ('<|eot_id|>')
load: special tokens cache size = 256
load: token to piece cache size = 0.7999 MB
print_info: arch             = llama
print_info: vocab_only       = 0
print_info: n_ctx_train      = 131072
print_info: n_embd           = 2048
print_info: n_layer          = 16
print_info: n_head           = 32
print_info: n_head_kv        = 8
print_info: n_rot            = 64
print_info: n_swa            = 0
print_info: is_swa_any       = 0
print_info: n_embd_head_k    = 64
print_info: n_embd_head_v    = 64
print_info: n_gqa            = 4
print_info: n_embd_k_gqa     = 512
print_info: n_embd_v_gqa     = 512
print_info: f_norm_eps       = 0.0e+00
print_info: f_norm_rms_eps   = 1.0e-05
print_info: f_clamp_kqv      = 0.0e+00
print_info: f_max_alibi_bias = 0.0e+00
print_info: f_logit_scale    = 0.0e+00
print_info: f_attn_scale     = 0.0e+00
print_info: n_ff             = 8192
print_info: n_expert         = 0
print_info: n_expert_used    = 0
print_info: n_expert_groups  = 0
print_info: n_group_used     = 0
print_info: causal attn      = 1
print_info: pooling type     = 0
print_info: rope type        = 0
print_info: rope scaling     = linear
print_info: freq_base_train  = 500000.0
print_info: freq_scale_train = 1
print_info: n_ctx_orig_yarn  = 131072
print_info: rope_finetuned   = unknown
print_info: model type       = 1B
print_info: model params     = 1.24 B
print_info: general.name     = Llama 3.2 1B Instruct
print_info: vocab type       = BPE
print_info: n_vocab          = 128256
print_info: n_merges         = 280147
print_info: BOS token        = 128000 '<|begin_of_text|>'
print_info: EOS token        = 128009 '<|eot_id|>'
print_info: EOT token        = 128001 '<|end_of_text|>'
print_info: EOM token        = 128008 '<|eom_id|>'
print_info: LF token         = 198 'Ċ'
print_info: EOG token        = 128001 '<|end_of_text|>'
print_info: EOG token        = 128008 '<|eom_id|>'
print_info: EOG token        = 128009 '<|eot_id|>'
print_info: max token length = 256
load_tensors: loading model tensors, this can take a while... (mmap = false)
load_tensors: offloading 0 repeating layers to GPU
load_tensors: offloaded 0/17 layers to GPU
load_tensors:          CPU model buffer size =   225.75 MiB
load_tensors:   CPU_REPACK model buffer size =   504.00 MiB
.............................................................
llama_context: constructing llama_context
llama_context: n_seq_max     = 1
llama_context: n_ctx         = 1024
llama_context: n_ctx_seq     = 1024
llama_context: n_batch       = 128
llama_context: n_ubatch      = 128
llama_context: causal_attn   = 1
llama_context: flash_attn    = enabled
llama_context: kv_unified    = false
llama_context: freq_base     = 500000.0
llama_context: freq_scale    = 1
llama_context: n_ctx_seq (1024) < n_ctx_train (131072) -- the full capacity of the model will not be utilized
llama_context:        CPU  output buffer size =     0.49 MiB
llama_kv_cache:        CPU KV buffer size =    32.00 MiB
llama_kv_cache: size =   32.00 MiB (  1024 cells,  16 layers,  1/1 seqs), K (f16):   16.00 MiB, V (f16):   16.00 MiB
llama_context:        CPU compute buffer size =    63.62 MiB
llama_context: graph nodes  = 503
llama_context: graph splits = 1
common_init_from_params: added <|end_of_text|> logit bias = -inf
common_init_from_params: added <|eom_id|> logit bias = -inf
common_init_from_params: added <|eot_id|> logit bias = -inf
common_init_from_params: setting dry_penalty_last_n to ctx_size = 1024
common_init_from_params: warming up the model with an empty run - please wait ... (--no-warmup to disable)
main: llama threadpool init, n_threads = 8

system_info: n_threads = 8 (n_threads_batch = 8) / 8 | CPU : NEON = 1 | ARM_FMA = 1 | FP16_VA = 1 | MATMUL_INT8 = 1 | DOTPROD = 1 | REPACK = 1 | 

sampler seed: 2055405039
sampler params: 
	repeat_last_n = 64, repeat_penalty = 1.100, frequency_penalty = 0.100, presence_penalty = 0.400
	dry_multiplier = 1.000, dry_base = 1.750, dry_allowed_length = 2, dry_penalty_last_n = 1024
	top_k = 30, top_p = 1.000, min_p = 0.150, xtc_probability = 0.000, xtc_threshold = 0.100, typical_p = 1.000, top_n_sigma = -1.000, temp = 0.400
	mirostat = 0, mirostat_lr = 0.100, mirostat_ent = 5.000
sampler chain: logits -> logit-bias -> penalties -> dry -> top-n-sigma -> top-k -> typical -> top-p -> min-p -> xtc -> temp-ext -> dist 
generate: n_ctx = 1024, n_batch = 128, n_predict = 600, n_keep = 5

llama_perf_sampler_print:    sampling time =     116.19 ms /   161 runs   (    0.72 ms per token,  1385.71 tokens per second)
llama_perf_context_print:        load time =    1222.24 ms
llama_perf_context_print: prompt eval time =     131.29 ms /    26 tokens (    5.05 ms per token,   198.03 tokens per second)
llama_perf_context_print:        eval time =    2351.62 ms /   134 runs   (   17.55 ms per token,    56.98 tokens per second)
llama_perf_context_print:       total time =    2968.15 ms /   160 tokens
llama_perf_context_print:    graphs reused =        133
llama_memory_breakdown_print: | memory breakdown [MiB] | total   free    self   model   context   compute    unaccounted |
llama_memory_breakdown_print: |   - Host               |                  321 =   225 +      32 +      63                |
llama_memory_breakdown_print: |   - CPU_REPACK         |                  504 =   504 +       0 +       0                |
ggml_opencl: selected platform: 'QUALCOMM Snapdragon(TM)'

ggml_opencl: device: 'QUALCOMM Adreno(TM) 830 (OpenCL 3.0 Adreno(TM) 830)'
ggml_opencl: OpenCL driver: OpenCL 3.0 QUALCOMM build: 0800.40.1 Compiler E031.47.18.36
ggml_opencl: vector subgroup broadcast support: true
ggml_opencl: device FP16 support: true
ggml_opencl: mem base addr align: 128
ggml_opencl: max mem alloc size: 1024 MB
ggml_opencl: device max workgroup size: 1024
ggml_opencl: SVM coarse grain buffer support: true
ggml_opencl: SVM fine grain buffer support: true
ggml_opencl: SVM fine grain system support: false
ggml_opencl: SVM atomics support: true
ggml_opencl: flattening quantized weights representation as struct of arrays (GGML_OPENCL_SOA_Q)
ggml_opencl: using kernels optimized for Adreno (GGML_OPENCL_USE_ADRENO_KERNELS)
ggml_opencl: loading OpenCL kernels........................................................................
ggml_opencl: default device: 'QUALCOMM Adreno(TM) 830 (OpenCL 3.0 Adreno(TM) 830)'
ggml-hex: Hexagon backend (experimental) : allocating new registry : ndev 1
ggml-hex: Hexagon Arch version v79
ggml-hex: allocating new session: HTP0
ggml-hex: new session: HTP0 : session-id 0 domain-id 3 uri file:///libggml-htp-v79.so?htp_iface_skel_handle_invoke&_modver=1.0&_dom=cdsp&_session=0 handle 0xb400007d448c6f10
build: 0 (unknown) with Android (13324770, +pgo, +bolt, +lto, +mlgo, based on r530567d) clang version 19.0.0 (https://android.googlesource.com/toolchain/llvm-project 97a699bf4812a18fb657c2779f5296a4ab2694d2) for x86_64-unknown-linux-gnu
main: llama backend init
main: load the model and apply lora adapter, if any
llama_model_loader: loaded meta data with 35 key-value pairs and 147 tensors from /data/local/tmp/llama.cpp/../gguf/Llama-3.2-1B-Instruct-Q4_0.gguf (version GGUF V3 (latest))
llama_model_loader: Dumping metadata keys/values. Note: KV overrides do not apply in this output.
llama_model_loader: - kv   0:                       general.architecture str              = llama
llama_model_loader: - kv   1:                               general.type str              = model
llama_model_loader: - kv   2:                               general.name str              = Llama 3.2 1B Instruct
llama_model_loader: - kv   3:                           general.finetune str              = Instruct
llama_model_loader: - kv   4:                           general.basename str              = Llama-3.2
llama_model_loader: - kv   5:                         general.size_label str              = 1B
llama_model_loader: - kv   6:                            general.license str              = llama3.2
llama_model_loader: - kv   7:                               general.tags arr[str,6]       = ["facebook", "meta", "pytorch", "llam...
llama_model_loader: - kv   8:                          general.languages arr[str,8]       = ["en", "de", "fr", "it", "pt", "hi", ...
llama_model_loader: - kv   9:                          llama.block_count u32              = 16
llama_model_loader: - kv  10:                       llama.context_length u32              = 131072
llama_model_loader: - kv  11:                     llama.embedding_length u32              = 2048
llama_model_loader: - kv  12:                  llama.feed_forward_length u32              = 8192
llama_model_loader: - kv  13:                 llama.attention.head_count u32              = 32
llama_model_loader: - kv  14:              llama.attention.head_count_kv u32              = 8
llama_model_loader: - kv  15:                       llama.rope.freq_base f32              = 500000.000000
llama_model_loader: - kv  16:     llama.attention.layer_norm_rms_epsilon f32              = 0.000010
llama_model_loader: - kv  17:                 llama.attention.key_length u32              = 64
llama_model_loader: - kv  18:               llama.attention.value_length u32              = 64
llama_model_loader: - kv  19:                          general.file_type u32              = 2
llama_model_loader: - kv  20:                           llama.vocab_size u32              = 128256
llama_model_loader: - kv  21:                 llama.rope.dimension_count u32              = 64
llama_model_loader: - kv  22:                       tokenizer.ggml.model str              = gpt2
llama_model_loader: - kv  23:                         tokenizer.ggml.pre str              = llama-bpe
llama_model_loader: - kv  24:                      tokenizer.ggml.tokens arr[str,128256]  = ["!", "\"", "#", "$", "%", "&", "'", ...
llama_model_loader: - kv  25:                  tokenizer.ggml.token_type arr[i32,128256]  = [1, 1, 1, 1, 1, 1, 1, 1, 1, 1, 1, 1, ...
llama_model_loader: - kv  26:                      tokenizer.ggml.merges arr[str,280147]  = ["Ġ Ġ", "Ġ ĠĠĠ", "ĠĠ ĠĠ", "...
llama_model_loader: - kv  27:                tokenizer.ggml.bos_token_id u32              = 128000
llama_model_loader: - kv  28:                tokenizer.ggml.eos_token_id u32              = 128009
llama_model_loader: - kv  29:                    tokenizer.chat_template str              = {{- bos_token }}\n{%- if custom_tools ...
llama_model_loader: - kv  30:               general.quantization_version u32              = 2
llama_model_loader: - kv  31:                      quantize.imatrix.file str              = /models_out/Llama-3.2-1B-Instruct-GGU...
llama_model_loader: - kv  32:                   quantize.imatrix.dataset str              = /training_dir/calibration_datav3.txt
llama_model_loader: - kv  33:             quantize.imatrix.entries_count i32              = 112
llama_model_loader: - kv  34:              quantize.imatrix.chunks_count i32              = 125
llama_model_loader: - type  f32:   34 tensors
llama_model_loader: - type q4_0:  110 tensors
llama_model_loader: - type q4_1:    2 tensors
llama_model_loader: - type q6_K:    1 tensors
print_info: file format = GGUF V3 (latest)
print_info: file type   = Q4_0
print_info: file size   = 729.75 MiB (4.95 BPW) 
load: printing all EOG tokens:
load:   - 128001 ('<|end_of_text|>')
load:   - 128008 ('<|eom_id|>')
load:   - 128009 ('<|eot_id|>')
load: special tokens cache size = 256
load: token to piece cache size = 0.7999 MB
print_info: arch             = llama
print_info: vocab_only       = 0
print_info: n_ctx_train      = 131072
print_info: n_embd           = 2048
print_info: n_layer          = 16
print_info: n_head           = 32
print_info: n_head_kv        = 8
print_info: n_rot            = 64
print_info: n_swa            = 0
print_info: is_swa_any       = 0
print_info: n_embd_head_k    = 64
print_info: n_embd_head_v    = 64
print_info: n_gqa            = 4
print_info: n_embd_k_gqa     = 512
print_info: n_embd_v_gqa     = 512
print_info: f_norm_eps       = 0.0e+00
print_info: f_norm_rms_eps   = 1.0e-05
print_info: f_clamp_kqv      = 0.0e+00
print_info: f_max_alibi_bias = 0.0e+00
print_info: f_logit_scale    = 0.0e+00
print_info: f_attn_scale     = 0.0e+00
print_info: n_ff             = 8192
print_info: n_expert         = 0
print_info: n_expert_used    = 0
print_info: n_expert_groups  = 0
print_info: n_group_used     = 0
print_info: causal attn      = 1
print_info: pooling type     = 0
print_info: rope type        = 0
print_info: rope scaling     = linear
print_info: freq_base_train  = 500000.0
print_info: freq_scale_train = 1
print_info: n_ctx_orig_yarn  = 131072
print_info: rope_finetuned   = unknown
print_info: model type       = 1B
print_info: model params     = 1.24 B
print_info: general.name     = Llama 3.2 1B Instruct
print_info: vocab type       = BPE
print_info: n_vocab          = 128256
print_info: n_merges         = 280147
print_info: BOS token        = 128000 '<|begin_of_text|>'
print_info: EOS token        = 128009 '<|eot_id|>'
print_info: EOT token        = 128001 '<|end_of_text|>'
print_info: EOM token        = 128008 '<|eom_id|>'
print_info: LF token         = 198 'Ċ'
print_info: EOG token        = 128001 '<|end_of_text|>'
print_info: EOG token        = 128008 '<|eom_id|>'
print_info: EOG token        = 128009 '<|eot_id|>'
print_info: max token length = 256
load_tensors: loading model tensors, this can take a while... (mmap = false)
load_tensors: offloading 0 repeating layers to GPU
load_tensors: offloaded 0/17 layers to GPU
load_tensors:          CPU model buffer size =   225.75 MiB
load_tensors:   CPU_REPACK model buffer size =   504.00 MiB
.............................................................
llama_context: constructing llama_context
llama_context: n_seq_max     = 1
llama_context: n_ctx         = 1024
llama_context: n_ctx_seq     = 1024
llama_context: n_batch       = 128
llama_context: n_ubatch      = 128
llama_context: causal_attn   = 1
llama_context: flash_attn    = enabled
llama_context: kv_unified    = false
llama_context: freq_base     = 500000.0
llama_context: freq_scale    = 1
llama_context: n_ctx_seq (1024) < n_ctx_train (131072) -- the full capacity of the model will not be utilized
llama_context:        CPU  output buffer size =     0.49 MiB
llama_kv_cache:        CPU KV buffer size =    32.00 MiB
llama_kv_cache: size =   32.00 MiB (  1024 cells,  16 layers,  1/1 seqs), K (f16):   16.00 MiB, V (f16):   16.00 MiB
llama_context:        CPU compute buffer size =    63.62 MiB
llama_context: graph nodes  = 503
llama_context: graph splits = 1
common_init_from_params: added <|end_of_text|> logit bias = -inf
common_init_from_params: added <|eom_id|> logit bias = -inf
common_init_from_params: added <|eot_id|> logit bias = -inf
common_init_from_params: setting dry_penalty_last_n to ctx_size = 1024
common_init_from_params: warming up the model with an empty run - please wait ... (--no-warmup to disable)
main: llama threadpool init, n_threads = 8

system_info: n_threads = 8 (n_threads_batch = 8) / 8 | CPU : NEON = 1 | ARM_FMA = 1 | FP16_VA = 1 | MATMUL_INT8 = 1 | DOTPROD = 1 | REPACK = 1 | 

sampler seed: 1995642048
sampler params: 
	repeat_last_n = 64, repeat_penalty = 1.100, frequency_penalty = 0.100, presence_penalty = 0.400
	dry_multiplier = 1.000, dry_base = 1.750, dry_allowed_length = 2, dry_penalty_last_n = 1024
	top_k = 30, top_p = 1.000, min_p = 0.150, xtc_probability = 0.000, xtc_threshold = 0.100, typical_p = 1.000, top_n_sigma = -1.000, temp = 0.400
	mirostat = 0, mirostat_lr = 0.100, mirostat_ent = 5.000
sampler chain: logits -> logit-bias -> penalties -> dry -> top-n-sigma -> top-k -> typical -> top-p -> min-p -> xtc -> temp-ext -> dist 
generate: n_ctx = 1024, n_batch = 128, n_predict = 600, n_keep = 5

llama_perf_sampler_print:    sampling time =     471.16 ms /   599 runs   (    0.79 ms per token,  1271.32 tokens per second)
llama_perf_context_print:        load time =    1030.94 ms
llama_perf_context_print: prompt eval time =     125.99 ms /    27 tokens (    4.67 ms per token,   214.30 tokens per second)
llama_perf_context_print:        eval time =    9377.48 ms /   571 runs   (   16.42 ms per token,    60.89 tokens per second)
llama_perf_context_print:       total time =   10334.88 ms /   598 tokens
llama_perf_context_print:    graphs reused =        568
llama_memory_breakdown_print: | memory breakdown [MiB] | total   free    self   model   context   compute    unaccounted |
llama_memory_breakdown_print: |   - Host               |                  321 =   225 +      32 +      63                |
llama_memory_breakdown_print: |   - CPU_REPACK         |                  504 =   504 +       0 +       0                |
ggml_opencl: selected platform: 'QUALCOMM Snapdragon(TM)'

ggml_opencl: device: 'QUALCOMM Adreno(TM) 830 (OpenCL 3.0 Adreno(TM) 830)'
ggml_opencl: OpenCL driver: OpenCL 3.0 QUALCOMM build: 0800.40.1 Compiler E031.47.18.36
ggml_opencl: vector subgroup broadcast support: true
ggml_opencl: device FP16 support: true
ggml_opencl: mem base addr align: 128
ggml_opencl: max mem alloc size: 1024 MB
ggml_opencl: device max workgroup size: 1024
ggml_opencl: SVM coarse grain buffer support: true
ggml_opencl: SVM fine grain buffer support: true
ggml_opencl: SVM fine grain system support: false
ggml_opencl: SVM atomics support: true
ggml_opencl: flattening quantized weights representation as struct of arrays (GGML_OPENCL_SOA_Q)
ggml_opencl: using kernels optimized for Adreno (GGML_OPENCL_USE_ADRENO_KERNELS)
ggml_opencl: loading OpenCL kernels........................................................................
ggml_opencl: default device: 'QUALCOMM Adreno(TM) 830 (OpenCL 3.0 Adreno(TM) 830)'
ggml-hex: Hexagon backend (experimental) : allocating new registry : ndev 1
ggml-hex: Hexagon Arch version v79
ggml-hex: allocating new session: HTP0
ggml-hex: new session: HTP0 : session-id 0 domain-id 3 uri file:///libggml-htp-v79.so?htp_iface_skel_handle_invoke&_modver=1.0&_dom=cdsp&_session=0 handle 0xb4000076798c8710
build: 0 (unknown) with Android (13324770, +pgo, +bolt, +lto, +mlgo, based on r530567d) clang version 19.0.0 (https://android.googlesource.com/toolchain/llvm-project 97a699bf4812a18fb657c2779f5296a4ab2694d2) for x86_64-unknown-linux-gnu
main: llama backend init
main: load the model and apply lora adapter, if any
llama_model_loader: loaded meta data with 35 key-value pairs and 147 tensors from /data/local/tmp/llama.cpp/../gguf/Llama-3.2-1B-Instruct-Q4_0.gguf (version GGUF V3 (latest))
llama_model_loader: Dumping metadata keys/values. Note: KV overrides do not apply in this output.
llama_model_loader: - kv   0:                       general.architecture str              = llama
llama_model_loader: - kv   1:                               general.type str              = model
llama_model_loader: - kv   2:                               general.name str              = Llama 3.2 1B Instruct
llama_model_loader: - kv   3:                           general.finetune str              = Instruct
llama_model_loader: - kv   4:                           general.basename str              = Llama-3.2
llama_model_loader: - kv   5:                         general.size_label str              = 1B
llama_model_loader: - kv   6:                            general.license str              = llama3.2
llama_model_loader: - kv   7:                               general.tags arr[str,6]       = ["facebook", "meta", "pytorch", "llam...
llama_model_loader: - kv   8:                          general.languages arr[str,8]       = ["en", "de", "fr", "it", "pt", "hi", ...
llama_model_loader: - kv   9:                          llama.block_count u32              = 16
llama_model_loader: - kv  10:                       llama.context_length u32              = 131072
llama_model_loader: - kv  11:                     llama.embedding_length u32              = 2048
llama_model_loader: - kv  12:                  llama.feed_forward_length u32              = 8192
llama_model_loader: - kv  13:                 llama.attention.head_count u32              = 32
llama_model_loader: - kv  14:              llama.attention.head_count_kv u32              = 8
llama_model_loader: - kv  15:                       llama.rope.freq_base f32              = 500000.000000
llama_model_loader: - kv  16:     llama.attention.layer_norm_rms_epsilon f32              = 0.000010
llama_model_loader: - kv  17:                 llama.attention.key_length u32              = 64
llama_model_loader: - kv  18:               llama.attention.value_length u32              = 64
llama_model_loader: - kv  19:                          general.file_type u32              = 2
llama_model_loader: - kv  20:                           llama.vocab_size u32              = 128256
llama_model_loader: - kv  21:                 llama.rope.dimension_count u32              = 64
llama_model_loader: - kv  22:                       tokenizer.ggml.model str              = gpt2
llama_model_loader: - kv  23:                         tokenizer.ggml.pre str              = llama-bpe
llama_model_loader: - kv  24:                      tokenizer.ggml.tokens arr[str,128256]  = ["!", "\"", "#", "$", "%", "&", "'", ...
llama_model_loader: - kv  25:                  tokenizer.ggml.token_type arr[i32,128256]  = [1, 1, 1, 1, 1, 1, 1, 1, 1, 1, 1, 1, ...
llama_model_loader: - kv  26:                      tokenizer.ggml.merges arr[str,280147]  = ["Ġ Ġ", "Ġ ĠĠĠ", "ĠĠ ĠĠ", "...
llama_model_loader: - kv  27:                tokenizer.ggml.bos_token_id u32              = 128000
llama_model_loader: - kv  28:                tokenizer.ggml.eos_token_id u32              = 128009
llama_model_loader: - kv  29:                    tokenizer.chat_template str              = {{- bos_token }}\n{%- if custom_tools ...
llama_model_loader: - kv  30:               general.quantization_version u32              = 2
llama_model_loader: - kv  31:                      quantize.imatrix.file str              = /models_out/Llama-3.2-1B-Instruct-GGU...
llama_model_loader: - kv  32:                   quantize.imatrix.dataset str              = /training_dir/calibration_datav3.txt
llama_model_loader: - kv  33:             quantize.imatrix.entries_count i32              = 112
llama_model_loader: - kv  34:              quantize.imatrix.chunks_count i32              = 125
llama_model_loader: - type  f32:   34 tensors
llama_model_loader: - type q4_0:  110 tensors
llama_model_loader: - type q4_1:    2 tensors
llama_model_loader: - type q6_K:    1 tensors
print_info: file format = GGUF V3 (latest)
print_info: file type   = Q4_0
print_info: file size   = 729.75 MiB (4.95 BPW) 
load: printing all EOG tokens:
load:   - 128001 ('<|end_of_text|>')
load:   - 128008 ('<|eom_id|>')
load:   - 128009 ('<|eot_id|>')
load: special tokens cache size = 256
load: token to piece cache size = 0.7999 MB
print_info: arch             = llama
print_info: vocab_only       = 0
print_info: n_ctx_train      = 131072
print_info: n_embd           = 2048
print_info: n_layer          = 16
print_info: n_head           = 32
print_info: n_head_kv        = 8
print_info: n_rot            = 64
print_info: n_swa            = 0
print_info: is_swa_any       = 0
print_info: n_embd_head_k    = 64
print_info: n_embd_head_v    = 64
print_info: n_gqa            = 4
print_info: n_embd_k_gqa     = 512
print_info: n_embd_v_gqa     = 512
print_info: f_norm_eps       = 0.0e+00
print_info: f_norm_rms_eps   = 1.0e-05
print_info: f_clamp_kqv      = 0.0e+00
print_info: f_max_alibi_bias = 0.0e+00
print_info: f_logit_scale    = 0.0e+00
print_info: f_attn_scale     = 0.0e+00
print_info: n_ff             = 8192
print_info: n_expert         = 0
print_info: n_expert_used    = 0
print_info: n_expert_groups  = 0
print_info: n_group_used     = 0
print_info: causal attn      = 1
print_info: pooling type     = 0
print_info: rope type        = 0
print_info: rope scaling     = linear
print_info: freq_base_train  = 500000.0
print_info: freq_scale_train = 1
print_info: n_ctx_orig_yarn  = 131072
print_info: rope_finetuned   = unknown
print_info: model type       = 1B
print_info: model params     = 1.24 B
print_info: general.name     = Llama 3.2 1B Instruct
print_info: vocab type       = BPE
print_info: n_vocab          = 128256
print_info: n_merges         = 280147
print_info: BOS token        = 128000 '<|begin_of_text|>'
print_info: EOS token        = 128009 '<|eot_id|>'
print_info: EOT token        = 128001 '<|end_of_text|>'
print_info: EOM token        = 128008 '<|eom_id|>'
print_info: LF token         = 198 'Ċ'
print_info: EOG token        = 128001 '<|end_of_text|>'
print_info: EOG token        = 128008 '<|eom_id|>'
print_info: EOG token        = 128009 '<|eot_id|>'
print_info: max token length = 256
load_tensors: loading model tensors, this can take a while... (mmap = false)
load_tensors: offloading 0 repeating layers to GPU
load_tensors: offloaded 0/17 layers to GPU
load_tensors:          CPU model buffer size =   225.75 MiB
load_tensors:   CPU_REPACK model buffer size =   504.00 MiB
.............................................................
llama_context: constructing llama_context
llama_context: n_seq_max     = 1
llama_context: n_ctx         = 1024
llama_context: n_ctx_seq     = 1024
llama_context: n_batch       = 128
llama_context: n_ubatch      = 128
llama_context: causal_attn   = 1
llama_context: flash_attn    = enabled
llama_context: kv_unified    = false
llama_context: freq_base     = 500000.0
llama_context: freq_scale    = 1
llama_context: n_ctx_seq (1024) < n_ctx_train (131072) -- the full capacity of the model will not be utilized
llama_context:        CPU  output buffer size =     0.49 MiB
llama_kv_cache:        CPU KV buffer size =    32.00 MiB
llama_kv_cache: size =   32.00 MiB (  1024 cells,  16 layers,  1/1 seqs), K (f16):   16.00 MiB, V (f16):   16.00 MiB
llama_context:        CPU compute buffer size =    63.62 MiB
llama_context: graph nodes  = 503
llama_context: graph splits = 1
common_init_from_params: added <|end_of_text|> logit bias = -inf
common_init_from_params: added <|eom_id|> logit bias = -inf
common_init_from_params: added <|eot_id|> logit bias = -inf
common_init_from_params: setting dry_penalty_last_n to ctx_size = 1024
common_init_from_params: warming up the model with an empty run - please wait ... (--no-warmup to disable)
main: llama threadpool init, n_threads = 8

system_info: n_threads = 8 (n_threads_batch = 8) / 8 | CPU : NEON = 1 | ARM_FMA = 1 | FP16_VA = 1 | MATMUL_INT8 = 1 | DOTPROD = 1 | REPACK = 1 | 

sampler seed: 2496811019
sampler params: 
	repeat_last_n = 64, repeat_penalty = 1.100, frequency_penalty = 0.100, presence_penalty = 0.400
	dry_multiplier = 1.000, dry_base = 1.750, dry_allowed_length = 2, dry_penalty_last_n = 1024
	top_k = 30, top_p = 1.000, min_p = 0.150, xtc_probability = 0.000, xtc_threshold = 0.100, typical_p = 1.000, top_n_sigma = -1.000, temp = 0.400
	mirostat = 0, mirostat_lr = 0.100, mirostat_ent = 5.000
sampler chain: logits -> logit-bias -> penalties -> dry -> top-n-sigma -> top-k -> typical -> top-p -> min-p -> xtc -> temp-ext -> dist 
generate: n_ctx = 1024, n_batch = 128, n_predict = 600, n_keep = 5

llama_perf_sampler_print:    sampling time =     330.82 ms /   399 runs   (    0.83 ms per token,  1206.09 tokens per second)
llama_perf_context_print:        load time =    1206.17 ms
llama_perf_context_print: prompt eval time =     113.57 ms /    23 tokens (    4.94 ms per token,   202.52 tokens per second)
llama_perf_context_print:        eval time =    6678.69 ms /   375 runs   (   17.81 ms per token,    56.15 tokens per second)
llama_perf_context_print:       total time =    7523.86 ms /   398 tokens
llama_perf_context_print:    graphs reused =        373
llama_memory_breakdown_print: | memory breakdown [MiB] | total   free    self   model   context   compute    unaccounted |
llama_memory_breakdown_print: |   - Host               |                  321 =   225 +      32 +      63                |
llama_memory_breakdown_print: |   - CPU_REPACK         |                  504 =   504 +       0 +       0                |
ggml_opencl: selected platform: 'QUALCOMM Snapdragon(TM)'

ggml_opencl: device: 'QUALCOMM Adreno(TM) 830 (OpenCL 3.0 Adreno(TM) 830)'
ggml_opencl: OpenCL driver: OpenCL 3.0 QUALCOMM build: 0800.40.1 Compiler E031.47.18.36
ggml_opencl: vector subgroup broadcast support: true
ggml_opencl: device FP16 support: true
ggml_opencl: mem base addr align: 128
ggml_opencl: max mem alloc size: 1024 MB
ggml_opencl: device max workgroup size: 1024
ggml_opencl: SVM coarse grain buffer support: true
ggml_opencl: SVM fine grain buffer support: true
ggml_opencl: SVM fine grain system support: false
ggml_opencl: SVM atomics support: true
ggml_opencl: flattening quantized weights representation as struct of arrays (GGML_OPENCL_SOA_Q)
ggml_opencl: using kernels optimized for Adreno (GGML_OPENCL_USE_ADRENO_KERNELS)
ggml_opencl: loading OpenCL kernels........................................................................
ggml_opencl: default device: 'QUALCOMM Adreno(TM) 830 (OpenCL 3.0 Adreno(TM) 830)'
ggml-hex: Hexagon backend (experimental) : allocating new registry : ndev 1
ggml-hex: Hexagon Arch version v79
ggml-hex: allocating new session: HTP0
ggml-hex: new session: HTP0 : session-id 0 domain-id 3 uri file:///libggml-htp-v79.so?htp_iface_skel_handle_invoke&_modver=1.0&_dom=cdsp&_session=0 handle 0xb40000779e3bead0
build: 0 (unknown) with Android (13324770, +pgo, +bolt, +lto, +mlgo, based on r530567d) clang version 19.0.0 (https://android.googlesource.com/toolchain/llvm-project 97a699bf4812a18fb657c2779f5296a4ab2694d2) for x86_64-unknown-linux-gnu
main: llama backend init
main: load the model and apply lora adapter, if any
llama_model_loader: loaded meta data with 35 key-value pairs and 147 tensors from /data/local/tmp/llama.cpp/../gguf/Llama-3.2-1B-Instruct-Q4_0.gguf (version GGUF V3 (latest))
llama_model_loader: Dumping metadata keys/values. Note: KV overrides do not apply in this output.
llama_model_loader: - kv   0:                       general.architecture str              = llama
llama_model_loader: - kv   1:                               general.type str              = model
llama_model_loader: - kv   2:                               general.name str              = Llama 3.2 1B Instruct
llama_model_loader: - kv   3:                           general.finetune str              = Instruct
llama_model_loader: - kv   4:                           general.basename str              = Llama-3.2
llama_model_loader: - kv   5:                         general.size_label str              = 1B
llama_model_loader: - kv   6:                            general.license str              = llama3.2
llama_model_loader: - kv   7:                               general.tags arr[str,6]       = ["facebook", "meta", "pytorch", "llam...
llama_model_loader: - kv   8:                          general.languages arr[str,8]       = ["en", "de", "fr", "it", "pt", "hi", ...
llama_model_loader: - kv   9:                          llama.block_count u32              = 16
llama_model_loader: - kv  10:                       llama.context_length u32              = 131072
llama_model_loader: - kv  11:                     llama.embedding_length u32              = 2048
llama_model_loader: - kv  12:                  llama.feed_forward_length u32              = 8192
llama_model_loader: - kv  13:                 llama.attention.head_count u32              = 32
llama_model_loader: - kv  14:              llama.attention.head_count_kv u32              = 8
llama_model_loader: - kv  15:                       llama.rope.freq_base f32              = 500000.000000
llama_model_loader: - kv  16:     llama.attention.layer_norm_rms_epsilon f32              = 0.000010
llama_model_loader: - kv  17:                 llama.attention.key_length u32              = 64
llama_model_loader: - kv  18:               llama.attention.value_length u32              = 64
llama_model_loader: - kv  19:                          general.file_type u32              = 2
llama_model_loader: - kv  20:                           llama.vocab_size u32              = 128256
llama_model_loader: - kv  21:                 llama.rope.dimension_count u32              = 64
llama_model_loader: - kv  22:                       tokenizer.ggml.model str              = gpt2
llama_model_loader: - kv  23:                         tokenizer.ggml.pre str              = llama-bpe
llama_model_loader: - kv  24:                      tokenizer.ggml.tokens arr[str,128256]  = ["!", "\"", "#", "$", "%", "&", "'", ...
llama_model_loader: - kv  25:                  tokenizer.ggml.token_type arr[i32,128256]  = [1, 1, 1, 1, 1, 1, 1, 1, 1, 1, 1, 1, ...
llama_model_loader: - kv  26:                      tokenizer.ggml.merges arr[str,280147]  = ["Ġ Ġ", "Ġ ĠĠĠ", "ĠĠ ĠĠ", "...
llama_model_loader: - kv  27:                tokenizer.ggml.bos_token_id u32              = 128000
llama_model_loader: - kv  28:                tokenizer.ggml.eos_token_id u32              = 128009
llama_model_loader: - kv  29:                    tokenizer.chat_template str              = {{- bos_token }}\n{%- if custom_tools ...
llama_model_loader: - kv  30:               general.quantization_version u32              = 2
llama_model_loader: - kv  31:                      quantize.imatrix.file str              = /models_out/Llama-3.2-1B-Instruct-GGU...
llama_model_loader: - kv  32:                   quantize.imatrix.dataset str              = /training_dir/calibration_datav3.txt
llama_model_loader: - kv  33:             quantize.imatrix.entries_count i32              = 112
llama_model_loader: - kv  34:              quantize.imatrix.chunks_count i32              = 125
llama_model_loader: - type  f32:   34 tensors
llama_model_loader: - type q4_0:  110 tensors
llama_model_loader: - type q4_1:    2 tensors
llama_model_loader: - type q6_K:    1 tensors
print_info: file format = GGUF V3 (latest)
print_info: file type   = Q4_0
print_info: file size   = 729.75 MiB (4.95 BPW) 
load: printing all EOG tokens:
load:   - 128001 ('<|end_of_text|>')
load:   - 128008 ('<|eom_id|>')
load:   - 128009 ('<|eot_id|>')
load: special tokens cache size = 256
load: token to piece cache size = 0.7999 MB
print_info: arch             = llama
print_info: vocab_only       = 0
print_info: n_ctx_train      = 131072
print_info: n_embd           = 2048
print_info: n_layer          = 16
print_info: n_head           = 32
print_info: n_head_kv        = 8
print_info: n_rot            = 64
print_info: n_swa            = 0
print_info: is_swa_any       = 0
print_info: n_embd_head_k    = 64
print_info: n_embd_head_v    = 64
print_info: n_gqa            = 4
print_info: n_embd_k_gqa     = 512
print_info: n_embd_v_gqa     = 512
print_info: f_norm_eps       = 0.0e+00
print_info: f_norm_rms_eps   = 1.0e-05
print_info: f_clamp_kqv      = 0.0e+00
print_info: f_max_alibi_bias = 0.0e+00
print_info: f_logit_scale    = 0.0e+00
print_info: f_attn_scale     = 0.0e+00
print_info: n_ff             = 8192
print_info: n_expert         = 0
print_info: n_expert_used    = 0
print_info: n_expert_groups  = 0
print_info: n_group_used     = 0
print_info: causal attn      = 1
print_info: pooling type     = 0
print_info: rope type        = 0
print_info: rope scaling     = linear
print_info: freq_base_train  = 500000.0
print_info: freq_scale_train = 1
print_info: n_ctx_orig_yarn  = 131072
print_info: rope_finetuned   = unknown
print_info: model type       = 1B
print_info: model params     = 1.24 B
print_info: general.name     = Llama 3.2 1B Instruct
print_info: vocab type       = BPE
print_info: n_vocab          = 128256
print_info: n_merges         = 280147
print_info: BOS token        = 128000 '<|begin_of_text|>'
print_info: EOS token        = 128009 '<|eot_id|>'
print_info: EOT token        = 128001 '<|end_of_text|>'
print_info: EOM token        = 128008 '<|eom_id|>'
print_info: LF token         = 198 'Ċ'
print_info: EOG token        = 128001 '<|end_of_text|>'
print_info: EOG token        = 128008 '<|eom_id|>'
print_info: EOG token        = 128009 '<|eot_id|>'
print_info: max token length = 256
load_tensors: loading model tensors, this can take a while... (mmap = false)
load_tensors: offloading 0 repeating layers to GPU
load_tensors: offloaded 0/17 layers to GPU
load_tensors:          CPU model buffer size =   225.75 MiB
load_tensors:   CPU_REPACK model buffer size =   504.00 MiB
.............................................................
llama_context: constructing llama_context
llama_context: n_seq_max     = 1
llama_context: n_ctx         = 1024
llama_context: n_ctx_seq     = 1024
llama_context: n_batch       = 128
llama_context: n_ubatch      = 128
llama_context: causal_attn   = 1
llama_context: flash_attn    = enabled
llama_context: kv_unified    = false
llama_context: freq_base     = 500000.0
llama_context: freq_scale    = 1
llama_context: n_ctx_seq (1024) < n_ctx_train (131072) -- the full capacity of the model will not be utilized
llama_context:        CPU  output buffer size =     0.49 MiB
llama_kv_cache:        CPU KV buffer size =    32.00 MiB
llama_kv_cache: size =   32.00 MiB (  1024 cells,  16 layers,  1/1 seqs), K (f16):   16.00 MiB, V (f16):   16.00 MiB
llama_context:        CPU compute buffer size =    63.62 MiB
llama_context: graph nodes  = 503
llama_context: graph splits = 1
common_init_from_params: added <|end_of_text|> logit bias = -inf
common_init_from_params: added <|eom_id|> logit bias = -inf
common_init_from_params: added <|eot_id|> logit bias = -inf
common_init_from_params: setting dry_penalty_last_n to ctx_size = 1024
common_init_from_params: warming up the model with an empty run - please wait ... (--no-warmup to disable)
main: llama threadpool init, n_threads = 8

system_info: n_threads = 8 (n_threads_batch = 8) / 8 | CPU : NEON = 1 | ARM_FMA = 1 | FP16_VA = 1 | MATMUL_INT8 = 1 | DOTPROD = 1 | REPACK = 1 | 

sampler seed: 3930567439
sampler params: 
	repeat_last_n = 64, repeat_penalty = 1.100, frequency_penalty = 0.100, presence_penalty = 0.400
	dry_multiplier = 1.000, dry_base = 1.750, dry_allowed_length = 2, dry_penalty_last_n = 1024
	top_k = 30, top_p = 1.000, min_p = 0.150, xtc_probability = 0.000, xtc_threshold = 0.100, typical_p = 1.000, top_n_sigma = -1.000, temp = 0.400
	mirostat = 0, mirostat_lr = 0.100, mirostat_ent = 5.000
sampler chain: logits -> logit-bias -> penalties -> dry -> top-n-sigma -> top-k -> typical -> top-p -> min-p -> xtc -> temp-ext -> dist 
generate: n_ctx = 1024, n_batch = 128, n_predict = 600, n_keep = 5

llama_perf_sampler_print:    sampling time =     286.44 ms /   314 runs   (    0.91 ms per token,  1096.22 tokens per second)
llama_perf_context_print:        load time =    1226.27 ms
llama_perf_context_print: prompt eval time =      96.89 ms /    23 tokens (    4.21 ms per token,   237.37 tokens per second)
llama_perf_context_print:        eval time =    5274.89 ms /   290 runs   (   18.19 ms per token,    54.98 tokens per second)
llama_perf_context_print:       total time =    6043.15 ms /   313 tokens
llama_perf_context_print:    graphs reused =        288
llama_memory_breakdown_print: | memory breakdown [MiB] | total   free    self   model   context   compute    unaccounted |
llama_memory_breakdown_print: |   - Host               |                  321 =   225 +      32 +      63                |
llama_memory_breakdown_print: |   - CPU_REPACK         |                  504 =   504 +       0 +       0                |
ggml_opencl: selected platform: 'QUALCOMM Snapdragon(TM)'

ggml_opencl: device: 'QUALCOMM Adreno(TM) 830 (OpenCL 3.0 Adreno(TM) 830)'
ggml_opencl: OpenCL driver: OpenCL 3.0 QUALCOMM build: 0800.40.1 Compiler E031.47.18.36
ggml_opencl: vector subgroup broadcast support: true
ggml_opencl: device FP16 support: true
ggml_opencl: mem base addr align: 128
ggml_opencl: max mem alloc size: 1024 MB
ggml_opencl: device max workgroup size: 1024
ggml_opencl: SVM coarse grain buffer support: true
ggml_opencl: SVM fine grain buffer support: true
ggml_opencl: SVM fine grain system support: false
ggml_opencl: SVM atomics support: true
ggml_opencl: flattening quantized weights representation as struct of arrays (GGML_OPENCL_SOA_Q)
ggml_opencl: using kernels optimized for Adreno (GGML_OPENCL_USE_ADRENO_KERNELS)
ggml_opencl: loading OpenCL kernels........................................................................
ggml_opencl: default device: 'QUALCOMM Adreno(TM) 830 (OpenCL 3.0 Adreno(TM) 830)'
ggml-hex: Hexagon backend (experimental) : allocating new registry : ndev 1
ggml-hex: Hexagon Arch version v79
ggml-hex: allocating new session: HTP0
ggml-hex: new session: HTP0 : session-id 0 domain-id 3 uri file:///libggml-htp-v79.so?htp_iface_skel_handle_invoke&_modver=1.0&_dom=cdsp&_session=0 handle 0xb400007ccad07890
build: 0 (unknown) with Android (13324770, +pgo, +bolt, +lto, +mlgo, based on r530567d) clang version 19.0.0 (https://android.googlesource.com/toolchain/llvm-project 97a699bf4812a18fb657c2779f5296a4ab2694d2) for x86_64-unknown-linux-gnu
main: llama backend init
main: load the model and apply lora adapter, if any
llama_model_loader: loaded meta data with 35 key-value pairs and 147 tensors from /data/local/tmp/llama.cpp/../gguf/Llama-3.2-1B-Instruct-Q4_0.gguf (version GGUF V3 (latest))
llama_model_loader: Dumping metadata keys/values. Note: KV overrides do not apply in this output.
llama_model_loader: - kv   0:                       general.architecture str              = llama
llama_model_loader: - kv   1:                               general.type str              = model
llama_model_loader: - kv   2:                               general.name str              = Llama 3.2 1B Instruct
llama_model_loader: - kv   3:                           general.finetune str              = Instruct
llama_model_loader: - kv   4:                           general.basename str              = Llama-3.2
llama_model_loader: - kv   5:                         general.size_label str              = 1B
llama_model_loader: - kv   6:                            general.license str              = llama3.2
llama_model_loader: - kv   7:                               general.tags arr[str,6]       = ["facebook", "meta", "pytorch", "llam...
llama_model_loader: - kv   8:                          general.languages arr[str,8]       = ["en", "de", "fr", "it", "pt", "hi", ...
llama_model_loader: - kv   9:                          llama.block_count u32              = 16
llama_model_loader: - kv  10:                       llama.context_length u32              = 131072
llama_model_loader: - kv  11:                     llama.embedding_length u32              = 2048
llama_model_loader: - kv  12:                  llama.feed_forward_length u32              = 8192
llama_model_loader: - kv  13:                 llama.attention.head_count u32              = 32
llama_model_loader: - kv  14:              llama.attention.head_count_kv u32              = 8
llama_model_loader: - kv  15:                       llama.rope.freq_base f32              = 500000.000000
llama_model_loader: - kv  16:     llama.attention.layer_norm_rms_epsilon f32              = 0.000010
llama_model_loader: - kv  17:                 llama.attention.key_length u32              = 64
llama_model_loader: - kv  18:               llama.attention.value_length u32              = 64
llama_model_loader: - kv  19:                          general.file_type u32              = 2
llama_model_loader: - kv  20:                           llama.vocab_size u32              = 128256
llama_model_loader: - kv  21:                 llama.rope.dimension_count u32              = 64
llama_model_loader: - kv  22:                       tokenizer.ggml.model str              = gpt2
llama_model_loader: - kv  23:                         tokenizer.ggml.pre str              = llama-bpe
llama_model_loader: - kv  24:                      tokenizer.ggml.tokens arr[str,128256]  = ["!", "\"", "#", "$", "%", "&", "'", ...
llama_model_loader: - kv  25:                  tokenizer.ggml.token_type arr[i32,128256]  = [1, 1, 1, 1, 1, 1, 1, 1, 1, 1, 1, 1, ...
llama_model_loader: - kv  26:                      tokenizer.ggml.merges arr[str,280147]  = ["Ġ Ġ", "Ġ ĠĠĠ", "ĠĠ ĠĠ", "...
llama_model_loader: - kv  27:                tokenizer.ggml.bos_token_id u32              = 128000
llama_model_loader: - kv  28:                tokenizer.ggml.eos_token_id u32              = 128009
llama_model_loader: - kv  29:                    tokenizer.chat_template str              = {{- bos_token }}\n{%- if custom_tools ...
llama_model_loader: - kv  30:               general.quantization_version u32              = 2
llama_model_loader: - kv  31:                      quantize.imatrix.file str              = /models_out/Llama-3.2-1B-Instruct-GGU...
llama_model_loader: - kv  32:                   quantize.imatrix.dataset str              = /training_dir/calibration_datav3.txt
llama_model_loader: - kv  33:             quantize.imatrix.entries_count i32              = 112
llama_model_loader: - kv  34:              quantize.imatrix.chunks_count i32              = 125
llama_model_loader: - type  f32:   34 tensors
llama_model_loader: - type q4_0:  110 tensors
llama_model_loader: - type q4_1:    2 tensors
llama_model_loader: - type q6_K:    1 tensors
print_info: file format = GGUF V3 (latest)
print_info: file type   = Q4_0
print_info: file size   = 729.75 MiB (4.95 BPW) 
load: printing all EOG tokens:
load:   - 128001 ('<|end_of_text|>')
load:   - 128008 ('<|eom_id|>')
load:   - 128009 ('<|eot_id|>')
load: special tokens cache size = 256
load: token to piece cache size = 0.7999 MB
print_info: arch             = llama
print_info: vocab_only       = 0
print_info: n_ctx_train      = 131072
print_info: n_embd           = 2048
print_info: n_layer          = 16
print_info: n_head           = 32
print_info: n_head_kv        = 8
print_info: n_rot            = 64
print_info: n_swa            = 0
print_info: is_swa_any       = 0
print_info: n_embd_head_k    = 64
print_info: n_embd_head_v    = 64
print_info: n_gqa            = 4
print_info: n_embd_k_gqa     = 512
print_info: n_embd_v_gqa     = 512
print_info: f_norm_eps       = 0.0e+00
print_info: f_norm_rms_eps   = 1.0e-05
print_info: f_clamp_kqv      = 0.0e+00
print_info: f_max_alibi_bias = 0.0e+00
print_info: f_logit_scale    = 0.0e+00
print_info: f_attn_scale     = 0.0e+00
print_info: n_ff             = 8192
print_info: n_expert         = 0
print_info: n_expert_used    = 0
print_info: n_expert_groups  = 0
print_info: n_group_used     = 0
print_info: causal attn      = 1
print_info: pooling type     = 0
print_info: rope type        = 0
print_info: rope scaling     = linear
print_info: freq_base_train  = 500000.0
print_info: freq_scale_train = 1
print_info: n_ctx_orig_yarn  = 131072
print_info: rope_finetuned   = unknown
print_info: model type       = 1B
print_info: model params     = 1.24 B
print_info: general.name     = Llama 3.2 1B Instruct
print_info: vocab type       = BPE
print_info: n_vocab          = 128256
print_info: n_merges         = 280147
print_info: BOS token        = 128000 '<|begin_of_text|>'
print_info: EOS token        = 128009 '<|eot_id|>'
print_info: EOT token        = 128001 '<|end_of_text|>'
print_info: EOM token        = 128008 '<|eom_id|>'
print_info: LF token         = 198 'Ċ'
print_info: EOG token        = 128001 '<|end_of_text|>'
print_info: EOG token        = 128008 '<|eom_id|>'
print_info: EOG token        = 128009 '<|eot_id|>'
print_info: max token length = 256
load_tensors: loading model tensors, this can take a while... (mmap = false)
load_tensors: offloading 0 repeating layers to GPU
load_tensors: offloaded 0/17 layers to GPU
load_tensors:          CPU model buffer size =   225.75 MiB
load_tensors:   CPU_REPACK model buffer size =   504.00 MiB
.............................................................
llama_context: constructing llama_context
llama_context: n_seq_max     = 1
llama_context: n_ctx         = 1024
llama_context: n_ctx_seq     = 1024
llama_context: n_batch       = 128
llama_context: n_ubatch      = 128
llama_context: causal_attn   = 1
llama_context: flash_attn    = enabled
llama_context: kv_unified    = false
llama_context: freq_base     = 500000.0
llama_context: freq_scale    = 1
llama_context: n_ctx_seq (1024) < n_ctx_train (131072) -- the full capacity of the model will not be utilized
llama_context:        CPU  output buffer size =     0.49 MiB
llama_kv_cache:        CPU KV buffer size =    32.00 MiB
llama_kv_cache: size =   32.00 MiB (  1024 cells,  16 layers,  1/1 seqs), K (f16):   16.00 MiB, V (f16):   16.00 MiB
llama_context:        CPU compute buffer size =    63.62 MiB
llama_context: graph nodes  = 503
llama_context: graph splits = 1
common_init_from_params: added <|end_of_text|> logit bias = -inf
common_init_from_params: added <|eom_id|> logit bias = -inf
common_init_from_params: added <|eot_id|> logit bias = -inf
common_init_from_params: setting dry_penalty_last_n to ctx_size = 1024
common_init_from_params: warming up the model with an empty run - please wait ... (--no-warmup to disable)
main: llama threadpool init, n_threads = 8

system_info: n_threads = 8 (n_threads_batch = 8) / 8 | CPU : NEON = 1 | ARM_FMA = 1 | FP16_VA = 1 | MATMUL_INT8 = 1 | DOTPROD = 1 | REPACK = 1 | 

sampler seed: 2149086958
sampler params: 
	repeat_last_n = 64, repeat_penalty = 1.100, frequency_penalty = 0.100, presence_penalty = 0.400
	dry_multiplier = 1.000, dry_base = 1.750, dry_allowed_length = 2, dry_penalty_last_n = 1024
	top_k = 30, top_p = 1.000, min_p = 0.150, xtc_probability = 0.000, xtc_threshold = 0.100, typical_p = 1.000, top_n_sigma = -1.000, temp = 0.400
	mirostat = 0, mirostat_lr = 0.100, mirostat_ent = 5.000
sampler chain: logits -> logit-bias -> penalties -> dry -> top-n-sigma -> top-k -> typical -> top-p -> min-p -> xtc -> temp-ext -> dist 
generate: n_ctx = 1024, n_batch = 128, n_predict = 600, n_keep = 5

llama_perf_sampler_print:    sampling time =     161.08 ms /   210 runs   (    0.77 ms per token,  1303.68 tokens per second)
llama_perf_context_print:        load time =    1206.74 ms
llama_perf_context_print: prompt eval time =      81.89 ms /    24 tokens (    3.41 ms per token,   293.06 tokens per second)
llama_perf_context_print:        eval time =    3287.97 ms /   185 runs   (   17.77 ms per token,    56.27 tokens per second)
llama_perf_context_print:       total time =    3899.78 ms /   209 tokens
llama_perf_context_print:    graphs reused =        184
llama_memory_breakdown_print: | memory breakdown [MiB] | total   free    self   model   context   compute    unaccounted |
llama_memory_breakdown_print: |   - Host               |                  321 =   225 +      32 +      63                |
llama_memory_breakdown_print: |   - CPU_REPACK         |                  504 =   504 +       0 +       0                |
ggml_opencl: selected platform: 'QUALCOMM Snapdragon(TM)'

ggml_opencl: device: 'QUALCOMM Adreno(TM) 830 (OpenCL 3.0 Adreno(TM) 830)'
ggml_opencl: OpenCL driver: OpenCL 3.0 QUALCOMM build: 0800.40.1 Compiler E031.47.18.36
ggml_opencl: vector subgroup broadcast support: true
ggml_opencl: device FP16 support: true
ggml_opencl: mem base addr align: 128
ggml_opencl: max mem alloc size: 1024 MB
ggml_opencl: device max workgroup size: 1024
ggml_opencl: SVM coarse grain buffer support: true
ggml_opencl: SVM fine grain buffer support: true
ggml_opencl: SVM fine grain system support: false
ggml_opencl: SVM atomics support: true
ggml_opencl: flattening quantized weights representation as struct of arrays (GGML_OPENCL_SOA_Q)
ggml_opencl: using kernels optimized for Adreno (GGML_OPENCL_USE_ADRENO_KERNELS)
ggml_opencl: loading OpenCL kernels........................................................................
ggml_opencl: default device: 'QUALCOMM Adreno(TM) 830 (OpenCL 3.0 Adreno(TM) 830)'
ggml-hex: Hexagon backend (experimental) : allocating new registry : ndev 1
ggml-hex: Hexagon Arch version v79
ggml-hex: allocating new session: HTP0
ggml-hex: new session: HTP0 : session-id 0 domain-id 3 uri file:///libggml-htp-v79.so?htp_iface_skel_handle_invoke&_modver=1.0&_dom=cdsp&_session=0 handle 0xb40000792cfcd190
build: 0 (unknown) with Android (13324770, +pgo, +bolt, +lto, +mlgo, based on r530567d) clang version 19.0.0 (https://android.googlesource.com/toolchain/llvm-project 97a699bf4812a18fb657c2779f5296a4ab2694d2) for x86_64-unknown-linux-gnu
main: llama backend init
main: load the model and apply lora adapter, if any
llama_model_loader: loaded meta data with 35 key-value pairs and 147 tensors from /data/local/tmp/llama.cpp/../gguf/Llama-3.2-1B-Instruct-Q4_0.gguf (version GGUF V3 (latest))
llama_model_loader: Dumping metadata keys/values. Note: KV overrides do not apply in this output.
llama_model_loader: - kv   0:                       general.architecture str              = llama
llama_model_loader: - kv   1:                               general.type str              = model
llama_model_loader: - kv   2:                               general.name str              = Llama 3.2 1B Instruct
llama_model_loader: - kv   3:                           general.finetune str              = Instruct
llama_model_loader: - kv   4:                           general.basename str              = Llama-3.2
llama_model_loader: - kv   5:                         general.size_label str              = 1B
llama_model_loader: - kv   6:                            general.license str              = llama3.2
llama_model_loader: - kv   7:                               general.tags arr[str,6]       = ["facebook", "meta", "pytorch", "llam...
llama_model_loader: - kv   8:                          general.languages arr[str,8]       = ["en", "de", "fr", "it", "pt", "hi", ...
llama_model_loader: - kv   9:                          llama.block_count u32              = 16
llama_model_loader: - kv  10:                       llama.context_length u32              = 131072
llama_model_loader: - kv  11:                     llama.embedding_length u32              = 2048
llama_model_loader: - kv  12:                  llama.feed_forward_length u32              = 8192
llama_model_loader: - kv  13:                 llama.attention.head_count u32              = 32
llama_model_loader: - kv  14:              llama.attention.head_count_kv u32              = 8
llama_model_loader: - kv  15:                       llama.rope.freq_base f32              = 500000.000000
llama_model_loader: - kv  16:     llama.attention.layer_norm_rms_epsilon f32              = 0.000010
llama_model_loader: - kv  17:                 llama.attention.key_length u32              = 64
llama_model_loader: - kv  18:               llama.attention.value_length u32              = 64
llama_model_loader: - kv  19:                          general.file_type u32              = 2
llama_model_loader: - kv  20:                           llama.vocab_size u32              = 128256
llama_model_loader: - kv  21:                 llama.rope.dimension_count u32              = 64
llama_model_loader: - kv  22:                       tokenizer.ggml.model str              = gpt2
llama_model_loader: - kv  23:                         tokenizer.ggml.pre str              = llama-bpe
llama_model_loader: - kv  24:                      tokenizer.ggml.tokens arr[str,128256]  = ["!", "\"", "#", "$", "%", "&", "'", ...
llama_model_loader: - kv  25:                  tokenizer.ggml.token_type arr[i32,128256]  = [1, 1, 1, 1, 1, 1, 1, 1, 1, 1, 1, 1, ...
llama_model_loader: - kv  26:                      tokenizer.ggml.merges arr[str,280147]  = ["Ġ Ġ", "Ġ ĠĠĠ", "ĠĠ ĠĠ", "...
llama_model_loader: - kv  27:                tokenizer.ggml.bos_token_id u32              = 128000
llama_model_loader: - kv  28:                tokenizer.ggml.eos_token_id u32              = 128009
llama_model_loader: - kv  29:                    tokenizer.chat_template str              = {{- bos_token }}\n{%- if custom_tools ...
llama_model_loader: - kv  30:               general.quantization_version u32              = 2
llama_model_loader: - kv  31:                      quantize.imatrix.file str              = /models_out/Llama-3.2-1B-Instruct-GGU...
llama_model_loader: - kv  32:                   quantize.imatrix.dataset str              = /training_dir/calibration_datav3.txt
llama_model_loader: - kv  33:             quantize.imatrix.entries_count i32              = 112
llama_model_loader: - kv  34:              quantize.imatrix.chunks_count i32              = 125
llama_model_loader: - type  f32:   34 tensors
llama_model_loader: - type q4_0:  110 tensors
llama_model_loader: - type q4_1:    2 tensors
llama_model_loader: - type q6_K:    1 tensors
print_info: file format = GGUF V3 (latest)
print_info: file type   = Q4_0
print_info: file size   = 729.75 MiB (4.95 BPW) 
load: printing all EOG tokens:
load:   - 128001 ('<|end_of_text|>')
load:   - 128008 ('<|eom_id|>')
load:   - 128009 ('<|eot_id|>')
load: special tokens cache size = 256
load: token to piece cache size = 0.7999 MB
print_info: arch             = llama
print_info: vocab_only       = 0
print_info: n_ctx_train      = 131072
print_info: n_embd           = 2048
print_info: n_layer          = 16
print_info: n_head           = 32
print_info: n_head_kv        = 8
print_info: n_rot            = 64
print_info: n_swa            = 0
print_info: is_swa_any       = 0
print_info: n_embd_head_k    = 64
print_info: n_embd_head_v    = 64
print_info: n_gqa            = 4
print_info: n_embd_k_gqa     = 512
print_info: n_embd_v_gqa     = 512
print_info: f_norm_eps       = 0.0e+00
print_info: f_norm_rms_eps   = 1.0e-05
print_info: f_clamp_kqv      = 0.0e+00
print_info: f_max_alibi_bias = 0.0e+00
print_info: f_logit_scale    = 0.0e+00
print_info: f_attn_scale     = 0.0e+00
print_info: n_ff             = 8192
print_info: n_expert         = 0
print_info: n_expert_used    = 0
print_info: n_expert_groups  = 0
print_info: n_group_used     = 0
print_info: causal attn      = 1
print_info: pooling type     = 0
print_info: rope type        = 0
print_info: rope scaling     = linear
print_info: freq_base_train  = 500000.0
print_info: freq_scale_train = 1
print_info: n_ctx_orig_yarn  = 131072
print_info: rope_finetuned   = unknown
print_info: model type       = 1B
print_info: model params     = 1.24 B
print_info: general.name     = Llama 3.2 1B Instruct
print_info: vocab type       = BPE
print_info: n_vocab          = 128256
print_info: n_merges         = 280147
print_info: BOS token        = 128000 '<|begin_of_text|>'
print_info: EOS token        = 128009 '<|eot_id|>'
print_info: EOT token        = 128001 '<|end_of_text|>'
print_info: EOM token        = 128008 '<|eom_id|>'
print_info: LF token         = 198 'Ċ'
print_info: EOG token        = 128001 '<|end_of_text|>'
print_info: EOG token        = 128008 '<|eom_id|>'
print_info: EOG token        = 128009 '<|eot_id|>'
print_info: max token length = 256
load_tensors: loading model tensors, this can take a while... (mmap = false)
load_tensors: offloading 0 repeating layers to GPU
load_tensors: offloaded 0/17 layers to GPU
load_tensors:          CPU model buffer size =   225.75 MiB
load_tensors:   CPU_REPACK model buffer size =   504.00 MiB
.............................................................
llama_context: constructing llama_context
llama_context: n_seq_max     = 1
llama_context: n_ctx         = 1024
llama_context: n_ctx_seq     = 1024
llama_context: n_batch       = 128
llama_context: n_ubatch      = 128
llama_context: causal_attn   = 1
llama_context: flash_attn    = enabled
llama_context: kv_unified    = false
llama_context: freq_base     = 500000.0
llama_context: freq_scale    = 1
llama_context: n_ctx_seq (1024) < n_ctx_train (131072) -- the full capacity of the model will not be utilized
llama_context:        CPU  output buffer size =     0.49 MiB
llama_kv_cache:        CPU KV buffer size =    32.00 MiB
llama_kv_cache: size =   32.00 MiB (  1024 cells,  16 layers,  1/1 seqs), K (f16):   16.00 MiB, V (f16):   16.00 MiB
llama_context:        CPU compute buffer size =    63.62 MiB
llama_context: graph nodes  = 503
llama_context: graph splits = 1
common_init_from_params: added <|end_of_text|> logit bias = -inf
common_init_from_params: added <|eom_id|> logit bias = -inf
common_init_from_params: added <|eot_id|> logit bias = -inf
common_init_from_params: setting dry_penalty_last_n to ctx_size = 1024
common_init_from_params: warming up the model with an empty run - please wait ... (--no-warmup to disable)
main: llama threadpool init, n_threads = 8

system_info: n_threads = 8 (n_threads_batch = 8) / 8 | CPU : NEON = 1 | ARM_FMA = 1 | FP16_VA = 1 | MATMUL_INT8 = 1 | DOTPROD = 1 | REPACK = 1 | 

sampler seed: 2313442493
sampler params: 
	repeat_last_n = 64, repeat_penalty = 1.100, frequency_penalty = 0.100, presence_penalty = 0.400
	dry_multiplier = 1.000, dry_base = 1.750, dry_allowed_length = 2, dry_penalty_last_n = 1024
	top_k = 30, top_p = 1.000, min_p = 0.150, xtc_probability = 0.000, xtc_threshold = 0.100, typical_p = 1.000, top_n_sigma = -1.000, temp = 0.400
	mirostat = 0, mirostat_lr = 0.100, mirostat_ent = 5.000
sampler chain: logits -> logit-bias -> penalties -> dry -> top-n-sigma -> top-k -> typical -> top-p -> min-p -> xtc -> temp-ext -> dist 
generate: n_ctx = 1024, n_batch = 128, n_predict = 600, n_keep = 5

llama_perf_sampler_print:    sampling time =     137.73 ms /   212 runs   (    0.65 ms per token,  1539.23 tokens per second)
llama_perf_context_print:        load time =    1742.54 ms
llama_perf_context_print: prompt eval time =      63.11 ms /    20 tokens (    3.16 ms per token,   316.89 tokens per second)
llama_perf_context_print:        eval time =    2954.62 ms /   191 runs   (   15.47 ms per token,    64.64 tokens per second)
llama_perf_context_print:       total time =    3478.64 ms /   211 tokens
llama_perf_context_print:    graphs reused =        190
llama_memory_breakdown_print: | memory breakdown [MiB] | total   free    self   model   context   compute    unaccounted |
llama_memory_breakdown_print: |   - Host               |                  321 =   225 +      32 +      63                |
llama_memory_breakdown_print: |   - CPU_REPACK         |                  504 =   504 +       0 +       0                |
ggml_opencl: selected platform: 'QUALCOMM Snapdragon(TM)'

ggml_opencl: device: 'QUALCOMM Adreno(TM) 830 (OpenCL 3.0 Adreno(TM) 830)'
ggml_opencl: OpenCL driver: OpenCL 3.0 QUALCOMM build: 0800.40.1 Compiler E031.47.18.36
ggml_opencl: vector subgroup broadcast support: true
ggml_opencl: device FP16 support: true
ggml_opencl: mem base addr align: 128
ggml_opencl: max mem alloc size: 1024 MB
ggml_opencl: device max workgroup size: 1024
ggml_opencl: SVM coarse grain buffer support: true
ggml_opencl: SVM fine grain buffer support: true
ggml_opencl: SVM fine grain system support: false
ggml_opencl: SVM atomics support: true
ggml_opencl: flattening quantized weights representation as struct of arrays (GGML_OPENCL_SOA_Q)
ggml_opencl: using kernels optimized for Adreno (GGML_OPENCL_USE_ADRENO_KERNELS)
ggml_opencl: loading OpenCL kernels........................................................................
ggml_opencl: default device: 'QUALCOMM Adreno(TM) 830 (OpenCL 3.0 Adreno(TM) 830)'
ggml-hex: Hexagon backend (experimental) : allocating new registry : ndev 1
ggml-hex: Hexagon Arch version v79
ggml-hex: allocating new session: HTP0
ggml-hex: new session: HTP0 : session-id 0 domain-id 3 uri file:///libggml-htp-v79.so?htp_iface_skel_handle_invoke&_modver=1.0&_dom=cdsp&_session=0 handle 0xb400007ecdedcad0
build: 0 (unknown) with Android (13324770, +pgo, +bolt, +lto, +mlgo, based on r530567d) clang version 19.0.0 (https://android.googlesource.com/toolchain/llvm-project 97a699bf4812a18fb657c2779f5296a4ab2694d2) for x86_64-unknown-linux-gnu
main: llama backend init
main: load the model and apply lora adapter, if any
llama_model_loader: loaded meta data with 35 key-value pairs and 147 tensors from /data/local/tmp/llama.cpp/../gguf/Llama-3.2-1B-Instruct-Q4_0.gguf (version GGUF V3 (latest))
llama_model_loader: Dumping metadata keys/values. Note: KV overrides do not apply in this output.
llama_model_loader: - kv   0:                       general.architecture str              = llama
llama_model_loader: - kv   1:                               general.type str              = model
llama_model_loader: - kv   2:                               general.name str              = Llama 3.2 1B Instruct
llama_model_loader: - kv   3:                           general.finetune str              = Instruct
llama_model_loader: - kv   4:                           general.basename str              = Llama-3.2
llama_model_loader: - kv   5:                         general.size_label str              = 1B
llama_model_loader: - kv   6:                            general.license str              = llama3.2
llama_model_loader: - kv   7:                               general.tags arr[str,6]       = ["facebook", "meta", "pytorch", "llam...
llama_model_loader: - kv   8:                          general.languages arr[str,8]       = ["en", "de", "fr", "it", "pt", "hi", ...
llama_model_loader: - kv   9:                          llama.block_count u32              = 16
llama_model_loader: - kv  10:                       llama.context_length u32              = 131072
llama_model_loader: - kv  11:                     llama.embedding_length u32              = 2048
llama_model_loader: - kv  12:                  llama.feed_forward_length u32              = 8192
llama_model_loader: - kv  13:                 llama.attention.head_count u32              = 32
llama_model_loader: - kv  14:              llama.attention.head_count_kv u32              = 8
llama_model_loader: - kv  15:                       llama.rope.freq_base f32              = 500000.000000
llama_model_loader: - kv  16:     llama.attention.layer_norm_rms_epsilon f32              = 0.000010
llama_model_loader: - kv  17:                 llama.attention.key_length u32              = 64
llama_model_loader: - kv  18:               llama.attention.value_length u32              = 64
llama_model_loader: - kv  19:                          general.file_type u32              = 2
llama_model_loader: - kv  20:                           llama.vocab_size u32              = 128256
llama_model_loader: - kv  21:                 llama.rope.dimension_count u32              = 64
llama_model_loader: - kv  22:                       tokenizer.ggml.model str              = gpt2
llama_model_loader: - kv  23:                         tokenizer.ggml.pre str              = llama-bpe
llama_model_loader: - kv  24:                      tokenizer.ggml.tokens arr[str,128256]  = ["!", "\"", "#", "$", "%", "&", "'", ...
llama_model_loader: - kv  25:                  tokenizer.ggml.token_type arr[i32,128256]  = [1, 1, 1, 1, 1, 1, 1, 1, 1, 1, 1, 1, ...
llama_model_loader: - kv  26:                      tokenizer.ggml.merges arr[str,280147]  = ["Ġ Ġ", "Ġ ĠĠĠ", "ĠĠ ĠĠ", "...
llama_model_loader: - kv  27:                tokenizer.ggml.bos_token_id u32              = 128000
llama_model_loader: - kv  28:                tokenizer.ggml.eos_token_id u32              = 128009
llama_model_loader: - kv  29:                    tokenizer.chat_template str              = {{- bos_token }}\n{%- if custom_tools ...
llama_model_loader: - kv  30:               general.quantization_version u32              = 2
llama_model_loader: - kv  31:                      quantize.imatrix.file str              = /models_out/Llama-3.2-1B-Instruct-GGU...
llama_model_loader: - kv  32:                   quantize.imatrix.dataset str              = /training_dir/calibration_datav3.txt
llama_model_loader: - kv  33:             quantize.imatrix.entries_count i32              = 112
llama_model_loader: - kv  34:              quantize.imatrix.chunks_count i32              = 125
llama_model_loader: - type  f32:   34 tensors
llama_model_loader: - type q4_0:  110 tensors
llama_model_loader: - type q4_1:    2 tensors
llama_model_loader: - type q6_K:    1 tensors
print_info: file format = GGUF V3 (latest)
print_info: file type   = Q4_0
print_info: file size   = 729.75 MiB (4.95 BPW) 
load: printing all EOG tokens:
load:   - 128001 ('<|end_of_text|>')
load:   - 128008 ('<|eom_id|>')
load:   - 128009 ('<|eot_id|>')
load: special tokens cache size = 256
load: token to piece cache size = 0.7999 MB
print_info: arch             = llama
print_info: vocab_only       = 0
print_info: n_ctx_train      = 131072
print_info: n_embd           = 2048
print_info: n_layer          = 16
print_info: n_head           = 32
print_info: n_head_kv        = 8
print_info: n_rot            = 64
print_info: n_swa            = 0
print_info: is_swa_any       = 0
print_info: n_embd_head_k    = 64
print_info: n_embd_head_v    = 64
print_info: n_gqa            = 4
print_info: n_embd_k_gqa     = 512
print_info: n_embd_v_gqa     = 512
print_info: f_norm_eps       = 0.0e+00
print_info: f_norm_rms_eps   = 1.0e-05
print_info: f_clamp_kqv      = 0.0e+00
print_info: f_max_alibi_bias = 0.0e+00
print_info: f_logit_scale    = 0.0e+00
print_info: f_attn_scale     = 0.0e+00
print_info: n_ff             = 8192
print_info: n_expert         = 0
print_info: n_expert_used    = 0
print_info: n_expert_groups  = 0
print_info: n_group_used     = 0
print_info: causal attn      = 1
print_info: pooling type     = 0
print_info: rope type        = 0
print_info: rope scaling     = linear
print_info: freq_base_train  = 500000.0
print_info: freq_scale_train = 1
print_info: n_ctx_orig_yarn  = 131072
print_info: rope_finetuned   = unknown
print_info: model type       = 1B
print_info: model params     = 1.24 B
print_info: general.name     = Llama 3.2 1B Instruct
print_info: vocab type       = BPE
print_info: n_vocab          = 128256
print_info: n_merges         = 280147
print_info: BOS token        = 128000 '<|begin_of_text|>'
print_info: EOS token        = 128009 '<|eot_id|>'
print_info: EOT token        = 128001 '<|end_of_text|>'
print_info: EOM token        = 128008 '<|eom_id|>'
print_info: LF token         = 198 'Ċ'
print_info: EOG token        = 128001 '<|end_of_text|>'
print_info: EOG token        = 128008 '<|eom_id|>'
print_info: EOG token        = 128009 '<|eot_id|>'
print_info: max token length = 256
load_tensors: loading model tensors, this can take a while... (mmap = false)
load_tensors: offloading 0 repeating layers to GPU
load_tensors: offloaded 0/17 layers to GPU
load_tensors:          CPU model buffer size =   225.75 MiB
load_tensors:   CPU_REPACK model buffer size =   504.00 MiB
.............................................................
llama_context: constructing llama_context
llama_context: n_seq_max     = 1
llama_context: n_ctx         = 1024
llama_context: n_ctx_seq     = 1024
llama_context: n_batch       = 128
llama_context: n_ubatch      = 128
llama_context: causal_attn   = 1
llama_context: flash_attn    = enabled
llama_context: kv_unified    = false
llama_context: freq_base     = 500000.0
llama_context: freq_scale    = 1
llama_context: n_ctx_seq (1024) < n_ctx_train (131072) -- the full capacity of the model will not be utilized
llama_context:        CPU  output buffer size =     0.49 MiB
llama_kv_cache:        CPU KV buffer size =    32.00 MiB
llama_kv_cache: size =   32.00 MiB (  1024 cells,  16 layers,  1/1 seqs), K (f16):   16.00 MiB, V (f16):   16.00 MiB
llama_context:        CPU compute buffer size =    63.62 MiB
llama_context: graph nodes  = 503
llama_context: graph splits = 1
common_init_from_params: added <|end_of_text|> logit bias = -inf
common_init_from_params: added <|eom_id|> logit bias = -inf
common_init_from_params: added <|eot_id|> logit bias = -inf
common_init_from_params: setting dry_penalty_last_n to ctx_size = 1024
common_init_from_params: warming up the model with an empty run - please wait ... (--no-warmup to disable)
main: llama threadpool init, n_threads = 8

system_info: n_threads = 8 (n_threads_batch = 8) / 8 | CPU : NEON = 1 | ARM_FMA = 1 | FP16_VA = 1 | MATMUL_INT8 = 1 | DOTPROD = 1 | REPACK = 1 | 

sampler seed: 1472620731
sampler params: 
	repeat_last_n = 64, repeat_penalty = 1.100, frequency_penalty = 0.100, presence_penalty = 0.400
	dry_multiplier = 1.000, dry_base = 1.750, dry_allowed_length = 2, dry_penalty_last_n = 1024
	top_k = 30, top_p = 1.000, min_p = 0.150, xtc_probability = 0.000, xtc_threshold = 0.100, typical_p = 1.000, top_n_sigma = -1.000, temp = 0.400
	mirostat = 0, mirostat_lr = 0.100, mirostat_ent = 5.000
sampler chain: logits -> logit-bias -> penalties -> dry -> top-n-sigma -> top-k -> typical -> top-p -> min-p -> xtc -> temp-ext -> dist 
generate: n_ctx = 1024, n_batch = 128, n_predict = 600, n_keep = 5

llama_perf_sampler_print:    sampling time =     212.21 ms /   324 runs   (    0.65 ms per token,  1526.80 tokens per second)
llama_perf_context_print:        load time =    1705.13 ms
llama_perf_context_print: prompt eval time =     143.47 ms /    34 tokens (    4.22 ms per token,   236.99 tokens per second)
llama_perf_context_print:        eval time =    4502.39 ms /   289 runs   (   15.58 ms per token,    64.19 tokens per second)
llama_perf_context_print:       total time =    5188.66 ms /   323 tokens
llama_perf_context_print:    graphs reused =        287
llama_memory_breakdown_print: | memory breakdown [MiB] | total   free    self   model   context   compute    unaccounted |
llama_memory_breakdown_print: |   - Host               |                  321 =   225 +      32 +      63                |
llama_memory_breakdown_print: |   - CPU_REPACK         |                  504 =   504 +       0 +       0                |
ggml_opencl: selected platform: 'QUALCOMM Snapdragon(TM)'

ggml_opencl: device: 'QUALCOMM Adreno(TM) 830 (OpenCL 3.0 Adreno(TM) 830)'
ggml_opencl: OpenCL driver: OpenCL 3.0 QUALCOMM build: 0800.40.1 Compiler E031.47.18.36
ggml_opencl: vector subgroup broadcast support: true
ggml_opencl: device FP16 support: true
ggml_opencl: mem base addr align: 128
ggml_opencl: max mem alloc size: 1024 MB
ggml_opencl: device max workgroup size: 1024
ggml_opencl: SVM coarse grain buffer support: true
ggml_opencl: SVM fine grain buffer support: true
ggml_opencl: SVM fine grain system support: false
ggml_opencl: SVM atomics support: true
ggml_opencl: flattening quantized weights representation as struct of arrays (GGML_OPENCL_SOA_Q)
ggml_opencl: using kernels optimized for Adreno (GGML_OPENCL_USE_ADRENO_KERNELS)
ggml_opencl: loading OpenCL kernels........................................................................
ggml_opencl: default device: 'QUALCOMM Adreno(TM) 830 (OpenCL 3.0 Adreno(TM) 830)'
ggml-hex: Hexagon backend (experimental) : allocating new registry : ndev 1
ggml-hex: Hexagon Arch version v79
ggml-hex: allocating new session: HTP0
ggml-hex: new session: HTP0 : session-id 0 domain-id 3 uri file:///libggml-htp-v79.so?htp_iface_skel_handle_invoke&_modver=1.0&_dom=cdsp&_session=0 handle 0xb400006f8975d410
build: 0 (unknown) with Android (13324770, +pgo, +bolt, +lto, +mlgo, based on r530567d) clang version 19.0.0 (https://android.googlesource.com/toolchain/llvm-project 97a699bf4812a18fb657c2779f5296a4ab2694d2) for x86_64-unknown-linux-gnu
main: llama backend init
main: load the model and apply lora adapter, if any
llama_model_loader: loaded meta data with 35 key-value pairs and 147 tensors from /data/local/tmp/llama.cpp/../gguf/Llama-3.2-1B-Instruct-Q4_0.gguf (version GGUF V3 (latest))
llama_model_loader: Dumping metadata keys/values. Note: KV overrides do not apply in this output.
llama_model_loader: - kv   0:                       general.architecture str              = llama
llama_model_loader: - kv   1:                               general.type str              = model
llama_model_loader: - kv   2:                               general.name str              = Llama 3.2 1B Instruct
llama_model_loader: - kv   3:                           general.finetune str              = Instruct
llama_model_loader: - kv   4:                           general.basename str              = Llama-3.2
llama_model_loader: - kv   5:                         general.size_label str              = 1B
llama_model_loader: - kv   6:                            general.license str              = llama3.2
llama_model_loader: - kv   7:                               general.tags arr[str,6]       = ["facebook", "meta", "pytorch", "llam...
llama_model_loader: - kv   8:                          general.languages arr[str,8]       = ["en", "de", "fr", "it", "pt", "hi", ...
llama_model_loader: - kv   9:                          llama.block_count u32              = 16
llama_model_loader: - kv  10:                       llama.context_length u32              = 131072
llama_model_loader: - kv  11:                     llama.embedding_length u32              = 2048
llama_model_loader: - kv  12:                  llama.feed_forward_length u32              = 8192
llama_model_loader: - kv  13:                 llama.attention.head_count u32              = 32
llama_model_loader: - kv  14:              llama.attention.head_count_kv u32              = 8
llama_model_loader: - kv  15:                       llama.rope.freq_base f32              = 500000.000000
llama_model_loader: - kv  16:     llama.attention.layer_norm_rms_epsilon f32              = 0.000010
llama_model_loader: - kv  17:                 llama.attention.key_length u32              = 64
llama_model_loader: - kv  18:               llama.attention.value_length u32              = 64
llama_model_loader: - kv  19:                          general.file_type u32              = 2
llama_model_loader: - kv  20:                           llama.vocab_size u32              = 128256
llama_model_loader: - kv  21:                 llama.rope.dimension_count u32              = 64
llama_model_loader: - kv  22:                       tokenizer.ggml.model str              = gpt2
llama_model_loader: - kv  23:                         tokenizer.ggml.pre str              = llama-bpe
llama_model_loader: - kv  24:                      tokenizer.ggml.tokens arr[str,128256]  = ["!", "\"", "#", "$", "%", "&", "'", ...
llama_model_loader: - kv  25:                  tokenizer.ggml.token_type arr[i32,128256]  = [1, 1, 1, 1, 1, 1, 1, 1, 1, 1, 1, 1, ...
llama_model_loader: - kv  26:                      tokenizer.ggml.merges arr[str,280147]  = ["Ġ Ġ", "Ġ ĠĠĠ", "ĠĠ ĠĠ", "...
llama_model_loader: - kv  27:                tokenizer.ggml.bos_token_id u32              = 128000
llama_model_loader: - kv  28:                tokenizer.ggml.eos_token_id u32              = 128009
llama_model_loader: - kv  29:                    tokenizer.chat_template str              = {{- bos_token }}\n{%- if custom_tools ...
llama_model_loader: - kv  30:               general.quantization_version u32              = 2
llama_model_loader: - kv  31:                      quantize.imatrix.file str              = /models_out/Llama-3.2-1B-Instruct-GGU...
llama_model_loader: - kv  32:                   quantize.imatrix.dataset str              = /training_dir/calibration_datav3.txt
llama_model_loader: - kv  33:             quantize.imatrix.entries_count i32              = 112
llama_model_loader: - kv  34:              quantize.imatrix.chunks_count i32              = 125
llama_model_loader: - type  f32:   34 tensors
llama_model_loader: - type q4_0:  110 tensors
llama_model_loader: - type q4_1:    2 tensors
llama_model_loader: - type q6_K:    1 tensors
print_info: file format = GGUF V3 (latest)
print_info: file type   = Q4_0
print_info: file size   = 729.75 MiB (4.95 BPW) 
load: printing all EOG tokens:
load:   - 128001 ('<|end_of_text|>')
load:   - 128008 ('<|eom_id|>')
load:   - 128009 ('<|eot_id|>')
load: special tokens cache size = 256
load: token to piece cache size = 0.7999 MB
print_info: arch             = llama
print_info: vocab_only       = 0
print_info: n_ctx_train      = 131072
print_info: n_embd           = 2048
print_info: n_layer          = 16
print_info: n_head           = 32
print_info: n_head_kv        = 8
print_info: n_rot            = 64
print_info: n_swa            = 0
print_info: is_swa_any       = 0
print_info: n_embd_head_k    = 64
print_info: n_embd_head_v    = 64
print_info: n_gqa            = 4
print_info: n_embd_k_gqa     = 512
print_info: n_embd_v_gqa     = 512
print_info: f_norm_eps       = 0.0e+00
print_info: f_norm_rms_eps   = 1.0e-05
print_info: f_clamp_kqv      = 0.0e+00
print_info: f_max_alibi_bias = 0.0e+00
print_info: f_logit_scale    = 0.0e+00
print_info: f_attn_scale     = 0.0e+00
print_info: n_ff             = 8192
print_info: n_expert         = 0
print_info: n_expert_used    = 0
print_info: n_expert_groups  = 0
print_info: n_group_used     = 0
print_info: causal attn      = 1
print_info: pooling type     = 0
print_info: rope type        = 0
print_info: rope scaling     = linear
print_info: freq_base_train  = 500000.0
print_info: freq_scale_train = 1
print_info: n_ctx_orig_yarn  = 131072
print_info: rope_finetuned   = unknown
print_info: model type       = 1B
print_info: model params     = 1.24 B
print_info: general.name     = Llama 3.2 1B Instruct
print_info: vocab type       = BPE
print_info: n_vocab          = 128256
print_info: n_merges         = 280147
print_info: BOS token        = 128000 '<|begin_of_text|>'
print_info: EOS token        = 128009 '<|eot_id|>'
print_info: EOT token        = 128001 '<|end_of_text|>'
print_info: EOM token        = 128008 '<|eom_id|>'
print_info: LF token         = 198 'Ċ'
print_info: EOG token        = 128001 '<|end_of_text|>'
print_info: EOG token        = 128008 '<|eom_id|>'
print_info: EOG token        = 128009 '<|eot_id|>'
print_info: max token length = 256
load_tensors: loading model tensors, this can take a while... (mmap = false)
load_tensors: offloading 0 repeating layers to GPU
load_tensors: offloaded 0/17 layers to GPU
load_tensors:          CPU model buffer size =   225.75 MiB
load_tensors:   CPU_REPACK model buffer size =   504.00 MiB
.............................................................
llama_context: constructing llama_context
llama_context: n_seq_max     = 1
llama_context: n_ctx         = 1024
llama_context: n_ctx_seq     = 1024
llama_context: n_batch       = 128
llama_context: n_ubatch      = 128
llama_context: causal_attn   = 1
llama_context: flash_attn    = enabled
llama_context: kv_unified    = false
llama_context: freq_base     = 500000.0
llama_context: freq_scale    = 1
llama_context: n_ctx_seq (1024) < n_ctx_train (131072) -- the full capacity of the model will not be utilized
llama_context:        CPU  output buffer size =     0.49 MiB
llama_kv_cache:        CPU KV buffer size =    32.00 MiB
llama_kv_cache: size =   32.00 MiB (  1024 cells,  16 layers,  1/1 seqs), K (f16):   16.00 MiB, V (f16):   16.00 MiB
llama_context:        CPU compute buffer size =    63.62 MiB
llama_context: graph nodes  = 503
llama_context: graph splits = 1
common_init_from_params: added <|end_of_text|> logit bias = -inf
common_init_from_params: added <|eom_id|> logit bias = -inf
common_init_from_params: added <|eot_id|> logit bias = -inf
common_init_from_params: setting dry_penalty_last_n to ctx_size = 1024
common_init_from_params: warming up the model with an empty run - please wait ... (--no-warmup to disable)
main: llama threadpool init, n_threads = 8

system_info: n_threads = 8 (n_threads_batch = 8) / 8 | CPU : NEON = 1 | ARM_FMA = 1 | FP16_VA = 1 | MATMUL_INT8 = 1 | DOTPROD = 1 | REPACK = 1 | 

sampler seed: 2804653220
sampler params: 
	repeat_last_n = 64, repeat_penalty = 1.100, frequency_penalty = 0.100, presence_penalty = 0.400
	dry_multiplier = 1.000, dry_base = 1.750, dry_allowed_length = 2, dry_penalty_last_n = 1024
	top_k = 30, top_p = 1.000, min_p = 0.150, xtc_probability = 0.000, xtc_threshold = 0.100, typical_p = 1.000, top_n_sigma = -1.000, temp = 0.400
	mirostat = 0, mirostat_lr = 0.100, mirostat_ent = 5.000
sampler chain: logits -> logit-bias -> penalties -> dry -> top-n-sigma -> top-k -> typical -> top-p -> min-p -> xtc -> temp-ext -> dist 
generate: n_ctx = 1024, n_batch = 128, n_predict = 600, n_keep = 5

llama_perf_sampler_print:    sampling time =     251.25 ms /   291 runs   (    0.86 ms per token,  1158.19 tokens per second)
llama_perf_context_print:        load time =    1271.19 ms
llama_perf_context_print: prompt eval time =     114.74 ms /    18 tokens (    6.37 ms per token,   156.88 tokens per second)
llama_perf_context_print:        eval time =    4869.33 ms /   272 runs   (   17.90 ms per token,    55.86 tokens per second)
llama_perf_context_print:       total time =    5620.50 ms /   290 tokens
llama_perf_context_print:    graphs reused =        270
llama_memory_breakdown_print: | memory breakdown [MiB] | total   free    self   model   context   compute    unaccounted |
llama_memory_breakdown_print: |   - Host               |                  321 =   225 +      32 +      63                |
llama_memory_breakdown_print: |   - CPU_REPACK         |                  504 =   504 +       0 +       0                |
ggml_opencl: selected platform: 'QUALCOMM Snapdragon(TM)'

ggml_opencl: device: 'QUALCOMM Adreno(TM) 830 (OpenCL 3.0 Adreno(TM) 830)'
ggml_opencl: OpenCL driver: OpenCL 3.0 QUALCOMM build: 0800.40.1 Compiler E031.47.18.36
ggml_opencl: vector subgroup broadcast support: true
ggml_opencl: device FP16 support: true
ggml_opencl: mem base addr align: 128
ggml_opencl: max mem alloc size: 1024 MB
ggml_opencl: device max workgroup size: 1024
ggml_opencl: SVM coarse grain buffer support: true
ggml_opencl: SVM fine grain buffer support: true
ggml_opencl: SVM fine grain system support: false
ggml_opencl: SVM atomics support: true
ggml_opencl: flattening quantized weights representation as struct of arrays (GGML_OPENCL_SOA_Q)
ggml_opencl: using kernels optimized for Adreno (GGML_OPENCL_USE_ADRENO_KERNELS)
ggml_opencl: loading OpenCL kernels........................................................................
ggml_opencl: default device: 'QUALCOMM Adreno(TM) 830 (OpenCL 3.0 Adreno(TM) 830)'
ggml-hex: Hexagon backend (experimental) : allocating new registry : ndev 1
ggml-hex: Hexagon Arch version v79
ggml-hex: allocating new session: HTP0
ggml-hex: new session: HTP0 : session-id 0 domain-id 3 uri file:///libggml-htp-v79.so?htp_iface_skel_handle_invoke&_modver=1.0&_dom=cdsp&_session=0 handle 0xb400007903ff0050
build: 0 (unknown) with Android (13324770, +pgo, +bolt, +lto, +mlgo, based on r530567d) clang version 19.0.0 (https://android.googlesource.com/toolchain/llvm-project 97a699bf4812a18fb657c2779f5296a4ab2694d2) for x86_64-unknown-linux-gnu
main: llama backend init
main: load the model and apply lora adapter, if any
llama_model_loader: loaded meta data with 35 key-value pairs and 147 tensors from /data/local/tmp/llama.cpp/../gguf/Llama-3.2-1B-Instruct-Q4_0.gguf (version GGUF V3 (latest))
llama_model_loader: Dumping metadata keys/values. Note: KV overrides do not apply in this output.
llama_model_loader: - kv   0:                       general.architecture str              = llama
llama_model_loader: - kv   1:                               general.type str              = model
llama_model_loader: - kv   2:                               general.name str              = Llama 3.2 1B Instruct
llama_model_loader: - kv   3:                           general.finetune str              = Instruct
llama_model_loader: - kv   4:                           general.basename str              = Llama-3.2
llama_model_loader: - kv   5:                         general.size_label str              = 1B
llama_model_loader: - kv   6:                            general.license str              = llama3.2
llama_model_loader: - kv   7:                               general.tags arr[str,6]       = ["facebook", "meta", "pytorch", "llam...
llama_model_loader: - kv   8:                          general.languages arr[str,8]       = ["en", "de", "fr", "it", "pt", "hi", ...
llama_model_loader: - kv   9:                          llama.block_count u32              = 16
llama_model_loader: - kv  10:                       llama.context_length u32              = 131072
llama_model_loader: - kv  11:                     llama.embedding_length u32              = 2048
llama_model_loader: - kv  12:                  llama.feed_forward_length u32              = 8192
llama_model_loader: - kv  13:                 llama.attention.head_count u32              = 32
llama_model_loader: - kv  14:              llama.attention.head_count_kv u32              = 8
llama_model_loader: - kv  15:                       llama.rope.freq_base f32              = 500000.000000
llama_model_loader: - kv  16:     llama.attention.layer_norm_rms_epsilon f32              = 0.000010
llama_model_loader: - kv  17:                 llama.attention.key_length u32              = 64
llama_model_loader: - kv  18:               llama.attention.value_length u32              = 64
llama_model_loader: - kv  19:                          general.file_type u32              = 2
llama_model_loader: - kv  20:                           llama.vocab_size u32              = 128256
llama_model_loader: - kv  21:                 llama.rope.dimension_count u32              = 64
llama_model_loader: - kv  22:                       tokenizer.ggml.model str              = gpt2
llama_model_loader: - kv  23:                         tokenizer.ggml.pre str              = llama-bpe
llama_model_loader: - kv  24:                      tokenizer.ggml.tokens arr[str,128256]  = ["!", "\"", "#", "$", "%", "&", "'", ...
llama_model_loader: - kv  25:                  tokenizer.ggml.token_type arr[i32,128256]  = [1, 1, 1, 1, 1, 1, 1, 1, 1, 1, 1, 1, ...
llama_model_loader: - kv  26:                      tokenizer.ggml.merges arr[str,280147]  = ["Ġ Ġ", "Ġ ĠĠĠ", "ĠĠ ĠĠ", "...
llama_model_loader: - kv  27:                tokenizer.ggml.bos_token_id u32              = 128000
llama_model_loader: - kv  28:                tokenizer.ggml.eos_token_id u32              = 128009
llama_model_loader: - kv  29:                    tokenizer.chat_template str              = {{- bos_token }}\n{%- if custom_tools ...
llama_model_loader: - kv  30:               general.quantization_version u32              = 2
llama_model_loader: - kv  31:                      quantize.imatrix.file str              = /models_out/Llama-3.2-1B-Instruct-GGU...
llama_model_loader: - kv  32:                   quantize.imatrix.dataset str              = /training_dir/calibration_datav3.txt
llama_model_loader: - kv  33:             quantize.imatrix.entries_count i32              = 112
llama_model_loader: - kv  34:              quantize.imatrix.chunks_count i32              = 125
llama_model_loader: - type  f32:   34 tensors
llama_model_loader: - type q4_0:  110 tensors
llama_model_loader: - type q4_1:    2 tensors
llama_model_loader: - type q6_K:    1 tensors
print_info: file format = GGUF V3 (latest)
print_info: file type   = Q4_0
print_info: file size   = 729.75 MiB (4.95 BPW) 
load: printing all EOG tokens:
load:   - 128001 ('<|end_of_text|>')
load:   - 128008 ('<|eom_id|>')
load:   - 128009 ('<|eot_id|>')
load: special tokens cache size = 256
load: token to piece cache size = 0.7999 MB
print_info: arch             = llama
print_info: vocab_only       = 0
print_info: n_ctx_train      = 131072
print_info: n_embd           = 2048
print_info: n_layer          = 16
print_info: n_head           = 32
print_info: n_head_kv        = 8
print_info: n_rot            = 64
print_info: n_swa            = 0
print_info: is_swa_any       = 0
print_info: n_embd_head_k    = 64
print_info: n_embd_head_v    = 64
print_info: n_gqa            = 4
print_info: n_embd_k_gqa     = 512
print_info: n_embd_v_gqa     = 512
print_info: f_norm_eps       = 0.0e+00
print_info: f_norm_rms_eps   = 1.0e-05
print_info: f_clamp_kqv      = 0.0e+00
print_info: f_max_alibi_bias = 0.0e+00
print_info: f_logit_scale    = 0.0e+00
print_info: f_attn_scale     = 0.0e+00
print_info: n_ff             = 8192
print_info: n_expert         = 0
print_info: n_expert_used    = 0
print_info: n_expert_groups  = 0
print_info: n_group_used     = 0
print_info: causal attn      = 1
print_info: pooling type     = 0
print_info: rope type        = 0
print_info: rope scaling     = linear
print_info: freq_base_train  = 500000.0
print_info: freq_scale_train = 1
print_info: n_ctx_orig_yarn  = 131072
print_info: rope_finetuned   = unknown
print_info: model type       = 1B
print_info: model params     = 1.24 B
print_info: general.name     = Llama 3.2 1B Instruct
print_info: vocab type       = BPE
print_info: n_vocab          = 128256
print_info: n_merges         = 280147
print_info: BOS token        = 128000 '<|begin_of_text|>'
print_info: EOS token        = 128009 '<|eot_id|>'
print_info: EOT token        = 128001 '<|end_of_text|>'
print_info: EOM token        = 128008 '<|eom_id|>'
print_info: LF token         = 198 'Ċ'
print_info: EOG token        = 128001 '<|end_of_text|>'
print_info: EOG token        = 128008 '<|eom_id|>'
print_info: EOG token        = 128009 '<|eot_id|>'
print_info: max token length = 256
load_tensors: loading model tensors, this can take a while... (mmap = false)
load_tensors: offloading 0 repeating layers to GPU
load_tensors: offloaded 0/17 layers to GPU
load_tensors:          CPU model buffer size =   225.75 MiB
load_tensors:   CPU_REPACK model buffer size =   504.00 MiB
.............................................................
llama_context: constructing llama_context
llama_context: n_seq_max     = 1
llama_context: n_ctx         = 1024
llama_context: n_ctx_seq     = 1024
llama_context: n_batch       = 128
llama_context: n_ubatch      = 128
llama_context: causal_attn   = 1
llama_context: flash_attn    = enabled
llama_context: kv_unified    = false
llama_context: freq_base     = 500000.0
llama_context: freq_scale    = 1
llama_context: n_ctx_seq (1024) < n_ctx_train (131072) -- the full capacity of the model will not be utilized
llama_context:        CPU  output buffer size =     0.49 MiB
llama_kv_cache:        CPU KV buffer size =    32.00 MiB
llama_kv_cache: size =   32.00 MiB (  1024 cells,  16 layers,  1/1 seqs), K (f16):   16.00 MiB, V (f16):   16.00 MiB
llama_context:        CPU compute buffer size =    63.62 MiB
llama_context: graph nodes  = 503
llama_context: graph splits = 1
common_init_from_params: added <|end_of_text|> logit bias = -inf
common_init_from_params: added <|eom_id|> logit bias = -inf
common_init_from_params: added <|eot_id|> logit bias = -inf
common_init_from_params: setting dry_penalty_last_n to ctx_size = 1024
common_init_from_params: warming up the model with an empty run - please wait ... (--no-warmup to disable)
main: llama threadpool init, n_threads = 8

system_info: n_threads = 8 (n_threads_batch = 8) / 8 | CPU : NEON = 1 | ARM_FMA = 1 | FP16_VA = 1 | MATMUL_INT8 = 1 | DOTPROD = 1 | REPACK = 1 | 

sampler seed: 1927658546
sampler params: 
	repeat_last_n = 64, repeat_penalty = 1.100, frequency_penalty = 0.100, presence_penalty = 0.400
	dry_multiplier = 1.000, dry_base = 1.750, dry_allowed_length = 2, dry_penalty_last_n = 1024
	top_k = 30, top_p = 1.000, min_p = 0.150, xtc_probability = 0.000, xtc_threshold = 0.100, typical_p = 1.000, top_n_sigma = -1.000, temp = 0.400
	mirostat = 0, mirostat_lr = 0.100, mirostat_ent = 5.000
sampler chain: logits -> logit-bias -> penalties -> dry -> top-n-sigma -> top-k -> typical -> top-p -> min-p -> xtc -> temp-ext -> dist 
generate: n_ctx = 1024, n_batch = 128, n_predict = 600, n_keep = 5

llama_perf_sampler_print:    sampling time =     263.00 ms /   324 runs   (    0.81 ms per token,  1231.93 tokens per second)
llama_perf_context_print:        load time =    1212.85 ms
llama_perf_context_print: prompt eval time =      81.48 ms /    19 tokens (    4.29 ms per token,   233.20 tokens per second)
llama_perf_context_print:        eval time =    5296.22 ms /   304 runs   (   17.42 ms per token,    57.40 tokens per second)
llama_perf_context_print:       total time =    6023.15 ms /   323 tokens
llama_perf_context_print:    graphs reused =        302
llama_memory_breakdown_print: | memory breakdown [MiB] | total   free    self   model   context   compute    unaccounted |
llama_memory_breakdown_print: |   - Host               |                  321 =   225 +      32 +      63                |
llama_memory_breakdown_print: |   - CPU_REPACK         |                  504 =   504 +       0 +       0                |
ggml_opencl: selected platform: 'QUALCOMM Snapdragon(TM)'

ggml_opencl: device: 'QUALCOMM Adreno(TM) 830 (OpenCL 3.0 Adreno(TM) 830)'
ggml_opencl: OpenCL driver: OpenCL 3.0 QUALCOMM build: 0800.40.1 Compiler E031.47.18.36
ggml_opencl: vector subgroup broadcast support: true
ggml_opencl: device FP16 support: true
ggml_opencl: mem base addr align: 128
ggml_opencl: max mem alloc size: 1024 MB
ggml_opencl: device max workgroup size: 1024
ggml_opencl: SVM coarse grain buffer support: true
ggml_opencl: SVM fine grain buffer support: true
ggml_opencl: SVM fine grain system support: false
ggml_opencl: SVM atomics support: true
ggml_opencl: flattening quantized weights representation as struct of arrays (GGML_OPENCL_SOA_Q)
ggml_opencl: using kernels optimized for Adreno (GGML_OPENCL_USE_ADRENO_KERNELS)
ggml_opencl: loading OpenCL kernels........................................................................
ggml_opencl: default device: 'QUALCOMM Adreno(TM) 830 (OpenCL 3.0 Adreno(TM) 830)'
ggml-hex: Hexagon backend (experimental) : allocating new registry : ndev 1
ggml-hex: Hexagon Arch version v79
ggml-hex: allocating new session: HTP0
ggml-hex: new session: HTP0 : session-id 0 domain-id 3 uri file:///libggml-htp-v79.so?htp_iface_skel_handle_invoke&_modver=1.0&_dom=cdsp&_session=0 handle 0xb40000744196a350
build: 0 (unknown) with Android (13324770, +pgo, +bolt, +lto, +mlgo, based on r530567d) clang version 19.0.0 (https://android.googlesource.com/toolchain/llvm-project 97a699bf4812a18fb657c2779f5296a4ab2694d2) for x86_64-unknown-linux-gnu
main: llama backend init
main: load the model and apply lora adapter, if any
llama_model_loader: loaded meta data with 35 key-value pairs and 147 tensors from /data/local/tmp/llama.cpp/../gguf/Llama-3.2-1B-Instruct-Q4_0.gguf (version GGUF V3 (latest))
llama_model_loader: Dumping metadata keys/values. Note: KV overrides do not apply in this output.
llama_model_loader: - kv   0:                       general.architecture str              = llama
llama_model_loader: - kv   1:                               general.type str              = model
llama_model_loader: - kv   2:                               general.name str              = Llama 3.2 1B Instruct
llama_model_loader: - kv   3:                           general.finetune str              = Instruct
llama_model_loader: - kv   4:                           general.basename str              = Llama-3.2
llama_model_loader: - kv   5:                         general.size_label str              = 1B
llama_model_loader: - kv   6:                            general.license str              = llama3.2
llama_model_loader: - kv   7:                               general.tags arr[str,6]       = ["facebook", "meta", "pytorch", "llam...
llama_model_loader: - kv   8:                          general.languages arr[str,8]       = ["en", "de", "fr", "it", "pt", "hi", ...
llama_model_loader: - kv   9:                          llama.block_count u32              = 16
llama_model_loader: - kv  10:                       llama.context_length u32              = 131072
llama_model_loader: - kv  11:                     llama.embedding_length u32              = 2048
llama_model_loader: - kv  12:                  llama.feed_forward_length u32              = 8192
llama_model_loader: - kv  13:                 llama.attention.head_count u32              = 32
llama_model_loader: - kv  14:              llama.attention.head_count_kv u32              = 8
llama_model_loader: - kv  15:                       llama.rope.freq_base f32              = 500000.000000
llama_model_loader: - kv  16:     llama.attention.layer_norm_rms_epsilon f32              = 0.000010
llama_model_loader: - kv  17:                 llama.attention.key_length u32              = 64
llama_model_loader: - kv  18:               llama.attention.value_length u32              = 64
llama_model_loader: - kv  19:                          general.file_type u32              = 2
llama_model_loader: - kv  20:                           llama.vocab_size u32              = 128256
llama_model_loader: - kv  21:                 llama.rope.dimension_count u32              = 64
llama_model_loader: - kv  22:                       tokenizer.ggml.model str              = gpt2
llama_model_loader: - kv  23:                         tokenizer.ggml.pre str              = llama-bpe
llama_model_loader: - kv  24:                      tokenizer.ggml.tokens arr[str,128256]  = ["!", "\"", "#", "$", "%", "&", "'", ...
llama_model_loader: - kv  25:                  tokenizer.ggml.token_type arr[i32,128256]  = [1, 1, 1, 1, 1, 1, 1, 1, 1, 1, 1, 1, ...
llama_model_loader: - kv  26:                      tokenizer.ggml.merges arr[str,280147]  = ["Ġ Ġ", "Ġ ĠĠĠ", "ĠĠ ĠĠ", "...
llama_model_loader: - kv  27:                tokenizer.ggml.bos_token_id u32              = 128000
llama_model_loader: - kv  28:                tokenizer.ggml.eos_token_id u32              = 128009
llama_model_loader: - kv  29:                    tokenizer.chat_template str              = {{- bos_token }}\n{%- if custom_tools ...
llama_model_loader: - kv  30:               general.quantization_version u32              = 2
llama_model_loader: - kv  31:                      quantize.imatrix.file str              = /models_out/Llama-3.2-1B-Instruct-GGU...
llama_model_loader: - kv  32:                   quantize.imatrix.dataset str              = /training_dir/calibration_datav3.txt
llama_model_loader: - kv  33:             quantize.imatrix.entries_count i32              = 112
llama_model_loader: - kv  34:              quantize.imatrix.chunks_count i32              = 125
llama_model_loader: - type  f32:   34 tensors
llama_model_loader: - type q4_0:  110 tensors
llama_model_loader: - type q4_1:    2 tensors
llama_model_loader: - type q6_K:    1 tensors
print_info: file format = GGUF V3 (latest)
print_info: file type   = Q4_0
print_info: file size   = 729.75 MiB (4.95 BPW) 
load: printing all EOG tokens:
load:   - 128001 ('<|end_of_text|>')
load:   - 128008 ('<|eom_id|>')
load:   - 128009 ('<|eot_id|>')
load: special tokens cache size = 256
load: token to piece cache size = 0.7999 MB
print_info: arch             = llama
print_info: vocab_only       = 0
print_info: n_ctx_train      = 131072
print_info: n_embd           = 2048
print_info: n_layer          = 16
print_info: n_head           = 32
print_info: n_head_kv        = 8
print_info: n_rot            = 64
print_info: n_swa            = 0
print_info: is_swa_any       = 0
print_info: n_embd_head_k    = 64
print_info: n_embd_head_v    = 64
print_info: n_gqa            = 4
print_info: n_embd_k_gqa     = 512
print_info: n_embd_v_gqa     = 512
print_info: f_norm_eps       = 0.0e+00
print_info: f_norm_rms_eps   = 1.0e-05
print_info: f_clamp_kqv      = 0.0e+00
print_info: f_max_alibi_bias = 0.0e+00
print_info: f_logit_scale    = 0.0e+00
print_info: f_attn_scale     = 0.0e+00
print_info: n_ff             = 8192
print_info: n_expert         = 0
print_info: n_expert_used    = 0
print_info: n_expert_groups  = 0
print_info: n_group_used     = 0
print_info: causal attn      = 1
print_info: pooling type     = 0
print_info: rope type        = 0
print_info: rope scaling     = linear
print_info: freq_base_train  = 500000.0
print_info: freq_scale_train = 1
print_info: n_ctx_orig_yarn  = 131072
print_info: rope_finetuned   = unknown
print_info: model type       = 1B
print_info: model params     = 1.24 B
print_info: general.name     = Llama 3.2 1B Instruct
print_info: vocab type       = BPE
print_info: n_vocab          = 128256
print_info: n_merges         = 280147
print_info: BOS token        = 128000 '<|begin_of_text|>'
print_info: EOS token        = 128009 '<|eot_id|>'
print_info: EOT token        = 128001 '<|end_of_text|>'
print_info: EOM token        = 128008 '<|eom_id|>'
print_info: LF token         = 198 'Ċ'
print_info: EOG token        = 128001 '<|end_of_text|>'
print_info: EOG token        = 128008 '<|eom_id|>'
print_info: EOG token        = 128009 '<|eot_id|>'
print_info: max token length = 256
load_tensors: loading model tensors, this can take a while... (mmap = false)
load_tensors: offloading 0 repeating layers to GPU
load_tensors: offloaded 0/17 layers to GPU
load_tensors:          CPU model buffer size =   225.75 MiB
load_tensors:   CPU_REPACK model buffer size =   504.00 MiB
.............................................................
llama_context: constructing llama_context
llama_context: n_seq_max     = 1
llama_context: n_ctx         = 1024
llama_context: n_ctx_seq     = 1024
llama_context: n_batch       = 128
llama_context: n_ubatch      = 128
llama_context: causal_attn   = 1
llama_context: flash_attn    = enabled
llama_context: kv_unified    = false
llama_context: freq_base     = 500000.0
llama_context: freq_scale    = 1
llama_context: n_ctx_seq (1024) < n_ctx_train (131072) -- the full capacity of the model will not be utilized
llama_context:        CPU  output buffer size =     0.49 MiB
llama_kv_cache:        CPU KV buffer size =    32.00 MiB
llama_kv_cache: size =   32.00 MiB (  1024 cells,  16 layers,  1/1 seqs), K (f16):   16.00 MiB, V (f16):   16.00 MiB
llama_context:        CPU compute buffer size =    63.62 MiB
llama_context: graph nodes  = 503
llama_context: graph splits = 1
common_init_from_params: added <|end_of_text|> logit bias = -inf
common_init_from_params: added <|eom_id|> logit bias = -inf
common_init_from_params: added <|eot_id|> logit bias = -inf
common_init_from_params: setting dry_penalty_last_n to ctx_size = 1024
common_init_from_params: warming up the model with an empty run - please wait ... (--no-warmup to disable)
main: llama threadpool init, n_threads = 8

system_info: n_threads = 8 (n_threads_batch = 8) / 8 | CPU : NEON = 1 | ARM_FMA = 1 | FP16_VA = 1 | MATMUL_INT8 = 1 | DOTPROD = 1 | REPACK = 1 | 

sampler seed: 2958864227
sampler params: 
	repeat_last_n = 64, repeat_penalty = 1.100, frequency_penalty = 0.100, presence_penalty = 0.400
	dry_multiplier = 1.000, dry_base = 1.750, dry_allowed_length = 2, dry_penalty_last_n = 1024
	top_k = 30, top_p = 1.000, min_p = 0.150, xtc_probability = 0.000, xtc_threshold = 0.100, typical_p = 1.000, top_n_sigma = -1.000, temp = 0.400
	mirostat = 0, mirostat_lr = 0.100, mirostat_ent = 5.000
sampler chain: logits -> logit-bias -> penalties -> dry -> top-n-sigma -> top-k -> typical -> top-p -> min-p -> xtc -> temp-ext -> dist 
generate: n_ctx = 1024, n_batch = 128, n_predict = 600, n_keep = 5

llama_perf_sampler_print:    sampling time =     299.51 ms /   445 runs   (    0.67 ms per token,  1485.74 tokens per second)
llama_perf_context_print:        load time =    1619.00 ms
llama_perf_context_print: prompt eval time =      94.22 ms /    25 tokens (    3.77 ms per token,   265.33 tokens per second)
llama_perf_context_print:        eval time =    6615.79 ms /   419 runs   (   15.79 ms per token,    63.33 tokens per second)
llama_perf_context_print:       total time =    7398.54 ms /   444 tokens
llama_perf_context_print:    graphs reused =        417
llama_memory_breakdown_print: | memory breakdown [MiB] | total   free    self   model   context   compute    unaccounted |
llama_memory_breakdown_print: |   - Host               |                  321 =   225 +      32 +      63                |
llama_memory_breakdown_print: |   - CPU_REPACK         |                  504 =   504 +       0 +       0                |
ggml_opencl: selected platform: 'QUALCOMM Snapdragon(TM)'

ggml_opencl: device: 'QUALCOMM Adreno(TM) 830 (OpenCL 3.0 Adreno(TM) 830)'
ggml_opencl: OpenCL driver: OpenCL 3.0 QUALCOMM build: 0800.40.1 Compiler E031.47.18.36
ggml_opencl: vector subgroup broadcast support: true
ggml_opencl: device FP16 support: true
ggml_opencl: mem base addr align: 128
ggml_opencl: max mem alloc size: 1024 MB
ggml_opencl: device max workgroup size: 1024
ggml_opencl: SVM coarse grain buffer support: true
ggml_opencl: SVM fine grain buffer support: true
ggml_opencl: SVM fine grain system support: false
ggml_opencl: SVM atomics support: true
ggml_opencl: flattening quantized weights representation as struct of arrays (GGML_OPENCL_SOA_Q)
ggml_opencl: using kernels optimized for Adreno (GGML_OPENCL_USE_ADRENO_KERNELS)
ggml_opencl: loading OpenCL kernels........................................................................
ggml_opencl: default device: 'QUALCOMM Adreno(TM) 830 (OpenCL 3.0 Adreno(TM) 830)'
ggml-hex: Hexagon backend (experimental) : allocating new registry : ndev 1
ggml-hex: Hexagon Arch version v79
ggml-hex: allocating new session: HTP0
ggml-hex: new session: HTP0 : session-id 0 domain-id 3 uri file:///libggml-htp-v79.so?htp_iface_skel_handle_invoke&_modver=1.0&_dom=cdsp&_session=0 handle 0xb400006fb54f2310
build: 0 (unknown) with Android (13324770, +pgo, +bolt, +lto, +mlgo, based on r530567d) clang version 19.0.0 (https://android.googlesource.com/toolchain/llvm-project 97a699bf4812a18fb657c2779f5296a4ab2694d2) for x86_64-unknown-linux-gnu
main: llama backend init
main: load the model and apply lora adapter, if any
llama_model_loader: loaded meta data with 35 key-value pairs and 147 tensors from /data/local/tmp/llama.cpp/../gguf/Llama-3.2-1B-Instruct-Q4_0.gguf (version GGUF V3 (latest))
llama_model_loader: Dumping metadata keys/values. Note: KV overrides do not apply in this output.
llama_model_loader: - kv   0:                       general.architecture str              = llama
llama_model_loader: - kv   1:                               general.type str              = model
llama_model_loader: - kv   2:                               general.name str              = Llama 3.2 1B Instruct
llama_model_loader: - kv   3:                           general.finetune str              = Instruct
llama_model_loader: - kv   4:                           general.basename str              = Llama-3.2
llama_model_loader: - kv   5:                         general.size_label str              = 1B
llama_model_loader: - kv   6:                            general.license str              = llama3.2
llama_model_loader: - kv   7:                               general.tags arr[str,6]       = ["facebook", "meta", "pytorch", "llam...
llama_model_loader: - kv   8:                          general.languages arr[str,8]       = ["en", "de", "fr", "it", "pt", "hi", ...
llama_model_loader: - kv   9:                          llama.block_count u32              = 16
llama_model_loader: - kv  10:                       llama.context_length u32              = 131072
llama_model_loader: - kv  11:                     llama.embedding_length u32              = 2048
llama_model_loader: - kv  12:                  llama.feed_forward_length u32              = 8192
llama_model_loader: - kv  13:                 llama.attention.head_count u32              = 32
llama_model_loader: - kv  14:              llama.attention.head_count_kv u32              = 8
llama_model_loader: - kv  15:                       llama.rope.freq_base f32              = 500000.000000
llama_model_loader: - kv  16:     llama.attention.layer_norm_rms_epsilon f32              = 0.000010
llama_model_loader: - kv  17:                 llama.attention.key_length u32              = 64
llama_model_loader: - kv  18:               llama.attention.value_length u32              = 64
llama_model_loader: - kv  19:                          general.file_type u32              = 2
llama_model_loader: - kv  20:                           llama.vocab_size u32              = 128256
llama_model_loader: - kv  21:                 llama.rope.dimension_count u32              = 64
llama_model_loader: - kv  22:                       tokenizer.ggml.model str              = gpt2
llama_model_loader: - kv  23:                         tokenizer.ggml.pre str              = llama-bpe
llama_model_loader: - kv  24:                      tokenizer.ggml.tokens arr[str,128256]  = ["!", "\"", "#", "$", "%", "&", "'", ...
llama_model_loader: - kv  25:                  tokenizer.ggml.token_type arr[i32,128256]  = [1, 1, 1, 1, 1, 1, 1, 1, 1, 1, 1, 1, ...
llama_model_loader: - kv  26:                      tokenizer.ggml.merges arr[str,280147]  = ["Ġ Ġ", "Ġ ĠĠĠ", "ĠĠ ĠĠ", "...
llama_model_loader: - kv  27:                tokenizer.ggml.bos_token_id u32              = 128000
llama_model_loader: - kv  28:                tokenizer.ggml.eos_token_id u32              = 128009
llama_model_loader: - kv  29:                    tokenizer.chat_template str              = {{- bos_token }}\n{%- if custom_tools ...
llama_model_loader: - kv  30:               general.quantization_version u32              = 2
llama_model_loader: - kv  31:                      quantize.imatrix.file str              = /models_out/Llama-3.2-1B-Instruct-GGU...
llama_model_loader: - kv  32:                   quantize.imatrix.dataset str              = /training_dir/calibration_datav3.txt
llama_model_loader: - kv  33:             quantize.imatrix.entries_count i32              = 112
llama_model_loader: - kv  34:              quantize.imatrix.chunks_count i32              = 125
llama_model_loader: - type  f32:   34 tensors
llama_model_loader: - type q4_0:  110 tensors
llama_model_loader: - type q4_1:    2 tensors
llama_model_loader: - type q6_K:    1 tensors
print_info: file format = GGUF V3 (latest)
print_info: file type   = Q4_0
print_info: file size   = 729.75 MiB (4.95 BPW) 
load: printing all EOG tokens:
load:   - 128001 ('<|end_of_text|>')
load:   - 128008 ('<|eom_id|>')
load:   - 128009 ('<|eot_id|>')
load: special tokens cache size = 256
load: token to piece cache size = 0.7999 MB
print_info: arch             = llama
print_info: vocab_only       = 0
print_info: n_ctx_train      = 131072
print_info: n_embd           = 2048
print_info: n_layer          = 16
print_info: n_head           = 32
print_info: n_head_kv        = 8
print_info: n_rot            = 64
print_info: n_swa            = 0
print_info: is_swa_any       = 0
print_info: n_embd_head_k    = 64
print_info: n_embd_head_v    = 64
print_info: n_gqa            = 4
print_info: n_embd_k_gqa     = 512
print_info: n_embd_v_gqa     = 512
print_info: f_norm_eps       = 0.0e+00
print_info: f_norm_rms_eps   = 1.0e-05
print_info: f_clamp_kqv      = 0.0e+00
print_info: f_max_alibi_bias = 0.0e+00
print_info: f_logit_scale    = 0.0e+00
print_info: f_attn_scale     = 0.0e+00
print_info: n_ff             = 8192
print_info: n_expert         = 0
print_info: n_expert_used    = 0
print_info: n_expert_groups  = 0
print_info: n_group_used     = 0
print_info: causal attn      = 1
print_info: pooling type     = 0
print_info: rope type        = 0
print_info: rope scaling     = linear
print_info: freq_base_train  = 500000.0
print_info: freq_scale_train = 1
print_info: n_ctx_orig_yarn  = 131072
print_info: rope_finetuned   = unknown
print_info: model type       = 1B
print_info: model params     = 1.24 B
print_info: general.name     = Llama 3.2 1B Instruct
print_info: vocab type       = BPE
print_info: n_vocab          = 128256
print_info: n_merges         = 280147
print_info: BOS token        = 128000 '<|begin_of_text|>'
print_info: EOS token        = 128009 '<|eot_id|>'
print_info: EOT token        = 128001 '<|end_of_text|>'
print_info: EOM token        = 128008 '<|eom_id|>'
print_info: LF token         = 198 'Ċ'
print_info: EOG token        = 128001 '<|end_of_text|>'
print_info: EOG token        = 128008 '<|eom_id|>'
print_info: EOG token        = 128009 '<|eot_id|>'
print_info: max token length = 256
load_tensors: loading model tensors, this can take a while... (mmap = false)
load_tensors: offloading 0 repeating layers to GPU
load_tensors: offloaded 0/17 layers to GPU
load_tensors:          CPU model buffer size =   225.75 MiB
load_tensors:   CPU_REPACK model buffer size =   504.00 MiB
.............................................................
llama_context: constructing llama_context
llama_context: n_seq_max     = 1
llama_context: n_ctx         = 1024
llama_context: n_ctx_seq     = 1024
llama_context: n_batch       = 128
llama_context: n_ubatch      = 128
llama_context: causal_attn   = 1
llama_context: flash_attn    = enabled
llama_context: kv_unified    = false
llama_context: freq_base     = 500000.0
llama_context: freq_scale    = 1
llama_context: n_ctx_seq (1024) < n_ctx_train (131072) -- the full capacity of the model will not be utilized
llama_context:        CPU  output buffer size =     0.49 MiB
llama_kv_cache:        CPU KV buffer size =    32.00 MiB
llama_kv_cache: size =   32.00 MiB (  1024 cells,  16 layers,  1/1 seqs), K (f16):   16.00 MiB, V (f16):   16.00 MiB
llama_context:        CPU compute buffer size =    63.62 MiB
llama_context: graph nodes  = 503
llama_context: graph splits = 1
common_init_from_params: added <|end_of_text|> logit bias = -inf
common_init_from_params: added <|eom_id|> logit bias = -inf
common_init_from_params: added <|eot_id|> logit bias = -inf
common_init_from_params: setting dry_penalty_last_n to ctx_size = 1024
common_init_from_params: warming up the model with an empty run - please wait ... (--no-warmup to disable)
main: llama threadpool init, n_threads = 8

system_info: n_threads = 8 (n_threads_batch = 8) / 8 | CPU : NEON = 1 | ARM_FMA = 1 | FP16_VA = 1 | MATMUL_INT8 = 1 | DOTPROD = 1 | REPACK = 1 | 

sampler seed: 1350088932
sampler params: 
	repeat_last_n = 64, repeat_penalty = 1.100, frequency_penalty = 0.100, presence_penalty = 0.400
	dry_multiplier = 1.000, dry_base = 1.750, dry_allowed_length = 2, dry_penalty_last_n = 1024
	top_k = 30, top_p = 1.000, min_p = 0.150, xtc_probability = 0.000, xtc_threshold = 0.100, typical_p = 1.000, top_n_sigma = -1.000, temp = 0.400
	mirostat = 0, mirostat_lr = 0.100, mirostat_ent = 5.000
sampler chain: logits -> logit-bias -> penalties -> dry -> top-n-sigma -> top-k -> typical -> top-p -> min-p -> xtc -> temp-ext -> dist 
generate: n_ctx = 1024, n_batch = 128, n_predict = 600, n_keep = 5

llama_perf_sampler_print:    sampling time =     306.45 ms /   373 runs   (    0.82 ms per token,  1217.15 tokens per second)
llama_perf_context_print:        load time =    1214.67 ms
llama_perf_context_print: prompt eval time =     107.00 ms /    20 tokens (    5.35 ms per token,   186.91 tokens per second)
llama_perf_context_print:        eval time =    6361.63 ms /   352 runs   (   18.07 ms per token,    55.33 tokens per second)
llama_perf_context_print:       total time =    7174.01 ms /   372 tokens
llama_perf_context_print:    graphs reused =        350
llama_memory_breakdown_print: | memory breakdown [MiB] | total   free    self   model   context   compute    unaccounted |
llama_memory_breakdown_print: |   - Host               |                  321 =   225 +      32 +      63                |
llama_memory_breakdown_print: |   - CPU_REPACK         |                  504 =   504 +       0 +       0                |
ggml_opencl: selected platform: 'QUALCOMM Snapdragon(TM)'

ggml_opencl: device: 'QUALCOMM Adreno(TM) 830 (OpenCL 3.0 Adreno(TM) 830)'
ggml_opencl: OpenCL driver: OpenCL 3.0 QUALCOMM build: 0800.40.1 Compiler E031.47.18.36
ggml_opencl: vector subgroup broadcast support: true
ggml_opencl: device FP16 support: true
ggml_opencl: mem base addr align: 128
ggml_opencl: max mem alloc size: 1024 MB
ggml_opencl: device max workgroup size: 1024
ggml_opencl: SVM coarse grain buffer support: true
ggml_opencl: SVM fine grain buffer support: true
ggml_opencl: SVM fine grain system support: false
ggml_opencl: SVM atomics support: true
ggml_opencl: flattening quantized weights representation as struct of arrays (GGML_OPENCL_SOA_Q)
ggml_opencl: using kernels optimized for Adreno (GGML_OPENCL_USE_ADRENO_KERNELS)
ggml_opencl: loading OpenCL kernels........................................................................
ggml_opencl: default device: 'QUALCOMM Adreno(TM) 830 (OpenCL 3.0 Adreno(TM) 830)'
ggml-hex: Hexagon backend (experimental) : allocating new registry : ndev 1
ggml-hex: Hexagon Arch version v79
ggml-hex: allocating new session: HTP0
ggml-hex: new session: HTP0 : session-id 0 domain-id 3 uri file:///libggml-htp-v79.so?htp_iface_skel_handle_invoke&_modver=1.0&_dom=cdsp&_session=0 handle 0xb400007b9d562190
build: 0 (unknown) with Android (13324770, +pgo, +bolt, +lto, +mlgo, based on r530567d) clang version 19.0.0 (https://android.googlesource.com/toolchain/llvm-project 97a699bf4812a18fb657c2779f5296a4ab2694d2) for x86_64-unknown-linux-gnu
main: llama backend init
main: load the model and apply lora adapter, if any
llama_model_loader: loaded meta data with 35 key-value pairs and 147 tensors from /data/local/tmp/llama.cpp/../gguf/Llama-3.2-1B-Instruct-Q4_0.gguf (version GGUF V3 (latest))
llama_model_loader: Dumping metadata keys/values. Note: KV overrides do not apply in this output.
llama_model_loader: - kv   0:                       general.architecture str              = llama
llama_model_loader: - kv   1:                               general.type str              = model
llama_model_loader: - kv   2:                               general.name str              = Llama 3.2 1B Instruct
llama_model_loader: - kv   3:                           general.finetune str              = Instruct
llama_model_loader: - kv   4:                           general.basename str              = Llama-3.2
llama_model_loader: - kv   5:                         general.size_label str              = 1B
llama_model_loader: - kv   6:                            general.license str              = llama3.2
llama_model_loader: - kv   7:                               general.tags arr[str,6]       = ["facebook", "meta", "pytorch", "llam...
llama_model_loader: - kv   8:                          general.languages arr[str,8]       = ["en", "de", "fr", "it", "pt", "hi", ...
llama_model_loader: - kv   9:                          llama.block_count u32              = 16
llama_model_loader: - kv  10:                       llama.context_length u32              = 131072
llama_model_loader: - kv  11:                     llama.embedding_length u32              = 2048
llama_model_loader: - kv  12:                  llama.feed_forward_length u32              = 8192
llama_model_loader: - kv  13:                 llama.attention.head_count u32              = 32
llama_model_loader: - kv  14:              llama.attention.head_count_kv u32              = 8
llama_model_loader: - kv  15:                       llama.rope.freq_base f32              = 500000.000000
llama_model_loader: - kv  16:     llama.attention.layer_norm_rms_epsilon f32              = 0.000010
llama_model_loader: - kv  17:                 llama.attention.key_length u32              = 64
llama_model_loader: - kv  18:               llama.attention.value_length u32              = 64
llama_model_loader: - kv  19:                          general.file_type u32              = 2
llama_model_loader: - kv  20:                           llama.vocab_size u32              = 128256
llama_model_loader: - kv  21:                 llama.rope.dimension_count u32              = 64
llama_model_loader: - kv  22:                       tokenizer.ggml.model str              = gpt2
llama_model_loader: - kv  23:                         tokenizer.ggml.pre str              = llama-bpe
llama_model_loader: - kv  24:                      tokenizer.ggml.tokens arr[str,128256]  = ["!", "\"", "#", "$", "%", "&", "'", ...
llama_model_loader: - kv  25:                  tokenizer.ggml.token_type arr[i32,128256]  = [1, 1, 1, 1, 1, 1, 1, 1, 1, 1, 1, 1, ...
llama_model_loader: - kv  26:                      tokenizer.ggml.merges arr[str,280147]  = ["Ġ Ġ", "Ġ ĠĠĠ", "ĠĠ ĠĠ", "...
llama_model_loader: - kv  27:                tokenizer.ggml.bos_token_id u32              = 128000
llama_model_loader: - kv  28:                tokenizer.ggml.eos_token_id u32              = 128009
llama_model_loader: - kv  29:                    tokenizer.chat_template str              = {{- bos_token }}\n{%- if custom_tools ...
llama_model_loader: - kv  30:               general.quantization_version u32              = 2
llama_model_loader: - kv  31:                      quantize.imatrix.file str              = /models_out/Llama-3.2-1B-Instruct-GGU...
llama_model_loader: - kv  32:                   quantize.imatrix.dataset str              = /training_dir/calibration_datav3.txt
llama_model_loader: - kv  33:             quantize.imatrix.entries_count i32              = 112
llama_model_loader: - kv  34:              quantize.imatrix.chunks_count i32              = 125
llama_model_loader: - type  f32:   34 tensors
llama_model_loader: - type q4_0:  110 tensors
llama_model_loader: - type q4_1:    2 tensors
llama_model_loader: - type q6_K:    1 tensors
print_info: file format = GGUF V3 (latest)
print_info: file type   = Q4_0
print_info: file size   = 729.75 MiB (4.95 BPW) 
load: printing all EOG tokens:
load:   - 128001 ('<|end_of_text|>')
load:   - 128008 ('<|eom_id|>')
load:   - 128009 ('<|eot_id|>')
load: special tokens cache size = 256
load: token to piece cache size = 0.7999 MB
print_info: arch             = llama
print_info: vocab_only       = 0
print_info: n_ctx_train      = 131072
print_info: n_embd           = 2048
print_info: n_layer          = 16
print_info: n_head           = 32
print_info: n_head_kv        = 8
print_info: n_rot            = 64
print_info: n_swa            = 0
print_info: is_swa_any       = 0
print_info: n_embd_head_k    = 64
print_info: n_embd_head_v    = 64
print_info: n_gqa            = 4
print_info: n_embd_k_gqa     = 512
print_info: n_embd_v_gqa     = 512
print_info: f_norm_eps       = 0.0e+00
print_info: f_norm_rms_eps   = 1.0e-05
print_info: f_clamp_kqv      = 0.0e+00
print_info: f_max_alibi_bias = 0.0e+00
print_info: f_logit_scale    = 0.0e+00
print_info: f_attn_scale     = 0.0e+00
print_info: n_ff             = 8192
print_info: n_expert         = 0
print_info: n_expert_used    = 0
print_info: n_expert_groups  = 0
print_info: n_group_used     = 0
print_info: causal attn      = 1
print_info: pooling type     = 0
print_info: rope type        = 0
print_info: rope scaling     = linear
print_info: freq_base_train  = 500000.0
print_info: freq_scale_train = 1
print_info: n_ctx_orig_yarn  = 131072
print_info: rope_finetuned   = unknown
print_info: model type       = 1B
print_info: model params     = 1.24 B
print_info: general.name     = Llama 3.2 1B Instruct
print_info: vocab type       = BPE
print_info: n_vocab          = 128256
print_info: n_merges         = 280147
print_info: BOS token        = 128000 '<|begin_of_text|>'
print_info: EOS token        = 128009 '<|eot_id|>'
print_info: EOT token        = 128001 '<|end_of_text|>'
print_info: EOM token        = 128008 '<|eom_id|>'
print_info: LF token         = 198 'Ċ'
print_info: EOG token        = 128001 '<|end_of_text|>'
print_info: EOG token        = 128008 '<|eom_id|>'
print_info: EOG token        = 128009 '<|eot_id|>'
print_info: max token length = 256
load_tensors: loading model tensors, this can take a while... (mmap = false)
load_tensors: offloading 0 repeating layers to GPU
load_tensors: offloaded 0/17 layers to GPU
load_tensors:          CPU model buffer size =   225.75 MiB
load_tensors:   CPU_REPACK model buffer size =   504.00 MiB
.............................................................
llama_context: constructing llama_context
llama_context: n_seq_max     = 1
llama_context: n_ctx         = 1024
llama_context: n_ctx_seq     = 1024
llama_context: n_batch       = 128
llama_context: n_ubatch      = 128
llama_context: causal_attn   = 1
llama_context: flash_attn    = enabled
llama_context: kv_unified    = false
llama_context: freq_base     = 500000.0
llama_context: freq_scale    = 1
llama_context: n_ctx_seq (1024) < n_ctx_train (131072) -- the full capacity of the model will not be utilized
llama_context:        CPU  output buffer size =     0.49 MiB
llama_kv_cache:        CPU KV buffer size =    32.00 MiB
llama_kv_cache: size =   32.00 MiB (  1024 cells,  16 layers,  1/1 seqs), K (f16):   16.00 MiB, V (f16):   16.00 MiB
llama_context:        CPU compute buffer size =    63.62 MiB
llama_context: graph nodes  = 503
llama_context: graph splits = 1
common_init_from_params: added <|end_of_text|> logit bias = -inf
common_init_from_params: added <|eom_id|> logit bias = -inf
common_init_from_params: added <|eot_id|> logit bias = -inf
common_init_from_params: setting dry_penalty_last_n to ctx_size = 1024
common_init_from_params: warming up the model with an empty run - please wait ... (--no-warmup to disable)
main: llama threadpool init, n_threads = 8

system_info: n_threads = 8 (n_threads_batch = 8) / 8 | CPU : NEON = 1 | ARM_FMA = 1 | FP16_VA = 1 | MATMUL_INT8 = 1 | DOTPROD = 1 | REPACK = 1 | 

sampler seed: 2197654042
sampler params: 
	repeat_last_n = 64, repeat_penalty = 1.100, frequency_penalty = 0.100, presence_penalty = 0.400
	dry_multiplier = 1.000, dry_base = 1.750, dry_allowed_length = 2, dry_penalty_last_n = 1024
	top_k = 30, top_p = 1.000, min_p = 0.150, xtc_probability = 0.000, xtc_threshold = 0.100, typical_p = 1.000, top_n_sigma = -1.000, temp = 0.400
	mirostat = 0, mirostat_lr = 0.100, mirostat_ent = 5.000
sampler chain: logits -> logit-bias -> penalties -> dry -> top-n-sigma -> top-k -> typical -> top-p -> min-p -> xtc -> temp-ext -> dist 
generate: n_ctx = 1024, n_batch = 128, n_predict = 600, n_keep = 5

llama_perf_sampler_print:    sampling time =     102.77 ms /   145 runs   (    0.71 ms per token,  1410.92 tokens per second)
llama_perf_context_print:        load time =    1329.28 ms
llama_perf_context_print: prompt eval time =      96.45 ms /    28 tokens (    3.44 ms per token,   290.30 tokens per second)
llama_perf_context_print:        eval time =    2095.42 ms /   116 runs   (   18.06 ms per token,    55.36 tokens per second)
llama_perf_context_print:       total time =    2654.90 ms /   144 tokens
llama_perf_context_print:    graphs reused =        115
llama_memory_breakdown_print: | memory breakdown [MiB] | total   free    self   model   context   compute    unaccounted |
llama_memory_breakdown_print: |   - Host               |                  321 =   225 +      32 +      63                |
llama_memory_breakdown_print: |   - CPU_REPACK         |                  504 =   504 +       0 +       0                |
ggml_opencl: selected platform: 'QUALCOMM Snapdragon(TM)'

ggml_opencl: device: 'QUALCOMM Adreno(TM) 830 (OpenCL 3.0 Adreno(TM) 830)'
ggml_opencl: OpenCL driver: OpenCL 3.0 QUALCOMM build: 0800.40.1 Compiler E031.47.18.36
ggml_opencl: vector subgroup broadcast support: true
ggml_opencl: device FP16 support: true
ggml_opencl: mem base addr align: 128
ggml_opencl: max mem alloc size: 1024 MB
ggml_opencl: device max workgroup size: 1024
ggml_opencl: SVM coarse grain buffer support: true
ggml_opencl: SVM fine grain buffer support: true
ggml_opencl: SVM fine grain system support: false
ggml_opencl: SVM atomics support: true
ggml_opencl: flattening quantized weights representation as struct of arrays (GGML_OPENCL_SOA_Q)
ggml_opencl: using kernels optimized for Adreno (GGML_OPENCL_USE_ADRENO_KERNELS)
ggml_opencl: loading OpenCL kernels........................................................................
ggml_opencl: default device: 'QUALCOMM Adreno(TM) 830 (OpenCL 3.0 Adreno(TM) 830)'
ggml-hex: Hexagon backend (experimental) : allocating new registry : ndev 1
ggml-hex: Hexagon Arch version v79
ggml-hex: allocating new session: HTP0
ggml-hex: new session: HTP0 : session-id 0 domain-id 3 uri file:///libggml-htp-v79.so?htp_iface_skel_handle_invoke&_modver=1.0&_dom=cdsp&_session=0 handle 0xb4000074d39a8c90
build: 0 (unknown) with Android (13324770, +pgo, +bolt, +lto, +mlgo, based on r530567d) clang version 19.0.0 (https://android.googlesource.com/toolchain/llvm-project 97a699bf4812a18fb657c2779f5296a4ab2694d2) for x86_64-unknown-linux-gnu
main: llama backend init
main: load the model and apply lora adapter, if any
llama_model_loader: loaded meta data with 35 key-value pairs and 147 tensors from /data/local/tmp/llama.cpp/../gguf/Llama-3.2-1B-Instruct-Q4_0.gguf (version GGUF V3 (latest))
llama_model_loader: Dumping metadata keys/values. Note: KV overrides do not apply in this output.
llama_model_loader: - kv   0:                       general.architecture str              = llama
llama_model_loader: - kv   1:                               general.type str              = model
llama_model_loader: - kv   2:                               general.name str              = Llama 3.2 1B Instruct
llama_model_loader: - kv   3:                           general.finetune str              = Instruct
llama_model_loader: - kv   4:                           general.basename str              = Llama-3.2
llama_model_loader: - kv   5:                         general.size_label str              = 1B
llama_model_loader: - kv   6:                            general.license str              = llama3.2
llama_model_loader: - kv   7:                               general.tags arr[str,6]       = ["facebook", "meta", "pytorch", "llam...
llama_model_loader: - kv   8:                          general.languages arr[str,8]       = ["en", "de", "fr", "it", "pt", "hi", ...
llama_model_loader: - kv   9:                          llama.block_count u32              = 16
llama_model_loader: - kv  10:                       llama.context_length u32              = 131072
llama_model_loader: - kv  11:                     llama.embedding_length u32              = 2048
llama_model_loader: - kv  12:                  llama.feed_forward_length u32              = 8192
llama_model_loader: - kv  13:                 llama.attention.head_count u32              = 32
llama_model_loader: - kv  14:              llama.attention.head_count_kv u32              = 8
llama_model_loader: - kv  15:                       llama.rope.freq_base f32              = 500000.000000
llama_model_loader: - kv  16:     llama.attention.layer_norm_rms_epsilon f32              = 0.000010
llama_model_loader: - kv  17:                 llama.attention.key_length u32              = 64
llama_model_loader: - kv  18:               llama.attention.value_length u32              = 64
llama_model_loader: - kv  19:                          general.file_type u32              = 2
llama_model_loader: - kv  20:                           llama.vocab_size u32              = 128256
llama_model_loader: - kv  21:                 llama.rope.dimension_count u32              = 64
llama_model_loader: - kv  22:                       tokenizer.ggml.model str              = gpt2
llama_model_loader: - kv  23:                         tokenizer.ggml.pre str              = llama-bpe
llama_model_loader: - kv  24:                      tokenizer.ggml.tokens arr[str,128256]  = ["!", "\"", "#", "$", "%", "&", "'", ...
llama_model_loader: - kv  25:                  tokenizer.ggml.token_type arr[i32,128256]  = [1, 1, 1, 1, 1, 1, 1, 1, 1, 1, 1, 1, ...
llama_model_loader: - kv  26:                      tokenizer.ggml.merges arr[str,280147]  = ["Ġ Ġ", "Ġ ĠĠĠ", "ĠĠ ĠĠ", "...
llama_model_loader: - kv  27:                tokenizer.ggml.bos_token_id u32              = 128000
llama_model_loader: - kv  28:                tokenizer.ggml.eos_token_id u32              = 128009
llama_model_loader: - kv  29:                    tokenizer.chat_template str              = {{- bos_token }}\n{%- if custom_tools ...
llama_model_loader: - kv  30:               general.quantization_version u32              = 2
llama_model_loader: - kv  31:                      quantize.imatrix.file str              = /models_out/Llama-3.2-1B-Instruct-GGU...
llama_model_loader: - kv  32:                   quantize.imatrix.dataset str              = /training_dir/calibration_datav3.txt
llama_model_loader: - kv  33:             quantize.imatrix.entries_count i32              = 112
llama_model_loader: - kv  34:              quantize.imatrix.chunks_count i32              = 125
llama_model_loader: - type  f32:   34 tensors
llama_model_loader: - type q4_0:  110 tensors
llama_model_loader: - type q4_1:    2 tensors
llama_model_loader: - type q6_K:    1 tensors
print_info: file format = GGUF V3 (latest)
print_info: file type   = Q4_0
print_info: file size   = 729.75 MiB (4.95 BPW) 
load: printing all EOG tokens:
load:   - 128001 ('<|end_of_text|>')
load:   - 128008 ('<|eom_id|>')
load:   - 128009 ('<|eot_id|>')
load: special tokens cache size = 256
load: token to piece cache size = 0.7999 MB
print_info: arch             = llama
print_info: vocab_only       = 0
print_info: n_ctx_train      = 131072
print_info: n_embd           = 2048
print_info: n_layer          = 16
print_info: n_head           = 32
print_info: n_head_kv        = 8
print_info: n_rot            = 64
print_info: n_swa            = 0
print_info: is_swa_any       = 0
print_info: n_embd_head_k    = 64
print_info: n_embd_head_v    = 64
print_info: n_gqa            = 4
print_info: n_embd_k_gqa     = 512
print_info: n_embd_v_gqa     = 512
print_info: f_norm_eps       = 0.0e+00
print_info: f_norm_rms_eps   = 1.0e-05
print_info: f_clamp_kqv      = 0.0e+00
print_info: f_max_alibi_bias = 0.0e+00
print_info: f_logit_scale    = 0.0e+00
print_info: f_attn_scale     = 0.0e+00
print_info: n_ff             = 8192
print_info: n_expert         = 0
print_info: n_expert_used    = 0
print_info: n_expert_groups  = 0
print_info: n_group_used     = 0
print_info: causal attn      = 1
print_info: pooling type     = 0
print_info: rope type        = 0
print_info: rope scaling     = linear
print_info: freq_base_train  = 500000.0
print_info: freq_scale_train = 1
print_info: n_ctx_orig_yarn  = 131072
print_info: rope_finetuned   = unknown
print_info: model type       = 1B
print_info: model params     = 1.24 B
print_info: general.name     = Llama 3.2 1B Instruct
print_info: vocab type       = BPE
print_info: n_vocab          = 128256
print_info: n_merges         = 280147
print_info: BOS token        = 128000 '<|begin_of_text|>'
print_info: EOS token        = 128009 '<|eot_id|>'
print_info: EOT token        = 128001 '<|end_of_text|>'
print_info: EOM token        = 128008 '<|eom_id|>'
print_info: LF token         = 198 'Ċ'
print_info: EOG token        = 128001 '<|end_of_text|>'
print_info: EOG token        = 128008 '<|eom_id|>'
print_info: EOG token        = 128009 '<|eot_id|>'
print_info: max token length = 256
load_tensors: loading model tensors, this can take a while... (mmap = false)
load_tensors: offloading 0 repeating layers to GPU
load_tensors: offloaded 0/17 layers to GPU
load_tensors:          CPU model buffer size =   225.75 MiB
load_tensors:   CPU_REPACK model buffer size =   504.00 MiB
.............................................................
llama_context: constructing llama_context
llama_context: n_seq_max     = 1
llama_context: n_ctx         = 1024
llama_context: n_ctx_seq     = 1024
llama_context: n_batch       = 128
llama_context: n_ubatch      = 128
llama_context: causal_attn   = 1
llama_context: flash_attn    = enabled
llama_context: kv_unified    = false
llama_context: freq_base     = 500000.0
llama_context: freq_scale    = 1
llama_context: n_ctx_seq (1024) < n_ctx_train (131072) -- the full capacity of the model will not be utilized
llama_context:        CPU  output buffer size =     0.49 MiB
llama_kv_cache:        CPU KV buffer size =    32.00 MiB
llama_kv_cache: size =   32.00 MiB (  1024 cells,  16 layers,  1/1 seqs), K (f16):   16.00 MiB, V (f16):   16.00 MiB
llama_context:        CPU compute buffer size =    63.62 MiB
llama_context: graph nodes  = 503
llama_context: graph splits = 1
common_init_from_params: added <|end_of_text|> logit bias = -inf
common_init_from_params: added <|eom_id|> logit bias = -inf
common_init_from_params: added <|eot_id|> logit bias = -inf
common_init_from_params: setting dry_penalty_last_n to ctx_size = 1024
common_init_from_params: warming up the model with an empty run - please wait ... (--no-warmup to disable)
main: llama threadpool init, n_threads = 8

system_info: n_threads = 8 (n_threads_batch = 8) / 8 | CPU : NEON = 1 | ARM_FMA = 1 | FP16_VA = 1 | MATMUL_INT8 = 1 | DOTPROD = 1 | REPACK = 1 | 

sampler seed: 1212853781
sampler params: 
	repeat_last_n = 64, repeat_penalty = 1.100, frequency_penalty = 0.100, presence_penalty = 0.400
	dry_multiplier = 1.000, dry_base = 1.750, dry_allowed_length = 2, dry_penalty_last_n = 1024
	top_k = 30, top_p = 1.000, min_p = 0.150, xtc_probability = 0.000, xtc_threshold = 0.100, typical_p = 1.000, top_n_sigma = -1.000, temp = 0.400
	mirostat = 0, mirostat_lr = 0.100, mirostat_ent = 5.000
sampler chain: logits -> logit-bias -> penalties -> dry -> top-n-sigma -> top-k -> typical -> top-p -> min-p -> xtc -> temp-ext -> dist 
generate: n_ctx = 1024, n_batch = 128, n_predict = 600, n_keep = 5

llama_perf_sampler_print:    sampling time =      77.73 ms /   136 runs   (    0.57 ms per token,  1749.74 tokens per second)
llama_perf_context_print:        load time =    1488.62 ms
llama_perf_context_print: prompt eval time =     134.35 ms /    31 tokens (    4.33 ms per token,   230.74 tokens per second)
llama_perf_context_print:        eval time =    1722.14 ms /   104 runs   (   16.56 ms per token,    60.39 tokens per second)
llama_perf_context_print:       total time =    2299.42 ms /   135 tokens
llama_perf_context_print:    graphs reused =        103
llama_memory_breakdown_print: | memory breakdown [MiB] | total   free    self   model   context   compute    unaccounted |
llama_memory_breakdown_print: |   - Host               |                  321 =   225 +      32 +      63                |
llama_memory_breakdown_print: |   - CPU_REPACK         |                  504 =   504 +       0 +       0                |
