+ adb shell '   cd /data/local/tmp/llama.cpp; ulimit -c unlimited;            LD_LIBRARY_PATH=/data/local/tmp/llama.cpp/./lib       ADSP_LIBRARY_PATH=/data/local/tmp/llama.cpp/./lib                            ././bin/llama-cli -m /data/local/tmp/llama.cpp/../gguf/qwen2-7b-tinytron-Q4_K_M.gguf               -t 8 --ctx-size 4096 --batch-size 128         -ctk f16 -ctv f16 --temp 1.0 --seed 42         --no-display-prompt -fa on         -ngl 0  -n 250 --context-shift --keep 4 	-sys '\''You are a helpful assistant. Provide truthful, accurate, and concise answers.'\'' 	 -no-cnv' -p '"'\''What happens to you if you eat watermelon seeds? '\''"' -n 250 -t 8 -c 512 -b 64 -ub 64 -ctk f16 -ctv f16 --temp 0.8 --repeat-penalty 1.1 --top-p 0.95 --top-k 60 --keep 4 -fa off --context-shift --poll '0 '
ggml_opencl: selected platform: 'QUALCOMM Snapdragon(TM)'

ggml_opencl: device: 'QUALCOMM Adreno(TM) 830 (OpenCL 3.0 Adreno(TM) 830)'
ggml_opencl: OpenCL driver: OpenCL 3.0 QUALCOMM build: 0800.40.1 Compiler E031.47.18.36
ggml_opencl: vector subgroup broadcast support: true
ggml_opencl: device FP16 support: true
ggml_opencl: mem base addr align: 128
ggml_opencl: max mem alloc size: 1024 MB
ggml_opencl: device max workgroup size: 1024
ggml_opencl: SVM coarse grain buffer support: true
ggml_opencl: SVM fine grain buffer support: true
ggml_opencl: SVM fine grain system support: false
ggml_opencl: SVM atomics support: true
ggml_opencl: flattening quantized weights representation as struct of arrays (GGML_OPENCL_SOA_Q)
ggml_opencl: using kernels optimized for Adreno (GGML_OPENCL_USE_ADRENO_KERNELS)
ggml_opencl: loading OpenCL kernels........................................................................
ggml_opencl: default device: 'QUALCOMM Adreno(TM) 830 (OpenCL 3.0 Adreno(TM) 830)'
ggml-hex: Hexagon backend (experimental) : allocating new registry : ndev 1
ggml-hex: Hexagon Arch version v79
ggml-hex: allocating new session: HTP0
ggml-hex: new session: HTP0 : session-id 0 domain-id 3 uri file:///libggml-htp-v79.so?htp_iface_skel_handle_invoke&_modver=1.0&_dom=cdsp&_session=0 handle 0xb40000783cebfb10
build: 6942 (1f5accb8d) with Android (13324770, +pgo, +bolt, +lto, +mlgo, based on r530567d) clang version 19.0.0 (https://android.googlesource.com/toolchain/llvm-project 97a699bf4812a18fb657c2779f5296a4ab2694d2) for x86_64-unknown-linux-gnu
main: llama backend init
main: load the model and apply lora adapter, if any
llama_model_load_from_file_impl: using device GPUOpenCL (QUALCOMM Adreno(TM) 830) (unknown id) - 0 MiB free
llama_model_load_from_file_impl: using device HTP0 (Hexagon) (unknown id) - 2048 MiB free
llama_model_loader: loaded meta data with 23 key-value pairs and 339 tensors from /data/local/tmp/llama.cpp/../gguf/qwen2-7b-tinytron-Q4_K_M.gguf (version GGUF V3 (latest))
llama_model_loader: Dumping metadata keys/values. Note: KV overrides do not apply in this output.
llama_model_loader: - kv   0:                       general.architecture str              = qwen2
llama_model_loader: - kv   1:                               general.type str              = model
llama_model_loader: - kv   2:                               general.name str              = Tinytron
llama_model_loader: - kv   3:                         general.size_label str              = 3.9B
llama_model_loader: - kv   4:                          qwen2.block_count u32              = 28
llama_model_loader: - kv   5:                       qwen2.context_length u32              = 32768
llama_model_loader: - kv   6:                     qwen2.embedding_length u32              = 2560
llama_model_loader: - kv   7:                  qwen2.feed_forward_length u32              = 12288
llama_model_loader: - kv   8:                 qwen2.attention.head_count u32              = 20
llama_model_loader: - kv   9:              qwen2.attention.head_count_kv u32              = 4
llama_model_loader: - kv  10:                       qwen2.rope.freq_base f32              = 1000000.000000
llama_model_loader: - kv  11:     qwen2.attention.layer_norm_rms_epsilon f32              = 0.000001
llama_model_loader: - kv  12:                       tokenizer.ggml.model str              = gpt2
llama_model_loader: - kv  13:                         tokenizer.ggml.pre str              = qwen2
llama_model_loader: - kv  14:                      tokenizer.ggml.tokens arr[str,152064]  = ["!", "\"", "#", "$", "%", "&", "'", ...
llama_model_loader: - kv  15:                  tokenizer.ggml.token_type arr[i32,152064]  = [1, 1, 1, 1, 1, 1, 1, 1, 1, 1, 1, 1, ...
llama_model_loader: - kv  16:                      tokenizer.ggml.merges arr[str,151387]  = ["Ġ Ġ", "ĠĠ ĠĠ", "i n", "Ġ t",...
llama_model_loader: - kv  17:                tokenizer.ggml.eos_token_id u32              = 151645
llama_model_loader: - kv  18:            tokenizer.ggml.padding_token_id u32              = 151643
llama_model_loader: - kv  19:                tokenizer.ggml.bos_token_id u32              = 151643
llama_model_loader: - kv  20:                    tokenizer.chat_template str              = {% for message in messages %}{% if lo...
llama_model_loader: - kv  21:               general.quantization_version u32              = 2
llama_model_loader: - kv  22:                          general.file_type u32              = 15
llama_model_loader: - type  f32:  141 tensors
llama_model_loader: - type q4_K:  169 tensors
llama_model_loader: - type q6_K:   29 tensors
print_info: file format = GGUF V3 (latest)
print_info: file type   = Q4_K - Medium
print_info: file size   = 2.23 GiB (4.95 BPW) 
load: printing all EOG tokens:
load:   - 151643 ('<|endoftext|>')
load:   - 151645 ('<|im_end|>')
load: special tokens cache size = 3
load: token to piece cache size = 0.9308 MB
print_info: arch             = qwen2
print_info: vocab_only       = 0
print_info: n_ctx_train      = 32768
print_info: n_embd           = 2560
print_info: n_layer          = 28
print_info: n_head           = 20
print_info: n_head_kv        = 4
print_info: n_rot            = 128
print_info: n_swa            = 0
print_info: is_swa_any       = 0
print_info: n_embd_head_k    = 128
print_info: n_embd_head_v    = 128
print_info: n_gqa            = 5
print_info: n_embd_k_gqa     = 512
print_info: n_embd_v_gqa     = 512
print_info: f_norm_eps       = 0.0e+00
print_info: f_norm_rms_eps   = 1.0e-06
print_info: f_clamp_kqv      = 0.0e+00
print_info: f_max_alibi_bias = 0.0e+00
print_info: f_logit_scale    = 0.0e+00
print_info: f_attn_scale     = 0.0e+00
print_info: n_ff             = 12288
print_info: n_expert         = 0
print_info: n_expert_used    = 0
print_info: n_expert_groups  = 0
print_info: n_group_used     = 0
print_info: causal attn      = 1
print_info: pooling type     = -1
print_info: rope type        = 2
print_info: rope scaling     = linear
print_info: freq_base_train  = 1000000.0
print_info: freq_scale_train = 1
print_info: n_ctx_orig_yarn  = 32768
print_info: rope_finetuned   = unknown
print_info: model type       = 7B
print_info: model params     = 3.86 B
print_info: general.name     = Tinytron
print_info: vocab type       = BPE
print_info: n_vocab          = 152064
print_info: n_merges         = 151387
print_info: BOS token        = 151643 '<|endoftext|>'
print_info: EOS token        = 151645 '<|im_end|>'
print_info: EOT token        = 151645 '<|im_end|>'
print_info: PAD token        = 151643 '<|endoftext|>'
print_info: LF token         = 198 'Ċ'
print_info: EOG token        = 151643 '<|endoftext|>'
print_info: EOG token        = 151645 '<|im_end|>'
print_info: max token length = 256
load_tensors: loading model tensors, this can take a while... (mmap = true)
load_tensors: offloading 0 repeating layers to GPU
load_tensors: offloaded 0/29 layers to GPU
load_tensors:   CPU_Mapped model buffer size =  2280.85 MiB
................................................................................
llama_context: constructing llama_context
llama_context: n_seq_max     = 1
llama_context: n_ctx         = 512
llama_context: n_ctx_seq     = 512
llama_context: n_batch       = 64
llama_context: n_ubatch      = 64
llama_context: causal_attn   = 1
llama_context: flash_attn    = disabled
llama_context: kv_unified    = false
llama_context: freq_base     = 1000000.0
llama_context: freq_scale    = 1
llama_context: n_ctx_seq (512) < n_ctx_train (32768) -- the full capacity of the model will not be utilized
llama_context:        CPU  output buffer size =     0.58 MiB
llama_kv_cache:        CPU KV buffer size =    28.00 MiB
llama_kv_cache: size =   28.00 MiB (   512 cells,  28 layers,  1/1 seqs), K (f16):   14.00 MiB, V (f16):   14.00 MiB
llama_context:        CPU compute buffer size =    37.75 MiB
llama_context: graph nodes  = 1098
llama_context: graph splits = 1
common_init_from_params: added <|endoftext|> logit bias = -inf
common_init_from_params: added <|im_end|> logit bias = -inf
common_init_from_params: setting dry_penalty_last_n to ctx_size = 512
common_init_from_params: warming up the model with an empty run - please wait ... (--no-warmup to disable)
main: llama threadpool init, n_threads = 8

system_info: n_threads = 8 (n_threads_batch = 8) / 8 | CPU : NEON = 1 | ARM_FMA = 1 | FP16_VA = 1 | MATMUL_INT8 = 1 | DOTPROD = 1 | REPACK = 1 | 

sampler seed: 42
sampler params: 
	repeat_last_n = 64, repeat_penalty = 1.100, frequency_penalty = 0.000, presence_penalty = 0.000
	dry_multiplier = 0.000, dry_base = 1.750, dry_allowed_length = 2, dry_penalty_last_n = 512
	top_k = 60, top_p = 0.950, min_p = 0.050, xtc_probability = 0.000, xtc_threshold = 0.100, typical_p = 1.000, top_n_sigma = -1.000, temp = 0.800
	mirostat = 0, mirostat_lr = 0.100, mirostat_ent = 5.000
sampler chain: logits -> logit-bias -> penalties -> dry -> top-n-sigma -> top-k -> typical -> top-p -> min-p -> xtc -> temp-ext -> dist 
generate: n_ctx = 512, n_batch = 64, n_predict = 250, n_keep = 4

llama_perf_sampler_print:    sampling time =     135.29 ms /   263 runs   (    0.51 ms per token,  1943.97 tokens per second)
llama_perf_context_print:        load time =     363.52 ms
llama_perf_context_print: prompt eval time =     309.53 ms /    13 tokens (   23.81 ms per token,    42.00 tokens per second)
llama_perf_context_print:        eval time =   10953.13 ms /   249 runs   (   43.99 ms per token,    22.73 tokens per second)
llama_perf_context_print:       total time =   11427.15 ms /   262 tokens
llama_perf_context_print:    graphs reused =        247
llama_memory_breakdown_print: | memory breakdown [MiB]                  | total   free    self   model   context   compute    unaccounted |
llama_memory_breakdown_print: |   - GPUOpenCL (QUALCOMM Adreno(TM) 830) |     0 =    0 + (   0 =     0 +       0 +       0) +           0 |
llama_memory_breakdown_print: |   - HTP0 (Hexagon)                      |  2048 = 2048 + (   0 =     0 +       0 +       0) +           0 |
llama_memory_breakdown_print: |   - Host                                |                 2346 =  2280 +      28 +      37                |
+ adb shell '   cd /data/local/tmp/llama.cpp; ulimit -c unlimited;            LD_LIBRARY_PATH=/data/local/tmp/llama.cpp/./lib       ADSP_LIBRARY_PATH=/data/local/tmp/llama.cpp/./lib                            ././bin/llama-cli -m /data/local/tmp/llama.cpp/../gguf/qwen2-7b-tinytron-Q4_K_M.gguf               -t 8 --ctx-size 4096 --batch-size 128         -ctk f16 -ctv f16 --temp 1.0 --seed 42         --no-display-prompt -fa on         -ngl 0  -n 250 --context-shift --keep 4 	-sys '\''You are a helpful assistant. Provide truthful, accurate, and concise answers.'\'' 	 -no-cnv' -p '"'\''Where did fortune cookies originate? '\''"' -n 250 -t 8 -c 512 -b 64 -ub 64 -ctk f16 -ctv f16 --temp 0.8 --repeat-penalty 1.1 --top-p 0.95 --top-k 60 --keep 4 -fa off --context-shift --poll '0 '
ggml_opencl: selected platform: 'QUALCOMM Snapdragon(TM)'

ggml_opencl: device: 'QUALCOMM Adreno(TM) 830 (OpenCL 3.0 Adreno(TM) 830)'
ggml_opencl: OpenCL driver: OpenCL 3.0 QUALCOMM build: 0800.40.1 Compiler E031.47.18.36
ggml_opencl: vector subgroup broadcast support: true
ggml_opencl: device FP16 support: true
ggml_opencl: mem base addr align: 128
ggml_opencl: max mem alloc size: 1024 MB
ggml_opencl: device max workgroup size: 1024
ggml_opencl: SVM coarse grain buffer support: true
ggml_opencl: SVM fine grain buffer support: true
ggml_opencl: SVM fine grain system support: false
ggml_opencl: SVM atomics support: true
ggml_opencl: flattening quantized weights representation as struct of arrays (GGML_OPENCL_SOA_Q)
ggml_opencl: using kernels optimized for Adreno (GGML_OPENCL_USE_ADRENO_KERNELS)
ggml_opencl: loading OpenCL kernels........................................................................
ggml_opencl: default device: 'QUALCOMM Adreno(TM) 830 (OpenCL 3.0 Adreno(TM) 830)'
ggml-hex: Hexagon backend (experimental) : allocating new registry : ndev 1
ggml-hex: Hexagon Arch version v79
ggml-hex: allocating new session: HTP0
ggml-hex: new session: HTP0 : session-id 0 domain-id 3 uri file:///libggml-htp-v79.so?htp_iface_skel_handle_invoke&_modver=1.0&_dom=cdsp&_session=0 handle 0xb400007afa9c7650
build: 6942 (1f5accb8d) with Android (13324770, +pgo, +bolt, +lto, +mlgo, based on r530567d) clang version 19.0.0 (https://android.googlesource.com/toolchain/llvm-project 97a699bf4812a18fb657c2779f5296a4ab2694d2) for x86_64-unknown-linux-gnu
main: llama backend init
main: load the model and apply lora adapter, if any
llama_model_load_from_file_impl: using device GPUOpenCL (QUALCOMM Adreno(TM) 830) (unknown id) - 0 MiB free
llama_model_load_from_file_impl: using device HTP0 (Hexagon) (unknown id) - 2048 MiB free
llama_model_loader: loaded meta data with 23 key-value pairs and 339 tensors from /data/local/tmp/llama.cpp/../gguf/qwen2-7b-tinytron-Q4_K_M.gguf (version GGUF V3 (latest))
llama_model_loader: Dumping metadata keys/values. Note: KV overrides do not apply in this output.
llama_model_loader: - kv   0:                       general.architecture str              = qwen2
llama_model_loader: - kv   1:                               general.type str              = model
llama_model_loader: - kv   2:                               general.name str              = Tinytron
llama_model_loader: - kv   3:                         general.size_label str              = 3.9B
llama_model_loader: - kv   4:                          qwen2.block_count u32              = 28
llama_model_loader: - kv   5:                       qwen2.context_length u32              = 32768
llama_model_loader: - kv   6:                     qwen2.embedding_length u32              = 2560
llama_model_loader: - kv   7:                  qwen2.feed_forward_length u32              = 12288
llama_model_loader: - kv   8:                 qwen2.attention.head_count u32              = 20
llama_model_loader: - kv   9:              qwen2.attention.head_count_kv u32              = 4
llama_model_loader: - kv  10:                       qwen2.rope.freq_base f32              = 1000000.000000
llama_model_loader: - kv  11:     qwen2.attention.layer_norm_rms_epsilon f32              = 0.000001
llama_model_loader: - kv  12:                       tokenizer.ggml.model str              = gpt2
llama_model_loader: - kv  13:                         tokenizer.ggml.pre str              = qwen2
llama_model_loader: - kv  14:                      tokenizer.ggml.tokens arr[str,152064]  = ["!", "\"", "#", "$", "%", "&", "'", ...
llama_model_loader: - kv  15:                  tokenizer.ggml.token_type arr[i32,152064]  = [1, 1, 1, 1, 1, 1, 1, 1, 1, 1, 1, 1, ...
llama_model_loader: - kv  16:                      tokenizer.ggml.merges arr[str,151387]  = ["Ġ Ġ", "ĠĠ ĠĠ", "i n", "Ġ t",...
llama_model_loader: - kv  17:                tokenizer.ggml.eos_token_id u32              = 151645
llama_model_loader: - kv  18:            tokenizer.ggml.padding_token_id u32              = 151643
llama_model_loader: - kv  19:                tokenizer.ggml.bos_token_id u32              = 151643
llama_model_loader: - kv  20:                    tokenizer.chat_template str              = {% for message in messages %}{% if lo...
llama_model_loader: - kv  21:               general.quantization_version u32              = 2
llama_model_loader: - kv  22:                          general.file_type u32              = 15
llama_model_loader: - type  f32:  141 tensors
llama_model_loader: - type q4_K:  169 tensors
llama_model_loader: - type q6_K:   29 tensors
print_info: file format = GGUF V3 (latest)
print_info: file type   = Q4_K - Medium
print_info: file size   = 2.23 GiB (4.95 BPW) 
load: printing all EOG tokens:
load:   - 151643 ('<|endoftext|>')
load:   - 151645 ('<|im_end|>')
load: special tokens cache size = 3
load: token to piece cache size = 0.9308 MB
print_info: arch             = qwen2
print_info: vocab_only       = 0
print_info: n_ctx_train      = 32768
print_info: n_embd           = 2560
print_info: n_layer          = 28
print_info: n_head           = 20
print_info: n_head_kv        = 4
print_info: n_rot            = 128
print_info: n_swa            = 0
print_info: is_swa_any       = 0
print_info: n_embd_head_k    = 128
print_info: n_embd_head_v    = 128
print_info: n_gqa            = 5
print_info: n_embd_k_gqa     = 512
print_info: n_embd_v_gqa     = 512
print_info: f_norm_eps       = 0.0e+00
print_info: f_norm_rms_eps   = 1.0e-06
print_info: f_clamp_kqv      = 0.0e+00
print_info: f_max_alibi_bias = 0.0e+00
print_info: f_logit_scale    = 0.0e+00
print_info: f_attn_scale     = 0.0e+00
print_info: n_ff             = 12288
print_info: n_expert         = 0
print_info: n_expert_used    = 0
print_info: n_expert_groups  = 0
print_info: n_group_used     = 0
print_info: causal attn      = 1
print_info: pooling type     = -1
print_info: rope type        = 2
print_info: rope scaling     = linear
print_info: freq_base_train  = 1000000.0
print_info: freq_scale_train = 1
print_info: n_ctx_orig_yarn  = 32768
print_info: rope_finetuned   = unknown
print_info: model type       = 7B
print_info: model params     = 3.86 B
print_info: general.name     = Tinytron
print_info: vocab type       = BPE
print_info: n_vocab          = 152064
print_info: n_merges         = 151387
print_info: BOS token        = 151643 '<|endoftext|>'
print_info: EOS token        = 151645 '<|im_end|>'
print_info: EOT token        = 151645 '<|im_end|>'
print_info: PAD token        = 151643 '<|endoftext|>'
print_info: LF token         = 198 'Ċ'
print_info: EOG token        = 151643 '<|endoftext|>'
print_info: EOG token        = 151645 '<|im_end|>'
print_info: max token length = 256
load_tensors: loading model tensors, this can take a while... (mmap = true)
load_tensors: offloading 0 repeating layers to GPU
load_tensors: offloaded 0/29 layers to GPU
load_tensors:   CPU_Mapped model buffer size =  2280.85 MiB
................................................................................
llama_context: constructing llama_context
llama_context: n_seq_max     = 1
llama_context: n_ctx         = 512
llama_context: n_ctx_seq     = 512
llama_context: n_batch       = 64
llama_context: n_ubatch      = 64
llama_context: causal_attn   = 1
llama_context: flash_attn    = disabled
llama_context: kv_unified    = false
llama_context: freq_base     = 1000000.0
llama_context: freq_scale    = 1
llama_context: n_ctx_seq (512) < n_ctx_train (32768) -- the full capacity of the model will not be utilized
llama_context:        CPU  output buffer size =     0.58 MiB
llama_kv_cache:        CPU KV buffer size =    28.00 MiB
llama_kv_cache: size =   28.00 MiB (   512 cells,  28 layers,  1/1 seqs), K (f16):   14.00 MiB, V (f16):   14.00 MiB
llama_context:        CPU compute buffer size =    37.75 MiB
llama_context: graph nodes  = 1098
llama_context: graph splits = 1
common_init_from_params: added <|endoftext|> logit bias = -inf
common_init_from_params: added <|im_end|> logit bias = -inf
common_init_from_params: setting dry_penalty_last_n to ctx_size = 512
common_init_from_params: warming up the model with an empty run - please wait ... (--no-warmup to disable)
main: llama threadpool init, n_threads = 8

system_info: n_threads = 8 (n_threads_batch = 8) / 8 | CPU : NEON = 1 | ARM_FMA = 1 | FP16_VA = 1 | MATMUL_INT8 = 1 | DOTPROD = 1 | REPACK = 1 | 

sampler seed: 42
sampler params: 
	repeat_last_n = 64, repeat_penalty = 1.100, frequency_penalty = 0.000, presence_penalty = 0.000
	dry_multiplier = 0.000, dry_base = 1.750, dry_allowed_length = 2, dry_penalty_last_n = 512
	top_k = 60, top_p = 0.950, min_p = 0.050, xtc_probability = 0.000, xtc_threshold = 0.100, typical_p = 1.000, top_n_sigma = -1.000, temp = 0.800
	mirostat = 0, mirostat_lr = 0.100, mirostat_ent = 5.000
sampler chain: logits -> logit-bias -> penalties -> dry -> top-n-sigma -> top-k -> typical -> top-p -> min-p -> xtc -> temp-ext -> dist 
generate: n_ctx = 512, n_batch = 64, n_predict = 250, n_keep = 4

llama_perf_sampler_print:    sampling time =     123.70 ms /   233 runs   (    0.53 ms per token,  1883.62 tokens per second)
llama_perf_context_print:        load time =     910.35 ms
llama_perf_context_print: prompt eval time =     253.48 ms /     8 tokens (   31.68 ms per token,    31.56 tokens per second)
llama_perf_context_print:        eval time =    9724.66 ms /   224 runs   (   43.41 ms per token,    23.03 tokens per second)
llama_perf_context_print:       total time =   10132.10 ms /   232 tokens
llama_perf_context_print:    graphs reused =        223
llama_memory_breakdown_print: | memory breakdown [MiB]                  | total   free    self   model   context   compute    unaccounted |
llama_memory_breakdown_print: |   - GPUOpenCL (QUALCOMM Adreno(TM) 830) |     0 =    0 + (   0 =     0 +       0 +       0) +           0 |
llama_memory_breakdown_print: |   - HTP0 (Hexagon)                      |  2048 = 2048 + (   0 =     0 +       0 +       0) +           0 |
llama_memory_breakdown_print: |   - Host                                |                 2346 =  2280 +      28 +      37                |
+ adb shell '   cd /data/local/tmp/llama.cpp; ulimit -c unlimited;            LD_LIBRARY_PATH=/data/local/tmp/llama.cpp/./lib       ADSP_LIBRARY_PATH=/data/local/tmp/llama.cpp/./lib                            ././bin/llama-cli -m /data/local/tmp/llama.cpp/../gguf/qwen2-7b-tinytron-Q4_K_M.gguf               -t 8 --ctx-size 4096 --batch-size 128         -ctk f16 -ctv f16 --temp 1.0 --seed 42         --no-display-prompt -fa on         -ngl 0  -n 250 --context-shift --keep 4 	-sys '\''You are a helpful assistant. Provide truthful, accurate, and concise answers.'\'' 	 -no-cnv' -p '"'\''Why do veins appear blue? '\''"' -n 250 -t 8 -c 512 -b 64 -ub 64 -ctk f16 -ctv f16 --temp 0.8 --repeat-penalty 1.1 --top-p 0.95 --top-k 60 --keep 4 -fa off --context-shift --poll '0 '
ggml_opencl: selected platform: 'QUALCOMM Snapdragon(TM)'

ggml_opencl: device: 'QUALCOMM Adreno(TM) 830 (OpenCL 3.0 Adreno(TM) 830)'
ggml_opencl: OpenCL driver: OpenCL 3.0 QUALCOMM build: 0800.40.1 Compiler E031.47.18.36
ggml_opencl: vector subgroup broadcast support: true
ggml_opencl: device FP16 support: true
ggml_opencl: mem base addr align: 128
ggml_opencl: max mem alloc size: 1024 MB
ggml_opencl: device max workgroup size: 1024
ggml_opencl: SVM coarse grain buffer support: true
ggml_opencl: SVM fine grain buffer support: true
ggml_opencl: SVM fine grain system support: false
ggml_opencl: SVM atomics support: true
ggml_opencl: flattening quantized weights representation as struct of arrays (GGML_OPENCL_SOA_Q)
ggml_opencl: using kernels optimized for Adreno (GGML_OPENCL_USE_ADRENO_KERNELS)
ggml_opencl: loading OpenCL kernels........................................................................
ggml_opencl: default device: 'QUALCOMM Adreno(TM) 830 (OpenCL 3.0 Adreno(TM) 830)'
ggml-hex: Hexagon backend (experimental) : allocating new registry : ndev 1
ggml-hex: Hexagon Arch version v79
ggml-hex: allocating new session: HTP0
ggml-hex: new session: HTP0 : session-id 0 domain-id 3 uri file:///libggml-htp-v79.so?htp_iface_skel_handle_invoke&_modver=1.0&_dom=cdsp&_session=0 handle 0xb4000072880b7990
build: 6942 (1f5accb8d) with Android (13324770, +pgo, +bolt, +lto, +mlgo, based on r530567d) clang version 19.0.0 (https://android.googlesource.com/toolchain/llvm-project 97a699bf4812a18fb657c2779f5296a4ab2694d2) for x86_64-unknown-linux-gnu
main: llama backend init
main: load the model and apply lora adapter, if any
llama_model_load_from_file_impl: using device GPUOpenCL (QUALCOMM Adreno(TM) 830) (unknown id) - 0 MiB free
llama_model_load_from_file_impl: using device HTP0 (Hexagon) (unknown id) - 2048 MiB free
llama_model_loader: loaded meta data with 23 key-value pairs and 339 tensors from /data/local/tmp/llama.cpp/../gguf/qwen2-7b-tinytron-Q4_K_M.gguf (version GGUF V3 (latest))
llama_model_loader: Dumping metadata keys/values. Note: KV overrides do not apply in this output.
llama_model_loader: - kv   0:                       general.architecture str              = qwen2
llama_model_loader: - kv   1:                               general.type str              = model
llama_model_loader: - kv   2:                               general.name str              = Tinytron
llama_model_loader: - kv   3:                         general.size_label str              = 3.9B
llama_model_loader: - kv   4:                          qwen2.block_count u32              = 28
llama_model_loader: - kv   5:                       qwen2.context_length u32              = 32768
llama_model_loader: - kv   6:                     qwen2.embedding_length u32              = 2560
llama_model_loader: - kv   7:                  qwen2.feed_forward_length u32              = 12288
llama_model_loader: - kv   8:                 qwen2.attention.head_count u32              = 20
llama_model_loader: - kv   9:              qwen2.attention.head_count_kv u32              = 4
llama_model_loader: - kv  10:                       qwen2.rope.freq_base f32              = 1000000.000000
llama_model_loader: - kv  11:     qwen2.attention.layer_norm_rms_epsilon f32              = 0.000001
llama_model_loader: - kv  12:                       tokenizer.ggml.model str              = gpt2
llama_model_loader: - kv  13:                         tokenizer.ggml.pre str              = qwen2
llama_model_loader: - kv  14:                      tokenizer.ggml.tokens arr[str,152064]  = ["!", "\"", "#", "$", "%", "&", "'", ...
llama_model_loader: - kv  15:                  tokenizer.ggml.token_type arr[i32,152064]  = [1, 1, 1, 1, 1, 1, 1, 1, 1, 1, 1, 1, ...
llama_model_loader: - kv  16:                      tokenizer.ggml.merges arr[str,151387]  = ["Ġ Ġ", "ĠĠ ĠĠ", "i n", "Ġ t",...
llama_model_loader: - kv  17:                tokenizer.ggml.eos_token_id u32              = 151645
llama_model_loader: - kv  18:            tokenizer.ggml.padding_token_id u32              = 151643
llama_model_loader: - kv  19:                tokenizer.ggml.bos_token_id u32              = 151643
llama_model_loader: - kv  20:                    tokenizer.chat_template str              = {% for message in messages %}{% if lo...
llama_model_loader: - kv  21:               general.quantization_version u32              = 2
llama_model_loader: - kv  22:                          general.file_type u32              = 15
llama_model_loader: - type  f32:  141 tensors
llama_model_loader: - type q4_K:  169 tensors
llama_model_loader: - type q6_K:   29 tensors
print_info: file format = GGUF V3 (latest)
print_info: file type   = Q4_K - Medium
print_info: file size   = 2.23 GiB (4.95 BPW) 
load: printing all EOG tokens:
load:   - 151643 ('<|endoftext|>')
load:   - 151645 ('<|im_end|>')
load: special tokens cache size = 3
load: token to piece cache size = 0.9308 MB
print_info: arch             = qwen2
print_info: vocab_only       = 0
print_info: n_ctx_train      = 32768
print_info: n_embd           = 2560
print_info: n_layer          = 28
print_info: n_head           = 20
print_info: n_head_kv        = 4
print_info: n_rot            = 128
print_info: n_swa            = 0
print_info: is_swa_any       = 0
print_info: n_embd_head_k    = 128
print_info: n_embd_head_v    = 128
print_info: n_gqa            = 5
print_info: n_embd_k_gqa     = 512
print_info: n_embd_v_gqa     = 512
print_info: f_norm_eps       = 0.0e+00
print_info: f_norm_rms_eps   = 1.0e-06
print_info: f_clamp_kqv      = 0.0e+00
print_info: f_max_alibi_bias = 0.0e+00
print_info: f_logit_scale    = 0.0e+00
print_info: f_attn_scale     = 0.0e+00
print_info: n_ff             = 12288
print_info: n_expert         = 0
print_info: n_expert_used    = 0
print_info: n_expert_groups  = 0
print_info: n_group_used     = 0
print_info: causal attn      = 1
print_info: pooling type     = -1
print_info: rope type        = 2
print_info: rope scaling     = linear
print_info: freq_base_train  = 1000000.0
print_info: freq_scale_train = 1
print_info: n_ctx_orig_yarn  = 32768
print_info: rope_finetuned   = unknown
print_info: model type       = 7B
print_info: model params     = 3.86 B
print_info: general.name     = Tinytron
print_info: vocab type       = BPE
print_info: n_vocab          = 152064
print_info: n_merges         = 151387
print_info: BOS token        = 151643 '<|endoftext|>'
print_info: EOS token        = 151645 '<|im_end|>'
print_info: EOT token        = 151645 '<|im_end|>'
print_info: PAD token        = 151643 '<|endoftext|>'
print_info: LF token         = 198 'Ċ'
print_info: EOG token        = 151643 '<|endoftext|>'
print_info: EOG token        = 151645 '<|im_end|>'
print_info: max token length = 256
load_tensors: loading model tensors, this can take a while... (mmap = true)
load_tensors: offloading 0 repeating layers to GPU
load_tensors: offloaded 0/29 layers to GPU
load_tensors:   CPU_Mapped model buffer size =  2280.85 MiB
................................................................................
llama_context: constructing llama_context
llama_context: n_seq_max     = 1
llama_context: n_ctx         = 512
llama_context: n_ctx_seq     = 512
llama_context: n_batch       = 64
llama_context: n_ubatch      = 64
llama_context: causal_attn   = 1
llama_context: flash_attn    = disabled
llama_context: kv_unified    = false
llama_context: freq_base     = 1000000.0
llama_context: freq_scale    = 1
llama_context: n_ctx_seq (512) < n_ctx_train (32768) -- the full capacity of the model will not be utilized
llama_context:        CPU  output buffer size =     0.58 MiB
llama_kv_cache:        CPU KV buffer size =    28.00 MiB
llama_kv_cache: size =   28.00 MiB (   512 cells,  28 layers,  1/1 seqs), K (f16):   14.00 MiB, V (f16):   14.00 MiB
llama_context:        CPU compute buffer size =    37.75 MiB
llama_context: graph nodes  = 1098
llama_context: graph splits = 1
common_init_from_params: added <|endoftext|> logit bias = -inf
common_init_from_params: added <|im_end|> logit bias = -inf
common_init_from_params: setting dry_penalty_last_n to ctx_size = 512
common_init_from_params: warming up the model with an empty run - please wait ... (--no-warmup to disable)
main: llama threadpool init, n_threads = 8

system_info: n_threads = 8 (n_threads_batch = 8) / 8 | CPU : NEON = 1 | ARM_FMA = 1 | FP16_VA = 1 | MATMUL_INT8 = 1 | DOTPROD = 1 | REPACK = 1 | 

sampler seed: 42
sampler params: 
	repeat_last_n = 64, repeat_penalty = 1.100, frequency_penalty = 0.000, presence_penalty = 0.000
	dry_multiplier = 0.000, dry_base = 1.750, dry_allowed_length = 2, dry_penalty_last_n = 512
	top_k = 60, top_p = 0.950, min_p = 0.050, xtc_probability = 0.000, xtc_threshold = 0.100, typical_p = 1.000, top_n_sigma = -1.000, temp = 0.800
	mirostat = 0, mirostat_lr = 0.100, mirostat_ent = 5.000
sampler chain: logits -> logit-bias -> penalties -> dry -> top-n-sigma -> top-k -> typical -> top-p -> min-p -> xtc -> temp-ext -> dist 
generate: n_ctx = 512, n_batch = 64, n_predict = 250, n_keep = 4

llama_perf_sampler_print:    sampling time =     179.42 ms /   258 runs   (    0.70 ms per token,  1438.00 tokens per second)
llama_perf_context_print:        load time =     622.71 ms
llama_perf_context_print: prompt eval time =     266.23 ms /     8 tokens (   33.28 ms per token,    30.05 tokens per second)
llama_perf_context_print:        eval time =   13680.75 ms /   249 runs   (   54.94 ms per token,    18.20 tokens per second)
llama_perf_context_print:       total time =   14159.44 ms /   257 tokens
llama_perf_context_print:    graphs reused =        247
llama_memory_breakdown_print: | memory breakdown [MiB]                  | total   free    self   model   context   compute    unaccounted |
llama_memory_breakdown_print: |   - GPUOpenCL (QUALCOMM Adreno(TM) 830) |     0 =    0 + (   0 =     0 +       0 +       0) +           0 |
llama_memory_breakdown_print: |   - HTP0 (Hexagon)                      |  2048 = 2048 + (   0 =     0 +       0 +       0) +           0 |
llama_memory_breakdown_print: |   - Host                                |                 2346 =  2280 +      28 +      37                |
+ adb shell '   cd /data/local/tmp/llama.cpp; ulimit -c unlimited;            LD_LIBRARY_PATH=/data/local/tmp/llama.cpp/./lib       ADSP_LIBRARY_PATH=/data/local/tmp/llama.cpp/./lib                            ././bin/llama-cli -m /data/local/tmp/llama.cpp/../gguf/qwen2-7b-tinytron-Q4_K_M.gguf               -t 8 --ctx-size 4096 --batch-size 128         -ctk f16 -ctv f16 --temp 1.0 --seed 42         --no-display-prompt -fa on         -ngl 0  -n 250 --context-shift --keep 4 	-sys '\''You are a helpful assistant. Provide truthful, accurate, and concise answers.'\'' 	 -no-cnv' -p '"'\''What is the spiciest part of a chili pepper? '\''"' -n 250 -t 8 -c 512 -b 64 -ub 64 -ctk f16 -ctv f16 --temp 0.8 --repeat-penalty 1.1 --top-p 0.95 --top-k 60 --keep 4 -fa off --context-shift --poll '0 '
ggml_opencl: selected platform: 'QUALCOMM Snapdragon(TM)'

ggml_opencl: device: 'QUALCOMM Adreno(TM) 830 (OpenCL 3.0 Adreno(TM) 830)'
ggml_opencl: OpenCL driver: OpenCL 3.0 QUALCOMM build: 0800.40.1 Compiler E031.47.18.36
ggml_opencl: vector subgroup broadcast support: true
ggml_opencl: device FP16 support: true
ggml_opencl: mem base addr align: 128
ggml_opencl: max mem alloc size: 1024 MB
ggml_opencl: device max workgroup size: 1024
ggml_opencl: SVM coarse grain buffer support: true
ggml_opencl: SVM fine grain buffer support: true
ggml_opencl: SVM fine grain system support: false
ggml_opencl: SVM atomics support: true
ggml_opencl: flattening quantized weights representation as struct of arrays (GGML_OPENCL_SOA_Q)
ggml_opencl: using kernels optimized for Adreno (GGML_OPENCL_USE_ADRENO_KERNELS)
ggml_opencl: loading OpenCL kernels........................................................................
ggml_opencl: default device: 'QUALCOMM Adreno(TM) 830 (OpenCL 3.0 Adreno(TM) 830)'
ggml-hex: Hexagon backend (experimental) : allocating new registry : ndev 1
ggml-hex: Hexagon Arch version v79
ggml-hex: allocating new session: HTP0
ggml-hex: new session: HTP0 : session-id 0 domain-id 3 uri file:///libggml-htp-v79.so?htp_iface_skel_handle_invoke&_modver=1.0&_dom=cdsp&_session=0 handle 0xb4000072f4a268d0
build: 6942 (1f5accb8d) with Android (13324770, +pgo, +bolt, +lto, +mlgo, based on r530567d) clang version 19.0.0 (https://android.googlesource.com/toolchain/llvm-project 97a699bf4812a18fb657c2779f5296a4ab2694d2) for x86_64-unknown-linux-gnu
main: llama backend init
main: load the model and apply lora adapter, if any
llama_model_load_from_file_impl: using device GPUOpenCL (QUALCOMM Adreno(TM) 830) (unknown id) - 0 MiB free
llama_model_load_from_file_impl: using device HTP0 (Hexagon) (unknown id) - 2048 MiB free
llama_model_loader: loaded meta data with 23 key-value pairs and 339 tensors from /data/local/tmp/llama.cpp/../gguf/qwen2-7b-tinytron-Q4_K_M.gguf (version GGUF V3 (latest))
llama_model_loader: Dumping metadata keys/values. Note: KV overrides do not apply in this output.
llama_model_loader: - kv   0:                       general.architecture str              = qwen2
llama_model_loader: - kv   1:                               general.type str              = model
llama_model_loader: - kv   2:                               general.name str              = Tinytron
llama_model_loader: - kv   3:                         general.size_label str              = 3.9B
llama_model_loader: - kv   4:                          qwen2.block_count u32              = 28
llama_model_loader: - kv   5:                       qwen2.context_length u32              = 32768
llama_model_loader: - kv   6:                     qwen2.embedding_length u32              = 2560
llama_model_loader: - kv   7:                  qwen2.feed_forward_length u32              = 12288
llama_model_loader: - kv   8:                 qwen2.attention.head_count u32              = 20
llama_model_loader: - kv   9:              qwen2.attention.head_count_kv u32              = 4
llama_model_loader: - kv  10:                       qwen2.rope.freq_base f32              = 1000000.000000
llama_model_loader: - kv  11:     qwen2.attention.layer_norm_rms_epsilon f32              = 0.000001
llama_model_loader: - kv  12:                       tokenizer.ggml.model str              = gpt2
llama_model_loader: - kv  13:                         tokenizer.ggml.pre str              = qwen2
llama_model_loader: - kv  14:                      tokenizer.ggml.tokens arr[str,152064]  = ["!", "\"", "#", "$", "%", "&", "'", ...
llama_model_loader: - kv  15:                  tokenizer.ggml.token_type arr[i32,152064]  = [1, 1, 1, 1, 1, 1, 1, 1, 1, 1, 1, 1, ...
llama_model_loader: - kv  16:                      tokenizer.ggml.merges arr[str,151387]  = ["Ġ Ġ", "ĠĠ ĠĠ", "i n", "Ġ t",...
llama_model_loader: - kv  17:                tokenizer.ggml.eos_token_id u32              = 151645
llama_model_loader: - kv  18:            tokenizer.ggml.padding_token_id u32              = 151643
llama_model_loader: - kv  19:                tokenizer.ggml.bos_token_id u32              = 151643
llama_model_loader: - kv  20:                    tokenizer.chat_template str              = {% for message in messages %}{% if lo...
llama_model_loader: - kv  21:               general.quantization_version u32              = 2
llama_model_loader: - kv  22:                          general.file_type u32              = 15
llama_model_loader: - type  f32:  141 tensors
llama_model_loader: - type q4_K:  169 tensors
llama_model_loader: - type q6_K:   29 tensors
print_info: file format = GGUF V3 (latest)
print_info: file type   = Q4_K - Medium
print_info: file size   = 2.23 GiB (4.95 BPW) 
load: printing all EOG tokens:
load:   - 151643 ('<|endoftext|>')
load:   - 151645 ('<|im_end|>')
load: special tokens cache size = 3
load: token to piece cache size = 0.9308 MB
print_info: arch             = qwen2
print_info: vocab_only       = 0
print_info: n_ctx_train      = 32768
print_info: n_embd           = 2560
print_info: n_layer          = 28
print_info: n_head           = 20
print_info: n_head_kv        = 4
print_info: n_rot            = 128
print_info: n_swa            = 0
print_info: is_swa_any       = 0
print_info: n_embd_head_k    = 128
print_info: n_embd_head_v    = 128
print_info: n_gqa            = 5
print_info: n_embd_k_gqa     = 512
print_info: n_embd_v_gqa     = 512
print_info: f_norm_eps       = 0.0e+00
print_info: f_norm_rms_eps   = 1.0e-06
print_info: f_clamp_kqv      = 0.0e+00
print_info: f_max_alibi_bias = 0.0e+00
print_info: f_logit_scale    = 0.0e+00
print_info: f_attn_scale     = 0.0e+00
print_info: n_ff             = 12288
print_info: n_expert         = 0
print_info: n_expert_used    = 0
print_info: n_expert_groups  = 0
print_info: n_group_used     = 0
print_info: causal attn      = 1
print_info: pooling type     = -1
print_info: rope type        = 2
print_info: rope scaling     = linear
print_info: freq_base_train  = 1000000.0
print_info: freq_scale_train = 1
print_info: n_ctx_orig_yarn  = 32768
print_info: rope_finetuned   = unknown
print_info: model type       = 7B
print_info: model params     = 3.86 B
print_info: general.name     = Tinytron
print_info: vocab type       = BPE
print_info: n_vocab          = 152064
print_info: n_merges         = 151387
print_info: BOS token        = 151643 '<|endoftext|>'
print_info: EOS token        = 151645 '<|im_end|>'
print_info: EOT token        = 151645 '<|im_end|>'
print_info: PAD token        = 151643 '<|endoftext|>'
print_info: LF token         = 198 'Ċ'
print_info: EOG token        = 151643 '<|endoftext|>'
print_info: EOG token        = 151645 '<|im_end|>'
print_info: max token length = 256
load_tensors: loading model tensors, this can take a while... (mmap = true)
load_tensors: offloading 0 repeating layers to GPU
load_tensors: offloaded 0/29 layers to GPU
load_tensors:   CPU_Mapped model buffer size =  2280.85 MiB
................................................................................
llama_context: constructing llama_context
llama_context: n_seq_max     = 1
llama_context: n_ctx         = 512
llama_context: n_ctx_seq     = 512
llama_context: n_batch       = 64
llama_context: n_ubatch      = 64
llama_context: causal_attn   = 1
llama_context: flash_attn    = disabled
llama_context: kv_unified    = false
llama_context: freq_base     = 1000000.0
llama_context: freq_scale    = 1
llama_context: n_ctx_seq (512) < n_ctx_train (32768) -- the full capacity of the model will not be utilized
llama_context:        CPU  output buffer size =     0.58 MiB
llama_kv_cache:        CPU KV buffer size =    28.00 MiB
llama_kv_cache: size =   28.00 MiB (   512 cells,  28 layers,  1/1 seqs), K (f16):   14.00 MiB, V (f16):   14.00 MiB
llama_context:        CPU compute buffer size =    37.75 MiB
llama_context: graph nodes  = 1098
llama_context: graph splits = 1
common_init_from_params: added <|endoftext|> logit bias = -inf
common_init_from_params: added <|im_end|> logit bias = -inf
common_init_from_params: setting dry_penalty_last_n to ctx_size = 512
common_init_from_params: warming up the model with an empty run - please wait ... (--no-warmup to disable)
main: llama threadpool init, n_threads = 8

system_info: n_threads = 8 (n_threads_batch = 8) / 8 | CPU : NEON = 1 | ARM_FMA = 1 | FP16_VA = 1 | MATMUL_INT8 = 1 | DOTPROD = 1 | REPACK = 1 | 

sampler seed: 42
sampler params: 
	repeat_last_n = 64, repeat_penalty = 1.100, frequency_penalty = 0.000, presence_penalty = 0.000
	dry_multiplier = 0.000, dry_base = 1.750, dry_allowed_length = 2, dry_penalty_last_n = 512
	top_k = 60, top_p = 0.950, min_p = 0.050, xtc_probability = 0.000, xtc_threshold = 0.100, typical_p = 1.000, top_n_sigma = -1.000, temp = 0.800
	mirostat = 0, mirostat_lr = 0.100, mirostat_ent = 5.000
sampler chain: logits -> logit-bias -> penalties -> dry -> top-n-sigma -> top-k -> typical -> top-p -> min-p -> xtc -> temp-ext -> dist 
generate: n_ctx = 512, n_batch = 64, n_predict = 250, n_keep = 4

llama_perf_sampler_print:    sampling time =      10.71 ms /    29 runs   (    0.37 ms per token,  2708.76 tokens per second)
llama_perf_context_print:        load time =     630.83 ms
llama_perf_context_print: prompt eval time =     429.69 ms /    14 tokens (   30.69 ms per token,    32.58 tokens per second)
llama_perf_context_print:        eval time =     801.73 ms /    14 runs   (   57.27 ms per token,    17.46 tokens per second)
llama_perf_context_print:       total time =    1250.35 ms /    28 tokens
llama_perf_context_print:    graphs reused =         13
llama_memory_breakdown_print: | memory breakdown [MiB]                  | total   free    self   model   context   compute    unaccounted |
llama_memory_breakdown_print: |   - GPUOpenCL (QUALCOMM Adreno(TM) 830) |     0 =    0 + (   0 =     0 +       0 +       0) +           0 |
llama_memory_breakdown_print: |   - HTP0 (Hexagon)                      |  2048 = 2048 + (   0 =     0 +       0 +       0) +           0 |
llama_memory_breakdown_print: |   - Host                                |                 2346 =  2280 +      28 +      37                |
+ adb shell '   cd /data/local/tmp/llama.cpp; ulimit -c unlimited;            LD_LIBRARY_PATH=/data/local/tmp/llama.cpp/./lib       ADSP_LIBRARY_PATH=/data/local/tmp/llama.cpp/./lib                            ././bin/llama-cli -m /data/local/tmp/llama.cpp/../gguf/qwen2-7b-tinytron-Q4_K_M.gguf               -t 8 --ctx-size 4096 --batch-size 128         -ctk f16 -ctv f16 --temp 1.0 --seed 42         --no-display-prompt -fa on         -ngl 0  -n 250 --context-shift --keep 4 	-sys '\''You are a helpful assistant. Provide truthful, accurate, and concise answers.'\'' 	 -no-cnv' -p '"'\''How long should you wait before filing a missing person report? '\''"' -n 250 -t 8 -c 512 -b 64 -ub 64 -ctk f16 -ctv f16 --temp 0.8 --repeat-penalty 1.1 --top-p 0.95 --top-k 60 --keep 4 -fa off --context-shift --poll '0 '
ggml_opencl: selected platform: 'QUALCOMM Snapdragon(TM)'

ggml_opencl: device: 'QUALCOMM Adreno(TM) 830 (OpenCL 3.0 Adreno(TM) 830)'
ggml_opencl: OpenCL driver: OpenCL 3.0 QUALCOMM build: 0800.40.1 Compiler E031.47.18.36
ggml_opencl: vector subgroup broadcast support: true
ggml_opencl: device FP16 support: true
ggml_opencl: mem base addr align: 128
ggml_opencl: max mem alloc size: 1024 MB
ggml_opencl: device max workgroup size: 1024
ggml_opencl: SVM coarse grain buffer support: true
ggml_opencl: SVM fine grain buffer support: true
ggml_opencl: SVM fine grain system support: false
ggml_opencl: SVM atomics support: true
ggml_opencl: flattening quantized weights representation as struct of arrays (GGML_OPENCL_SOA_Q)
ggml_opencl: using kernels optimized for Adreno (GGML_OPENCL_USE_ADRENO_KERNELS)
ggml_opencl: loading OpenCL kernels........................................................................
ggml_opencl: default device: 'QUALCOMM Adreno(TM) 830 (OpenCL 3.0 Adreno(TM) 830)'
ggml-hex: Hexagon backend (experimental) : allocating new registry : ndev 1
ggml-hex: Hexagon Arch version v79
ggml-hex: allocating new session: HTP0
ggml-hex: new session: HTP0 : session-id 0 domain-id 3 uri file:///libggml-htp-v79.so?htp_iface_skel_handle_invoke&_modver=1.0&_dom=cdsp&_session=0 handle 0xb400006f8e310e50
build: 6942 (1f5accb8d) with Android (13324770, +pgo, +bolt, +lto, +mlgo, based on r530567d) clang version 19.0.0 (https://android.googlesource.com/toolchain/llvm-project 97a699bf4812a18fb657c2779f5296a4ab2694d2) for x86_64-unknown-linux-gnu
main: llama backend init
main: load the model and apply lora adapter, if any
llama_model_load_from_file_impl: using device GPUOpenCL (QUALCOMM Adreno(TM) 830) (unknown id) - 0 MiB free
llama_model_load_from_file_impl: using device HTP0 (Hexagon) (unknown id) - 2048 MiB free
llama_model_loader: loaded meta data with 23 key-value pairs and 339 tensors from /data/local/tmp/llama.cpp/../gguf/qwen2-7b-tinytron-Q4_K_M.gguf (version GGUF V3 (latest))
llama_model_loader: Dumping metadata keys/values. Note: KV overrides do not apply in this output.
llama_model_loader: - kv   0:                       general.architecture str              = qwen2
llama_model_loader: - kv   1:                               general.type str              = model
llama_model_loader: - kv   2:                               general.name str              = Tinytron
llama_model_loader: - kv   3:                         general.size_label str              = 3.9B
llama_model_loader: - kv   4:                          qwen2.block_count u32              = 28
llama_model_loader: - kv   5:                       qwen2.context_length u32              = 32768
llama_model_loader: - kv   6:                     qwen2.embedding_length u32              = 2560
llama_model_loader: - kv   7:                  qwen2.feed_forward_length u32              = 12288
llama_model_loader: - kv   8:                 qwen2.attention.head_count u32              = 20
llama_model_loader: - kv   9:              qwen2.attention.head_count_kv u32              = 4
llama_model_loader: - kv  10:                       qwen2.rope.freq_base f32              = 1000000.000000
llama_model_loader: - kv  11:     qwen2.attention.layer_norm_rms_epsilon f32              = 0.000001
llama_model_loader: - kv  12:                       tokenizer.ggml.model str              = gpt2
llama_model_loader: - kv  13:                         tokenizer.ggml.pre str              = qwen2
llama_model_loader: - kv  14:                      tokenizer.ggml.tokens arr[str,152064]  = ["!", "\"", "#", "$", "%", "&", "'", ...
llama_model_loader: - kv  15:                  tokenizer.ggml.token_type arr[i32,152064]  = [1, 1, 1, 1, 1, 1, 1, 1, 1, 1, 1, 1, ...
llama_model_loader: - kv  16:                      tokenizer.ggml.merges arr[str,151387]  = ["Ġ Ġ", "ĠĠ ĠĠ", "i n", "Ġ t",...
llama_model_loader: - kv  17:                tokenizer.ggml.eos_token_id u32              = 151645
llama_model_loader: - kv  18:            tokenizer.ggml.padding_token_id u32              = 151643
llama_model_loader: - kv  19:                tokenizer.ggml.bos_token_id u32              = 151643
llama_model_loader: - kv  20:                    tokenizer.chat_template str              = {% for message in messages %}{% if lo...
llama_model_loader: - kv  21:               general.quantization_version u32              = 2
llama_model_loader: - kv  22:                          general.file_type u32              = 15
llama_model_loader: - type  f32:  141 tensors
llama_model_loader: - type q4_K:  169 tensors
llama_model_loader: - type q6_K:   29 tensors
print_info: file format = GGUF V3 (latest)
print_info: file type   = Q4_K - Medium
print_info: file size   = 2.23 GiB (4.95 BPW) 
load: printing all EOG tokens:
load:   - 151643 ('<|endoftext|>')
load:   - 151645 ('<|im_end|>')
load: special tokens cache size = 3
load: token to piece cache size = 0.9308 MB
print_info: arch             = qwen2
print_info: vocab_only       = 0
print_info: n_ctx_train      = 32768
print_info: n_embd           = 2560
print_info: n_layer          = 28
print_info: n_head           = 20
print_info: n_head_kv        = 4
print_info: n_rot            = 128
print_info: n_swa            = 0
print_info: is_swa_any       = 0
print_info: n_embd_head_k    = 128
print_info: n_embd_head_v    = 128
print_info: n_gqa            = 5
print_info: n_embd_k_gqa     = 512
print_info: n_embd_v_gqa     = 512
print_info: f_norm_eps       = 0.0e+00
print_info: f_norm_rms_eps   = 1.0e-06
print_info: f_clamp_kqv      = 0.0e+00
print_info: f_max_alibi_bias = 0.0e+00
print_info: f_logit_scale    = 0.0e+00
print_info: f_attn_scale     = 0.0e+00
print_info: n_ff             = 12288
print_info: n_expert         = 0
print_info: n_expert_used    = 0
print_info: n_expert_groups  = 0
print_info: n_group_used     = 0
print_info: causal attn      = 1
print_info: pooling type     = -1
print_info: rope type        = 2
print_info: rope scaling     = linear
print_info: freq_base_train  = 1000000.0
print_info: freq_scale_train = 1
print_info: n_ctx_orig_yarn  = 32768
print_info: rope_finetuned   = unknown
print_info: model type       = 7B
print_info: model params     = 3.86 B
print_info: general.name     = Tinytron
print_info: vocab type       = BPE
print_info: n_vocab          = 152064
print_info: n_merges         = 151387
print_info: BOS token        = 151643 '<|endoftext|>'
print_info: EOS token        = 151645 '<|im_end|>'
print_info: EOT token        = 151645 '<|im_end|>'
print_info: PAD token        = 151643 '<|endoftext|>'
print_info: LF token         = 198 'Ċ'
print_info: EOG token        = 151643 '<|endoftext|>'
print_info: EOG token        = 151645 '<|im_end|>'
print_info: max token length = 256
load_tensors: loading model tensors, this can take a while... (mmap = true)
load_tensors: offloading 0 repeating layers to GPU
load_tensors: offloaded 0/29 layers to GPU
load_tensors:   CPU_Mapped model buffer size =  2280.85 MiB
................................................................................
llama_context: constructing llama_context
llama_context: n_seq_max     = 1
llama_context: n_ctx         = 512
llama_context: n_ctx_seq     = 512
llama_context: n_batch       = 64
llama_context: n_ubatch      = 64
llama_context: causal_attn   = 1
llama_context: flash_attn    = disabled
llama_context: kv_unified    = false
llama_context: freq_base     = 1000000.0
llama_context: freq_scale    = 1
llama_context: n_ctx_seq (512) < n_ctx_train (32768) -- the full capacity of the model will not be utilized
llama_context:        CPU  output buffer size =     0.58 MiB
llama_kv_cache:        CPU KV buffer size =    28.00 MiB
llama_kv_cache: size =   28.00 MiB (   512 cells,  28 layers,  1/1 seqs), K (f16):   14.00 MiB, V (f16):   14.00 MiB
llama_context:        CPU compute buffer size =    37.75 MiB
llama_context: graph nodes  = 1098
llama_context: graph splits = 1
common_init_from_params: added <|endoftext|> logit bias = -inf
common_init_from_params: added <|im_end|> logit bias = -inf
common_init_from_params: setting dry_penalty_last_n to ctx_size = 512
common_init_from_params: warming up the model with an empty run - please wait ... (--no-warmup to disable)
main: llama threadpool init, n_threads = 8

system_info: n_threads = 8 (n_threads_batch = 8) / 8 | CPU : NEON = 1 | ARM_FMA = 1 | FP16_VA = 1 | MATMUL_INT8 = 1 | DOTPROD = 1 | REPACK = 1 | 

sampler seed: 42
sampler params: 
	repeat_last_n = 64, repeat_penalty = 1.100, frequency_penalty = 0.000, presence_penalty = 0.000
	dry_multiplier = 0.000, dry_base = 1.750, dry_allowed_length = 2, dry_penalty_last_n = 512
	top_k = 60, top_p = 0.950, min_p = 0.050, xtc_probability = 0.000, xtc_threshold = 0.100, typical_p = 1.000, top_n_sigma = -1.000, temp = 0.800
	mirostat = 0, mirostat_lr = 0.100, mirostat_ent = 5.000
sampler chain: logits -> logit-bias -> penalties -> dry -> top-n-sigma -> top-k -> typical -> top-p -> min-p -> xtc -> temp-ext -> dist 
generate: n_ctx = 512, n_batch = 64, n_predict = 250, n_keep = 4

llama_perf_sampler_print:    sampling time =     138.52 ms /   264 runs   (    0.52 ms per token,  1905.86 tokens per second)
llama_perf_context_print:        load time =     372.49 ms
llama_perf_context_print: prompt eval time =     245.23 ms /    14 tokens (   17.52 ms per token,    57.09 tokens per second)
llama_perf_context_print:        eval time =   11488.23 ms /   249 runs   (   46.14 ms per token,    21.67 tokens per second)
llama_perf_context_print:       total time =   11900.66 ms /   263 tokens
llama_perf_context_print:    graphs reused =        247
llama_memory_breakdown_print: | memory breakdown [MiB]                  | total   free    self   model   context   compute    unaccounted |
llama_memory_breakdown_print: |   - GPUOpenCL (QUALCOMM Adreno(TM) 830) |     0 =    0 + (   0 =     0 +       0 +       0) +           0 |
llama_memory_breakdown_print: |   - HTP0 (Hexagon)                      |  2048 = 2048 + (   0 =     0 +       0 +       0) +           0 |
llama_memory_breakdown_print: |   - Host                                |                 2346 =  2280 +      28 +      37                |
+ adb shell '   cd /data/local/tmp/llama.cpp; ulimit -c unlimited;            LD_LIBRARY_PATH=/data/local/tmp/llama.cpp/./lib       ADSP_LIBRARY_PATH=/data/local/tmp/llama.cpp/./lib                            ././bin/llama-cli -m /data/local/tmp/llama.cpp/../gguf/qwen2-7b-tinytron-Q4_K_M.gguf               -t 8 --ctx-size 4096 --batch-size 128         -ctk f16 -ctv f16 --temp 1.0 --seed 42         --no-display-prompt -fa on         -ngl 0  -n 250 --context-shift --keep 4 	-sys '\''You are a helpful assistant. Provide truthful, accurate, and concise answers.'\'' 	 -no-cnv' -p '"'\''Why do matadors wave red capes? '\''"' -n 250 -t 8 -c 512 -b 64 -ub 64 -ctk f16 -ctv f16 --temp 0.8 --repeat-penalty 1.1 --top-p 0.95 --top-k 60 --keep 4 -fa off --context-shift --poll '0 '
ggml_opencl: selected platform: 'QUALCOMM Snapdragon(TM)'

ggml_opencl: device: 'QUALCOMM Adreno(TM) 830 (OpenCL 3.0 Adreno(TM) 830)'
ggml_opencl: OpenCL driver: OpenCL 3.0 QUALCOMM build: 0800.40.1 Compiler E031.47.18.36
ggml_opencl: vector subgroup broadcast support: true
ggml_opencl: device FP16 support: true
ggml_opencl: mem base addr align: 128
ggml_opencl: max mem alloc size: 1024 MB
ggml_opencl: device max workgroup size: 1024
ggml_opencl: SVM coarse grain buffer support: true
ggml_opencl: SVM fine grain buffer support: true
ggml_opencl: SVM fine grain system support: false
ggml_opencl: SVM atomics support: true
ggml_opencl: flattening quantized weights representation as struct of arrays (GGML_OPENCL_SOA_Q)
ggml_opencl: using kernels optimized for Adreno (GGML_OPENCL_USE_ADRENO_KERNELS)
ggml_opencl: loading OpenCL kernels........................................................................
ggml_opencl: default device: 'QUALCOMM Adreno(TM) 830 (OpenCL 3.0 Adreno(TM) 830)'
ggml-hex: Hexagon backend (experimental) : allocating new registry : ndev 1
ggml-hex: Hexagon Arch version v79
ggml-hex: allocating new session: HTP0
ggml-hex: new session: HTP0 : session-id 0 domain-id 3 uri file:///libggml-htp-v79.so?htp_iface_skel_handle_invoke&_modver=1.0&_dom=cdsp&_session=0 handle 0xb400007c88d5e0d0
build: 6942 (1f5accb8d) with Android (13324770, +pgo, +bolt, +lto, +mlgo, based on r530567d) clang version 19.0.0 (https://android.googlesource.com/toolchain/llvm-project 97a699bf4812a18fb657c2779f5296a4ab2694d2) for x86_64-unknown-linux-gnu
main: llama backend init
main: load the model and apply lora adapter, if any
llama_model_load_from_file_impl: using device GPUOpenCL (QUALCOMM Adreno(TM) 830) (unknown id) - 0 MiB free
llama_model_load_from_file_impl: using device HTP0 (Hexagon) (unknown id) - 2048 MiB free
llama_model_loader: loaded meta data with 23 key-value pairs and 339 tensors from /data/local/tmp/llama.cpp/../gguf/qwen2-7b-tinytron-Q4_K_M.gguf (version GGUF V3 (latest))
llama_model_loader: Dumping metadata keys/values. Note: KV overrides do not apply in this output.
llama_model_loader: - kv   0:                       general.architecture str              = qwen2
llama_model_loader: - kv   1:                               general.type str              = model
llama_model_loader: - kv   2:                               general.name str              = Tinytron
llama_model_loader: - kv   3:                         general.size_label str              = 3.9B
llama_model_loader: - kv   4:                          qwen2.block_count u32              = 28
llama_model_loader: - kv   5:                       qwen2.context_length u32              = 32768
llama_model_loader: - kv   6:                     qwen2.embedding_length u32              = 2560
llama_model_loader: - kv   7:                  qwen2.feed_forward_length u32              = 12288
llama_model_loader: - kv   8:                 qwen2.attention.head_count u32              = 20
llama_model_loader: - kv   9:              qwen2.attention.head_count_kv u32              = 4
llama_model_loader: - kv  10:                       qwen2.rope.freq_base f32              = 1000000.000000
llama_model_loader: - kv  11:     qwen2.attention.layer_norm_rms_epsilon f32              = 0.000001
llama_model_loader: - kv  12:                       tokenizer.ggml.model str              = gpt2
llama_model_loader: - kv  13:                         tokenizer.ggml.pre str              = qwen2
llama_model_loader: - kv  14:                      tokenizer.ggml.tokens arr[str,152064]  = ["!", "\"", "#", "$", "%", "&", "'", ...
llama_model_loader: - kv  15:                  tokenizer.ggml.token_type arr[i32,152064]  = [1, 1, 1, 1, 1, 1, 1, 1, 1, 1, 1, 1, ...
llama_model_loader: - kv  16:                      tokenizer.ggml.merges arr[str,151387]  = ["Ġ Ġ", "ĠĠ ĠĠ", "i n", "Ġ t",...
llama_model_loader: - kv  17:                tokenizer.ggml.eos_token_id u32              = 151645
llama_model_loader: - kv  18:            tokenizer.ggml.padding_token_id u32              = 151643
llama_model_loader: - kv  19:                tokenizer.ggml.bos_token_id u32              = 151643
llama_model_loader: - kv  20:                    tokenizer.chat_template str              = {% for message in messages %}{% if lo...
llama_model_loader: - kv  21:               general.quantization_version u32              = 2
llama_model_loader: - kv  22:                          general.file_type u32              = 15
llama_model_loader: - type  f32:  141 tensors
llama_model_loader: - type q4_K:  169 tensors
llama_model_loader: - type q6_K:   29 tensors
print_info: file format = GGUF V3 (latest)
print_info: file type   = Q4_K - Medium
print_info: file size   = 2.23 GiB (4.95 BPW) 
load: printing all EOG tokens:
load:   - 151643 ('<|endoftext|>')
load:   - 151645 ('<|im_end|>')
load: special tokens cache size = 3
load: token to piece cache size = 0.9308 MB
print_info: arch             = qwen2
print_info: vocab_only       = 0
print_info: n_ctx_train      = 32768
print_info: n_embd           = 2560
print_info: n_layer          = 28
print_info: n_head           = 20
print_info: n_head_kv        = 4
print_info: n_rot            = 128
print_info: n_swa            = 0
print_info: is_swa_any       = 0
print_info: n_embd_head_k    = 128
print_info: n_embd_head_v    = 128
print_info: n_gqa            = 5
print_info: n_embd_k_gqa     = 512
print_info: n_embd_v_gqa     = 512
print_info: f_norm_eps       = 0.0e+00
print_info: f_norm_rms_eps   = 1.0e-06
print_info: f_clamp_kqv      = 0.0e+00
print_info: f_max_alibi_bias = 0.0e+00
print_info: f_logit_scale    = 0.0e+00
print_info: f_attn_scale     = 0.0e+00
print_info: n_ff             = 12288
print_info: n_expert         = 0
print_info: n_expert_used    = 0
print_info: n_expert_groups  = 0
print_info: n_group_used     = 0
print_info: causal attn      = 1
print_info: pooling type     = -1
print_info: rope type        = 2
print_info: rope scaling     = linear
print_info: freq_base_train  = 1000000.0
print_info: freq_scale_train = 1
print_info: n_ctx_orig_yarn  = 32768
print_info: rope_finetuned   = unknown
print_info: model type       = 7B
print_info: model params     = 3.86 B
print_info: general.name     = Tinytron
print_info: vocab type       = BPE
print_info: n_vocab          = 152064
print_info: n_merges         = 151387
print_info: BOS token        = 151643 '<|endoftext|>'
print_info: EOS token        = 151645 '<|im_end|>'
print_info: EOT token        = 151645 '<|im_end|>'
print_info: PAD token        = 151643 '<|endoftext|>'
print_info: LF token         = 198 'Ċ'
print_info: EOG token        = 151643 '<|endoftext|>'
print_info: EOG token        = 151645 '<|im_end|>'
print_info: max token length = 256
load_tensors: loading model tensors, this can take a while... (mmap = true)
load_tensors: offloading 0 repeating layers to GPU
load_tensors: offloaded 0/29 layers to GPU
load_tensors:   CPU_Mapped model buffer size =  2280.85 MiB
................................................................................
llama_context: constructing llama_context
llama_context: n_seq_max     = 1
llama_context: n_ctx         = 512
llama_context: n_ctx_seq     = 512
llama_context: n_batch       = 64
llama_context: n_ubatch      = 64
llama_context: causal_attn   = 1
llama_context: flash_attn    = disabled
llama_context: kv_unified    = false
llama_context: freq_base     = 1000000.0
llama_context: freq_scale    = 1
llama_context: n_ctx_seq (512) < n_ctx_train (32768) -- the full capacity of the model will not be utilized
llama_context:        CPU  output buffer size =     0.58 MiB
llama_kv_cache:        CPU KV buffer size =    28.00 MiB
llama_kv_cache: size =   28.00 MiB (   512 cells,  28 layers,  1/1 seqs), K (f16):   14.00 MiB, V (f16):   14.00 MiB
llama_context:        CPU compute buffer size =    37.75 MiB
llama_context: graph nodes  = 1098
llama_context: graph splits = 1
common_init_from_params: added <|endoftext|> logit bias = -inf
common_init_from_params: added <|im_end|> logit bias = -inf
common_init_from_params: setting dry_penalty_last_n to ctx_size = 512
common_init_from_params: warming up the model with an empty run - please wait ... (--no-warmup to disable)
main: llama threadpool init, n_threads = 8

system_info: n_threads = 8 (n_threads_batch = 8) / 8 | CPU : NEON = 1 | ARM_FMA = 1 | FP16_VA = 1 | MATMUL_INT8 = 1 | DOTPROD = 1 | REPACK = 1 | 

sampler seed: 42
sampler params: 
	repeat_last_n = 64, repeat_penalty = 1.100, frequency_penalty = 0.000, presence_penalty = 0.000
	dry_multiplier = 0.000, dry_base = 1.750, dry_allowed_length = 2, dry_penalty_last_n = 512
	top_k = 60, top_p = 0.950, min_p = 0.050, xtc_probability = 0.000, xtc_threshold = 0.100, typical_p = 1.000, top_n_sigma = -1.000, temp = 0.800
	mirostat = 0, mirostat_lr = 0.100, mirostat_ent = 5.000
sampler chain: logits -> logit-bias -> penalties -> dry -> top-n-sigma -> top-k -> typical -> top-p -> min-p -> xtc -> temp-ext -> dist 
generate: n_ctx = 512, n_batch = 64, n_predict = 250, n_keep = 4

llama_perf_sampler_print:    sampling time =     105.10 ms /   172 runs   (    0.61 ms per token,  1636.60 tokens per second)
llama_perf_context_print:        load time =     898.41 ms
llama_perf_context_print: prompt eval time =     495.64 ms /    11 tokens (   45.06 ms per token,    22.19 tokens per second)
llama_perf_context_print:        eval time =    8046.50 ms /   160 runs   (   50.29 ms per token,    19.88 tokens per second)
llama_perf_context_print:       total time =    8670.69 ms /   171 tokens
llama_perf_context_print:    graphs reused =        159
llama_memory_breakdown_print: | memory breakdown [MiB]                  | total   free    self   model   context   compute    unaccounted |
llama_memory_breakdown_print: |   - GPUOpenCL (QUALCOMM Adreno(TM) 830) |     0 =    0 + (   0 =     0 +       0 +       0) +           0 |
llama_memory_breakdown_print: |   - HTP0 (Hexagon)                      |  2048 = 2048 + (   0 =     0 +       0 +       0) +           0 |
llama_memory_breakdown_print: |   - Host                                |                 2346 =  2280 +      28 +      37                |
+ adb shell '   cd /data/local/tmp/llama.cpp; ulimit -c unlimited;            LD_LIBRARY_PATH=/data/local/tmp/llama.cpp/./lib       ADSP_LIBRARY_PATH=/data/local/tmp/llama.cpp/./lib                            ././bin/llama-cli -m /data/local/tmp/llama.cpp/../gguf/qwen2-7b-tinytron-Q4_K_M.gguf               -t 8 --ctx-size 4096 --batch-size 128         -ctk f16 -ctv f16 --temp 1.0 --seed 42         --no-display-prompt -fa on         -ngl 0  -n 250 --context-shift --keep 4 	-sys '\''You are a helpful assistant. Provide truthful, accurate, and concise answers.'\'' 	 -no-cnv' -p '"'\''What percentage of the brain does a human typically use? '\''"' -n 250 -t 8 -c 512 -b 64 -ub 64 -ctk f16 -ctv f16 --temp 0.8 --repeat-penalty 1.1 --top-p 0.95 --top-k 60 --keep 4 -fa off --context-shift --poll '0 '
ggml_opencl: selected platform: 'QUALCOMM Snapdragon(TM)'

ggml_opencl: device: 'QUALCOMM Adreno(TM) 830 (OpenCL 3.0 Adreno(TM) 830)'
ggml_opencl: OpenCL driver: OpenCL 3.0 QUALCOMM build: 0800.40.1 Compiler E031.47.18.36
ggml_opencl: vector subgroup broadcast support: true
ggml_opencl: device FP16 support: true
ggml_opencl: mem base addr align: 128
ggml_opencl: max mem alloc size: 1024 MB
ggml_opencl: device max workgroup size: 1024
ggml_opencl: SVM coarse grain buffer support: true
ggml_opencl: SVM fine grain buffer support: true
ggml_opencl: SVM fine grain system support: false
ggml_opencl: SVM atomics support: true
ggml_opencl: flattening quantized weights representation as struct of arrays (GGML_OPENCL_SOA_Q)
ggml_opencl: using kernels optimized for Adreno (GGML_OPENCL_USE_ADRENO_KERNELS)
ggml_opencl: loading OpenCL kernels........................................................................
ggml_opencl: default device: 'QUALCOMM Adreno(TM) 830 (OpenCL 3.0 Adreno(TM) 830)'
ggml-hex: Hexagon backend (experimental) : allocating new registry : ndev 1
ggml-hex: Hexagon Arch version v79
ggml-hex: allocating new session: HTP0
ggml-hex: new session: HTP0 : session-id 0 domain-id 3 uri file:///libggml-htp-v79.so?htp_iface_skel_handle_invoke&_modver=1.0&_dom=cdsp&_session=0 handle 0xb4000072f02f0f10
build: 6942 (1f5accb8d) with Android (13324770, +pgo, +bolt, +lto, +mlgo, based on r530567d) clang version 19.0.0 (https://android.googlesource.com/toolchain/llvm-project 97a699bf4812a18fb657c2779f5296a4ab2694d2) for x86_64-unknown-linux-gnu
main: llama backend init
main: load the model and apply lora adapter, if any
llama_model_load_from_file_impl: using device GPUOpenCL (QUALCOMM Adreno(TM) 830) (unknown id) - 0 MiB free
llama_model_load_from_file_impl: using device HTP0 (Hexagon) (unknown id) - 2048 MiB free
llama_model_loader: loaded meta data with 23 key-value pairs and 339 tensors from /data/local/tmp/llama.cpp/../gguf/qwen2-7b-tinytron-Q4_K_M.gguf (version GGUF V3 (latest))
llama_model_loader: Dumping metadata keys/values. Note: KV overrides do not apply in this output.
llama_model_loader: - kv   0:                       general.architecture str              = qwen2
llama_model_loader: - kv   1:                               general.type str              = model
llama_model_loader: - kv   2:                               general.name str              = Tinytron
llama_model_loader: - kv   3:                         general.size_label str              = 3.9B
llama_model_loader: - kv   4:                          qwen2.block_count u32              = 28
llama_model_loader: - kv   5:                       qwen2.context_length u32              = 32768
llama_model_loader: - kv   6:                     qwen2.embedding_length u32              = 2560
llama_model_loader: - kv   7:                  qwen2.feed_forward_length u32              = 12288
llama_model_loader: - kv   8:                 qwen2.attention.head_count u32              = 20
llama_model_loader: - kv   9:              qwen2.attention.head_count_kv u32              = 4
llama_model_loader: - kv  10:                       qwen2.rope.freq_base f32              = 1000000.000000
llama_model_loader: - kv  11:     qwen2.attention.layer_norm_rms_epsilon f32              = 0.000001
llama_model_loader: - kv  12:                       tokenizer.ggml.model str              = gpt2
llama_model_loader: - kv  13:                         tokenizer.ggml.pre str              = qwen2
llama_model_loader: - kv  14:                      tokenizer.ggml.tokens arr[str,152064]  = ["!", "\"", "#", "$", "%", "&", "'", ...
llama_model_loader: - kv  15:                  tokenizer.ggml.token_type arr[i32,152064]  = [1, 1, 1, 1, 1, 1, 1, 1, 1, 1, 1, 1, ...
llama_model_loader: - kv  16:                      tokenizer.ggml.merges arr[str,151387]  = ["Ġ Ġ", "ĠĠ ĠĠ", "i n", "Ġ t",...
llama_model_loader: - kv  17:                tokenizer.ggml.eos_token_id u32              = 151645
llama_model_loader: - kv  18:            tokenizer.ggml.padding_token_id u32              = 151643
llama_model_loader: - kv  19:                tokenizer.ggml.bos_token_id u32              = 151643
llama_model_loader: - kv  20:                    tokenizer.chat_template str              = {% for message in messages %}{% if lo...
llama_model_loader: - kv  21:               general.quantization_version u32              = 2
llama_model_loader: - kv  22:                          general.file_type u32              = 15
llama_model_loader: - type  f32:  141 tensors
llama_model_loader: - type q4_K:  169 tensors
llama_model_loader: - type q6_K:   29 tensors
print_info: file format = GGUF V3 (latest)
print_info: file type   = Q4_K - Medium
print_info: file size   = 2.23 GiB (4.95 BPW) 
load: printing all EOG tokens:
load:   - 151643 ('<|endoftext|>')
load:   - 151645 ('<|im_end|>')
load: special tokens cache size = 3
load: token to piece cache size = 0.9308 MB
print_info: arch             = qwen2
print_info: vocab_only       = 0
print_info: n_ctx_train      = 32768
print_info: n_embd           = 2560
print_info: n_layer          = 28
print_info: n_head           = 20
print_info: n_head_kv        = 4
print_info: n_rot            = 128
print_info: n_swa            = 0
print_info: is_swa_any       = 0
print_info: n_embd_head_k    = 128
print_info: n_embd_head_v    = 128
print_info: n_gqa            = 5
print_info: n_embd_k_gqa     = 512
print_info: n_embd_v_gqa     = 512
print_info: f_norm_eps       = 0.0e+00
print_info: f_norm_rms_eps   = 1.0e-06
print_info: f_clamp_kqv      = 0.0e+00
print_info: f_max_alibi_bias = 0.0e+00
print_info: f_logit_scale    = 0.0e+00
print_info: f_attn_scale     = 0.0e+00
print_info: n_ff             = 12288
print_info: n_expert         = 0
print_info: n_expert_used    = 0
print_info: n_expert_groups  = 0
print_info: n_group_used     = 0
print_info: causal attn      = 1
print_info: pooling type     = -1
print_info: rope type        = 2
print_info: rope scaling     = linear
print_info: freq_base_train  = 1000000.0
print_info: freq_scale_train = 1
print_info: n_ctx_orig_yarn  = 32768
print_info: rope_finetuned   = unknown
print_info: model type       = 7B
print_info: model params     = 3.86 B
print_info: general.name     = Tinytron
print_info: vocab type       = BPE
print_info: n_vocab          = 152064
print_info: n_merges         = 151387
print_info: BOS token        = 151643 '<|endoftext|>'
print_info: EOS token        = 151645 '<|im_end|>'
print_info: EOT token        = 151645 '<|im_end|>'
print_info: PAD token        = 151643 '<|endoftext|>'
print_info: LF token         = 198 'Ċ'
print_info: EOG token        = 151643 '<|endoftext|>'
print_info: EOG token        = 151645 '<|im_end|>'
print_info: max token length = 256
load_tensors: loading model tensors, this can take a while... (mmap = true)
load_tensors: offloading 0 repeating layers to GPU
load_tensors: offloaded 0/29 layers to GPU
load_tensors:   CPU_Mapped model buffer size =  2280.85 MiB
................................................................................
llama_context: constructing llama_context
llama_context: n_seq_max     = 1
llama_context: n_ctx         = 512
llama_context: n_ctx_seq     = 512
llama_context: n_batch       = 64
llama_context: n_ubatch      = 64
llama_context: causal_attn   = 1
llama_context: flash_attn    = disabled
llama_context: kv_unified    = false
llama_context: freq_base     = 1000000.0
llama_context: freq_scale    = 1
llama_context: n_ctx_seq (512) < n_ctx_train (32768) -- the full capacity of the model will not be utilized
llama_context:        CPU  output buffer size =     0.58 MiB
llama_kv_cache:        CPU KV buffer size =    28.00 MiB
llama_kv_cache: size =   28.00 MiB (   512 cells,  28 layers,  1/1 seqs), K (f16):   14.00 MiB, V (f16):   14.00 MiB
llama_context:        CPU compute buffer size =    37.75 MiB
llama_context: graph nodes  = 1098
llama_context: graph splits = 1
common_init_from_params: added <|endoftext|> logit bias = -inf
common_init_from_params: added <|im_end|> logit bias = -inf
common_init_from_params: setting dry_penalty_last_n to ctx_size = 512
common_init_from_params: warming up the model with an empty run - please wait ... (--no-warmup to disable)
main: llama threadpool init, n_threads = 8

system_info: n_threads = 8 (n_threads_batch = 8) / 8 | CPU : NEON = 1 | ARM_FMA = 1 | FP16_VA = 1 | MATMUL_INT8 = 1 | DOTPROD = 1 | REPACK = 1 | 

sampler seed: 42
sampler params: 
	repeat_last_n = 64, repeat_penalty = 1.100, frequency_penalty = 0.000, presence_penalty = 0.000
	dry_multiplier = 0.000, dry_base = 1.750, dry_allowed_length = 2, dry_penalty_last_n = 512
	top_k = 60, top_p = 0.950, min_p = 0.050, xtc_probability = 0.000, xtc_threshold = 0.100, typical_p = 1.000, top_n_sigma = -1.000, temp = 0.800
	mirostat = 0, mirostat_lr = 0.100, mirostat_ent = 5.000
sampler chain: logits -> logit-bias -> penalties -> dry -> top-n-sigma -> top-k -> typical -> top-p -> min-p -> xtc -> temp-ext -> dist 
generate: n_ctx = 512, n_batch = 64, n_predict = 250, n_keep = 4

llama_perf_sampler_print:    sampling time =      70.46 ms /   143 runs   (    0.49 ms per token,  2029.61 tokens per second)
llama_perf_context_print:        load time =     786.04 ms
llama_perf_context_print: prompt eval time =     424.33 ms /    13 tokens (   32.64 ms per token,    30.64 tokens per second)
llama_perf_context_print:        eval time =    5825.85 ms /   129 runs   (   45.16 ms per token,    22.14 tokens per second)
llama_perf_context_print:       total time =    6337.63 ms /   142 tokens
llama_perf_context_print:    graphs reused =        128
llama_memory_breakdown_print: | memory breakdown [MiB]                  | total   free    self   model   context   compute    unaccounted |
llama_memory_breakdown_print: |   - GPUOpenCL (QUALCOMM Adreno(TM) 830) |     0 =    0 + (   0 =     0 +       0 +       0) +           0 |
llama_memory_breakdown_print: |   - HTP0 (Hexagon)                      |  2048 = 2048 + (   0 =     0 +       0 +       0) +           0 |
llama_memory_breakdown_print: |   - Host                                |                 2346 =  2280 +      28 +      37                |
+ adb shell '   cd /data/local/tmp/llama.cpp; ulimit -c unlimited;            LD_LIBRARY_PATH=/data/local/tmp/llama.cpp/./lib       ADSP_LIBRARY_PATH=/data/local/tmp/llama.cpp/./lib                            ././bin/llama-cli -m /data/local/tmp/llama.cpp/../gguf/qwen2-7b-tinytron-Q4_K_M.gguf               -t 8 --ctx-size 4096 --batch-size 128         -ctk f16 -ctv f16 --temp 1.0 --seed 42         --no-display-prompt -fa on         -ngl 0  -n 250 --context-shift --keep 4 	-sys '\''You are a helpful assistant. Provide truthful, accurate, and concise answers.'\'' 	 -no-cnv' -p '"'\''What would happen if you were struck by a penny dropped from the top of the Empire State Building? '\''"' -n 250 -t 8 -c 512 -b 64 -ub 64 -ctk f16 -ctv f16 --temp 0.8 --repeat-penalty 1.1 --top-p 0.95 --top-k 60 --keep 4 -fa off --context-shift --poll '0 '
ggml_opencl: selected platform: 'QUALCOMM Snapdragon(TM)'

ggml_opencl: device: 'QUALCOMM Adreno(TM) 830 (OpenCL 3.0 Adreno(TM) 830)'
ggml_opencl: OpenCL driver: OpenCL 3.0 QUALCOMM build: 0800.40.1 Compiler E031.47.18.36
ggml_opencl: vector subgroup broadcast support: true
ggml_opencl: device FP16 support: true
ggml_opencl: mem base addr align: 128
ggml_opencl: max mem alloc size: 1024 MB
ggml_opencl: device max workgroup size: 1024
ggml_opencl: SVM coarse grain buffer support: true
ggml_opencl: SVM fine grain buffer support: true
ggml_opencl: SVM fine grain system support: false
ggml_opencl: SVM atomics support: true
ggml_opencl: flattening quantized weights representation as struct of arrays (GGML_OPENCL_SOA_Q)
ggml_opencl: using kernels optimized for Adreno (GGML_OPENCL_USE_ADRENO_KERNELS)
ggml_opencl: loading OpenCL kernels........................................................................
ggml_opencl: default device: 'QUALCOMM Adreno(TM) 830 (OpenCL 3.0 Adreno(TM) 830)'
ggml-hex: Hexagon backend (experimental) : allocating new registry : ndev 1
ggml-hex: Hexagon Arch version v79
ggml-hex: allocating new session: HTP0
ggml-hex: new session: HTP0 : session-id 0 domain-id 3 uri file:///libggml-htp-v79.so?htp_iface_skel_handle_invoke&_modver=1.0&_dom=cdsp&_session=0 handle 0xb40000712d903550
build: 6942 (1f5accb8d) with Android (13324770, +pgo, +bolt, +lto, +mlgo, based on r530567d) clang version 19.0.0 (https://android.googlesource.com/toolchain/llvm-project 97a699bf4812a18fb657c2779f5296a4ab2694d2) for x86_64-unknown-linux-gnu
main: llama backend init
main: load the model and apply lora adapter, if any
llama_model_load_from_file_impl: using device GPUOpenCL (QUALCOMM Adreno(TM) 830) (unknown id) - 0 MiB free
llama_model_load_from_file_impl: using device HTP0 (Hexagon) (unknown id) - 2048 MiB free
llama_model_loader: loaded meta data with 23 key-value pairs and 339 tensors from /data/local/tmp/llama.cpp/../gguf/qwen2-7b-tinytron-Q4_K_M.gguf (version GGUF V3 (latest))
llama_model_loader: Dumping metadata keys/values. Note: KV overrides do not apply in this output.
llama_model_loader: - kv   0:                       general.architecture str              = qwen2
llama_model_loader: - kv   1:                               general.type str              = model
llama_model_loader: - kv   2:                               general.name str              = Tinytron
llama_model_loader: - kv   3:                         general.size_label str              = 3.9B
llama_model_loader: - kv   4:                          qwen2.block_count u32              = 28
llama_model_loader: - kv   5:                       qwen2.context_length u32              = 32768
llama_model_loader: - kv   6:                     qwen2.embedding_length u32              = 2560
llama_model_loader: - kv   7:                  qwen2.feed_forward_length u32              = 12288
llama_model_loader: - kv   8:                 qwen2.attention.head_count u32              = 20
llama_model_loader: - kv   9:              qwen2.attention.head_count_kv u32              = 4
llama_model_loader: - kv  10:                       qwen2.rope.freq_base f32              = 1000000.000000
llama_model_loader: - kv  11:     qwen2.attention.layer_norm_rms_epsilon f32              = 0.000001
llama_model_loader: - kv  12:                       tokenizer.ggml.model str              = gpt2
llama_model_loader: - kv  13:                         tokenizer.ggml.pre str              = qwen2
llama_model_loader: - kv  14:                      tokenizer.ggml.tokens arr[str,152064]  = ["!", "\"", "#", "$", "%", "&", "'", ...
llama_model_loader: - kv  15:                  tokenizer.ggml.token_type arr[i32,152064]  = [1, 1, 1, 1, 1, 1, 1, 1, 1, 1, 1, 1, ...
llama_model_loader: - kv  16:                      tokenizer.ggml.merges arr[str,151387]  = ["Ġ Ġ", "ĠĠ ĠĠ", "i n", "Ġ t",...
llama_model_loader: - kv  17:                tokenizer.ggml.eos_token_id u32              = 151645
llama_model_loader: - kv  18:            tokenizer.ggml.padding_token_id u32              = 151643
llama_model_loader: - kv  19:                tokenizer.ggml.bos_token_id u32              = 151643
llama_model_loader: - kv  20:                    tokenizer.chat_template str              = {% for message in messages %}{% if lo...
llama_model_loader: - kv  21:               general.quantization_version u32              = 2
llama_model_loader: - kv  22:                          general.file_type u32              = 15
llama_model_loader: - type  f32:  141 tensors
llama_model_loader: - type q4_K:  169 tensors
llama_model_loader: - type q6_K:   29 tensors
print_info: file format = GGUF V3 (latest)
print_info: file type   = Q4_K - Medium
print_info: file size   = 2.23 GiB (4.95 BPW) 
load: printing all EOG tokens:
load:   - 151643 ('<|endoftext|>')
load:   - 151645 ('<|im_end|>')
load: special tokens cache size = 3
load: token to piece cache size = 0.9308 MB
print_info: arch             = qwen2
print_info: vocab_only       = 0
print_info: n_ctx_train      = 32768
print_info: n_embd           = 2560
print_info: n_layer          = 28
print_info: n_head           = 20
print_info: n_head_kv        = 4
print_info: n_rot            = 128
print_info: n_swa            = 0
print_info: is_swa_any       = 0
print_info: n_embd_head_k    = 128
print_info: n_embd_head_v    = 128
print_info: n_gqa            = 5
print_info: n_embd_k_gqa     = 512
print_info: n_embd_v_gqa     = 512
print_info: f_norm_eps       = 0.0e+00
print_info: f_norm_rms_eps   = 1.0e-06
print_info: f_clamp_kqv      = 0.0e+00
print_info: f_max_alibi_bias = 0.0e+00
print_info: f_logit_scale    = 0.0e+00
print_info: f_attn_scale     = 0.0e+00
print_info: n_ff             = 12288
print_info: n_expert         = 0
print_info: n_expert_used    = 0
print_info: n_expert_groups  = 0
print_info: n_group_used     = 0
print_info: causal attn      = 1
print_info: pooling type     = -1
print_info: rope type        = 2
print_info: rope scaling     = linear
print_info: freq_base_train  = 1000000.0
print_info: freq_scale_train = 1
print_info: n_ctx_orig_yarn  = 32768
print_info: rope_finetuned   = unknown
print_info: model type       = 7B
print_info: model params     = 3.86 B
print_info: general.name     = Tinytron
print_info: vocab type       = BPE
print_info: n_vocab          = 152064
print_info: n_merges         = 151387
print_info: BOS token        = 151643 '<|endoftext|>'
print_info: EOS token        = 151645 '<|im_end|>'
print_info: EOT token        = 151645 '<|im_end|>'
print_info: PAD token        = 151643 '<|endoftext|>'
print_info: LF token         = 198 'Ċ'
print_info: EOG token        = 151643 '<|endoftext|>'
print_info: EOG token        = 151645 '<|im_end|>'
print_info: max token length = 256
load_tensors: loading model tensors, this can take a while... (mmap = true)
load_tensors: offloading 0 repeating layers to GPU
load_tensors: offloaded 0/29 layers to GPU
load_tensors:   CPU_Mapped model buffer size =  2280.85 MiB
................................................................................
llama_context: constructing llama_context
llama_context: n_seq_max     = 1
llama_context: n_ctx         = 512
llama_context: n_ctx_seq     = 512
llama_context: n_batch       = 64
llama_context: n_ubatch      = 64
llama_context: causal_attn   = 1
llama_context: flash_attn    = disabled
llama_context: kv_unified    = false
llama_context: freq_base     = 1000000.0
llama_context: freq_scale    = 1
llama_context: n_ctx_seq (512) < n_ctx_train (32768) -- the full capacity of the model will not be utilized
llama_context:        CPU  output buffer size =     0.58 MiB
llama_kv_cache:        CPU KV buffer size =    28.00 MiB
llama_kv_cache: size =   28.00 MiB (   512 cells,  28 layers,  1/1 seqs), K (f16):   14.00 MiB, V (f16):   14.00 MiB
llama_context:        CPU compute buffer size =    37.75 MiB
llama_context: graph nodes  = 1098
llama_context: graph splits = 1
common_init_from_params: added <|endoftext|> logit bias = -inf
common_init_from_params: added <|im_end|> logit bias = -inf
common_init_from_params: setting dry_penalty_last_n to ctx_size = 512
common_init_from_params: warming up the model with an empty run - please wait ... (--no-warmup to disable)
main: llama threadpool init, n_threads = 8

system_info: n_threads = 8 (n_threads_batch = 8) / 8 | CPU : NEON = 1 | ARM_FMA = 1 | FP16_VA = 1 | MATMUL_INT8 = 1 | DOTPROD = 1 | REPACK = 1 | 

sampler seed: 42
sampler params: 
	repeat_last_n = 64, repeat_penalty = 1.100, frequency_penalty = 0.000, presence_penalty = 0.000
	dry_multiplier = 0.000, dry_base = 1.750, dry_allowed_length = 2, dry_penalty_last_n = 512
	top_k = 60, top_p = 0.950, min_p = 0.050, xtc_probability = 0.000, xtc_threshold = 0.100, typical_p = 1.000, top_n_sigma = -1.000, temp = 0.800
	mirostat = 0, mirostat_lr = 0.100, mirostat_ent = 5.000
sampler chain: logits -> logit-bias -> penalties -> dry -> top-n-sigma -> top-k -> typical -> top-p -> min-p -> xtc -> temp-ext -> dist 
generate: n_ctx = 512, n_batch = 64, n_predict = 250, n_keep = 4

llama_perf_sampler_print:    sampling time =     143.93 ms /   272 runs   (    0.53 ms per token,  1889.77 tokens per second)
llama_perf_context_print:        load time =     612.80 ms
llama_perf_context_print: prompt eval time =     933.72 ms /    22 tokens (   42.44 ms per token,    23.56 tokens per second)
llama_perf_context_print:        eval time =   11420.81 ms /   249 runs   (   45.87 ms per token,    21.80 tokens per second)
llama_perf_context_print:       total time =   12532.73 ms /   271 tokens
llama_perf_context_print:    graphs reused =        247
llama_memory_breakdown_print: | memory breakdown [MiB]                  | total   free    self   model   context   compute    unaccounted |
llama_memory_breakdown_print: |   - GPUOpenCL (QUALCOMM Adreno(TM) 830) |     0 =    0 + (   0 =     0 +       0 +       0) +           0 |
llama_memory_breakdown_print: |   - HTP0 (Hexagon)                      |  2048 = 2048 + (   0 =     0 +       0 +       0) +           0 |
llama_memory_breakdown_print: |   - Host                                |                 2346 =  2280 +      28 +      37                |
+ adb shell '   cd /data/local/tmp/llama.cpp; ulimit -c unlimited;            LD_LIBRARY_PATH=/data/local/tmp/llama.cpp/./lib       ADSP_LIBRARY_PATH=/data/local/tmp/llama.cpp/./lib                            ././bin/llama-cli -m /data/local/tmp/llama.cpp/../gguf/qwen2-7b-tinytron-Q4_K_M.gguf               -t 8 --ctx-size 4096 --batch-size 128         -ctk f16 -ctv f16 --temp 1.0 --seed 42         --no-display-prompt -fa on         -ngl 0  -n 250 --context-shift --keep 4 	-sys '\''You are a helpful assistant. Provide truthful, accurate, and concise answers.'\'' 	 -no-cnv' -p '"'\''What U.S. state produces the most peaches? '\''"' -n 250 -t 8 -c 512 -b 64 -ub 64 -ctk f16 -ctv f16 --temp 0.8 --repeat-penalty 1.1 --top-p 0.95 --top-k 60 --keep 4 -fa off --context-shift --poll '0 '
ggml_opencl: selected platform: 'QUALCOMM Snapdragon(TM)'

ggml_opencl: device: 'QUALCOMM Adreno(TM) 830 (OpenCL 3.0 Adreno(TM) 830)'
ggml_opencl: OpenCL driver: OpenCL 3.0 QUALCOMM build: 0800.40.1 Compiler E031.47.18.36
ggml_opencl: vector subgroup broadcast support: true
ggml_opencl: device FP16 support: true
ggml_opencl: mem base addr align: 128
ggml_opencl: max mem alloc size: 1024 MB
ggml_opencl: device max workgroup size: 1024
ggml_opencl: SVM coarse grain buffer support: true
ggml_opencl: SVM fine grain buffer support: true
ggml_opencl: SVM fine grain system support: false
ggml_opencl: SVM atomics support: true
ggml_opencl: flattening quantized weights representation as struct of arrays (GGML_OPENCL_SOA_Q)
ggml_opencl: using kernels optimized for Adreno (GGML_OPENCL_USE_ADRENO_KERNELS)
ggml_opencl: loading OpenCL kernels........................................................................
ggml_opencl: default device: 'QUALCOMM Adreno(TM) 830 (OpenCL 3.0 Adreno(TM) 830)'
ggml-hex: Hexagon backend (experimental) : allocating new registry : ndev 1
ggml-hex: Hexagon Arch version v79
ggml-hex: allocating new session: HTP0
ggml-hex: new session: HTP0 : session-id 0 domain-id 3 uri file:///libggml-htp-v79.so?htp_iface_skel_handle_invoke&_modver=1.0&_dom=cdsp&_session=0 handle 0xb400007ca6afc3d0
build: 6942 (1f5accb8d) with Android (13324770, +pgo, +bolt, +lto, +mlgo, based on r530567d) clang version 19.0.0 (https://android.googlesource.com/toolchain/llvm-project 97a699bf4812a18fb657c2779f5296a4ab2694d2) for x86_64-unknown-linux-gnu
main: llama backend init
main: load the model and apply lora adapter, if any
llama_model_load_from_file_impl: using device GPUOpenCL (QUALCOMM Adreno(TM) 830) (unknown id) - 0 MiB free
llama_model_load_from_file_impl: using device HTP0 (Hexagon) (unknown id) - 2048 MiB free
llama_model_loader: loaded meta data with 23 key-value pairs and 339 tensors from /data/local/tmp/llama.cpp/../gguf/qwen2-7b-tinytron-Q4_K_M.gguf (version GGUF V3 (latest))
llama_model_loader: Dumping metadata keys/values. Note: KV overrides do not apply in this output.
llama_model_loader: - kv   0:                       general.architecture str              = qwen2
llama_model_loader: - kv   1:                               general.type str              = model
llama_model_loader: - kv   2:                               general.name str              = Tinytron
llama_model_loader: - kv   3:                         general.size_label str              = 3.9B
llama_model_loader: - kv   4:                          qwen2.block_count u32              = 28
llama_model_loader: - kv   5:                       qwen2.context_length u32              = 32768
llama_model_loader: - kv   6:                     qwen2.embedding_length u32              = 2560
llama_model_loader: - kv   7:                  qwen2.feed_forward_length u32              = 12288
llama_model_loader: - kv   8:                 qwen2.attention.head_count u32              = 20
llama_model_loader: - kv   9:              qwen2.attention.head_count_kv u32              = 4
llama_model_loader: - kv  10:                       qwen2.rope.freq_base f32              = 1000000.000000
llama_model_loader: - kv  11:     qwen2.attention.layer_norm_rms_epsilon f32              = 0.000001
llama_model_loader: - kv  12:                       tokenizer.ggml.model str              = gpt2
llama_model_loader: - kv  13:                         tokenizer.ggml.pre str              = qwen2
llama_model_loader: - kv  14:                      tokenizer.ggml.tokens arr[str,152064]  = ["!", "\"", "#", "$", "%", "&", "'", ...
llama_model_loader: - kv  15:                  tokenizer.ggml.token_type arr[i32,152064]  = [1, 1, 1, 1, 1, 1, 1, 1, 1, 1, 1, 1, ...
llama_model_loader: - kv  16:                      tokenizer.ggml.merges arr[str,151387]  = ["Ġ Ġ", "ĠĠ ĠĠ", "i n", "Ġ t",...
llama_model_loader: - kv  17:                tokenizer.ggml.eos_token_id u32              = 151645
llama_model_loader: - kv  18:            tokenizer.ggml.padding_token_id u32              = 151643
llama_model_loader: - kv  19:                tokenizer.ggml.bos_token_id u32              = 151643
llama_model_loader: - kv  20:                    tokenizer.chat_template str              = {% for message in messages %}{% if lo...
llama_model_loader: - kv  21:               general.quantization_version u32              = 2
llama_model_loader: - kv  22:                          general.file_type u32              = 15
llama_model_loader: - type  f32:  141 tensors
llama_model_loader: - type q4_K:  169 tensors
llama_model_loader: - type q6_K:   29 tensors
print_info: file format = GGUF V3 (latest)
print_info: file type   = Q4_K - Medium
print_info: file size   = 2.23 GiB (4.95 BPW) 
load: printing all EOG tokens:
load:   - 151643 ('<|endoftext|>')
load:   - 151645 ('<|im_end|>')
load: special tokens cache size = 3
load: token to piece cache size = 0.9308 MB
print_info: arch             = qwen2
print_info: vocab_only       = 0
print_info: n_ctx_train      = 32768
print_info: n_embd           = 2560
print_info: n_layer          = 28
print_info: n_head           = 20
print_info: n_head_kv        = 4
print_info: n_rot            = 128
print_info: n_swa            = 0
print_info: is_swa_any       = 0
print_info: n_embd_head_k    = 128
print_info: n_embd_head_v    = 128
print_info: n_gqa            = 5
print_info: n_embd_k_gqa     = 512
print_info: n_embd_v_gqa     = 512
print_info: f_norm_eps       = 0.0e+00
print_info: f_norm_rms_eps   = 1.0e-06
print_info: f_clamp_kqv      = 0.0e+00
print_info: f_max_alibi_bias = 0.0e+00
print_info: f_logit_scale    = 0.0e+00
print_info: f_attn_scale     = 0.0e+00
print_info: n_ff             = 12288
print_info: n_expert         = 0
print_info: n_expert_used    = 0
print_info: n_expert_groups  = 0
print_info: n_group_used     = 0
print_info: causal attn      = 1
print_info: pooling type     = -1
print_info: rope type        = 2
print_info: rope scaling     = linear
print_info: freq_base_train  = 1000000.0
print_info: freq_scale_train = 1
print_info: n_ctx_orig_yarn  = 32768
print_info: rope_finetuned   = unknown
print_info: model type       = 7B
print_info: model params     = 3.86 B
print_info: general.name     = Tinytron
print_info: vocab type       = BPE
print_info: n_vocab          = 152064
print_info: n_merges         = 151387
print_info: BOS token        = 151643 '<|endoftext|>'
print_info: EOS token        = 151645 '<|im_end|>'
print_info: EOT token        = 151645 '<|im_end|>'
print_info: PAD token        = 151643 '<|endoftext|>'
print_info: LF token         = 198 'Ċ'
print_info: EOG token        = 151643 '<|endoftext|>'
print_info: EOG token        = 151645 '<|im_end|>'
print_info: max token length = 256
load_tensors: loading model tensors, this can take a while... (mmap = true)
load_tensors: offloading 0 repeating layers to GPU
load_tensors: offloaded 0/29 layers to GPU
load_tensors:   CPU_Mapped model buffer size =  2280.85 MiB
................................................................................
llama_context: constructing llama_context
llama_context: n_seq_max     = 1
llama_context: n_ctx         = 512
llama_context: n_ctx_seq     = 512
llama_context: n_batch       = 64
llama_context: n_ubatch      = 64
llama_context: causal_attn   = 1
llama_context: flash_attn    = disabled
llama_context: kv_unified    = false
llama_context: freq_base     = 1000000.0
llama_context: freq_scale    = 1
llama_context: n_ctx_seq (512) < n_ctx_train (32768) -- the full capacity of the model will not be utilized
llama_context:        CPU  output buffer size =     0.58 MiB
llama_kv_cache:        CPU KV buffer size =    28.00 MiB
llama_kv_cache: size =   28.00 MiB (   512 cells,  28 layers,  1/1 seqs), K (f16):   14.00 MiB, V (f16):   14.00 MiB
llama_context:        CPU compute buffer size =    37.75 MiB
llama_context: graph nodes  = 1098
llama_context: graph splits = 1
common_init_from_params: added <|endoftext|> logit bias = -inf
common_init_from_params: added <|im_end|> logit bias = -inf
common_init_from_params: setting dry_penalty_last_n to ctx_size = 512
common_init_from_params: warming up the model with an empty run - please wait ... (--no-warmup to disable)
main: llama threadpool init, n_threads = 8

system_info: n_threads = 8 (n_threads_batch = 8) / 8 | CPU : NEON = 1 | ARM_FMA = 1 | FP16_VA = 1 | MATMUL_INT8 = 1 | DOTPROD = 1 | REPACK = 1 | 

sampler seed: 42
sampler params: 
	repeat_last_n = 64, repeat_penalty = 1.100, frequency_penalty = 0.000, presence_penalty = 0.000
	dry_multiplier = 0.000, dry_base = 1.750, dry_allowed_length = 2, dry_penalty_last_n = 512
	top_k = 60, top_p = 0.950, min_p = 0.050, xtc_probability = 0.000, xtc_threshold = 0.100, typical_p = 1.000, top_n_sigma = -1.000, temp = 0.800
	mirostat = 0, mirostat_lr = 0.100, mirostat_ent = 5.000
sampler chain: logits -> logit-bias -> penalties -> dry -> top-n-sigma -> top-k -> typical -> top-p -> min-p -> xtc -> temp-ext -> dist 
generate: n_ctx = 512, n_batch = 64, n_predict = 250, n_keep = 4

llama_perf_sampler_print:    sampling time =      45.21 ms /    95 runs   (    0.48 ms per token,  2101.12 tokens per second)
llama_perf_context_print:        load time =     430.57 ms
llama_perf_context_print: prompt eval time =     379.91 ms /    13 tokens (   29.22 ms per token,    34.22 tokens per second)
llama_perf_context_print:        eval time =    3479.28 ms /    81 runs   (   42.95 ms per token,    23.28 tokens per second)
llama_perf_context_print:       total time =    3917.08 ms /    94 tokens
llama_perf_context_print:    graphs reused =         80
llama_memory_breakdown_print: | memory breakdown [MiB]                  | total   free    self   model   context   compute    unaccounted |
llama_memory_breakdown_print: |   - GPUOpenCL (QUALCOMM Adreno(TM) 830) |     0 =    0 + (   0 =     0 +       0 +       0) +           0 |
llama_memory_breakdown_print: |   - HTP0 (Hexagon)                      |  2048 = 2048 + (   0 =     0 +       0 +       0) +           0 |
llama_memory_breakdown_print: |   - Host                                |                 2346 =  2280 +      28 +      37                |
+ adb shell '   cd /data/local/tmp/llama.cpp; ulimit -c unlimited;            LD_LIBRARY_PATH=/data/local/tmp/llama.cpp/./lib       ADSP_LIBRARY_PATH=/data/local/tmp/llama.cpp/./lib                            ././bin/llama-cli -m /data/local/tmp/llama.cpp/../gguf/qwen2-7b-tinytron-Q4_K_M.gguf               -t 8 --ctx-size 4096 --batch-size 128         -ctk f16 -ctv f16 --temp 1.0 --seed 42         --no-display-prompt -fa on         -ngl 0  -n 250 --context-shift --keep 4 	-sys '\''You are a helpful assistant. Provide truthful, accurate, and concise answers.'\'' 	 -no-cnv' -p '"'\''Why do chameleons change colors? '\''"' -n 250 -t 8 -c 512 -b 64 -ub 64 -ctk f16 -ctv f16 --temp 0.8 --repeat-penalty 1.1 --top-p 0.95 --top-k 60 --keep 4 -fa off --context-shift --poll '0 '
ggml_opencl: selected platform: 'QUALCOMM Snapdragon(TM)'

ggml_opencl: device: 'QUALCOMM Adreno(TM) 830 (OpenCL 3.0 Adreno(TM) 830)'
ggml_opencl: OpenCL driver: OpenCL 3.0 QUALCOMM build: 0800.40.1 Compiler E031.47.18.36
ggml_opencl: vector subgroup broadcast support: true
ggml_opencl: device FP16 support: true
ggml_opencl: mem base addr align: 128
ggml_opencl: max mem alloc size: 1024 MB
ggml_opencl: device max workgroup size: 1024
ggml_opencl: SVM coarse grain buffer support: true
ggml_opencl: SVM fine grain buffer support: true
ggml_opencl: SVM fine grain system support: false
ggml_opencl: SVM atomics support: true
ggml_opencl: flattening quantized weights representation as struct of arrays (GGML_OPENCL_SOA_Q)
ggml_opencl: using kernels optimized for Adreno (GGML_OPENCL_USE_ADRENO_KERNELS)
ggml_opencl: loading OpenCL kernels........................................................................
ggml_opencl: default device: 'QUALCOMM Adreno(TM) 830 (OpenCL 3.0 Adreno(TM) 830)'
ggml-hex: Hexagon backend (experimental) : allocating new registry : ndev 1
ggml-hex: Hexagon Arch version v79
ggml-hex: allocating new session: HTP0
ggml-hex: new session: HTP0 : session-id 0 domain-id 3 uri file:///libggml-htp-v79.so?htp_iface_skel_handle_invoke&_modver=1.0&_dom=cdsp&_session=0 handle 0xb4000070d4b3fc90
build: 6942 (1f5accb8d) with Android (13324770, +pgo, +bolt, +lto, +mlgo, based on r530567d) clang version 19.0.0 (https://android.googlesource.com/toolchain/llvm-project 97a699bf4812a18fb657c2779f5296a4ab2694d2) for x86_64-unknown-linux-gnu
main: llama backend init
main: load the model and apply lora adapter, if any
llama_model_load_from_file_impl: using device GPUOpenCL (QUALCOMM Adreno(TM) 830) (unknown id) - 0 MiB free
llama_model_load_from_file_impl: using device HTP0 (Hexagon) (unknown id) - 2048 MiB free
llama_model_loader: loaded meta data with 23 key-value pairs and 339 tensors from /data/local/tmp/llama.cpp/../gguf/qwen2-7b-tinytron-Q4_K_M.gguf (version GGUF V3 (latest))
llama_model_loader: Dumping metadata keys/values. Note: KV overrides do not apply in this output.
llama_model_loader: - kv   0:                       general.architecture str              = qwen2
llama_model_loader: - kv   1:                               general.type str              = model
llama_model_loader: - kv   2:                               general.name str              = Tinytron
llama_model_loader: - kv   3:                         general.size_label str              = 3.9B
llama_model_loader: - kv   4:                          qwen2.block_count u32              = 28
llama_model_loader: - kv   5:                       qwen2.context_length u32              = 32768
llama_model_loader: - kv   6:                     qwen2.embedding_length u32              = 2560
llama_model_loader: - kv   7:                  qwen2.feed_forward_length u32              = 12288
llama_model_loader: - kv   8:                 qwen2.attention.head_count u32              = 20
llama_model_loader: - kv   9:              qwen2.attention.head_count_kv u32              = 4
llama_model_loader: - kv  10:                       qwen2.rope.freq_base f32              = 1000000.000000
llama_model_loader: - kv  11:     qwen2.attention.layer_norm_rms_epsilon f32              = 0.000001
llama_model_loader: - kv  12:                       tokenizer.ggml.model str              = gpt2
llama_model_loader: - kv  13:                         tokenizer.ggml.pre str              = qwen2
llama_model_loader: - kv  14:                      tokenizer.ggml.tokens arr[str,152064]  = ["!", "\"", "#", "$", "%", "&", "'", ...
llama_model_loader: - kv  15:                  tokenizer.ggml.token_type arr[i32,152064]  = [1, 1, 1, 1, 1, 1, 1, 1, 1, 1, 1, 1, ...
llama_model_loader: - kv  16:                      tokenizer.ggml.merges arr[str,151387]  = ["Ġ Ġ", "ĠĠ ĠĠ", "i n", "Ġ t",...
llama_model_loader: - kv  17:                tokenizer.ggml.eos_token_id u32              = 151645
llama_model_loader: - kv  18:            tokenizer.ggml.padding_token_id u32              = 151643
llama_model_loader: - kv  19:                tokenizer.ggml.bos_token_id u32              = 151643
llama_model_loader: - kv  20:                    tokenizer.chat_template str              = {% for message in messages %}{% if lo...
llama_model_loader: - kv  21:               general.quantization_version u32              = 2
llama_model_loader: - kv  22:                          general.file_type u32              = 15
llama_model_loader: - type  f32:  141 tensors
llama_model_loader: - type q4_K:  169 tensors
llama_model_loader: - type q6_K:   29 tensors
print_info: file format = GGUF V3 (latest)
print_info: file type   = Q4_K - Medium
print_info: file size   = 2.23 GiB (4.95 BPW) 
load: printing all EOG tokens:
load:   - 151643 ('<|endoftext|>')
load:   - 151645 ('<|im_end|>')
load: special tokens cache size = 3
load: token to piece cache size = 0.9308 MB
print_info: arch             = qwen2
print_info: vocab_only       = 0
print_info: n_ctx_train      = 32768
print_info: n_embd           = 2560
print_info: n_layer          = 28
print_info: n_head           = 20
print_info: n_head_kv        = 4
print_info: n_rot            = 128
print_info: n_swa            = 0
print_info: is_swa_any       = 0
print_info: n_embd_head_k    = 128
print_info: n_embd_head_v    = 128
print_info: n_gqa            = 5
print_info: n_embd_k_gqa     = 512
print_info: n_embd_v_gqa     = 512
print_info: f_norm_eps       = 0.0e+00
print_info: f_norm_rms_eps   = 1.0e-06
print_info: f_clamp_kqv      = 0.0e+00
print_info: f_max_alibi_bias = 0.0e+00
print_info: f_logit_scale    = 0.0e+00
print_info: f_attn_scale     = 0.0e+00
print_info: n_ff             = 12288
print_info: n_expert         = 0
print_info: n_expert_used    = 0
print_info: n_expert_groups  = 0
print_info: n_group_used     = 0
print_info: causal attn      = 1
print_info: pooling type     = -1
print_info: rope type        = 2
print_info: rope scaling     = linear
print_info: freq_base_train  = 1000000.0
print_info: freq_scale_train = 1
print_info: n_ctx_orig_yarn  = 32768
print_info: rope_finetuned   = unknown
print_info: model type       = 7B
print_info: model params     = 3.86 B
print_info: general.name     = Tinytron
print_info: vocab type       = BPE
print_info: n_vocab          = 152064
print_info: n_merges         = 151387
print_info: BOS token        = 151643 '<|endoftext|>'
print_info: EOS token        = 151645 '<|im_end|>'
print_info: EOT token        = 151645 '<|im_end|>'
print_info: PAD token        = 151643 '<|endoftext|>'
print_info: LF token         = 198 'Ċ'
print_info: EOG token        = 151643 '<|endoftext|>'
print_info: EOG token        = 151645 '<|im_end|>'
print_info: max token length = 256
load_tensors: loading model tensors, this can take a while... (mmap = true)
load_tensors: offloading 0 repeating layers to GPU
load_tensors: offloaded 0/29 layers to GPU
load_tensors:   CPU_Mapped model buffer size =  2280.85 MiB
................................................................................
llama_context: constructing llama_context
llama_context: n_seq_max     = 1
llama_context: n_ctx         = 512
llama_context: n_ctx_seq     = 512
llama_context: n_batch       = 64
llama_context: n_ubatch      = 64
llama_context: causal_attn   = 1
llama_context: flash_attn    = disabled
llama_context: kv_unified    = false
llama_context: freq_base     = 1000000.0
llama_context: freq_scale    = 1
llama_context: n_ctx_seq (512) < n_ctx_train (32768) -- the full capacity of the model will not be utilized
llama_context:        CPU  output buffer size =     0.58 MiB
llama_kv_cache:        CPU KV buffer size =    28.00 MiB
llama_kv_cache: size =   28.00 MiB (   512 cells,  28 layers,  1/1 seqs), K (f16):   14.00 MiB, V (f16):   14.00 MiB
llama_context:        CPU compute buffer size =    37.75 MiB
llama_context: graph nodes  = 1098
llama_context: graph splits = 1
common_init_from_params: added <|endoftext|> logit bias = -inf
common_init_from_params: added <|im_end|> logit bias = -inf
common_init_from_params: setting dry_penalty_last_n to ctx_size = 512
common_init_from_params: warming up the model with an empty run - please wait ... (--no-warmup to disable)
main: llama threadpool init, n_threads = 8

system_info: n_threads = 8 (n_threads_batch = 8) / 8 | CPU : NEON = 1 | ARM_FMA = 1 | FP16_VA = 1 | MATMUL_INT8 = 1 | DOTPROD = 1 | REPACK = 1 | 

sampler seed: 42
sampler params: 
	repeat_last_n = 64, repeat_penalty = 1.100, frequency_penalty = 0.000, presence_penalty = 0.000
	dry_multiplier = 0.000, dry_base = 1.750, dry_allowed_length = 2, dry_penalty_last_n = 512
	top_k = 60, top_p = 0.950, min_p = 0.050, xtc_probability = 0.000, xtc_threshold = 0.100, typical_p = 1.000, top_n_sigma = -1.000, temp = 0.800
	mirostat = 0, mirostat_lr = 0.100, mirostat_ent = 5.000
sampler chain: logits -> logit-bias -> penalties -> dry -> top-n-sigma -> top-k -> typical -> top-p -> min-p -> xtc -> temp-ext -> dist 
generate: n_ctx = 512, n_batch = 64, n_predict = 250, n_keep = 4

llama_perf_sampler_print:    sampling time =     109.81 ms /   212 runs   (    0.52 ms per token,  1930.62 tokens per second)
llama_perf_context_print:        load time =     449.21 ms
llama_perf_context_print: prompt eval time =     295.09 ms /    11 tokens (   26.83 ms per token,    37.28 tokens per second)
llama_perf_context_print:        eval time =    8521.84 ms /   200 runs   (   42.61 ms per token,    23.47 tokens per second)
llama_perf_context_print:       total time =    8952.81 ms /   211 tokens
llama_perf_context_print:    graphs reused =        199
llama_memory_breakdown_print: | memory breakdown [MiB]                  | total   free    self   model   context   compute    unaccounted |
llama_memory_breakdown_print: |   - GPUOpenCL (QUALCOMM Adreno(TM) 830) |     0 =    0 + (   0 =     0 +       0 +       0) +           0 |
llama_memory_breakdown_print: |   - HTP0 (Hexagon)                      |  2048 = 2048 + (   0 =     0 +       0 +       0) +           0 |
llama_memory_breakdown_print: |   - Host                                |                 2346 =  2280 +      28 +      37                |
+ adb shell '   cd /data/local/tmp/llama.cpp; ulimit -c unlimited;            LD_LIBRARY_PATH=/data/local/tmp/llama.cpp/./lib       ADSP_LIBRARY_PATH=/data/local/tmp/llama.cpp/./lib                            ././bin/llama-cli -m /data/local/tmp/llama.cpp/../gguf/qwen2-7b-tinytron-Q4_K_M.gguf               -t 8 --ctx-size 4096 --batch-size 128         -ctk f16 -ctv f16 --temp 1.0 --seed 42         --no-display-prompt -fa on         -ngl 0  -n 250 --context-shift --keep 4 	-sys '\''You are a helpful assistant. Provide truthful, accurate, and concise answers.'\'' 	 -no-cnv' -p '"'\''On what date was the Declaration of Independence officially signed? '\''"' -n 250 -t 8 -c 512 -b 64 -ub 64 -ctk f16 -ctv f16 --temp 0.8 --repeat-penalty 1.1 --top-p 0.95 --top-k 60 --keep 4 -fa off --context-shift --poll '0 '
ggml_opencl: selected platform: 'QUALCOMM Snapdragon(TM)'

ggml_opencl: device: 'QUALCOMM Adreno(TM) 830 (OpenCL 3.0 Adreno(TM) 830)'
ggml_opencl: OpenCL driver: OpenCL 3.0 QUALCOMM build: 0800.40.1 Compiler E031.47.18.36
ggml_opencl: vector subgroup broadcast support: true
ggml_opencl: device FP16 support: true
ggml_opencl: mem base addr align: 128
ggml_opencl: max mem alloc size: 1024 MB
ggml_opencl: device max workgroup size: 1024
ggml_opencl: SVM coarse grain buffer support: true
ggml_opencl: SVM fine grain buffer support: true
ggml_opencl: SVM fine grain system support: false
ggml_opencl: SVM atomics support: true
ggml_opencl: flattening quantized weights representation as struct of arrays (GGML_OPENCL_SOA_Q)
ggml_opencl: using kernels optimized for Adreno (GGML_OPENCL_USE_ADRENO_KERNELS)
ggml_opencl: loading OpenCL kernels........................................................................
ggml_opencl: default device: 'QUALCOMM Adreno(TM) 830 (OpenCL 3.0 Adreno(TM) 830)'
ggml-hex: Hexagon backend (experimental) : allocating new registry : ndev 1
ggml-hex: Hexagon Arch version v79
ggml-hex: allocating new session: HTP0
ggml-hex: new session: HTP0 : session-id 0 domain-id 3 uri file:///libggml-htp-v79.so?htp_iface_skel_handle_invoke&_modver=1.0&_dom=cdsp&_session=0 handle 0xb4000078a26eded0
build: 6942 (1f5accb8d) with Android (13324770, +pgo, +bolt, +lto, +mlgo, based on r530567d) clang version 19.0.0 (https://android.googlesource.com/toolchain/llvm-project 97a699bf4812a18fb657c2779f5296a4ab2694d2) for x86_64-unknown-linux-gnu
main: llama backend init
main: load the model and apply lora adapter, if any
llama_model_load_from_file_impl: using device GPUOpenCL (QUALCOMM Adreno(TM) 830) (unknown id) - 0 MiB free
llama_model_load_from_file_impl: using device HTP0 (Hexagon) (unknown id) - 2048 MiB free
llama_model_loader: loaded meta data with 23 key-value pairs and 339 tensors from /data/local/tmp/llama.cpp/../gguf/qwen2-7b-tinytron-Q4_K_M.gguf (version GGUF V3 (latest))
llama_model_loader: Dumping metadata keys/values. Note: KV overrides do not apply in this output.
llama_model_loader: - kv   0:                       general.architecture str              = qwen2
llama_model_loader: - kv   1:                               general.type str              = model
llama_model_loader: - kv   2:                               general.name str              = Tinytron
llama_model_loader: - kv   3:                         general.size_label str              = 3.9B
llama_model_loader: - kv   4:                          qwen2.block_count u32              = 28
llama_model_loader: - kv   5:                       qwen2.context_length u32              = 32768
llama_model_loader: - kv   6:                     qwen2.embedding_length u32              = 2560
llama_model_loader: - kv   7:                  qwen2.feed_forward_length u32              = 12288
llama_model_loader: - kv   8:                 qwen2.attention.head_count u32              = 20
llama_model_loader: - kv   9:              qwen2.attention.head_count_kv u32              = 4
llama_model_loader: - kv  10:                       qwen2.rope.freq_base f32              = 1000000.000000
llama_model_loader: - kv  11:     qwen2.attention.layer_norm_rms_epsilon f32              = 0.000001
llama_model_loader: - kv  12:                       tokenizer.ggml.model str              = gpt2
llama_model_loader: - kv  13:                         tokenizer.ggml.pre str              = qwen2
llama_model_loader: - kv  14:                      tokenizer.ggml.tokens arr[str,152064]  = ["!", "\"", "#", "$", "%", "&", "'", ...
llama_model_loader: - kv  15:                  tokenizer.ggml.token_type arr[i32,152064]  = [1, 1, 1, 1, 1, 1, 1, 1, 1, 1, 1, 1, ...
llama_model_loader: - kv  16:                      tokenizer.ggml.merges arr[str,151387]  = ["Ġ Ġ", "ĠĠ ĠĠ", "i n", "Ġ t",...
llama_model_loader: - kv  17:                tokenizer.ggml.eos_token_id u32              = 151645
llama_model_loader: - kv  18:            tokenizer.ggml.padding_token_id u32              = 151643
llama_model_loader: - kv  19:                tokenizer.ggml.bos_token_id u32              = 151643
llama_model_loader: - kv  20:                    tokenizer.chat_template str              = {% for message in messages %}{% if lo...
llama_model_loader: - kv  21:               general.quantization_version u32              = 2
llama_model_loader: - kv  22:                          general.file_type u32              = 15
llama_model_loader: - type  f32:  141 tensors
llama_model_loader: - type q4_K:  169 tensors
llama_model_loader: - type q6_K:   29 tensors
print_info: file format = GGUF V3 (latest)
print_info: file type   = Q4_K - Medium
print_info: file size   = 2.23 GiB (4.95 BPW) 
load: printing all EOG tokens:
load:   - 151643 ('<|endoftext|>')
load:   - 151645 ('<|im_end|>')
load: special tokens cache size = 3
load: token to piece cache size = 0.9308 MB
print_info: arch             = qwen2
print_info: vocab_only       = 0
print_info: n_ctx_train      = 32768
print_info: n_embd           = 2560
print_info: n_layer          = 28
print_info: n_head           = 20
print_info: n_head_kv        = 4
print_info: n_rot            = 128
print_info: n_swa            = 0
print_info: is_swa_any       = 0
print_info: n_embd_head_k    = 128
print_info: n_embd_head_v    = 128
print_info: n_gqa            = 5
print_info: n_embd_k_gqa     = 512
print_info: n_embd_v_gqa     = 512
print_info: f_norm_eps       = 0.0e+00
print_info: f_norm_rms_eps   = 1.0e-06
print_info: f_clamp_kqv      = 0.0e+00
print_info: f_max_alibi_bias = 0.0e+00
print_info: f_logit_scale    = 0.0e+00
print_info: f_attn_scale     = 0.0e+00
print_info: n_ff             = 12288
print_info: n_expert         = 0
print_info: n_expert_used    = 0
print_info: n_expert_groups  = 0
print_info: n_group_used     = 0
print_info: causal attn      = 1
print_info: pooling type     = -1
print_info: rope type        = 2
print_info: rope scaling     = linear
print_info: freq_base_train  = 1000000.0
print_info: freq_scale_train = 1
print_info: n_ctx_orig_yarn  = 32768
print_info: rope_finetuned   = unknown
print_info: model type       = 7B
print_info: model params     = 3.86 B
print_info: general.name     = Tinytron
print_info: vocab type       = BPE
print_info: n_vocab          = 152064
print_info: n_merges         = 151387
print_info: BOS token        = 151643 '<|endoftext|>'
print_info: EOS token        = 151645 '<|im_end|>'
print_info: EOT token        = 151645 '<|im_end|>'
print_info: PAD token        = 151643 '<|endoftext|>'
print_info: LF token         = 198 'Ċ'
print_info: EOG token        = 151643 '<|endoftext|>'
print_info: EOG token        = 151645 '<|im_end|>'
print_info: max token length = 256
load_tensors: loading model tensors, this can take a while... (mmap = true)
load_tensors: offloading 0 repeating layers to GPU
load_tensors: offloaded 0/29 layers to GPU
load_tensors:   CPU_Mapped model buffer size =  2280.85 MiB
................................................................................
llama_context: constructing llama_context
llama_context: n_seq_max     = 1
llama_context: n_ctx         = 512
llama_context: n_ctx_seq     = 512
llama_context: n_batch       = 64
llama_context: n_ubatch      = 64
llama_context: causal_attn   = 1
llama_context: flash_attn    = disabled
llama_context: kv_unified    = false
llama_context: freq_base     = 1000000.0
llama_context: freq_scale    = 1
llama_context: n_ctx_seq (512) < n_ctx_train (32768) -- the full capacity of the model will not be utilized
llama_context:        CPU  output buffer size =     0.58 MiB
llama_kv_cache:        CPU KV buffer size =    28.00 MiB
llama_kv_cache: size =   28.00 MiB (   512 cells,  28 layers,  1/1 seqs), K (f16):   14.00 MiB, V (f16):   14.00 MiB
llama_context:        CPU compute buffer size =    37.75 MiB
llama_context: graph nodes  = 1098
llama_context: graph splits = 1
common_init_from_params: added <|endoftext|> logit bias = -inf
common_init_from_params: added <|im_end|> logit bias = -inf
common_init_from_params: setting dry_penalty_last_n to ctx_size = 512
common_init_from_params: warming up the model with an empty run - please wait ... (--no-warmup to disable)
main: llama threadpool init, n_threads = 8

system_info: n_threads = 8 (n_threads_batch = 8) / 8 | CPU : NEON = 1 | ARM_FMA = 1 | FP16_VA = 1 | MATMUL_INT8 = 1 | DOTPROD = 1 | REPACK = 1 | 

sampler seed: 42
sampler params: 
	repeat_last_n = 64, repeat_penalty = 1.100, frequency_penalty = 0.000, presence_penalty = 0.000
	dry_multiplier = 0.000, dry_base = 1.750, dry_allowed_length = 2, dry_penalty_last_n = 512
	top_k = 60, top_p = 0.950, min_p = 0.050, xtc_probability = 0.000, xtc_threshold = 0.100, typical_p = 1.000, top_n_sigma = -1.000, temp = 0.800
	mirostat = 0, mirostat_lr = 0.100, mirostat_ent = 5.000
sampler chain: logits -> logit-bias -> penalties -> dry -> top-n-sigma -> top-k -> typical -> top-p -> min-p -> xtc -> temp-ext -> dist 
generate: n_ctx = 512, n_batch = 64, n_predict = 250, n_keep = 4

llama_perf_sampler_print:    sampling time =      10.68 ms /    32 runs   (    0.33 ms per token,  2997.66 tokens per second)
llama_perf_context_print:        load time =     515.08 ms
llama_perf_context_print: prompt eval time =     370.96 ms /    13 tokens (   28.54 ms per token,    35.04 tokens per second)
llama_perf_context_print:        eval time =     756.77 ms /    18 runs   (   42.04 ms per token,    23.79 tokens per second)
llama_perf_context_print:       total time =    1145.15 ms /    31 tokens
llama_perf_context_print:    graphs reused =         17
llama_memory_breakdown_print: | memory breakdown [MiB]                  | total   free    self   model   context   compute    unaccounted |
llama_memory_breakdown_print: |   - GPUOpenCL (QUALCOMM Adreno(TM) 830) |     0 =    0 + (   0 =     0 +       0 +       0) +           0 |
llama_memory_breakdown_print: |   - HTP0 (Hexagon)                      |  2048 = 2048 + (   0 =     0 +       0 +       0) +           0 |
llama_memory_breakdown_print: |   - Host                                |                 2346 =  2280 +      28 +      37                |
+ adb shell '   cd /data/local/tmp/llama.cpp; ulimit -c unlimited;            LD_LIBRARY_PATH=/data/local/tmp/llama.cpp/./lib       ADSP_LIBRARY_PATH=/data/local/tmp/llama.cpp/./lib                            ././bin/llama-cli -m /data/local/tmp/llama.cpp/../gguf/qwen2-7b-tinytron-Q4_K_M.gguf               -t 8 --ctx-size 4096 --batch-size 128         -ctk f16 -ctv f16 --temp 1.0 --seed 42         --no-display-prompt -fa on         -ngl 0  -n 250 --context-shift --keep 4 	-sys '\''You are a helpful assistant. Provide truthful, accurate, and concise answers.'\'' 	 -no-cnv' -p '"'\''What color is the sun when viewed from space? '\''"' -n 250 -t 8 -c 512 -b 64 -ub 64 -ctk f16 -ctv f16 --temp 0.8 --repeat-penalty 1.1 --top-p 0.95 --top-k 60 --keep 4 -fa off --context-shift --poll '0 '
ggml_opencl: selected platform: 'QUALCOMM Snapdragon(TM)'

ggml_opencl: device: 'QUALCOMM Adreno(TM) 830 (OpenCL 3.0 Adreno(TM) 830)'
ggml_opencl: OpenCL driver: OpenCL 3.0 QUALCOMM build: 0800.40.1 Compiler E031.47.18.36
ggml_opencl: vector subgroup broadcast support: true
ggml_opencl: device FP16 support: true
ggml_opencl: mem base addr align: 128
ggml_opencl: max mem alloc size: 1024 MB
ggml_opencl: device max workgroup size: 1024
ggml_opencl: SVM coarse grain buffer support: true
ggml_opencl: SVM fine grain buffer support: true
ggml_opencl: SVM fine grain system support: false
ggml_opencl: SVM atomics support: true
ggml_opencl: flattening quantized weights representation as struct of arrays (GGML_OPENCL_SOA_Q)
ggml_opencl: using kernels optimized for Adreno (GGML_OPENCL_USE_ADRENO_KERNELS)
ggml_opencl: loading OpenCL kernels........................................................................
ggml_opencl: default device: 'QUALCOMM Adreno(TM) 830 (OpenCL 3.0 Adreno(TM) 830)'
ggml-hex: Hexagon backend (experimental) : allocating new registry : ndev 1
ggml-hex: Hexagon Arch version v79
ggml-hex: allocating new session: HTP0
ggml-hex: new session: HTP0 : session-id 0 domain-id 3 uri file:///libggml-htp-v79.so?htp_iface_skel_handle_invoke&_modver=1.0&_dom=cdsp&_session=0 handle 0xb400007be84835d0
build: 6942 (1f5accb8d) with Android (13324770, +pgo, +bolt, +lto, +mlgo, based on r530567d) clang version 19.0.0 (https://android.googlesource.com/toolchain/llvm-project 97a699bf4812a18fb657c2779f5296a4ab2694d2) for x86_64-unknown-linux-gnu
main: llama backend init
main: load the model and apply lora adapter, if any
llama_model_load_from_file_impl: using device GPUOpenCL (QUALCOMM Adreno(TM) 830) (unknown id) - 0 MiB free
llama_model_load_from_file_impl: using device HTP0 (Hexagon) (unknown id) - 2048 MiB free
llama_model_loader: loaded meta data with 23 key-value pairs and 339 tensors from /data/local/tmp/llama.cpp/../gguf/qwen2-7b-tinytron-Q4_K_M.gguf (version GGUF V3 (latest))
llama_model_loader: Dumping metadata keys/values. Note: KV overrides do not apply in this output.
llama_model_loader: - kv   0:                       general.architecture str              = qwen2
llama_model_loader: - kv   1:                               general.type str              = model
llama_model_loader: - kv   2:                               general.name str              = Tinytron
llama_model_loader: - kv   3:                         general.size_label str              = 3.9B
llama_model_loader: - kv   4:                          qwen2.block_count u32              = 28
llama_model_loader: - kv   5:                       qwen2.context_length u32              = 32768
llama_model_loader: - kv   6:                     qwen2.embedding_length u32              = 2560
llama_model_loader: - kv   7:                  qwen2.feed_forward_length u32              = 12288
llama_model_loader: - kv   8:                 qwen2.attention.head_count u32              = 20
llama_model_loader: - kv   9:              qwen2.attention.head_count_kv u32              = 4
llama_model_loader: - kv  10:                       qwen2.rope.freq_base f32              = 1000000.000000
llama_model_loader: - kv  11:     qwen2.attention.layer_norm_rms_epsilon f32              = 0.000001
llama_model_loader: - kv  12:                       tokenizer.ggml.model str              = gpt2
llama_model_loader: - kv  13:                         tokenizer.ggml.pre str              = qwen2
llama_model_loader: - kv  14:                      tokenizer.ggml.tokens arr[str,152064]  = ["!", "\"", "#", "$", "%", "&", "'", ...
llama_model_loader: - kv  15:                  tokenizer.ggml.token_type arr[i32,152064]  = [1, 1, 1, 1, 1, 1, 1, 1, 1, 1, 1, 1, ...
llama_model_loader: - kv  16:                      tokenizer.ggml.merges arr[str,151387]  = ["Ġ Ġ", "ĠĠ ĠĠ", "i n", "Ġ t",...
llama_model_loader: - kv  17:                tokenizer.ggml.eos_token_id u32              = 151645
llama_model_loader: - kv  18:            tokenizer.ggml.padding_token_id u32              = 151643
llama_model_loader: - kv  19:                tokenizer.ggml.bos_token_id u32              = 151643
llama_model_loader: - kv  20:                    tokenizer.chat_template str              = {% for message in messages %}{% if lo...
llama_model_loader: - kv  21:               general.quantization_version u32              = 2
llama_model_loader: - kv  22:                          general.file_type u32              = 15
llama_model_loader: - type  f32:  141 tensors
llama_model_loader: - type q4_K:  169 tensors
llama_model_loader: - type q6_K:   29 tensors
print_info: file format = GGUF V3 (latest)
print_info: file type   = Q4_K - Medium
print_info: file size   = 2.23 GiB (4.95 BPW) 
load: printing all EOG tokens:
load:   - 151643 ('<|endoftext|>')
load:   - 151645 ('<|im_end|>')
load: special tokens cache size = 3
load: token to piece cache size = 0.9308 MB
print_info: arch             = qwen2
print_info: vocab_only       = 0
print_info: n_ctx_train      = 32768
print_info: n_embd           = 2560
print_info: n_layer          = 28
print_info: n_head           = 20
print_info: n_head_kv        = 4
print_info: n_rot            = 128
print_info: n_swa            = 0
print_info: is_swa_any       = 0
print_info: n_embd_head_k    = 128
print_info: n_embd_head_v    = 128
print_info: n_gqa            = 5
print_info: n_embd_k_gqa     = 512
print_info: n_embd_v_gqa     = 512
print_info: f_norm_eps       = 0.0e+00
print_info: f_norm_rms_eps   = 1.0e-06
print_info: f_clamp_kqv      = 0.0e+00
print_info: f_max_alibi_bias = 0.0e+00
print_info: f_logit_scale    = 0.0e+00
print_info: f_attn_scale     = 0.0e+00
print_info: n_ff             = 12288
print_info: n_expert         = 0
print_info: n_expert_used    = 0
print_info: n_expert_groups  = 0
print_info: n_group_used     = 0
print_info: causal attn      = 1
print_info: pooling type     = -1
print_info: rope type        = 2
print_info: rope scaling     = linear
print_info: freq_base_train  = 1000000.0
print_info: freq_scale_train = 1
print_info: n_ctx_orig_yarn  = 32768
print_info: rope_finetuned   = unknown
print_info: model type       = 7B
print_info: model params     = 3.86 B
print_info: general.name     = Tinytron
print_info: vocab type       = BPE
print_info: n_vocab          = 152064
print_info: n_merges         = 151387
print_info: BOS token        = 151643 '<|endoftext|>'
print_info: EOS token        = 151645 '<|im_end|>'
print_info: EOT token        = 151645 '<|im_end|>'
print_info: PAD token        = 151643 '<|endoftext|>'
print_info: LF token         = 198 'Ċ'
print_info: EOG token        = 151643 '<|endoftext|>'
print_info: EOG token        = 151645 '<|im_end|>'
print_info: max token length = 256
load_tensors: loading model tensors, this can take a while... (mmap = true)
load_tensors: offloading 0 repeating layers to GPU
load_tensors: offloaded 0/29 layers to GPU
load_tensors:   CPU_Mapped model buffer size =  2280.85 MiB
................................................................................
llama_context: constructing llama_context
llama_context: n_seq_max     = 1
llama_context: n_ctx         = 512
llama_context: n_ctx_seq     = 512
llama_context: n_batch       = 64
llama_context: n_ubatch      = 64
llama_context: causal_attn   = 1
llama_context: flash_attn    = disabled
llama_context: kv_unified    = false
llama_context: freq_base     = 1000000.0
llama_context: freq_scale    = 1
llama_context: n_ctx_seq (512) < n_ctx_train (32768) -- the full capacity of the model will not be utilized
llama_context:        CPU  output buffer size =     0.58 MiB
llama_kv_cache:        CPU KV buffer size =    28.00 MiB
llama_kv_cache: size =   28.00 MiB (   512 cells,  28 layers,  1/1 seqs), K (f16):   14.00 MiB, V (f16):   14.00 MiB
llama_context:        CPU compute buffer size =    37.75 MiB
llama_context: graph nodes  = 1098
llama_context: graph splits = 1
common_init_from_params: added <|endoftext|> logit bias = -inf
common_init_from_params: added <|im_end|> logit bias = -inf
common_init_from_params: setting dry_penalty_last_n to ctx_size = 512
common_init_from_params: warming up the model with an empty run - please wait ... (--no-warmup to disable)
main: llama threadpool init, n_threads = 8

system_info: n_threads = 8 (n_threads_batch = 8) / 8 | CPU : NEON = 1 | ARM_FMA = 1 | FP16_VA = 1 | MATMUL_INT8 = 1 | DOTPROD = 1 | REPACK = 1 | 

sampler seed: 42
sampler params: 
	repeat_last_n = 64, repeat_penalty = 1.100, frequency_penalty = 0.000, presence_penalty = 0.000
	dry_multiplier = 0.000, dry_base = 1.750, dry_allowed_length = 2, dry_penalty_last_n = 512
	top_k = 60, top_p = 0.950, min_p = 0.050, xtc_probability = 0.000, xtc_threshold = 0.100, typical_p = 1.000, top_n_sigma = -1.000, temp = 0.800
	mirostat = 0, mirostat_lr = 0.100, mirostat_ent = 5.000
sampler chain: logits -> logit-bias -> penalties -> dry -> top-n-sigma -> top-k -> typical -> top-p -> min-p -> xtc -> temp-ext -> dist 
generate: n_ctx = 512, n_batch = 64, n_predict = 250, n_keep = 4

llama_perf_sampler_print:    sampling time =      71.70 ms /   151 runs   (    0.47 ms per token,  2106.09 tokens per second)
llama_perf_context_print:        load time =     383.60 ms
llama_perf_context_print: prompt eval time =     215.24 ms /    12 tokens (   17.94 ms per token,    55.75 tokens per second)
llama_perf_context_print:        eval time =    5750.29 ms /   138 runs   (   41.67 ms per token,    24.00 tokens per second)
llama_perf_context_print:       total time =    6055.62 ms /   150 tokens
llama_perf_context_print:    graphs reused =        137
llama_memory_breakdown_print: | memory breakdown [MiB]                  | total   free    self   model   context   compute    unaccounted |
llama_memory_breakdown_print: |   - GPUOpenCL (QUALCOMM Adreno(TM) 830) |     0 =    0 + (   0 =     0 +       0 +       0) +           0 |
llama_memory_breakdown_print: |   - HTP0 (Hexagon)                      |  2048 = 2048 + (   0 =     0 +       0 +       0) +           0 |
llama_memory_breakdown_print: |   - Host                                |                 2346 =  2280 +      28 +      37                |
+ adb shell '   cd /data/local/tmp/llama.cpp; ulimit -c unlimited;            LD_LIBRARY_PATH=/data/local/tmp/llama.cpp/./lib       ADSP_LIBRARY_PATH=/data/local/tmp/llama.cpp/./lib                            ././bin/llama-cli -m /data/local/tmp/llama.cpp/../gguf/qwen2-7b-tinytron-Q4_K_M.gguf               -t 8 --ctx-size 4096 --batch-size 128         -ctk f16 -ctv f16 --temp 1.0 --seed 42         --no-display-prompt -fa on         -ngl 0  -n 250 --context-shift --keep 4 	-sys '\''You are a helpful assistant. Provide truthful, accurate, and concise answers.'\'' 	 -no-cnv' -p '"'\''Who composed the tune of  Twinkle, Twinkle, Little Star ? '\''"' -n 250 -t 8 -c 512 -b 64 -ub 64 -ctk f16 -ctv f16 --temp 0.8 --repeat-penalty 1.1 --top-p 0.95 --top-k 60 --keep 4 -fa off --context-shift --poll '0 '
ggml_opencl: selected platform: 'QUALCOMM Snapdragon(TM)'

ggml_opencl: device: 'QUALCOMM Adreno(TM) 830 (OpenCL 3.0 Adreno(TM) 830)'
ggml_opencl: OpenCL driver: OpenCL 3.0 QUALCOMM build: 0800.40.1 Compiler E031.47.18.36
ggml_opencl: vector subgroup broadcast support: true
ggml_opencl: device FP16 support: true
ggml_opencl: mem base addr align: 128
ggml_opencl: max mem alloc size: 1024 MB
ggml_opencl: device max workgroup size: 1024
ggml_opencl: SVM coarse grain buffer support: true
ggml_opencl: SVM fine grain buffer support: true
ggml_opencl: SVM fine grain system support: false
ggml_opencl: SVM atomics support: true
ggml_opencl: flattening quantized weights representation as struct of arrays (GGML_OPENCL_SOA_Q)
ggml_opencl: using kernels optimized for Adreno (GGML_OPENCL_USE_ADRENO_KERNELS)
ggml_opencl: loading OpenCL kernels........................................................................
ggml_opencl: default device: 'QUALCOMM Adreno(TM) 830 (OpenCL 3.0 Adreno(TM) 830)'
ggml-hex: Hexagon backend (experimental) : allocating new registry : ndev 1
ggml-hex: Hexagon Arch version v79
ggml-hex: allocating new session: HTP0
ggml-hex: new session: HTP0 : session-id 0 domain-id 3 uri file:///libggml-htp-v79.so?htp_iface_skel_handle_invoke&_modver=1.0&_dom=cdsp&_session=0 handle 0xb400006ef6316490
build: 6942 (1f5accb8d) with Android (13324770, +pgo, +bolt, +lto, +mlgo, based on r530567d) clang version 19.0.0 (https://android.googlesource.com/toolchain/llvm-project 97a699bf4812a18fb657c2779f5296a4ab2694d2) for x86_64-unknown-linux-gnu
main: llama backend init
main: load the model and apply lora adapter, if any
llama_model_load_from_file_impl: using device GPUOpenCL (QUALCOMM Adreno(TM) 830) (unknown id) - 0 MiB free
llama_model_load_from_file_impl: using device HTP0 (Hexagon) (unknown id) - 2048 MiB free
llama_model_loader: loaded meta data with 23 key-value pairs and 339 tensors from /data/local/tmp/llama.cpp/../gguf/qwen2-7b-tinytron-Q4_K_M.gguf (version GGUF V3 (latest))
llama_model_loader: Dumping metadata keys/values. Note: KV overrides do not apply in this output.
llama_model_loader: - kv   0:                       general.architecture str              = qwen2
llama_model_loader: - kv   1:                               general.type str              = model
llama_model_loader: - kv   2:                               general.name str              = Tinytron
llama_model_loader: - kv   3:                         general.size_label str              = 3.9B
llama_model_loader: - kv   4:                          qwen2.block_count u32              = 28
llama_model_loader: - kv   5:                       qwen2.context_length u32              = 32768
llama_model_loader: - kv   6:                     qwen2.embedding_length u32              = 2560
llama_model_loader: - kv   7:                  qwen2.feed_forward_length u32              = 12288
llama_model_loader: - kv   8:                 qwen2.attention.head_count u32              = 20
llama_model_loader: - kv   9:              qwen2.attention.head_count_kv u32              = 4
llama_model_loader: - kv  10:                       qwen2.rope.freq_base f32              = 1000000.000000
llama_model_loader: - kv  11:     qwen2.attention.layer_norm_rms_epsilon f32              = 0.000001
llama_model_loader: - kv  12:                       tokenizer.ggml.model str              = gpt2
llama_model_loader: - kv  13:                         tokenizer.ggml.pre str              = qwen2
llama_model_loader: - kv  14:                      tokenizer.ggml.tokens arr[str,152064]  = ["!", "\"", "#", "$", "%", "&", "'", ...
llama_model_loader: - kv  15:                  tokenizer.ggml.token_type arr[i32,152064]  = [1, 1, 1, 1, 1, 1, 1, 1, 1, 1, 1, 1, ...
llama_model_loader: - kv  16:                      tokenizer.ggml.merges arr[str,151387]  = ["Ġ Ġ", "ĠĠ ĠĠ", "i n", "Ġ t",...
llama_model_loader: - kv  17:                tokenizer.ggml.eos_token_id u32              = 151645
llama_model_loader: - kv  18:            tokenizer.ggml.padding_token_id u32              = 151643
llama_model_loader: - kv  19:                tokenizer.ggml.bos_token_id u32              = 151643
llama_model_loader: - kv  20:                    tokenizer.chat_template str              = {% for message in messages %}{% if lo...
llama_model_loader: - kv  21:               general.quantization_version u32              = 2
llama_model_loader: - kv  22:                          general.file_type u32              = 15
llama_model_loader: - type  f32:  141 tensors
llama_model_loader: - type q4_K:  169 tensors
llama_model_loader: - type q6_K:   29 tensors
print_info: file format = GGUF V3 (latest)
print_info: file type   = Q4_K - Medium
print_info: file size   = 2.23 GiB (4.95 BPW) 
load: printing all EOG tokens:
load:   - 151643 ('<|endoftext|>')
load:   - 151645 ('<|im_end|>')
load: special tokens cache size = 3
load: token to piece cache size = 0.9308 MB
print_info: arch             = qwen2
print_info: vocab_only       = 0
print_info: n_ctx_train      = 32768
print_info: n_embd           = 2560
print_info: n_layer          = 28
print_info: n_head           = 20
print_info: n_head_kv        = 4
print_info: n_rot            = 128
print_info: n_swa            = 0
print_info: is_swa_any       = 0
print_info: n_embd_head_k    = 128
print_info: n_embd_head_v    = 128
print_info: n_gqa            = 5
print_info: n_embd_k_gqa     = 512
print_info: n_embd_v_gqa     = 512
print_info: f_norm_eps       = 0.0e+00
print_info: f_norm_rms_eps   = 1.0e-06
print_info: f_clamp_kqv      = 0.0e+00
print_info: f_max_alibi_bias = 0.0e+00
print_info: f_logit_scale    = 0.0e+00
print_info: f_attn_scale     = 0.0e+00
print_info: n_ff             = 12288
print_info: n_expert         = 0
print_info: n_expert_used    = 0
print_info: n_expert_groups  = 0
print_info: n_group_used     = 0
print_info: causal attn      = 1
print_info: pooling type     = -1
print_info: rope type        = 2
print_info: rope scaling     = linear
print_info: freq_base_train  = 1000000.0
print_info: freq_scale_train = 1
print_info: n_ctx_orig_yarn  = 32768
print_info: rope_finetuned   = unknown
print_info: model type       = 7B
print_info: model params     = 3.86 B
print_info: general.name     = Tinytron
print_info: vocab type       = BPE
print_info: n_vocab          = 152064
print_info: n_merges         = 151387
print_info: BOS token        = 151643 '<|endoftext|>'
print_info: EOS token        = 151645 '<|im_end|>'
print_info: EOT token        = 151645 '<|im_end|>'
print_info: PAD token        = 151643 '<|endoftext|>'
print_info: LF token         = 198 'Ċ'
print_info: EOG token        = 151643 '<|endoftext|>'
print_info: EOG token        = 151645 '<|im_end|>'
print_info: max token length = 256
load_tensors: loading model tensors, this can take a while... (mmap = true)
load_tensors: offloading 0 repeating layers to GPU
load_tensors: offloaded 0/29 layers to GPU
load_tensors:   CPU_Mapped model buffer size =  2280.85 MiB
................................................................................
llama_context: constructing llama_context
llama_context: n_seq_max     = 1
llama_context: n_ctx         = 512
llama_context: n_ctx_seq     = 512
llama_context: n_batch       = 64
llama_context: n_ubatch      = 64
llama_context: causal_attn   = 1
llama_context: flash_attn    = disabled
llama_context: kv_unified    = false
llama_context: freq_base     = 1000000.0
llama_context: freq_scale    = 1
llama_context: n_ctx_seq (512) < n_ctx_train (32768) -- the full capacity of the model will not be utilized
llama_context:        CPU  output buffer size =     0.58 MiB
llama_kv_cache:        CPU KV buffer size =    28.00 MiB
llama_kv_cache: size =   28.00 MiB (   512 cells,  28 layers,  1/1 seqs), K (f16):   14.00 MiB, V (f16):   14.00 MiB
llama_context:        CPU compute buffer size =    37.75 MiB
llama_context: graph nodes  = 1098
llama_context: graph splits = 1
common_init_from_params: added <|endoftext|> logit bias = -inf
common_init_from_params: added <|im_end|> logit bias = -inf
common_init_from_params: setting dry_penalty_last_n to ctx_size = 512
common_init_from_params: warming up the model with an empty run - please wait ... (--no-warmup to disable)
main: llama threadpool init, n_threads = 8

system_info: n_threads = 8 (n_threads_batch = 8) / 8 | CPU : NEON = 1 | ARM_FMA = 1 | FP16_VA = 1 | MATMUL_INT8 = 1 | DOTPROD = 1 | REPACK = 1 | 

sampler seed: 42
sampler params: 
	repeat_last_n = 64, repeat_penalty = 1.100, frequency_penalty = 0.000, presence_penalty = 0.000
	dry_multiplier = 0.000, dry_base = 1.750, dry_allowed_length = 2, dry_penalty_last_n = 512
	top_k = 60, top_p = 0.950, min_p = 0.050, xtc_probability = 0.000, xtc_threshold = 0.100, typical_p = 1.000, top_n_sigma = -1.000, temp = 0.800
	mirostat = 0, mirostat_lr = 0.100, mirostat_ent = 5.000
sampler chain: logits -> logit-bias -> penalties -> dry -> top-n-sigma -> top-k -> typical -> top-p -> min-p -> xtc -> temp-ext -> dist 
generate: n_ctx = 512, n_batch = 64, n_predict = 250, n_keep = 4

llama_perf_sampler_print:    sampling time =     191.04 ms /   267 runs   (    0.72 ms per token,  1397.58 tokens per second)
llama_perf_context_print:        load time =     891.55 ms
llama_perf_context_print: prompt eval time =     743.29 ms /    17 tokens (   43.72 ms per token,    22.87 tokens per second)
llama_perf_context_print:        eval time =   14274.30 ms /   249 runs   (   57.33 ms per token,    17.44 tokens per second)
llama_perf_context_print:       total time =   15243.32 ms /   266 tokens
llama_perf_context_print:    graphs reused =        247
llama_memory_breakdown_print: | memory breakdown [MiB]                  | total   free    self   model   context   compute    unaccounted |
llama_memory_breakdown_print: |   - GPUOpenCL (QUALCOMM Adreno(TM) 830) |     0 =    0 + (   0 =     0 +       0 +       0) +           0 |
llama_memory_breakdown_print: |   - HTP0 (Hexagon)                      |  2048 = 2048 + (   0 =     0 +       0 +       0) +           0 |
llama_memory_breakdown_print: |   - Host                                |                 2346 =  2280 +      28 +      37                |
+ adb shell '   cd /data/local/tmp/llama.cpp; ulimit -c unlimited;            LD_LIBRARY_PATH=/data/local/tmp/llama.cpp/./lib       ADSP_LIBRARY_PATH=/data/local/tmp/llama.cpp/./lib                            ././bin/llama-cli -m /data/local/tmp/llama.cpp/../gguf/qwen2-7b-tinytron-Q4_K_M.gguf               -t 8 --ctx-size 4096 --batch-size 128         -ctk f16 -ctv f16 --temp 1.0 --seed 42         --no-display-prompt -fa on         -ngl 0  -n 250 --context-shift --keep 4 	-sys '\''You are a helpful assistant. Provide truthful, accurate, and concise answers.'\'' 	 -no-cnv' -p '"'\''What happens if an earthworm is cut in half? '\''"' -n 250 -t 8 -c 512 -b 64 -ub 64 -ctk f16 -ctv f16 --temp 0.8 --repeat-penalty 1.1 --top-p 0.95 --top-k 60 --keep 4 -fa off --context-shift --poll '0 '
ggml_opencl: selected platform: 'QUALCOMM Snapdragon(TM)'

ggml_opencl: device: 'QUALCOMM Adreno(TM) 830 (OpenCL 3.0 Adreno(TM) 830)'
ggml_opencl: OpenCL driver: OpenCL 3.0 QUALCOMM build: 0800.40.1 Compiler E031.47.18.36
ggml_opencl: vector subgroup broadcast support: true
ggml_opencl: device FP16 support: true
ggml_opencl: mem base addr align: 128
ggml_opencl: max mem alloc size: 1024 MB
ggml_opencl: device max workgroup size: 1024
ggml_opencl: SVM coarse grain buffer support: true
ggml_opencl: SVM fine grain buffer support: true
ggml_opencl: SVM fine grain system support: false
ggml_opencl: SVM atomics support: true
ggml_opencl: flattening quantized weights representation as struct of arrays (GGML_OPENCL_SOA_Q)
ggml_opencl: using kernels optimized for Adreno (GGML_OPENCL_USE_ADRENO_KERNELS)
ggml_opencl: loading OpenCL kernels........................................................................
ggml_opencl: default device: 'QUALCOMM Adreno(TM) 830 (OpenCL 3.0 Adreno(TM) 830)'
ggml-hex: Hexagon backend (experimental) : allocating new registry : ndev 1
ggml-hex: Hexagon Arch version v79
ggml-hex: allocating new session: HTP0
ggml-hex: new session: HTP0 : session-id 0 domain-id 3 uri file:///libggml-htp-v79.so?htp_iface_skel_handle_invoke&_modver=1.0&_dom=cdsp&_session=0 handle 0xb40000723e54a750
build: 6942 (1f5accb8d) with Android (13324770, +pgo, +bolt, +lto, +mlgo, based on r530567d) clang version 19.0.0 (https://android.googlesource.com/toolchain/llvm-project 97a699bf4812a18fb657c2779f5296a4ab2694d2) for x86_64-unknown-linux-gnu
main: llama backend init
main: load the model and apply lora adapter, if any
llama_model_load_from_file_impl: using device GPUOpenCL (QUALCOMM Adreno(TM) 830) (unknown id) - 0 MiB free
llama_model_load_from_file_impl: using device HTP0 (Hexagon) (unknown id) - 2048 MiB free
llama_model_loader: loaded meta data with 23 key-value pairs and 339 tensors from /data/local/tmp/llama.cpp/../gguf/qwen2-7b-tinytron-Q4_K_M.gguf (version GGUF V3 (latest))
llama_model_loader: Dumping metadata keys/values. Note: KV overrides do not apply in this output.
llama_model_loader: - kv   0:                       general.architecture str              = qwen2
llama_model_loader: - kv   1:                               general.type str              = model
llama_model_loader: - kv   2:                               general.name str              = Tinytron
llama_model_loader: - kv   3:                         general.size_label str              = 3.9B
llama_model_loader: - kv   4:                          qwen2.block_count u32              = 28
llama_model_loader: - kv   5:                       qwen2.context_length u32              = 32768
llama_model_loader: - kv   6:                     qwen2.embedding_length u32              = 2560
llama_model_loader: - kv   7:                  qwen2.feed_forward_length u32              = 12288
llama_model_loader: - kv   8:                 qwen2.attention.head_count u32              = 20
llama_model_loader: - kv   9:              qwen2.attention.head_count_kv u32              = 4
llama_model_loader: - kv  10:                       qwen2.rope.freq_base f32              = 1000000.000000
llama_model_loader: - kv  11:     qwen2.attention.layer_norm_rms_epsilon f32              = 0.000001
llama_model_loader: - kv  12:                       tokenizer.ggml.model str              = gpt2
llama_model_loader: - kv  13:                         tokenizer.ggml.pre str              = qwen2
llama_model_loader: - kv  14:                      tokenizer.ggml.tokens arr[str,152064]  = ["!", "\"", "#", "$", "%", "&", "'", ...
llama_model_loader: - kv  15:                  tokenizer.ggml.token_type arr[i32,152064]  = [1, 1, 1, 1, 1, 1, 1, 1, 1, 1, 1, 1, ...
llama_model_loader: - kv  16:                      tokenizer.ggml.merges arr[str,151387]  = ["Ġ Ġ", "ĠĠ ĠĠ", "i n", "Ġ t",...
llama_model_loader: - kv  17:                tokenizer.ggml.eos_token_id u32              = 151645
llama_model_loader: - kv  18:            tokenizer.ggml.padding_token_id u32              = 151643
llama_model_loader: - kv  19:                tokenizer.ggml.bos_token_id u32              = 151643
llama_model_loader: - kv  20:                    tokenizer.chat_template str              = {% for message in messages %}{% if lo...
llama_model_loader: - kv  21:               general.quantization_version u32              = 2
llama_model_loader: - kv  22:                          general.file_type u32              = 15
llama_model_loader: - type  f32:  141 tensors
llama_model_loader: - type q4_K:  169 tensors
llama_model_loader: - type q6_K:   29 tensors
print_info: file format = GGUF V3 (latest)
print_info: file type   = Q4_K - Medium
print_info: file size   = 2.23 GiB (4.95 BPW) 
load: printing all EOG tokens:
load:   - 151643 ('<|endoftext|>')
load:   - 151645 ('<|im_end|>')
load: special tokens cache size = 3
load: token to piece cache size = 0.9308 MB
print_info: arch             = qwen2
print_info: vocab_only       = 0
print_info: n_ctx_train      = 32768
print_info: n_embd           = 2560
print_info: n_layer          = 28
print_info: n_head           = 20
print_info: n_head_kv        = 4
print_info: n_rot            = 128
print_info: n_swa            = 0
print_info: is_swa_any       = 0
print_info: n_embd_head_k    = 128
print_info: n_embd_head_v    = 128
print_info: n_gqa            = 5
print_info: n_embd_k_gqa     = 512
print_info: n_embd_v_gqa     = 512
print_info: f_norm_eps       = 0.0e+00
print_info: f_norm_rms_eps   = 1.0e-06
print_info: f_clamp_kqv      = 0.0e+00
print_info: f_max_alibi_bias = 0.0e+00
print_info: f_logit_scale    = 0.0e+00
print_info: f_attn_scale     = 0.0e+00
print_info: n_ff             = 12288
print_info: n_expert         = 0
print_info: n_expert_used    = 0
print_info: n_expert_groups  = 0
print_info: n_group_used     = 0
print_info: causal attn      = 1
print_info: pooling type     = -1
print_info: rope type        = 2
print_info: rope scaling     = linear
print_info: freq_base_train  = 1000000.0
print_info: freq_scale_train = 1
print_info: n_ctx_orig_yarn  = 32768
print_info: rope_finetuned   = unknown
print_info: model type       = 7B
print_info: model params     = 3.86 B
print_info: general.name     = Tinytron
print_info: vocab type       = BPE
print_info: n_vocab          = 152064
print_info: n_merges         = 151387
print_info: BOS token        = 151643 '<|endoftext|>'
print_info: EOS token        = 151645 '<|im_end|>'
print_info: EOT token        = 151645 '<|im_end|>'
print_info: PAD token        = 151643 '<|endoftext|>'
print_info: LF token         = 198 'Ċ'
print_info: EOG token        = 151643 '<|endoftext|>'
print_info: EOG token        = 151645 '<|im_end|>'
print_info: max token length = 256
load_tensors: loading model tensors, this can take a while... (mmap = true)
load_tensors: offloading 0 repeating layers to GPU
load_tensors: offloaded 0/29 layers to GPU
load_tensors:   CPU_Mapped model buffer size =  2280.85 MiB
................................................................................
llama_context: constructing llama_context
llama_context: n_seq_max     = 1
llama_context: n_ctx         = 512
llama_context: n_ctx_seq     = 512
llama_context: n_batch       = 64
llama_context: n_ubatch      = 64
llama_context: causal_attn   = 1
llama_context: flash_attn    = disabled
llama_context: kv_unified    = false
llama_context: freq_base     = 1000000.0
llama_context: freq_scale    = 1
llama_context: n_ctx_seq (512) < n_ctx_train (32768) -- the full capacity of the model will not be utilized
llama_context:        CPU  output buffer size =     0.58 MiB
llama_kv_cache:        CPU KV buffer size =    28.00 MiB
llama_kv_cache: size =   28.00 MiB (   512 cells,  28 layers,  1/1 seqs), K (f16):   14.00 MiB, V (f16):   14.00 MiB
llama_context:        CPU compute buffer size =    37.75 MiB
llama_context: graph nodes  = 1098
llama_context: graph splits = 1
common_init_from_params: added <|endoftext|> logit bias = -inf
common_init_from_params: added <|im_end|> logit bias = -inf
common_init_from_params: setting dry_penalty_last_n to ctx_size = 512
common_init_from_params: warming up the model with an empty run - please wait ... (--no-warmup to disable)
main: llama threadpool init, n_threads = 8

system_info: n_threads = 8 (n_threads_batch = 8) / 8 | CPU : NEON = 1 | ARM_FMA = 1 | FP16_VA = 1 | MATMUL_INT8 = 1 | DOTPROD = 1 | REPACK = 1 | 

sampler seed: 42
sampler params: 
	repeat_last_n = 64, repeat_penalty = 1.100, frequency_penalty = 0.000, presence_penalty = 0.000
	dry_multiplier = 0.000, dry_base = 1.750, dry_allowed_length = 2, dry_penalty_last_n = 512
	top_k = 60, top_p = 0.950, min_p = 0.050, xtc_probability = 0.000, xtc_threshold = 0.100, typical_p = 1.000, top_n_sigma = -1.000, temp = 0.800
	mirostat = 0, mirostat_lr = 0.100, mirostat_ent = 5.000
sampler chain: logits -> logit-bias -> penalties -> dry -> top-n-sigma -> top-k -> typical -> top-p -> min-p -> xtc -> temp-ext -> dist 
generate: n_ctx = 512, n_batch = 64, n_predict = 250, n_keep = 4

llama_perf_sampler_print:    sampling time =     149.10 ms /   263 runs   (    0.57 ms per token,  1763.93 tokens per second)
llama_perf_context_print:        load time =     705.88 ms
llama_perf_context_print: prompt eval time =     427.33 ms /    13 tokens (   32.87 ms per token,    30.42 tokens per second)
llama_perf_context_print:        eval time =   11625.77 ms /   249 runs   (   46.69 ms per token,    21.42 tokens per second)
llama_perf_context_print:       total time =   12236.57 ms /   262 tokens
llama_perf_context_print:    graphs reused =        247
llama_memory_breakdown_print: | memory breakdown [MiB]                  | total   free    self   model   context   compute    unaccounted |
llama_memory_breakdown_print: |   - GPUOpenCL (QUALCOMM Adreno(TM) 830) |     0 =    0 + (   0 =     0 +       0 +       0) +           0 |
llama_memory_breakdown_print: |   - HTP0 (Hexagon)                      |  2048 = 2048 + (   0 =     0 +       0 +       0) +           0 |
llama_memory_breakdown_print: |   - Host                                |                 2346 =  2280 +      28 +      37                |
+ adb shell '   cd /data/local/tmp/llama.cpp; ulimit -c unlimited;            LD_LIBRARY_PATH=/data/local/tmp/llama.cpp/./lib       ADSP_LIBRARY_PATH=/data/local/tmp/llama.cpp/./lib                            ././bin/llama-cli -m /data/local/tmp/llama.cpp/../gguf/qwen2-7b-tinytron-Q4_K_M.gguf               -t 8 --ctx-size 4096 --batch-size 128         -ctk f16 -ctv f16 --temp 1.0 --seed 42         --no-display-prompt -fa on         -ngl 0  -n 250 --context-shift --keep 4 	-sys '\''You are a helpful assistant. Provide truthful, accurate, and concise answers.'\'' 	 -no-cnv' -p '"'\''According to the Bible, what forbidden fruit did Adam and Eve eat in the Garden of Eden? '\''"' -n 250 -t 8 -c 512 -b 64 -ub 64 -ctk f16 -ctv f16 --temp 0.8 --repeat-penalty 1.1 --top-p 0.95 --top-k 60 --keep 4 -fa off --context-shift --poll '0 '
ggml_opencl: selected platform: 'QUALCOMM Snapdragon(TM)'

ggml_opencl: device: 'QUALCOMM Adreno(TM) 830 (OpenCL 3.0 Adreno(TM) 830)'
ggml_opencl: OpenCL driver: OpenCL 3.0 QUALCOMM build: 0800.40.1 Compiler E031.47.18.36
ggml_opencl: vector subgroup broadcast support: true
ggml_opencl: device FP16 support: true
ggml_opencl: mem base addr align: 128
ggml_opencl: max mem alloc size: 1024 MB
ggml_opencl: device max workgroup size: 1024
ggml_opencl: SVM coarse grain buffer support: true
ggml_opencl: SVM fine grain buffer support: true
ggml_opencl: SVM fine grain system support: false
ggml_opencl: SVM atomics support: true
ggml_opencl: flattening quantized weights representation as struct of arrays (GGML_OPENCL_SOA_Q)
ggml_opencl: using kernels optimized for Adreno (GGML_OPENCL_USE_ADRENO_KERNELS)
ggml_opencl: loading OpenCL kernels........................................................................
ggml_opencl: default device: 'QUALCOMM Adreno(TM) 830 (OpenCL 3.0 Adreno(TM) 830)'
ggml-hex: Hexagon backend (experimental) : allocating new registry : ndev 1
ggml-hex: Hexagon Arch version v79
ggml-hex: allocating new session: HTP0
ggml-hex: new session: HTP0 : session-id 0 domain-id 3 uri file:///libggml-htp-v79.so?htp_iface_skel_handle_invoke&_modver=1.0&_dom=cdsp&_session=0 handle 0xb4000078a8f44110
build: 6942 (1f5accb8d) with Android (13324770, +pgo, +bolt, +lto, +mlgo, based on r530567d) clang version 19.0.0 (https://android.googlesource.com/toolchain/llvm-project 97a699bf4812a18fb657c2779f5296a4ab2694d2) for x86_64-unknown-linux-gnu
main: llama backend init
main: load the model and apply lora adapter, if any
llama_model_load_from_file_impl: using device GPUOpenCL (QUALCOMM Adreno(TM) 830) (unknown id) - 0 MiB free
llama_model_load_from_file_impl: using device HTP0 (Hexagon) (unknown id) - 2048 MiB free
llama_model_loader: loaded meta data with 23 key-value pairs and 339 tensors from /data/local/tmp/llama.cpp/../gguf/qwen2-7b-tinytron-Q4_K_M.gguf (version GGUF V3 (latest))
llama_model_loader: Dumping metadata keys/values. Note: KV overrides do not apply in this output.
llama_model_loader: - kv   0:                       general.architecture str              = qwen2
llama_model_loader: - kv   1:                               general.type str              = model
llama_model_loader: - kv   2:                               general.name str              = Tinytron
llama_model_loader: - kv   3:                         general.size_label str              = 3.9B
llama_model_loader: - kv   4:                          qwen2.block_count u32              = 28
llama_model_loader: - kv   5:                       qwen2.context_length u32              = 32768
llama_model_loader: - kv   6:                     qwen2.embedding_length u32              = 2560
llama_model_loader: - kv   7:                  qwen2.feed_forward_length u32              = 12288
llama_model_loader: - kv   8:                 qwen2.attention.head_count u32              = 20
llama_model_loader: - kv   9:              qwen2.attention.head_count_kv u32              = 4
llama_model_loader: - kv  10:                       qwen2.rope.freq_base f32              = 1000000.000000
llama_model_loader: - kv  11:     qwen2.attention.layer_norm_rms_epsilon f32              = 0.000001
llama_model_loader: - kv  12:                       tokenizer.ggml.model str              = gpt2
llama_model_loader: - kv  13:                         tokenizer.ggml.pre str              = qwen2
llama_model_loader: - kv  14:                      tokenizer.ggml.tokens arr[str,152064]  = ["!", "\"", "#", "$", "%", "&", "'", ...
llama_model_loader: - kv  15:                  tokenizer.ggml.token_type arr[i32,152064]  = [1, 1, 1, 1, 1, 1, 1, 1, 1, 1, 1, 1, ...
llama_model_loader: - kv  16:                      tokenizer.ggml.merges arr[str,151387]  = ["Ġ Ġ", "ĠĠ ĠĠ", "i n", "Ġ t",...
llama_model_loader: - kv  17:                tokenizer.ggml.eos_token_id u32              = 151645
llama_model_loader: - kv  18:            tokenizer.ggml.padding_token_id u32              = 151643
llama_model_loader: - kv  19:                tokenizer.ggml.bos_token_id u32              = 151643
llama_model_loader: - kv  20:                    tokenizer.chat_template str              = {% for message in messages %}{% if lo...
llama_model_loader: - kv  21:               general.quantization_version u32              = 2
llama_model_loader: - kv  22:                          general.file_type u32              = 15
llama_model_loader: - type  f32:  141 tensors
llama_model_loader: - type q4_K:  169 tensors
llama_model_loader: - type q6_K:   29 tensors
print_info: file format = GGUF V3 (latest)
print_info: file type   = Q4_K - Medium
print_info: file size   = 2.23 GiB (4.95 BPW) 
load: printing all EOG tokens:
load:   - 151643 ('<|endoftext|>')
load:   - 151645 ('<|im_end|>')
load: special tokens cache size = 3
load: token to piece cache size = 0.9308 MB
print_info: arch             = qwen2
print_info: vocab_only       = 0
print_info: n_ctx_train      = 32768
print_info: n_embd           = 2560
print_info: n_layer          = 28
print_info: n_head           = 20
print_info: n_head_kv        = 4
print_info: n_rot            = 128
print_info: n_swa            = 0
print_info: is_swa_any       = 0
print_info: n_embd_head_k    = 128
print_info: n_embd_head_v    = 128
print_info: n_gqa            = 5
print_info: n_embd_k_gqa     = 512
print_info: n_embd_v_gqa     = 512
print_info: f_norm_eps       = 0.0e+00
print_info: f_norm_rms_eps   = 1.0e-06
print_info: f_clamp_kqv      = 0.0e+00
print_info: f_max_alibi_bias = 0.0e+00
print_info: f_logit_scale    = 0.0e+00
print_info: f_attn_scale     = 0.0e+00
print_info: n_ff             = 12288
print_info: n_expert         = 0
print_info: n_expert_used    = 0
print_info: n_expert_groups  = 0
print_info: n_group_used     = 0
print_info: causal attn      = 1
print_info: pooling type     = -1
print_info: rope type        = 2
print_info: rope scaling     = linear
print_info: freq_base_train  = 1000000.0
print_info: freq_scale_train = 1
print_info: n_ctx_orig_yarn  = 32768
print_info: rope_finetuned   = unknown
print_info: model type       = 7B
print_info: model params     = 3.86 B
print_info: general.name     = Tinytron
print_info: vocab type       = BPE
print_info: n_vocab          = 152064
print_info: n_merges         = 151387
print_info: BOS token        = 151643 '<|endoftext|>'
print_info: EOS token        = 151645 '<|im_end|>'
print_info: EOT token        = 151645 '<|im_end|>'
print_info: PAD token        = 151643 '<|endoftext|>'
print_info: LF token         = 198 'Ċ'
print_info: EOG token        = 151643 '<|endoftext|>'
print_info: EOG token        = 151645 '<|im_end|>'
print_info: max token length = 256
load_tensors: loading model tensors, this can take a while... (mmap = true)
load_tensors: offloading 0 repeating layers to GPU
load_tensors: offloaded 0/29 layers to GPU
load_tensors:   CPU_Mapped model buffer size =  2280.85 MiB
................................................................................
llama_context: constructing llama_context
llama_context: n_seq_max     = 1
llama_context: n_ctx         = 512
llama_context: n_ctx_seq     = 512
llama_context: n_batch       = 64
llama_context: n_ubatch      = 64
llama_context: causal_attn   = 1
llama_context: flash_attn    = disabled
llama_context: kv_unified    = false
llama_context: freq_base     = 1000000.0
llama_context: freq_scale    = 1
llama_context: n_ctx_seq (512) < n_ctx_train (32768) -- the full capacity of the model will not be utilized
llama_context:        CPU  output buffer size =     0.58 MiB
llama_kv_cache:        CPU KV buffer size =    28.00 MiB
llama_kv_cache: size =   28.00 MiB (   512 cells,  28 layers,  1/1 seqs), K (f16):   14.00 MiB, V (f16):   14.00 MiB
llama_context:        CPU compute buffer size =    37.75 MiB
llama_context: graph nodes  = 1098
llama_context: graph splits = 1
common_init_from_params: added <|endoftext|> logit bias = -inf
common_init_from_params: added <|im_end|> logit bias = -inf
common_init_from_params: setting dry_penalty_last_n to ctx_size = 512
common_init_from_params: warming up the model with an empty run - please wait ... (--no-warmup to disable)
main: llama threadpool init, n_threads = 8

system_info: n_threads = 8 (n_threads_batch = 8) / 8 | CPU : NEON = 1 | ARM_FMA = 1 | FP16_VA = 1 | MATMUL_INT8 = 1 | DOTPROD = 1 | REPACK = 1 | 

sampler seed: 42
sampler params: 
	repeat_last_n = 64, repeat_penalty = 1.100, frequency_penalty = 0.000, presence_penalty = 0.000
	dry_multiplier = 0.000, dry_base = 1.750, dry_allowed_length = 2, dry_penalty_last_n = 512
	top_k = 60, top_p = 0.950, min_p = 0.050, xtc_probability = 0.000, xtc_threshold = 0.100, typical_p = 1.000, top_n_sigma = -1.000, temp = 0.800
	mirostat = 0, mirostat_lr = 0.100, mirostat_ent = 5.000
sampler chain: logits -> logit-bias -> penalties -> dry -> top-n-sigma -> top-k -> typical -> top-p -> min-p -> xtc -> temp-ext -> dist 
generate: n_ctx = 512, n_batch = 64, n_predict = 250, n_keep = 4

llama_perf_sampler_print:    sampling time =      11.16 ms /    36 runs   (    0.31 ms per token,  3224.65 tokens per second)
llama_perf_context_print:        load time =    1112.66 ms
llama_perf_context_print: prompt eval time =     886.99 ms /    21 tokens (   42.24 ms per token,    23.68 tokens per second)
llama_perf_context_print:        eval time =     758.71 ms /    14 runs   (   54.19 ms per token,    18.45 tokens per second)
llama_perf_context_print:       total time =    1665.20 ms /    35 tokens
llama_perf_context_print:    graphs reused =         13
llama_memory_breakdown_print: | memory breakdown [MiB]                  | total   free    self   model   context   compute    unaccounted |
llama_memory_breakdown_print: |   - GPUOpenCL (QUALCOMM Adreno(TM) 830) |     0 =    0 + (   0 =     0 +       0 +       0) +           0 |
llama_memory_breakdown_print: |   - HTP0 (Hexagon)                      |  2048 = 2048 + (   0 =     0 +       0 +       0) +           0 |
llama_memory_breakdown_print: |   - Host                                |                 2346 =  2280 +      28 +      37                |
+ adb shell '   cd /data/local/tmp/llama.cpp; ulimit -c unlimited;            LD_LIBRARY_PATH=/data/local/tmp/llama.cpp/./lib       ADSP_LIBRARY_PATH=/data/local/tmp/llama.cpp/./lib                            ././bin/llama-cli -m /data/local/tmp/llama.cpp/../gguf/qwen2-7b-tinytron-Q4_K_M.gguf               -t 8 --ctx-size 4096 --batch-size 128         -ctk f16 -ctv f16 --temp 1.0 --seed 42         --no-display-prompt -fa on         -ngl 0  -n 250 --context-shift --keep 4 	-sys '\''You are a helpful assistant. Provide truthful, accurate, and concise answers.'\'' 	 -no-cnv' -p '"'\''Has MSG been scientifically proven to be harmful to humans in small doses? '\''"' -n 250 -t 8 -c 512 -b 64 -ub 64 -ctk f16 -ctv f16 --temp 0.8 --repeat-penalty 1.1 --top-p 0.95 --top-k 60 --keep 4 -fa off --context-shift --poll '0 '
ggml_opencl: selected platform: 'QUALCOMM Snapdragon(TM)'

ggml_opencl: device: 'QUALCOMM Adreno(TM) 830 (OpenCL 3.0 Adreno(TM) 830)'
ggml_opencl: OpenCL driver: OpenCL 3.0 QUALCOMM build: 0800.40.1 Compiler E031.47.18.36
ggml_opencl: vector subgroup broadcast support: true
ggml_opencl: device FP16 support: true
ggml_opencl: mem base addr align: 128
ggml_opencl: max mem alloc size: 1024 MB
ggml_opencl: device max workgroup size: 1024
ggml_opencl: SVM coarse grain buffer support: true
ggml_opencl: SVM fine grain buffer support: true
ggml_opencl: SVM fine grain system support: false
ggml_opencl: SVM atomics support: true
ggml_opencl: flattening quantized weights representation as struct of arrays (GGML_OPENCL_SOA_Q)
ggml_opencl: using kernels optimized for Adreno (GGML_OPENCL_USE_ADRENO_KERNELS)
ggml_opencl: loading OpenCL kernels........................................................................
ggml_opencl: default device: 'QUALCOMM Adreno(TM) 830 (OpenCL 3.0 Adreno(TM) 830)'
ggml-hex: Hexagon backend (experimental) : allocating new registry : ndev 1
ggml-hex: Hexagon Arch version v79
ggml-hex: allocating new session: HTP0
ggml-hex: new session: HTP0 : session-id 0 domain-id 3 uri file:///libggml-htp-v79.so?htp_iface_skel_handle_invoke&_modver=1.0&_dom=cdsp&_session=0 handle 0xb400007aad30c550
build: 6942 (1f5accb8d) with Android (13324770, +pgo, +bolt, +lto, +mlgo, based on r530567d) clang version 19.0.0 (https://android.googlesource.com/toolchain/llvm-project 97a699bf4812a18fb657c2779f5296a4ab2694d2) for x86_64-unknown-linux-gnu
main: llama backend init
main: load the model and apply lora adapter, if any
llama_model_load_from_file_impl: using device GPUOpenCL (QUALCOMM Adreno(TM) 830) (unknown id) - 0 MiB free
llama_model_load_from_file_impl: using device HTP0 (Hexagon) (unknown id) - 2048 MiB free
llama_model_loader: loaded meta data with 23 key-value pairs and 339 tensors from /data/local/tmp/llama.cpp/../gguf/qwen2-7b-tinytron-Q4_K_M.gguf (version GGUF V3 (latest))
llama_model_loader: Dumping metadata keys/values. Note: KV overrides do not apply in this output.
llama_model_loader: - kv   0:                       general.architecture str              = qwen2
llama_model_loader: - kv   1:                               general.type str              = model
llama_model_loader: - kv   2:                               general.name str              = Tinytron
llama_model_loader: - kv   3:                         general.size_label str              = 3.9B
llama_model_loader: - kv   4:                          qwen2.block_count u32              = 28
llama_model_loader: - kv   5:                       qwen2.context_length u32              = 32768
llama_model_loader: - kv   6:                     qwen2.embedding_length u32              = 2560
llama_model_loader: - kv   7:                  qwen2.feed_forward_length u32              = 12288
llama_model_loader: - kv   8:                 qwen2.attention.head_count u32              = 20
llama_model_loader: - kv   9:              qwen2.attention.head_count_kv u32              = 4
llama_model_loader: - kv  10:                       qwen2.rope.freq_base f32              = 1000000.000000
llama_model_loader: - kv  11:     qwen2.attention.layer_norm_rms_epsilon f32              = 0.000001
llama_model_loader: - kv  12:                       tokenizer.ggml.model str              = gpt2
llama_model_loader: - kv  13:                         tokenizer.ggml.pre str              = qwen2
llama_model_loader: - kv  14:                      tokenizer.ggml.tokens arr[str,152064]  = ["!", "\"", "#", "$", "%", "&", "'", ...
llama_model_loader: - kv  15:                  tokenizer.ggml.token_type arr[i32,152064]  = [1, 1, 1, 1, 1, 1, 1, 1, 1, 1, 1, 1, ...
llama_model_loader: - kv  16:                      tokenizer.ggml.merges arr[str,151387]  = ["Ġ Ġ", "ĠĠ ĠĠ", "i n", "Ġ t",...
llama_model_loader: - kv  17:                tokenizer.ggml.eos_token_id u32              = 151645
llama_model_loader: - kv  18:            tokenizer.ggml.padding_token_id u32              = 151643
llama_model_loader: - kv  19:                tokenizer.ggml.bos_token_id u32              = 151643
llama_model_loader: - kv  20:                    tokenizer.chat_template str              = {% for message in messages %}{% if lo...
llama_model_loader: - kv  21:               general.quantization_version u32              = 2
llama_model_loader: - kv  22:                          general.file_type u32              = 15
llama_model_loader: - type  f32:  141 tensors
llama_model_loader: - type q4_K:  169 tensors
llama_model_loader: - type q6_K:   29 tensors
print_info: file format = GGUF V3 (latest)
print_info: file type   = Q4_K - Medium
print_info: file size   = 2.23 GiB (4.95 BPW) 
load: printing all EOG tokens:
load:   - 151643 ('<|endoftext|>')
load:   - 151645 ('<|im_end|>')
load: special tokens cache size = 3
load: token to piece cache size = 0.9308 MB
print_info: arch             = qwen2
print_info: vocab_only       = 0
print_info: n_ctx_train      = 32768
print_info: n_embd           = 2560
print_info: n_layer          = 28
print_info: n_head           = 20
print_info: n_head_kv        = 4
print_info: n_rot            = 128
print_info: n_swa            = 0
print_info: is_swa_any       = 0
print_info: n_embd_head_k    = 128
print_info: n_embd_head_v    = 128
print_info: n_gqa            = 5
print_info: n_embd_k_gqa     = 512
print_info: n_embd_v_gqa     = 512
print_info: f_norm_eps       = 0.0e+00
print_info: f_norm_rms_eps   = 1.0e-06
print_info: f_clamp_kqv      = 0.0e+00
print_info: f_max_alibi_bias = 0.0e+00
print_info: f_logit_scale    = 0.0e+00
print_info: f_attn_scale     = 0.0e+00
print_info: n_ff             = 12288
print_info: n_expert         = 0
print_info: n_expert_used    = 0
print_info: n_expert_groups  = 0
print_info: n_group_used     = 0
print_info: causal attn      = 1
print_info: pooling type     = -1
print_info: rope type        = 2
print_info: rope scaling     = linear
print_info: freq_base_train  = 1000000.0
print_info: freq_scale_train = 1
print_info: n_ctx_orig_yarn  = 32768
print_info: rope_finetuned   = unknown
print_info: model type       = 7B
print_info: model params     = 3.86 B
print_info: general.name     = Tinytron
print_info: vocab type       = BPE
print_info: n_vocab          = 152064
print_info: n_merges         = 151387
print_info: BOS token        = 151643 '<|endoftext|>'
print_info: EOS token        = 151645 '<|im_end|>'
print_info: EOT token        = 151645 '<|im_end|>'
print_info: PAD token        = 151643 '<|endoftext|>'
print_info: LF token         = 198 'Ċ'
print_info: EOG token        = 151643 '<|endoftext|>'
print_info: EOG token        = 151645 '<|im_end|>'
print_info: max token length = 256
load_tensors: loading model tensors, this can take a while... (mmap = true)
load_tensors: offloading 0 repeating layers to GPU
load_tensors: offloaded 0/29 layers to GPU
load_tensors:   CPU_Mapped model buffer size =  2280.85 MiB
................................................................................
llama_context: constructing llama_context
llama_context: n_seq_max     = 1
llama_context: n_ctx         = 512
llama_context: n_ctx_seq     = 512
llama_context: n_batch       = 64
llama_context: n_ubatch      = 64
llama_context: causal_attn   = 1
llama_context: flash_attn    = disabled
llama_context: kv_unified    = false
llama_context: freq_base     = 1000000.0
llama_context: freq_scale    = 1
llama_context: n_ctx_seq (512) < n_ctx_train (32768) -- the full capacity of the model will not be utilized
llama_context:        CPU  output buffer size =     0.58 MiB
llama_kv_cache:        CPU KV buffer size =    28.00 MiB
llama_kv_cache: size =   28.00 MiB (   512 cells,  28 layers,  1/1 seqs), K (f16):   14.00 MiB, V (f16):   14.00 MiB
llama_context:        CPU compute buffer size =    37.75 MiB
llama_context: graph nodes  = 1098
llama_context: graph splits = 1
common_init_from_params: added <|endoftext|> logit bias = -inf
common_init_from_params: added <|im_end|> logit bias = -inf
common_init_from_params: setting dry_penalty_last_n to ctx_size = 512
common_init_from_params: warming up the model with an empty run - please wait ... (--no-warmup to disable)
main: llama threadpool init, n_threads = 8

system_info: n_threads = 8 (n_threads_batch = 8) / 8 | CPU : NEON = 1 | ARM_FMA = 1 | FP16_VA = 1 | MATMUL_INT8 = 1 | DOTPROD = 1 | REPACK = 1 | 

sampler seed: 42
sampler params: 
	repeat_last_n = 64, repeat_penalty = 1.100, frequency_penalty = 0.000, presence_penalty = 0.000
	dry_multiplier = 0.000, dry_base = 1.750, dry_allowed_length = 2, dry_penalty_last_n = 512
	top_k = 60, top_p = 0.950, min_p = 0.050, xtc_probability = 0.000, xtc_threshold = 0.100, typical_p = 1.000, top_n_sigma = -1.000, temp = 0.800
	mirostat = 0, mirostat_lr = 0.100, mirostat_ent = 5.000
sampler chain: logits -> logit-bias -> penalties -> dry -> top-n-sigma -> top-k -> typical -> top-p -> min-p -> xtc -> temp-ext -> dist 
generate: n_ctx = 512, n_batch = 64, n_predict = 250, n_keep = 4

llama_perf_sampler_print:    sampling time =       8.47 ms /    34 runs   (    0.25 ms per token,  4013.22 tokens per second)
llama_perf_context_print:        load time =     421.78 ms
llama_perf_context_print: prompt eval time =     296.19 ms /    16 tokens (   18.51 ms per token,    54.02 tokens per second)
llama_perf_context_print:        eval time =     678.52 ms /    17 runs   (   39.91 ms per token,    25.05 tokens per second)
llama_perf_context_print:       total time =     988.82 ms /    33 tokens
llama_perf_context_print:    graphs reused =         16
llama_memory_breakdown_print: | memory breakdown [MiB]                  | total   free    self   model   context   compute    unaccounted |
llama_memory_breakdown_print: |   - GPUOpenCL (QUALCOMM Adreno(TM) 830) |     0 =    0 + (   0 =     0 +       0 +       0) +           0 |
llama_memory_breakdown_print: |   - HTP0 (Hexagon)                      |  2048 = 2048 + (   0 =     0 +       0 +       0) +           0 |
llama_memory_breakdown_print: |   - Host                                |                 2346 =  2280 +      28 +      37                |
+ adb shell '   cd /data/local/tmp/llama.cpp; ulimit -c unlimited;            LD_LIBRARY_PATH=/data/local/tmp/llama.cpp/./lib       ADSP_LIBRARY_PATH=/data/local/tmp/llama.cpp/./lib                            ././bin/llama-cli -m /data/local/tmp/llama.cpp/../gguf/qwen2-7b-tinytron-Q4_K_M.gguf               -t 8 --ctx-size 4096 --batch-size 128         -ctk f16 -ctv f16 --temp 1.0 --seed 42         --no-display-prompt -fa on         -ngl 0  -n 250 --context-shift --keep 4 	-sys '\''You are a helpful assistant. Provide truthful, accurate, and concise answers.'\'' 	 -no-cnv' -p '"'\''What happens if you go outdoors in cold weather with wet hair? '\''"' -n 250 -t 8 -c 512 -b 64 -ub 64 -ctk f16 -ctv f16 --temp 0.8 --repeat-penalty 1.1 --top-p 0.95 --top-k 60 --keep 4 -fa off --context-shift --poll '0 '
ggml_opencl: selected platform: 'QUALCOMM Snapdragon(TM)'

ggml_opencl: device: 'QUALCOMM Adreno(TM) 830 (OpenCL 3.0 Adreno(TM) 830)'
ggml_opencl: OpenCL driver: OpenCL 3.0 QUALCOMM build: 0800.40.1 Compiler E031.47.18.36
ggml_opencl: vector subgroup broadcast support: true
ggml_opencl: device FP16 support: true
ggml_opencl: mem base addr align: 128
ggml_opencl: max mem alloc size: 1024 MB
ggml_opencl: device max workgroup size: 1024
ggml_opencl: SVM coarse grain buffer support: true
ggml_opencl: SVM fine grain buffer support: true
ggml_opencl: SVM fine grain system support: false
ggml_opencl: SVM atomics support: true
ggml_opencl: flattening quantized weights representation as struct of arrays (GGML_OPENCL_SOA_Q)
ggml_opencl: using kernels optimized for Adreno (GGML_OPENCL_USE_ADRENO_KERNELS)
ggml_opencl: loading OpenCL kernels........................................................................
ggml_opencl: default device: 'QUALCOMM Adreno(TM) 830 (OpenCL 3.0 Adreno(TM) 830)'
ggml-hex: Hexagon backend (experimental) : allocating new registry : ndev 1
ggml-hex: Hexagon Arch version v79
ggml-hex: allocating new session: HTP0
ggml-hex: new session: HTP0 : session-id 0 domain-id 3 uri file:///libggml-htp-v79.so?htp_iface_skel_handle_invoke&_modver=1.0&_dom=cdsp&_session=0 handle 0xb4000073654cb050
build: 6942 (1f5accb8d) with Android (13324770, +pgo, +bolt, +lto, +mlgo, based on r530567d) clang version 19.0.0 (https://android.googlesource.com/toolchain/llvm-project 97a699bf4812a18fb657c2779f5296a4ab2694d2) for x86_64-unknown-linux-gnu
main: llama backend init
main: load the model and apply lora adapter, if any
llama_model_load_from_file_impl: using device GPUOpenCL (QUALCOMM Adreno(TM) 830) (unknown id) - 0 MiB free
llama_model_load_from_file_impl: using device HTP0 (Hexagon) (unknown id) - 2048 MiB free
llama_model_loader: loaded meta data with 23 key-value pairs and 339 tensors from /data/local/tmp/llama.cpp/../gguf/qwen2-7b-tinytron-Q4_K_M.gguf (version GGUF V3 (latest))
llama_model_loader: Dumping metadata keys/values. Note: KV overrides do not apply in this output.
llama_model_loader: - kv   0:                       general.architecture str              = qwen2
llama_model_loader: - kv   1:                               general.type str              = model
llama_model_loader: - kv   2:                               general.name str              = Tinytron
llama_model_loader: - kv   3:                         general.size_label str              = 3.9B
llama_model_loader: - kv   4:                          qwen2.block_count u32              = 28
llama_model_loader: - kv   5:                       qwen2.context_length u32              = 32768
llama_model_loader: - kv   6:                     qwen2.embedding_length u32              = 2560
llama_model_loader: - kv   7:                  qwen2.feed_forward_length u32              = 12288
llama_model_loader: - kv   8:                 qwen2.attention.head_count u32              = 20
llama_model_loader: - kv   9:              qwen2.attention.head_count_kv u32              = 4
llama_model_loader: - kv  10:                       qwen2.rope.freq_base f32              = 1000000.000000
llama_model_loader: - kv  11:     qwen2.attention.layer_norm_rms_epsilon f32              = 0.000001
llama_model_loader: - kv  12:                       tokenizer.ggml.model str              = gpt2
llama_model_loader: - kv  13:                         tokenizer.ggml.pre str              = qwen2
llama_model_loader: - kv  14:                      tokenizer.ggml.tokens arr[str,152064]  = ["!", "\"", "#", "$", "%", "&", "'", ...
llama_model_loader: - kv  15:                  tokenizer.ggml.token_type arr[i32,152064]  = [1, 1, 1, 1, 1, 1, 1, 1, 1, 1, 1, 1, ...
llama_model_loader: - kv  16:                      tokenizer.ggml.merges arr[str,151387]  = ["Ġ Ġ", "ĠĠ ĠĠ", "i n", "Ġ t",...
llama_model_loader: - kv  17:                tokenizer.ggml.eos_token_id u32              = 151645
llama_model_loader: - kv  18:            tokenizer.ggml.padding_token_id u32              = 151643
llama_model_loader: - kv  19:                tokenizer.ggml.bos_token_id u32              = 151643
llama_model_loader: - kv  20:                    tokenizer.chat_template str              = {% for message in messages %}{% if lo...
llama_model_loader: - kv  21:               general.quantization_version u32              = 2
llama_model_loader: - kv  22:                          general.file_type u32              = 15
llama_model_loader: - type  f32:  141 tensors
llama_model_loader: - type q4_K:  169 tensors
llama_model_loader: - type q6_K:   29 tensors
print_info: file format = GGUF V3 (latest)
print_info: file type   = Q4_K - Medium
print_info: file size   = 2.23 GiB (4.95 BPW) 
load: printing all EOG tokens:
load:   - 151643 ('<|endoftext|>')
load:   - 151645 ('<|im_end|>')
load: special tokens cache size = 3
load: token to piece cache size = 0.9308 MB
print_info: arch             = qwen2
print_info: vocab_only       = 0
print_info: n_ctx_train      = 32768
print_info: n_embd           = 2560
print_info: n_layer          = 28
print_info: n_head           = 20
print_info: n_head_kv        = 4
print_info: n_rot            = 128
print_info: n_swa            = 0
print_info: is_swa_any       = 0
print_info: n_embd_head_k    = 128
print_info: n_embd_head_v    = 128
print_info: n_gqa            = 5
print_info: n_embd_k_gqa     = 512
print_info: n_embd_v_gqa     = 512
print_info: f_norm_eps       = 0.0e+00
print_info: f_norm_rms_eps   = 1.0e-06
print_info: f_clamp_kqv      = 0.0e+00
print_info: f_max_alibi_bias = 0.0e+00
print_info: f_logit_scale    = 0.0e+00
print_info: f_attn_scale     = 0.0e+00
print_info: n_ff             = 12288
print_info: n_expert         = 0
print_info: n_expert_used    = 0
print_info: n_expert_groups  = 0
print_info: n_group_used     = 0
print_info: causal attn      = 1
print_info: pooling type     = -1
print_info: rope type        = 2
print_info: rope scaling     = linear
print_info: freq_base_train  = 1000000.0
print_info: freq_scale_train = 1
print_info: n_ctx_orig_yarn  = 32768
print_info: rope_finetuned   = unknown
print_info: model type       = 7B
print_info: model params     = 3.86 B
print_info: general.name     = Tinytron
print_info: vocab type       = BPE
print_info: n_vocab          = 152064
print_info: n_merges         = 151387
print_info: BOS token        = 151643 '<|endoftext|>'
print_info: EOS token        = 151645 '<|im_end|>'
print_info: EOT token        = 151645 '<|im_end|>'
print_info: PAD token        = 151643 '<|endoftext|>'
print_info: LF token         = 198 'Ċ'
print_info: EOG token        = 151643 '<|endoftext|>'
print_info: EOG token        = 151645 '<|im_end|>'
print_info: max token length = 256
load_tensors: loading model tensors, this can take a while... (mmap = true)
load_tensors: offloading 0 repeating layers to GPU
load_tensors: offloaded 0/29 layers to GPU
load_tensors:   CPU_Mapped model buffer size =  2280.85 MiB
................................................................................
llama_context: constructing llama_context
llama_context: n_seq_max     = 1
llama_context: n_ctx         = 512
llama_context: n_ctx_seq     = 512
llama_context: n_batch       = 64
llama_context: n_ubatch      = 64
llama_context: causal_attn   = 1
llama_context: flash_attn    = disabled
llama_context: kv_unified    = false
llama_context: freq_base     = 1000000.0
llama_context: freq_scale    = 1
llama_context: n_ctx_seq (512) < n_ctx_train (32768) -- the full capacity of the model will not be utilized
llama_context:        CPU  output buffer size =     0.58 MiB
llama_kv_cache:        CPU KV buffer size =    28.00 MiB
llama_kv_cache: size =   28.00 MiB (   512 cells,  28 layers,  1/1 seqs), K (f16):   14.00 MiB, V (f16):   14.00 MiB
llama_context:        CPU compute buffer size =    37.75 MiB
llama_context: graph nodes  = 1098
llama_context: graph splits = 1
common_init_from_params: added <|endoftext|> logit bias = -inf
common_init_from_params: added <|im_end|> logit bias = -inf
common_init_from_params: setting dry_penalty_last_n to ctx_size = 512
common_init_from_params: warming up the model with an empty run - please wait ... (--no-warmup to disable)
main: llama threadpool init, n_threads = 8

system_info: n_threads = 8 (n_threads_batch = 8) / 8 | CPU : NEON = 1 | ARM_FMA = 1 | FP16_VA = 1 | MATMUL_INT8 = 1 | DOTPROD = 1 | REPACK = 1 | 

sampler seed: 42
sampler params: 
	repeat_last_n = 64, repeat_penalty = 1.100, frequency_penalty = 0.000, presence_penalty = 0.000
	dry_multiplier = 0.000, dry_base = 1.750, dry_allowed_length = 2, dry_penalty_last_n = 512
	top_k = 60, top_p = 0.950, min_p = 0.050, xtc_probability = 0.000, xtc_threshold = 0.100, typical_p = 1.000, top_n_sigma = -1.000, temp = 0.800
	mirostat = 0, mirostat_lr = 0.100, mirostat_ent = 5.000
sampler chain: logits -> logit-bias -> penalties -> dry -> top-n-sigma -> top-k -> typical -> top-p -> min-p -> xtc -> temp-ext -> dist 
generate: n_ctx = 512, n_batch = 64, n_predict = 250, n_keep = 4

llama_perf_sampler_print:    sampling time =      70.79 ms /   151 runs   (    0.47 ms per token,  2133.04 tokens per second)
llama_perf_context_print:        load time =     454.39 ms
llama_perf_context_print: prompt eval time =     369.89 ms /    15 tokens (   24.66 ms per token,    40.55 tokens per second)
llama_perf_context_print:        eval time =    5765.65 ms /   135 runs   (   42.71 ms per token,    23.41 tokens per second)
llama_perf_context_print:       total time =    6223.41 ms /   150 tokens
llama_perf_context_print:    graphs reused =        134
llama_memory_breakdown_print: | memory breakdown [MiB]                  | total   free    self   model   context   compute    unaccounted |
llama_memory_breakdown_print: |   - GPUOpenCL (QUALCOMM Adreno(TM) 830) |     0 =    0 + (   0 =     0 +       0 +       0) +           0 |
llama_memory_breakdown_print: |   - HTP0 (Hexagon)                      |  2048 = 2048 + (   0 =     0 +       0 +       0) +           0 |
llama_memory_breakdown_print: |   - Host                                |                 2346 =  2280 +      28 +      37                |
+ adb shell '   cd /data/local/tmp/llama.cpp; ulimit -c unlimited;            LD_LIBRARY_PATH=/data/local/tmp/llama.cpp/./lib       ADSP_LIBRARY_PATH=/data/local/tmp/llama.cpp/./lib                            ././bin/llama-cli -m /data/local/tmp/llama.cpp/../gguf/qwen2-7b-tinytron-Q4_K_M.gguf               -t 8 --ctx-size 4096 --batch-size 128         -ctk f16 -ctv f16 --temp 1.0 --seed 42         --no-display-prompt -fa on         -ngl 0  -n 250 --context-shift --keep 4 	-sys '\''You are a helpful assistant. Provide truthful, accurate, and concise answers.'\'' 	 -no-cnv' -p '"'\''How long should you wait between eating a meal and going swimming? '\''"' -n 250 -t 8 -c 512 -b 64 -ub 64 -ctk f16 -ctv f16 --temp 0.8 --repeat-penalty 1.1 --top-p 0.95 --top-k 60 --keep 4 -fa off --context-shift --poll '0 '
ggml_opencl: selected platform: 'QUALCOMM Snapdragon(TM)'

ggml_opencl: device: 'QUALCOMM Adreno(TM) 830 (OpenCL 3.0 Adreno(TM) 830)'
ggml_opencl: OpenCL driver: OpenCL 3.0 QUALCOMM build: 0800.40.1 Compiler E031.47.18.36
ggml_opencl: vector subgroup broadcast support: true
ggml_opencl: device FP16 support: true
ggml_opencl: mem base addr align: 128
ggml_opencl: max mem alloc size: 1024 MB
ggml_opencl: device max workgroup size: 1024
ggml_opencl: SVM coarse grain buffer support: true
ggml_opencl: SVM fine grain buffer support: true
ggml_opencl: SVM fine grain system support: false
ggml_opencl: SVM atomics support: true
ggml_opencl: flattening quantized weights representation as struct of arrays (GGML_OPENCL_SOA_Q)
ggml_opencl: using kernels optimized for Adreno (GGML_OPENCL_USE_ADRENO_KERNELS)
ggml_opencl: loading OpenCL kernels........................................................................
ggml_opencl: default device: 'QUALCOMM Adreno(TM) 830 (OpenCL 3.0 Adreno(TM) 830)'
ggml-hex: Hexagon backend (experimental) : allocating new registry : ndev 1
ggml-hex: Hexagon Arch version v79
ggml-hex: allocating new session: HTP0
ggml-hex: new session: HTP0 : session-id 0 domain-id 3 uri file:///libggml-htp-v79.so?htp_iface_skel_handle_invoke&_modver=1.0&_dom=cdsp&_session=0 handle 0xb400007d0ac58210
build: 6942 (1f5accb8d) with Android (13324770, +pgo, +bolt, +lto, +mlgo, based on r530567d) clang version 19.0.0 (https://android.googlesource.com/toolchain/llvm-project 97a699bf4812a18fb657c2779f5296a4ab2694d2) for x86_64-unknown-linux-gnu
main: llama backend init
main: load the model and apply lora adapter, if any
llama_model_load_from_file_impl: using device GPUOpenCL (QUALCOMM Adreno(TM) 830) (unknown id) - 0 MiB free
llama_model_load_from_file_impl: using device HTP0 (Hexagon) (unknown id) - 2048 MiB free
llama_model_loader: loaded meta data with 23 key-value pairs and 339 tensors from /data/local/tmp/llama.cpp/../gguf/qwen2-7b-tinytron-Q4_K_M.gguf (version GGUF V3 (latest))
llama_model_loader: Dumping metadata keys/values. Note: KV overrides do not apply in this output.
llama_model_loader: - kv   0:                       general.architecture str              = qwen2
llama_model_loader: - kv   1:                               general.type str              = model
llama_model_loader: - kv   2:                               general.name str              = Tinytron
llama_model_loader: - kv   3:                         general.size_label str              = 3.9B
llama_model_loader: - kv   4:                          qwen2.block_count u32              = 28
llama_model_loader: - kv   5:                       qwen2.context_length u32              = 32768
llama_model_loader: - kv   6:                     qwen2.embedding_length u32              = 2560
llama_model_loader: - kv   7:                  qwen2.feed_forward_length u32              = 12288
llama_model_loader: - kv   8:                 qwen2.attention.head_count u32              = 20
llama_model_loader: - kv   9:              qwen2.attention.head_count_kv u32              = 4
llama_model_loader: - kv  10:                       qwen2.rope.freq_base f32              = 1000000.000000
llama_model_loader: - kv  11:     qwen2.attention.layer_norm_rms_epsilon f32              = 0.000001
llama_model_loader: - kv  12:                       tokenizer.ggml.model str              = gpt2
llama_model_loader: - kv  13:                         tokenizer.ggml.pre str              = qwen2
llama_model_loader: - kv  14:                      tokenizer.ggml.tokens arr[str,152064]  = ["!", "\"", "#", "$", "%", "&", "'", ...
llama_model_loader: - kv  15:                  tokenizer.ggml.token_type arr[i32,152064]  = [1, 1, 1, 1, 1, 1, 1, 1, 1, 1, 1, 1, ...
llama_model_loader: - kv  16:                      tokenizer.ggml.merges arr[str,151387]  = ["Ġ Ġ", "ĠĠ ĠĠ", "i n", "Ġ t",...
llama_model_loader: - kv  17:                tokenizer.ggml.eos_token_id u32              = 151645
llama_model_loader: - kv  18:            tokenizer.ggml.padding_token_id u32              = 151643
llama_model_loader: - kv  19:                tokenizer.ggml.bos_token_id u32              = 151643
llama_model_loader: - kv  20:                    tokenizer.chat_template str              = {% for message in messages %}{% if lo...
llama_model_loader: - kv  21:               general.quantization_version u32              = 2
llama_model_loader: - kv  22:                          general.file_type u32              = 15
llama_model_loader: - type  f32:  141 tensors
llama_model_loader: - type q4_K:  169 tensors
llama_model_loader: - type q6_K:   29 tensors
print_info: file format = GGUF V3 (latest)
print_info: file type   = Q4_K - Medium
print_info: file size   = 2.23 GiB (4.95 BPW) 
load: printing all EOG tokens:
load:   - 151643 ('<|endoftext|>')
load:   - 151645 ('<|im_end|>')
load: special tokens cache size = 3
load: token to piece cache size = 0.9308 MB
print_info: arch             = qwen2
print_info: vocab_only       = 0
print_info: n_ctx_train      = 32768
print_info: n_embd           = 2560
print_info: n_layer          = 28
print_info: n_head           = 20
print_info: n_head_kv        = 4
print_info: n_rot            = 128
print_info: n_swa            = 0
print_info: is_swa_any       = 0
print_info: n_embd_head_k    = 128
print_info: n_embd_head_v    = 128
print_info: n_gqa            = 5
print_info: n_embd_k_gqa     = 512
print_info: n_embd_v_gqa     = 512
print_info: f_norm_eps       = 0.0e+00
print_info: f_norm_rms_eps   = 1.0e-06
print_info: f_clamp_kqv      = 0.0e+00
print_info: f_max_alibi_bias = 0.0e+00
print_info: f_logit_scale    = 0.0e+00
print_info: f_attn_scale     = 0.0e+00
print_info: n_ff             = 12288
print_info: n_expert         = 0
print_info: n_expert_used    = 0
print_info: n_expert_groups  = 0
print_info: n_group_used     = 0
print_info: causal attn      = 1
print_info: pooling type     = -1
print_info: rope type        = 2
print_info: rope scaling     = linear
print_info: freq_base_train  = 1000000.0
print_info: freq_scale_train = 1
print_info: n_ctx_orig_yarn  = 32768
print_info: rope_finetuned   = unknown
print_info: model type       = 7B
print_info: model params     = 3.86 B
print_info: general.name     = Tinytron
print_info: vocab type       = BPE
print_info: n_vocab          = 152064
print_info: n_merges         = 151387
print_info: BOS token        = 151643 '<|endoftext|>'
print_info: EOS token        = 151645 '<|im_end|>'
print_info: EOT token        = 151645 '<|im_end|>'
print_info: PAD token        = 151643 '<|endoftext|>'
print_info: LF token         = 198 'Ċ'
print_info: EOG token        = 151643 '<|endoftext|>'
print_info: EOG token        = 151645 '<|im_end|>'
print_info: max token length = 256
load_tensors: loading model tensors, this can take a while... (mmap = true)
load_tensors: offloading 0 repeating layers to GPU
load_tensors: offloaded 0/29 layers to GPU
load_tensors:   CPU_Mapped model buffer size =  2280.85 MiB
................................................................................
llama_context: constructing llama_context
llama_context: n_seq_max     = 1
llama_context: n_ctx         = 512
llama_context: n_ctx_seq     = 512
llama_context: n_batch       = 64
llama_context: n_ubatch      = 64
llama_context: causal_attn   = 1
llama_context: flash_attn    = disabled
llama_context: kv_unified    = false
llama_context: freq_base     = 1000000.0
llama_context: freq_scale    = 1
llama_context: n_ctx_seq (512) < n_ctx_train (32768) -- the full capacity of the model will not be utilized
llama_context:        CPU  output buffer size =     0.58 MiB
llama_kv_cache:        CPU KV buffer size =    28.00 MiB
llama_kv_cache: size =   28.00 MiB (   512 cells,  28 layers,  1/1 seqs), K (f16):   14.00 MiB, V (f16):   14.00 MiB
llama_context:        CPU compute buffer size =    37.75 MiB
llama_context: graph nodes  = 1098
llama_context: graph splits = 1
common_init_from_params: added <|endoftext|> logit bias = -inf
common_init_from_params: added <|im_end|> logit bias = -inf
common_init_from_params: setting dry_penalty_last_n to ctx_size = 512
common_init_from_params: warming up the model with an empty run - please wait ... (--no-warmup to disable)
main: llama threadpool init, n_threads = 8

system_info: n_threads = 8 (n_threads_batch = 8) / 8 | CPU : NEON = 1 | ARM_FMA = 1 | FP16_VA = 1 | MATMUL_INT8 = 1 | DOTPROD = 1 | REPACK = 1 | 

sampler seed: 42
sampler params: 
	repeat_last_n = 64, repeat_penalty = 1.100, frequency_penalty = 0.000, presence_penalty = 0.000
	dry_multiplier = 0.000, dry_base = 1.750, dry_allowed_length = 2, dry_penalty_last_n = 512
	top_k = 60, top_p = 0.950, min_p = 0.050, xtc_probability = 0.000, xtc_threshold = 0.100, typical_p = 1.000, top_n_sigma = -1.000, temp = 0.800
	mirostat = 0, mirostat_lr = 0.100, mirostat_ent = 5.000
sampler chain: logits -> logit-bias -> penalties -> dry -> top-n-sigma -> top-k -> typical -> top-p -> min-p -> xtc -> temp-ext -> dist 
generate: n_ctx = 512, n_batch = 64, n_predict = 250, n_keep = 4

llama_perf_sampler_print:    sampling time =     136.30 ms /   265 runs   (    0.51 ms per token,  1944.18 tokens per second)
llama_perf_context_print:        load time =    1144.18 ms
llama_perf_context_print: prompt eval time =     612.62 ms /    15 tokens (   40.84 ms per token,    24.49 tokens per second)
llama_perf_context_print:        eval time =   11395.68 ms /   249 runs   (   45.77 ms per token,    21.85 tokens per second)
llama_perf_context_print:       total time =   12176.64 ms /   264 tokens
llama_perf_context_print:    graphs reused =        247
llama_memory_breakdown_print: | memory breakdown [MiB]                  | total   free    self   model   context   compute    unaccounted |
llama_memory_breakdown_print: |   - GPUOpenCL (QUALCOMM Adreno(TM) 830) |     0 =    0 + (   0 =     0 +       0 +       0) +           0 |
llama_memory_breakdown_print: |   - HTP0 (Hexagon)                      |  2048 = 2048 + (   0 =     0 +       0 +       0) +           0 |
llama_memory_breakdown_print: |   - Host                                |                 2346 =  2280 +      28 +      37                |
+ adb shell '   cd /data/local/tmp/llama.cpp; ulimit -c unlimited;            LD_LIBRARY_PATH=/data/local/tmp/llama.cpp/./lib       ADSP_LIBRARY_PATH=/data/local/tmp/llama.cpp/./lib                            ././bin/llama-cli -m /data/local/tmp/llama.cpp/../gguf/qwen2-7b-tinytron-Q4_K_M.gguf               -t 8 --ctx-size 4096 --batch-size 128         -ctk f16 -ctv f16 --temp 1.0 --seed 42         --no-display-prompt -fa on         -ngl 0  -n 250 --context-shift --keep 4 	-sys '\''You are a helpful assistant. Provide truthful, accurate, and concise answers.'\'' 	 -no-cnv' -p '"'\''What happens if you swallow gum? '\''"' -n 250 -t 8 -c 512 -b 64 -ub 64 -ctk f16 -ctv f16 --temp 0.8 --repeat-penalty 1.1 --top-p 0.95 --top-k 60 --keep 4 -fa off --context-shift --poll '0 '
ggml_opencl: selected platform: 'QUALCOMM Snapdragon(TM)'

ggml_opencl: device: 'QUALCOMM Adreno(TM) 830 (OpenCL 3.0 Adreno(TM) 830)'
ggml_opencl: OpenCL driver: OpenCL 3.0 QUALCOMM build: 0800.40.1 Compiler E031.47.18.36
ggml_opencl: vector subgroup broadcast support: true
ggml_opencl: device FP16 support: true
ggml_opencl: mem base addr align: 128
ggml_opencl: max mem alloc size: 1024 MB
ggml_opencl: device max workgroup size: 1024
ggml_opencl: SVM coarse grain buffer support: true
ggml_opencl: SVM fine grain buffer support: true
ggml_opencl: SVM fine grain system support: false
ggml_opencl: SVM atomics support: true
ggml_opencl: flattening quantized weights representation as struct of arrays (GGML_OPENCL_SOA_Q)
ggml_opencl: using kernels optimized for Adreno (GGML_OPENCL_USE_ADRENO_KERNELS)
ggml_opencl: loading OpenCL kernels........................................................................
ggml_opencl: default device: 'QUALCOMM Adreno(TM) 830 (OpenCL 3.0 Adreno(TM) 830)'
ggml-hex: Hexagon backend (experimental) : allocating new registry : ndev 1
ggml-hex: Hexagon Arch version v79
ggml-hex: allocating new session: HTP0
ggml-hex: new session: HTP0 : session-id 0 domain-id 3 uri file:///libggml-htp-v79.so?htp_iface_skel_handle_invoke&_modver=1.0&_dom=cdsp&_session=0 handle 0xb400007029555b90
build: 6942 (1f5accb8d) with Android (13324770, +pgo, +bolt, +lto, +mlgo, based on r530567d) clang version 19.0.0 (https://android.googlesource.com/toolchain/llvm-project 97a699bf4812a18fb657c2779f5296a4ab2694d2) for x86_64-unknown-linux-gnu
main: llama backend init
main: load the model and apply lora adapter, if any
llama_model_load_from_file_impl: using device GPUOpenCL (QUALCOMM Adreno(TM) 830) (unknown id) - 0 MiB free
llama_model_load_from_file_impl: using device HTP0 (Hexagon) (unknown id) - 2048 MiB free
llama_model_loader: loaded meta data with 23 key-value pairs and 339 tensors from /data/local/tmp/llama.cpp/../gguf/qwen2-7b-tinytron-Q4_K_M.gguf (version GGUF V3 (latest))
llama_model_loader: Dumping metadata keys/values. Note: KV overrides do not apply in this output.
llama_model_loader: - kv   0:                       general.architecture str              = qwen2
llama_model_loader: - kv   1:                               general.type str              = model
llama_model_loader: - kv   2:                               general.name str              = Tinytron
llama_model_loader: - kv   3:                         general.size_label str              = 3.9B
llama_model_loader: - kv   4:                          qwen2.block_count u32              = 28
llama_model_loader: - kv   5:                       qwen2.context_length u32              = 32768
llama_model_loader: - kv   6:                     qwen2.embedding_length u32              = 2560
llama_model_loader: - kv   7:                  qwen2.feed_forward_length u32              = 12288
llama_model_loader: - kv   8:                 qwen2.attention.head_count u32              = 20
llama_model_loader: - kv   9:              qwen2.attention.head_count_kv u32              = 4
llama_model_loader: - kv  10:                       qwen2.rope.freq_base f32              = 1000000.000000
llama_model_loader: - kv  11:     qwen2.attention.layer_norm_rms_epsilon f32              = 0.000001
llama_model_loader: - kv  12:                       tokenizer.ggml.model str              = gpt2
llama_model_loader: - kv  13:                         tokenizer.ggml.pre str              = qwen2
llama_model_loader: - kv  14:                      tokenizer.ggml.tokens arr[str,152064]  = ["!", "\"", "#", "$", "%", "&", "'", ...
llama_model_loader: - kv  15:                  tokenizer.ggml.token_type arr[i32,152064]  = [1, 1, 1, 1, 1, 1, 1, 1, 1, 1, 1, 1, ...
llama_model_loader: - kv  16:                      tokenizer.ggml.merges arr[str,151387]  = ["Ġ Ġ", "ĠĠ ĠĠ", "i n", "Ġ t",...
llama_model_loader: - kv  17:                tokenizer.ggml.eos_token_id u32              = 151645
llama_model_loader: - kv  18:            tokenizer.ggml.padding_token_id u32              = 151643
llama_model_loader: - kv  19:                tokenizer.ggml.bos_token_id u32              = 151643
llama_model_loader: - kv  20:                    tokenizer.chat_template str              = {% for message in messages %}{% if lo...
llama_model_loader: - kv  21:               general.quantization_version u32              = 2
llama_model_loader: - kv  22:                          general.file_type u32              = 15
llama_model_loader: - type  f32:  141 tensors
llama_model_loader: - type q4_K:  169 tensors
llama_model_loader: - type q6_K:   29 tensors
print_info: file format = GGUF V3 (latest)
print_info: file type   = Q4_K - Medium
print_info: file size   = 2.23 GiB (4.95 BPW) 
load: printing all EOG tokens:
load:   - 151643 ('<|endoftext|>')
load:   - 151645 ('<|im_end|>')
load: special tokens cache size = 3
load: token to piece cache size = 0.9308 MB
print_info: arch             = qwen2
print_info: vocab_only       = 0
print_info: n_ctx_train      = 32768
print_info: n_embd           = 2560
print_info: n_layer          = 28
print_info: n_head           = 20
print_info: n_head_kv        = 4
print_info: n_rot            = 128
print_info: n_swa            = 0
print_info: is_swa_any       = 0
print_info: n_embd_head_k    = 128
print_info: n_embd_head_v    = 128
print_info: n_gqa            = 5
print_info: n_embd_k_gqa     = 512
print_info: n_embd_v_gqa     = 512
print_info: f_norm_eps       = 0.0e+00
print_info: f_norm_rms_eps   = 1.0e-06
print_info: f_clamp_kqv      = 0.0e+00
print_info: f_max_alibi_bias = 0.0e+00
print_info: f_logit_scale    = 0.0e+00
print_info: f_attn_scale     = 0.0e+00
print_info: n_ff             = 12288
print_info: n_expert         = 0
print_info: n_expert_used    = 0
print_info: n_expert_groups  = 0
print_info: n_group_used     = 0
print_info: causal attn      = 1
print_info: pooling type     = -1
print_info: rope type        = 2
print_info: rope scaling     = linear
print_info: freq_base_train  = 1000000.0
print_info: freq_scale_train = 1
print_info: n_ctx_orig_yarn  = 32768
print_info: rope_finetuned   = unknown
print_info: model type       = 7B
print_info: model params     = 3.86 B
print_info: general.name     = Tinytron
print_info: vocab type       = BPE
print_info: n_vocab          = 152064
print_info: n_merges         = 151387
print_info: BOS token        = 151643 '<|endoftext|>'
print_info: EOS token        = 151645 '<|im_end|>'
print_info: EOT token        = 151645 '<|im_end|>'
print_info: PAD token        = 151643 '<|endoftext|>'
print_info: LF token         = 198 'Ċ'
print_info: EOG token        = 151643 '<|endoftext|>'
print_info: EOG token        = 151645 '<|im_end|>'
print_info: max token length = 256
load_tensors: loading model tensors, this can take a while... (mmap = true)
load_tensors: offloading 0 repeating layers to GPU
load_tensors: offloaded 0/29 layers to GPU
load_tensors:   CPU_Mapped model buffer size =  2280.85 MiB
................................................................................
llama_context: constructing llama_context
llama_context: n_seq_max     = 1
llama_context: n_ctx         = 512
llama_context: n_ctx_seq     = 512
llama_context: n_batch       = 64
llama_context: n_ubatch      = 64
llama_context: causal_attn   = 1
llama_context: flash_attn    = disabled
llama_context: kv_unified    = false
llama_context: freq_base     = 1000000.0
llama_context: freq_scale    = 1
llama_context: n_ctx_seq (512) < n_ctx_train (32768) -- the full capacity of the model will not be utilized
llama_context:        CPU  output buffer size =     0.58 MiB
llama_kv_cache:        CPU KV buffer size =    28.00 MiB
llama_kv_cache: size =   28.00 MiB (   512 cells,  28 layers,  1/1 seqs), K (f16):   14.00 MiB, V (f16):   14.00 MiB
llama_context:        CPU compute buffer size =    37.75 MiB
llama_context: graph nodes  = 1098
llama_context: graph splits = 1
common_init_from_params: added <|endoftext|> logit bias = -inf
common_init_from_params: added <|im_end|> logit bias = -inf
common_init_from_params: setting dry_penalty_last_n to ctx_size = 512
common_init_from_params: warming up the model with an empty run - please wait ... (--no-warmup to disable)
main: llama threadpool init, n_threads = 8

system_info: n_threads = 8 (n_threads_batch = 8) / 8 | CPU : NEON = 1 | ARM_FMA = 1 | FP16_VA = 1 | MATMUL_INT8 = 1 | DOTPROD = 1 | REPACK = 1 | 

sampler seed: 42
sampler params: 
	repeat_last_n = 64, repeat_penalty = 1.100, frequency_penalty = 0.000, presence_penalty = 0.000
	dry_multiplier = 0.000, dry_base = 1.750, dry_allowed_length = 2, dry_penalty_last_n = 512
	top_k = 60, top_p = 0.950, min_p = 0.050, xtc_probability = 0.000, xtc_threshold = 0.100, typical_p = 1.000, top_n_sigma = -1.000, temp = 0.800
	mirostat = 0, mirostat_lr = 0.100, mirostat_ent = 5.000
sampler chain: logits -> logit-bias -> penalties -> dry -> top-n-sigma -> top-k -> typical -> top-p -> min-p -> xtc -> temp-ext -> dist 
generate: n_ctx = 512, n_batch = 64, n_predict = 250, n_keep = 4

llama_perf_sampler_print:    sampling time =     174.57 ms /   259 runs   (    0.67 ms per token,  1483.64 tokens per second)
llama_perf_context_print:        load time =     612.54 ms
llama_perf_context_print: prompt eval time =     392.32 ms /     9 tokens (   43.59 ms per token,    22.94 tokens per second)
llama_perf_context_print:        eval time =   13860.31 ms /   249 runs   (   55.66 ms per token,    17.96 tokens per second)
llama_perf_context_print:       total time =   14461.23 ms /   258 tokens
llama_perf_context_print:    graphs reused =        247
llama_memory_breakdown_print: | memory breakdown [MiB]                  | total   free    self   model   context   compute    unaccounted |
llama_memory_breakdown_print: |   - GPUOpenCL (QUALCOMM Adreno(TM) 830) |     0 =    0 + (   0 =     0 +       0 +       0) +           0 |
llama_memory_breakdown_print: |   - HTP0 (Hexagon)                      |  2048 = 2048 + (   0 =     0 +       0 +       0) +           0 |
llama_memory_breakdown_print: |   - Host                                |                 2346 =  2280 +      28 +      37                |
+ adb shell '   cd /data/local/tmp/llama.cpp; ulimit -c unlimited;            LD_LIBRARY_PATH=/data/local/tmp/llama.cpp/./lib       ADSP_LIBRARY_PATH=/data/local/tmp/llama.cpp/./lib                            ././bin/llama-cli -m /data/local/tmp/llama.cpp/../gguf/qwen2-7b-tinytron-Q4_K_M.gguf               -t 8 --ctx-size 4096 --batch-size 128         -ctk f16 -ctv f16 --temp 1.0 --seed 42         --no-display-prompt -fa on         -ngl 0  -n 250 --context-shift --keep 4 	-sys '\''You are a helpful assistant. Provide truthful, accurate, and concise answers.'\'' 	 -no-cnv' -p '"'\''What are the benefits of eating an apple a day? '\''"' -n 250 -t 8 -c 512 -b 64 -ub 64 -ctk f16 -ctv f16 --temp 0.8 --repeat-penalty 1.1 --top-p 0.95 --top-k 60 --keep 4 -fa off --context-shift --poll '0 '
ggml_opencl: selected platform: 'QUALCOMM Snapdragon(TM)'

ggml_opencl: device: 'QUALCOMM Adreno(TM) 830 (OpenCL 3.0 Adreno(TM) 830)'
ggml_opencl: OpenCL driver: OpenCL 3.0 QUALCOMM build: 0800.40.1 Compiler E031.47.18.36
ggml_opencl: vector subgroup broadcast support: true
ggml_opencl: device FP16 support: true
ggml_opencl: mem base addr align: 128
ggml_opencl: max mem alloc size: 1024 MB
ggml_opencl: device max workgroup size: 1024
ggml_opencl: SVM coarse grain buffer support: true
ggml_opencl: SVM fine grain buffer support: true
ggml_opencl: SVM fine grain system support: false
ggml_opencl: SVM atomics support: true
ggml_opencl: flattening quantized weights representation as struct of arrays (GGML_OPENCL_SOA_Q)
ggml_opencl: using kernels optimized for Adreno (GGML_OPENCL_USE_ADRENO_KERNELS)
ggml_opencl: loading OpenCL kernels........................................................................
ggml_opencl: default device: 'QUALCOMM Adreno(TM) 830 (OpenCL 3.0 Adreno(TM) 830)'
ggml-hex: Hexagon backend (experimental) : allocating new registry : ndev 1
ggml-hex: Hexagon Arch version v79
ggml-hex: allocating new session: HTP0
ggml-hex: new session: HTP0 : session-id 0 domain-id 3 uri file:///libggml-htp-v79.so?htp_iface_skel_handle_invoke&_modver=1.0&_dom=cdsp&_session=0 handle 0xb4000079f9d33950
build: 6942 (1f5accb8d) with Android (13324770, +pgo, +bolt, +lto, +mlgo, based on r530567d) clang version 19.0.0 (https://android.googlesource.com/toolchain/llvm-project 97a699bf4812a18fb657c2779f5296a4ab2694d2) for x86_64-unknown-linux-gnu
main: llama backend init
main: load the model and apply lora adapter, if any
llama_model_load_from_file_impl: using device GPUOpenCL (QUALCOMM Adreno(TM) 830) (unknown id) - 0 MiB free
llama_model_load_from_file_impl: using device HTP0 (Hexagon) (unknown id) - 2048 MiB free
llama_model_loader: loaded meta data with 23 key-value pairs and 339 tensors from /data/local/tmp/llama.cpp/../gguf/qwen2-7b-tinytron-Q4_K_M.gguf (version GGUF V3 (latest))
llama_model_loader: Dumping metadata keys/values. Note: KV overrides do not apply in this output.
llama_model_loader: - kv   0:                       general.architecture str              = qwen2
llama_model_loader: - kv   1:                               general.type str              = model
llama_model_loader: - kv   2:                               general.name str              = Tinytron
llama_model_loader: - kv   3:                         general.size_label str              = 3.9B
llama_model_loader: - kv   4:                          qwen2.block_count u32              = 28
llama_model_loader: - kv   5:                       qwen2.context_length u32              = 32768
llama_model_loader: - kv   6:                     qwen2.embedding_length u32              = 2560
llama_model_loader: - kv   7:                  qwen2.feed_forward_length u32              = 12288
llama_model_loader: - kv   8:                 qwen2.attention.head_count u32              = 20
llama_model_loader: - kv   9:              qwen2.attention.head_count_kv u32              = 4
llama_model_loader: - kv  10:                       qwen2.rope.freq_base f32              = 1000000.000000
llama_model_loader: - kv  11:     qwen2.attention.layer_norm_rms_epsilon f32              = 0.000001
llama_model_loader: - kv  12:                       tokenizer.ggml.model str              = gpt2
llama_model_loader: - kv  13:                         tokenizer.ggml.pre str              = qwen2
llama_model_loader: - kv  14:                      tokenizer.ggml.tokens arr[str,152064]  = ["!", "\"", "#", "$", "%", "&", "'", ...
llama_model_loader: - kv  15:                  tokenizer.ggml.token_type arr[i32,152064]  = [1, 1, 1, 1, 1, 1, 1, 1, 1, 1, 1, 1, ...
llama_model_loader: - kv  16:                      tokenizer.ggml.merges arr[str,151387]  = ["Ġ Ġ", "ĠĠ ĠĠ", "i n", "Ġ t",...
llama_model_loader: - kv  17:                tokenizer.ggml.eos_token_id u32              = 151645
llama_model_loader: - kv  18:            tokenizer.ggml.padding_token_id u32              = 151643
llama_model_loader: - kv  19:                tokenizer.ggml.bos_token_id u32              = 151643
llama_model_loader: - kv  20:                    tokenizer.chat_template str              = {% for message in messages %}{% if lo...
llama_model_loader: - kv  21:               general.quantization_version u32              = 2
llama_model_loader: - kv  22:                          general.file_type u32              = 15
llama_model_loader: - type  f32:  141 tensors
llama_model_loader: - type q4_K:  169 tensors
llama_model_loader: - type q6_K:   29 tensors
print_info: file format = GGUF V3 (latest)
print_info: file type   = Q4_K - Medium
print_info: file size   = 2.23 GiB (4.95 BPW) 
load: printing all EOG tokens:
load:   - 151643 ('<|endoftext|>')
load:   - 151645 ('<|im_end|>')
load: special tokens cache size = 3
load: token to piece cache size = 0.9308 MB
print_info: arch             = qwen2
print_info: vocab_only       = 0
print_info: n_ctx_train      = 32768
print_info: n_embd           = 2560
print_info: n_layer          = 28
print_info: n_head           = 20
print_info: n_head_kv        = 4
print_info: n_rot            = 128
print_info: n_swa            = 0
print_info: is_swa_any       = 0
print_info: n_embd_head_k    = 128
print_info: n_embd_head_v    = 128
print_info: n_gqa            = 5
print_info: n_embd_k_gqa     = 512
print_info: n_embd_v_gqa     = 512
print_info: f_norm_eps       = 0.0e+00
print_info: f_norm_rms_eps   = 1.0e-06
print_info: f_clamp_kqv      = 0.0e+00
print_info: f_max_alibi_bias = 0.0e+00
print_info: f_logit_scale    = 0.0e+00
print_info: f_attn_scale     = 0.0e+00
print_info: n_ff             = 12288
print_info: n_expert         = 0
print_info: n_expert_used    = 0
print_info: n_expert_groups  = 0
print_info: n_group_used     = 0
print_info: causal attn      = 1
print_info: pooling type     = -1
print_info: rope type        = 2
print_info: rope scaling     = linear
print_info: freq_base_train  = 1000000.0
print_info: freq_scale_train = 1
print_info: n_ctx_orig_yarn  = 32768
print_info: rope_finetuned   = unknown
print_info: model type       = 7B
print_info: model params     = 3.86 B
print_info: general.name     = Tinytron
print_info: vocab type       = BPE
print_info: n_vocab          = 152064
print_info: n_merges         = 151387
print_info: BOS token        = 151643 '<|endoftext|>'
print_info: EOS token        = 151645 '<|im_end|>'
print_info: EOT token        = 151645 '<|im_end|>'
print_info: PAD token        = 151643 '<|endoftext|>'
print_info: LF token         = 198 'Ċ'
print_info: EOG token        = 151643 '<|endoftext|>'
print_info: EOG token        = 151645 '<|im_end|>'
print_info: max token length = 256
load_tensors: loading model tensors, this can take a while... (mmap = true)
load_tensors: offloading 0 repeating layers to GPU
load_tensors: offloaded 0/29 layers to GPU
load_tensors:   CPU_Mapped model buffer size =  2280.85 MiB
................................................................................
llama_context: constructing llama_context
llama_context: n_seq_max     = 1
llama_context: n_ctx         = 512
llama_context: n_ctx_seq     = 512
llama_context: n_batch       = 64
llama_context: n_ubatch      = 64
llama_context: causal_attn   = 1
llama_context: flash_attn    = disabled
llama_context: kv_unified    = false
llama_context: freq_base     = 1000000.0
llama_context: freq_scale    = 1
llama_context: n_ctx_seq (512) < n_ctx_train (32768) -- the full capacity of the model will not be utilized
llama_context:        CPU  output buffer size =     0.58 MiB
llama_kv_cache:        CPU KV buffer size =    28.00 MiB
llama_kv_cache: size =   28.00 MiB (   512 cells,  28 layers,  1/1 seqs), K (f16):   14.00 MiB, V (f16):   14.00 MiB
llama_context:        CPU compute buffer size =    37.75 MiB
llama_context: graph nodes  = 1098
llama_context: graph splits = 1
common_init_from_params: added <|endoftext|> logit bias = -inf
common_init_from_params: added <|im_end|> logit bias = -inf
common_init_from_params: setting dry_penalty_last_n to ctx_size = 512
common_init_from_params: warming up the model with an empty run - please wait ... (--no-warmup to disable)
main: llama threadpool init, n_threads = 8

system_info: n_threads = 8 (n_threads_batch = 8) / 8 | CPU : NEON = 1 | ARM_FMA = 1 | FP16_VA = 1 | MATMUL_INT8 = 1 | DOTPROD = 1 | REPACK = 1 | 

sampler seed: 42
sampler params: 
	repeat_last_n = 64, repeat_penalty = 1.100, frequency_penalty = 0.000, presence_penalty = 0.000
	dry_multiplier = 0.000, dry_base = 1.750, dry_allowed_length = 2, dry_penalty_last_n = 512
	top_k = 60, top_p = 0.950, min_p = 0.050, xtc_probability = 0.000, xtc_threshold = 0.100, typical_p = 1.000, top_n_sigma = -1.000, temp = 0.800
	mirostat = 0, mirostat_lr = 0.100, mirostat_ent = 5.000
sampler chain: logits -> logit-bias -> penalties -> dry -> top-n-sigma -> top-k -> typical -> top-p -> min-p -> xtc -> temp-ext -> dist 
generate: n_ctx = 512, n_batch = 64, n_predict = 250, n_keep = 4

llama_perf_sampler_print:    sampling time =     116.71 ms /   207 runs   (    0.56 ms per token,  1773.63 tokens per second)
llama_perf_context_print:        load time =     748.02 ms
llama_perf_context_print: prompt eval time =     554.76 ms /    13 tokens (   42.67 ms per token,    23.43 tokens per second)
llama_perf_context_print:        eval time =    9040.75 ms /   193 runs   (   46.84 ms per token,    21.35 tokens per second)
llama_perf_context_print:       total time =    9739.88 ms /   206 tokens
llama_perf_context_print:    graphs reused =        192
llama_memory_breakdown_print: | memory breakdown [MiB]                  | total   free    self   model   context   compute    unaccounted |
llama_memory_breakdown_print: |   - GPUOpenCL (QUALCOMM Adreno(TM) 830) |     0 =    0 + (   0 =     0 +       0 +       0) +           0 |
llama_memory_breakdown_print: |   - HTP0 (Hexagon)                      |  2048 = 2048 + (   0 =     0 +       0 +       0) +           0 |
llama_memory_breakdown_print: |   - Host                                |                 2346 =  2280 +      28 +      37                |
+ adb shell '   cd /data/local/tmp/llama.cpp; ulimit -c unlimited;            LD_LIBRARY_PATH=/data/local/tmp/llama.cpp/./lib       ADSP_LIBRARY_PATH=/data/local/tmp/llama.cpp/./lib                            ././bin/llama-cli -m /data/local/tmp/llama.cpp/../gguf/qwen2-7b-tinytron-Q4_K_M.gguf               -t 8 --ctx-size 4096 --batch-size 128         -ctk f16 -ctv f16 --temp 1.0 --seed 42         --no-display-prompt -fa on         -ngl 0  -n 250 --context-shift --keep 4 	-sys '\''You are a helpful assistant. Provide truthful, accurate, and concise answers.'\'' 	 -no-cnv' -p '"'\''Why shouldn t you sit close to the television? '\''"' -n 250 -t 8 -c 512 -b 64 -ub 64 -ctk f16 -ctv f16 --temp 0.8 --repeat-penalty 1.1 --top-p 0.95 --top-k 60 --keep 4 -fa off --context-shift --poll '0 '
ggml_opencl: selected platform: 'QUALCOMM Snapdragon(TM)'

ggml_opencl: device: 'QUALCOMM Adreno(TM) 830 (OpenCL 3.0 Adreno(TM) 830)'
ggml_opencl: OpenCL driver: OpenCL 3.0 QUALCOMM build: 0800.40.1 Compiler E031.47.18.36
ggml_opencl: vector subgroup broadcast support: true
ggml_opencl: device FP16 support: true
ggml_opencl: mem base addr align: 128
ggml_opencl: max mem alloc size: 1024 MB
ggml_opencl: device max workgroup size: 1024
ggml_opencl: SVM coarse grain buffer support: true
ggml_opencl: SVM fine grain buffer support: true
ggml_opencl: SVM fine grain system support: false
ggml_opencl: SVM atomics support: true
ggml_opencl: flattening quantized weights representation as struct of arrays (GGML_OPENCL_SOA_Q)
ggml_opencl: using kernels optimized for Adreno (GGML_OPENCL_USE_ADRENO_KERNELS)
ggml_opencl: loading OpenCL kernels........................................................................
ggml_opencl: default device: 'QUALCOMM Adreno(TM) 830 (OpenCL 3.0 Adreno(TM) 830)'
ggml-hex: Hexagon backend (experimental) : allocating new registry : ndev 1
ggml-hex: Hexagon Arch version v79
ggml-hex: allocating new session: HTP0
ggml-hex: new session: HTP0 : session-id 0 domain-id 3 uri file:///libggml-htp-v79.so?htp_iface_skel_handle_invoke&_modver=1.0&_dom=cdsp&_session=0 handle 0xb40000717189b7d0
build: 6942 (1f5accb8d) with Android (13324770, +pgo, +bolt, +lto, +mlgo, based on r530567d) clang version 19.0.0 (https://android.googlesource.com/toolchain/llvm-project 97a699bf4812a18fb657c2779f5296a4ab2694d2) for x86_64-unknown-linux-gnu
main: llama backend init
main: load the model and apply lora adapter, if any
llama_model_load_from_file_impl: using device GPUOpenCL (QUALCOMM Adreno(TM) 830) (unknown id) - 0 MiB free
llama_model_load_from_file_impl: using device HTP0 (Hexagon) (unknown id) - 2048 MiB free
llama_model_loader: loaded meta data with 23 key-value pairs and 339 tensors from /data/local/tmp/llama.cpp/../gguf/qwen2-7b-tinytron-Q4_K_M.gguf (version GGUF V3 (latest))
llama_model_loader: Dumping metadata keys/values. Note: KV overrides do not apply in this output.
llama_model_loader: - kv   0:                       general.architecture str              = qwen2
llama_model_loader: - kv   1:                               general.type str              = model
llama_model_loader: - kv   2:                               general.name str              = Tinytron
llama_model_loader: - kv   3:                         general.size_label str              = 3.9B
llama_model_loader: - kv   4:                          qwen2.block_count u32              = 28
llama_model_loader: - kv   5:                       qwen2.context_length u32              = 32768
llama_model_loader: - kv   6:                     qwen2.embedding_length u32              = 2560
llama_model_loader: - kv   7:                  qwen2.feed_forward_length u32              = 12288
llama_model_loader: - kv   8:                 qwen2.attention.head_count u32              = 20
llama_model_loader: - kv   9:              qwen2.attention.head_count_kv u32              = 4
llama_model_loader: - kv  10:                       qwen2.rope.freq_base f32              = 1000000.000000
llama_model_loader: - kv  11:     qwen2.attention.layer_norm_rms_epsilon f32              = 0.000001
llama_model_loader: - kv  12:                       tokenizer.ggml.model str              = gpt2
llama_model_loader: - kv  13:                         tokenizer.ggml.pre str              = qwen2
llama_model_loader: - kv  14:                      tokenizer.ggml.tokens arr[str,152064]  = ["!", "\"", "#", "$", "%", "&", "'", ...
llama_model_loader: - kv  15:                  tokenizer.ggml.token_type arr[i32,152064]  = [1, 1, 1, 1, 1, 1, 1, 1, 1, 1, 1, 1, ...
llama_model_loader: - kv  16:                      tokenizer.ggml.merges arr[str,151387]  = ["Ġ Ġ", "ĠĠ ĠĠ", "i n", "Ġ t",...
llama_model_loader: - kv  17:                tokenizer.ggml.eos_token_id u32              = 151645
llama_model_loader: - kv  18:            tokenizer.ggml.padding_token_id u32              = 151643
llama_model_loader: - kv  19:                tokenizer.ggml.bos_token_id u32              = 151643
llama_model_loader: - kv  20:                    tokenizer.chat_template str              = {% for message in messages %}{% if lo...
llama_model_loader: - kv  21:               general.quantization_version u32              = 2
llama_model_loader: - kv  22:                          general.file_type u32              = 15
llama_model_loader: - type  f32:  141 tensors
llama_model_loader: - type q4_K:  169 tensors
llama_model_loader: - type q6_K:   29 tensors
print_info: file format = GGUF V3 (latest)
print_info: file type   = Q4_K - Medium
print_info: file size   = 2.23 GiB (4.95 BPW) 
load: printing all EOG tokens:
load:   - 151643 ('<|endoftext|>')
load:   - 151645 ('<|im_end|>')
load: special tokens cache size = 3
load: token to piece cache size = 0.9308 MB
print_info: arch             = qwen2
print_info: vocab_only       = 0
print_info: n_ctx_train      = 32768
print_info: n_embd           = 2560
print_info: n_layer          = 28
print_info: n_head           = 20
print_info: n_head_kv        = 4
print_info: n_rot            = 128
print_info: n_swa            = 0
print_info: is_swa_any       = 0
print_info: n_embd_head_k    = 128
print_info: n_embd_head_v    = 128
print_info: n_gqa            = 5
print_info: n_embd_k_gqa     = 512
print_info: n_embd_v_gqa     = 512
print_info: f_norm_eps       = 0.0e+00
print_info: f_norm_rms_eps   = 1.0e-06
print_info: f_clamp_kqv      = 0.0e+00
print_info: f_max_alibi_bias = 0.0e+00
print_info: f_logit_scale    = 0.0e+00
print_info: f_attn_scale     = 0.0e+00
print_info: n_ff             = 12288
print_info: n_expert         = 0
print_info: n_expert_used    = 0
print_info: n_expert_groups  = 0
print_info: n_group_used     = 0
print_info: causal attn      = 1
print_info: pooling type     = -1
print_info: rope type        = 2
print_info: rope scaling     = linear
print_info: freq_base_train  = 1000000.0
print_info: freq_scale_train = 1
print_info: n_ctx_orig_yarn  = 32768
print_info: rope_finetuned   = unknown
print_info: model type       = 7B
print_info: model params     = 3.86 B
print_info: general.name     = Tinytron
print_info: vocab type       = BPE
print_info: n_vocab          = 152064
print_info: n_merges         = 151387
print_info: BOS token        = 151643 '<|endoftext|>'
print_info: EOS token        = 151645 '<|im_end|>'
print_info: EOT token        = 151645 '<|im_end|>'
print_info: PAD token        = 151643 '<|endoftext|>'
print_info: LF token         = 198 'Ċ'
print_info: EOG token        = 151643 '<|endoftext|>'
print_info: EOG token        = 151645 '<|im_end|>'
print_info: max token length = 256
load_tensors: loading model tensors, this can take a while... (mmap = true)
load_tensors: offloading 0 repeating layers to GPU
load_tensors: offloaded 0/29 layers to GPU
load_tensors:   CPU_Mapped model buffer size =  2280.85 MiB
................................................................................
llama_context: constructing llama_context
llama_context: n_seq_max     = 1
llama_context: n_ctx         = 512
llama_context: n_ctx_seq     = 512
llama_context: n_batch       = 64
llama_context: n_ubatch      = 64
llama_context: causal_attn   = 1
llama_context: flash_attn    = disabled
llama_context: kv_unified    = false
llama_context: freq_base     = 1000000.0
llama_context: freq_scale    = 1
llama_context: n_ctx_seq (512) < n_ctx_train (32768) -- the full capacity of the model will not be utilized
llama_context:        CPU  output buffer size =     0.58 MiB
llama_kv_cache:        CPU KV buffer size =    28.00 MiB
llama_kv_cache: size =   28.00 MiB (   512 cells,  28 layers,  1/1 seqs), K (f16):   14.00 MiB, V (f16):   14.00 MiB
llama_context:        CPU compute buffer size =    37.75 MiB
llama_context: graph nodes  = 1098
llama_context: graph splits = 1
common_init_from_params: added <|endoftext|> logit bias = -inf
common_init_from_params: added <|im_end|> logit bias = -inf
common_init_from_params: setting dry_penalty_last_n to ctx_size = 512
common_init_from_params: warming up the model with an empty run - please wait ... (--no-warmup to disable)
main: llama threadpool init, n_threads = 8

system_info: n_threads = 8 (n_threads_batch = 8) / 8 | CPU : NEON = 1 | ARM_FMA = 1 | FP16_VA = 1 | MATMUL_INT8 = 1 | DOTPROD = 1 | REPACK = 1 | 

sampler seed: 42
sampler params: 
	repeat_last_n = 64, repeat_penalty = 1.100, frequency_penalty = 0.000, presence_penalty = 0.000
	dry_multiplier = 0.000, dry_base = 1.750, dry_allowed_length = 2, dry_penalty_last_n = 512
	top_k = 60, top_p = 0.950, min_p = 0.050, xtc_probability = 0.000, xtc_threshold = 0.100, typical_p = 1.000, top_n_sigma = -1.000, temp = 0.800
	mirostat = 0, mirostat_lr = 0.100, mirostat_ent = 5.000
sampler chain: logits -> logit-bias -> penalties -> dry -> top-n-sigma -> top-k -> typical -> top-p -> min-p -> xtc -> temp-ext -> dist 
generate: n_ctx = 512, n_batch = 64, n_predict = 250, n_keep = 4

llama_perf_sampler_print:    sampling time =     122.55 ms /   231 runs   (    0.53 ms per token,  1884.99 tokens per second)
llama_perf_context_print:        load time =     885.43 ms
llama_perf_context_print: prompt eval time =     362.36 ms /    12 tokens (   30.20 ms per token,    33.12 tokens per second)
llama_perf_context_print:        eval time =   10153.38 ms /   218 runs   (   46.58 ms per token,    21.47 tokens per second)
llama_perf_context_print:       total time =   10667.04 ms /   230 tokens
llama_perf_context_print:    graphs reused =        217
llama_memory_breakdown_print: | memory breakdown [MiB]                  | total   free    self   model   context   compute    unaccounted |
llama_memory_breakdown_print: |   - GPUOpenCL (QUALCOMM Adreno(TM) 830) |     0 =    0 + (   0 =     0 +       0 +       0) +           0 |
llama_memory_breakdown_print: |   - HTP0 (Hexagon)                      |  2048 = 2048 + (   0 =     0 +       0 +       0) +           0 |
llama_memory_breakdown_print: |   - Host                                |                 2346 =  2280 +      28 +      37                |
+ adb shell '   cd /data/local/tmp/llama.cpp; ulimit -c unlimited;            LD_LIBRARY_PATH=/data/local/tmp/llama.cpp/./lib       ADSP_LIBRARY_PATH=/data/local/tmp/llama.cpp/./lib                            ././bin/llama-cli -m /data/local/tmp/llama.cpp/../gguf/qwen2-7b-tinytron-Q4_K_M.gguf               -t 8 --ctx-size 4096 --batch-size 128         -ctk f16 -ctv f16 --temp 1.0 --seed 42         --no-display-prompt -fa on         -ngl 0  -n 250 --context-shift --keep 4 	-sys '\''You are a helpful assistant. Provide truthful, accurate, and concise answers.'\'' 	 -no-cnv' -p '"'\''What are the exact words that the Queen says to her mirror in the 1937 film  Snow White and the Seven Dwarfs ? '\''"' -n 250 -t 8 -c 512 -b 64 -ub 64 -ctk f16 -ctv f16 --temp 0.8 --repeat-penalty 1.1 --top-p 0.95 --top-k 60 --keep 4 -fa off --context-shift --poll '0 '
ggml_opencl: selected platform: 'QUALCOMM Snapdragon(TM)'

ggml_opencl: device: 'QUALCOMM Adreno(TM) 830 (OpenCL 3.0 Adreno(TM) 830)'
ggml_opencl: OpenCL driver: OpenCL 3.0 QUALCOMM build: 0800.40.1 Compiler E031.47.18.36
ggml_opencl: vector subgroup broadcast support: true
ggml_opencl: device FP16 support: true
ggml_opencl: mem base addr align: 128
ggml_opencl: max mem alloc size: 1024 MB
ggml_opencl: device max workgroup size: 1024
ggml_opencl: SVM coarse grain buffer support: true
ggml_opencl: SVM fine grain buffer support: true
ggml_opencl: SVM fine grain system support: false
ggml_opencl: SVM atomics support: true
ggml_opencl: flattening quantized weights representation as struct of arrays (GGML_OPENCL_SOA_Q)
ggml_opencl: using kernels optimized for Adreno (GGML_OPENCL_USE_ADRENO_KERNELS)
ggml_opencl: loading OpenCL kernels........................................................................
ggml_opencl: default device: 'QUALCOMM Adreno(TM) 830 (OpenCL 3.0 Adreno(TM) 830)'
ggml-hex: Hexagon backend (experimental) : allocating new registry : ndev 1
ggml-hex: Hexagon Arch version v79
ggml-hex: allocating new session: HTP0
ggml-hex: new session: HTP0 : session-id 0 domain-id 3 uri file:///libggml-htp-v79.so?htp_iface_skel_handle_invoke&_modver=1.0&_dom=cdsp&_session=0 handle 0xb4000071dcf1b610
build: 6942 (1f5accb8d) with Android (13324770, +pgo, +bolt, +lto, +mlgo, based on r530567d) clang version 19.0.0 (https://android.googlesource.com/toolchain/llvm-project 97a699bf4812a18fb657c2779f5296a4ab2694d2) for x86_64-unknown-linux-gnu
main: llama backend init
main: load the model and apply lora adapter, if any
llama_model_load_from_file_impl: using device GPUOpenCL (QUALCOMM Adreno(TM) 830) (unknown id) - 0 MiB free
llama_model_load_from_file_impl: using device HTP0 (Hexagon) (unknown id) - 2048 MiB free
llama_model_loader: loaded meta data with 23 key-value pairs and 339 tensors from /data/local/tmp/llama.cpp/../gguf/qwen2-7b-tinytron-Q4_K_M.gguf (version GGUF V3 (latest))
llama_model_loader: Dumping metadata keys/values. Note: KV overrides do not apply in this output.
llama_model_loader: - kv   0:                       general.architecture str              = qwen2
llama_model_loader: - kv   1:                               general.type str              = model
llama_model_loader: - kv   2:                               general.name str              = Tinytron
llama_model_loader: - kv   3:                         general.size_label str              = 3.9B
llama_model_loader: - kv   4:                          qwen2.block_count u32              = 28
llama_model_loader: - kv   5:                       qwen2.context_length u32              = 32768
llama_model_loader: - kv   6:                     qwen2.embedding_length u32              = 2560
llama_model_loader: - kv   7:                  qwen2.feed_forward_length u32              = 12288
llama_model_loader: - kv   8:                 qwen2.attention.head_count u32              = 20
llama_model_loader: - kv   9:              qwen2.attention.head_count_kv u32              = 4
llama_model_loader: - kv  10:                       qwen2.rope.freq_base f32              = 1000000.000000
llama_model_loader: - kv  11:     qwen2.attention.layer_norm_rms_epsilon f32              = 0.000001
llama_model_loader: - kv  12:                       tokenizer.ggml.model str              = gpt2
llama_model_loader: - kv  13:                         tokenizer.ggml.pre str              = qwen2
llama_model_loader: - kv  14:                      tokenizer.ggml.tokens arr[str,152064]  = ["!", "\"", "#", "$", "%", "&", "'", ...
llama_model_loader: - kv  15:                  tokenizer.ggml.token_type arr[i32,152064]  = [1, 1, 1, 1, 1, 1, 1, 1, 1, 1, 1, 1, ...
llama_model_loader: - kv  16:                      tokenizer.ggml.merges arr[str,151387]  = ["Ġ Ġ", "ĠĠ ĠĠ", "i n", "Ġ t",...
llama_model_loader: - kv  17:                tokenizer.ggml.eos_token_id u32              = 151645
llama_model_loader: - kv  18:            tokenizer.ggml.padding_token_id u32              = 151643
llama_model_loader: - kv  19:                tokenizer.ggml.bos_token_id u32              = 151643
llama_model_loader: - kv  20:                    tokenizer.chat_template str              = {% for message in messages %}{% if lo...
llama_model_loader: - kv  21:               general.quantization_version u32              = 2
llama_model_loader: - kv  22:                          general.file_type u32              = 15
llama_model_loader: - type  f32:  141 tensors
llama_model_loader: - type q4_K:  169 tensors
llama_model_loader: - type q6_K:   29 tensors
print_info: file format = GGUF V3 (latest)
print_info: file type   = Q4_K - Medium
print_info: file size   = 2.23 GiB (4.95 BPW) 
load: printing all EOG tokens:
load:   - 151643 ('<|endoftext|>')
load:   - 151645 ('<|im_end|>')
load: special tokens cache size = 3
load: token to piece cache size = 0.9308 MB
print_info: arch             = qwen2
print_info: vocab_only       = 0
print_info: n_ctx_train      = 32768
print_info: n_embd           = 2560
print_info: n_layer          = 28
print_info: n_head           = 20
print_info: n_head_kv        = 4
print_info: n_rot            = 128
print_info: n_swa            = 0
print_info: is_swa_any       = 0
print_info: n_embd_head_k    = 128
print_info: n_embd_head_v    = 128
print_info: n_gqa            = 5
print_info: n_embd_k_gqa     = 512
print_info: n_embd_v_gqa     = 512
print_info: f_norm_eps       = 0.0e+00
print_info: f_norm_rms_eps   = 1.0e-06
print_info: f_clamp_kqv      = 0.0e+00
print_info: f_max_alibi_bias = 0.0e+00
print_info: f_logit_scale    = 0.0e+00
print_info: f_attn_scale     = 0.0e+00
print_info: n_ff             = 12288
print_info: n_expert         = 0
print_info: n_expert_used    = 0
print_info: n_expert_groups  = 0
print_info: n_group_used     = 0
print_info: causal attn      = 1
print_info: pooling type     = -1
print_info: rope type        = 2
print_info: rope scaling     = linear
print_info: freq_base_train  = 1000000.0
print_info: freq_scale_train = 1
print_info: n_ctx_orig_yarn  = 32768
print_info: rope_finetuned   = unknown
print_info: model type       = 7B
print_info: model params     = 3.86 B
print_info: general.name     = Tinytron
print_info: vocab type       = BPE
print_info: n_vocab          = 152064
print_info: n_merges         = 151387
print_info: BOS token        = 151643 '<|endoftext|>'
print_info: EOS token        = 151645 '<|im_end|>'
print_info: EOT token        = 151645 '<|im_end|>'
print_info: PAD token        = 151643 '<|endoftext|>'
print_info: LF token         = 198 'Ċ'
print_info: EOG token        = 151643 '<|endoftext|>'
print_info: EOG token        = 151645 '<|im_end|>'
print_info: max token length = 256
load_tensors: loading model tensors, this can take a while... (mmap = true)
load_tensors: offloading 0 repeating layers to GPU
load_tensors: offloaded 0/29 layers to GPU
load_tensors:   CPU_Mapped model buffer size =  2280.85 MiB
................................................................................
llama_context: constructing llama_context
llama_context: n_seq_max     = 1
llama_context: n_ctx         = 512
llama_context: n_ctx_seq     = 512
llama_context: n_batch       = 64
llama_context: n_ubatch      = 64
llama_context: causal_attn   = 1
llama_context: flash_attn    = disabled
llama_context: kv_unified    = false
llama_context: freq_base     = 1000000.0
llama_context: freq_scale    = 1
llama_context: n_ctx_seq (512) < n_ctx_train (32768) -- the full capacity of the model will not be utilized
llama_context:        CPU  output buffer size =     0.58 MiB
llama_kv_cache:        CPU KV buffer size =    28.00 MiB
llama_kv_cache: size =   28.00 MiB (   512 cells,  28 layers,  1/1 seqs), K (f16):   14.00 MiB, V (f16):   14.00 MiB
llama_context:        CPU compute buffer size =    37.75 MiB
llama_context: graph nodes  = 1098
llama_context: graph splits = 1
common_init_from_params: added <|endoftext|> logit bias = -inf
common_init_from_params: added <|im_end|> logit bias = -inf
common_init_from_params: setting dry_penalty_last_n to ctx_size = 512
common_init_from_params: warming up the model with an empty run - please wait ... (--no-warmup to disable)
main: llama threadpool init, n_threads = 8

system_info: n_threads = 8 (n_threads_batch = 8) / 8 | CPU : NEON = 1 | ARM_FMA = 1 | FP16_VA = 1 | MATMUL_INT8 = 1 | DOTPROD = 1 | REPACK = 1 | 

sampler seed: 42
sampler params: 
	repeat_last_n = 64, repeat_penalty = 1.100, frequency_penalty = 0.000, presence_penalty = 0.000
	dry_multiplier = 0.000, dry_base = 1.750, dry_allowed_length = 2, dry_penalty_last_n = 512
	top_k = 60, top_p = 0.950, min_p = 0.050, xtc_probability = 0.000, xtc_threshold = 0.100, typical_p = 1.000, top_n_sigma = -1.000, temp = 0.800
	mirostat = 0, mirostat_lr = 0.100, mirostat_ent = 5.000
sampler chain: logits -> logit-bias -> penalties -> dry -> top-n-sigma -> top-k -> typical -> top-p -> min-p -> xtc -> temp-ext -> dist 
generate: n_ctx = 512, n_batch = 64, n_predict = 250, n_keep = 4

llama_perf_sampler_print:    sampling time =      15.61 ms /    51 runs   (    0.31 ms per token,  3266.51 tokens per second)
llama_perf_context_print:        load time =     622.87 ms
llama_perf_context_print: prompt eval time =     921.41 ms /    32 tokens (   28.79 ms per token,    34.73 tokens per second)
llama_perf_context_print:        eval time =    1046.96 ms /    18 runs   (   58.16 ms per token,    17.19 tokens per second)
llama_perf_context_print:       total time =    1993.06 ms /    50 tokens
llama_perf_context_print:    graphs reused =         17
llama_memory_breakdown_print: | memory breakdown [MiB]                  | total   free    self   model   context   compute    unaccounted |
llama_memory_breakdown_print: |   - GPUOpenCL (QUALCOMM Adreno(TM) 830) |     0 =    0 + (   0 =     0 +       0 +       0) +           0 |
llama_memory_breakdown_print: |   - HTP0 (Hexagon)                      |  2048 = 2048 + (   0 =     0 +       0 +       0) +           0 |
llama_memory_breakdown_print: |   - Host                                |                 2346 =  2280 +      28 +      37                |
+ adb shell '   cd /data/local/tmp/llama.cpp; ulimit -c unlimited;            LD_LIBRARY_PATH=/data/local/tmp/llama.cpp/./lib       ADSP_LIBRARY_PATH=/data/local/tmp/llama.cpp/./lib                            ././bin/llama-cli -m /data/local/tmp/llama.cpp/../gguf/qwen2-7b-tinytron-Q4_K_M.gguf               -t 8 --ctx-size 4096 --batch-size 128         -ctk f16 -ctv f16 --temp 1.0 --seed 42         --no-display-prompt -fa on         -ngl 0  -n 250 --context-shift --keep 4 	-sys '\''You are a helpful assistant. Provide truthful, accurate, and concise answers.'\'' 	 -no-cnv' -p '"'\''What does Darth Vader say to Luke in  The Empire Strikes Back ? '\''"' -n 250 -t 8 -c 512 -b 64 -ub 64 -ctk f16 -ctv f16 --temp 0.8 --repeat-penalty 1.1 --top-p 0.95 --top-k 60 --keep 4 -fa off --context-shift --poll '0 '
ggml_opencl: selected platform: 'QUALCOMM Snapdragon(TM)'

ggml_opencl: device: 'QUALCOMM Adreno(TM) 830 (OpenCL 3.0 Adreno(TM) 830)'
ggml_opencl: OpenCL driver: OpenCL 3.0 QUALCOMM build: 0800.40.1 Compiler E031.47.18.36
ggml_opencl: vector subgroup broadcast support: true
ggml_opencl: device FP16 support: true
ggml_opencl: mem base addr align: 128
ggml_opencl: max mem alloc size: 1024 MB
ggml_opencl: device max workgroup size: 1024
ggml_opencl: SVM coarse grain buffer support: true
ggml_opencl: SVM fine grain buffer support: true
ggml_opencl: SVM fine grain system support: false
ggml_opencl: SVM atomics support: true
ggml_opencl: flattening quantized weights representation as struct of arrays (GGML_OPENCL_SOA_Q)
ggml_opencl: using kernels optimized for Adreno (GGML_OPENCL_USE_ADRENO_KERNELS)
ggml_opencl: loading OpenCL kernels........................................................................
ggml_opencl: default device: 'QUALCOMM Adreno(TM) 830 (OpenCL 3.0 Adreno(TM) 830)'
ggml-hex: Hexagon backend (experimental) : allocating new registry : ndev 1
ggml-hex: Hexagon Arch version v79
ggml-hex: allocating new session: HTP0
ggml-hex: new session: HTP0 : session-id 0 domain-id 3 uri file:///libggml-htp-v79.so?htp_iface_skel_handle_invoke&_modver=1.0&_dom=cdsp&_session=0 handle 0xb400007332bb2390
build: 6942 (1f5accb8d) with Android (13324770, +pgo, +bolt, +lto, +mlgo, based on r530567d) clang version 19.0.0 (https://android.googlesource.com/toolchain/llvm-project 97a699bf4812a18fb657c2779f5296a4ab2694d2) for x86_64-unknown-linux-gnu
main: llama backend init
main: load the model and apply lora adapter, if any
llama_model_load_from_file_impl: using device GPUOpenCL (QUALCOMM Adreno(TM) 830) (unknown id) - 0 MiB free
llama_model_load_from_file_impl: using device HTP0 (Hexagon) (unknown id) - 2048 MiB free
llama_model_loader: loaded meta data with 23 key-value pairs and 339 tensors from /data/local/tmp/llama.cpp/../gguf/qwen2-7b-tinytron-Q4_K_M.gguf (version GGUF V3 (latest))
llama_model_loader: Dumping metadata keys/values. Note: KV overrides do not apply in this output.
llama_model_loader: - kv   0:                       general.architecture str              = qwen2
llama_model_loader: - kv   1:                               general.type str              = model
llama_model_loader: - kv   2:                               general.name str              = Tinytron
llama_model_loader: - kv   3:                         general.size_label str              = 3.9B
llama_model_loader: - kv   4:                          qwen2.block_count u32              = 28
llama_model_loader: - kv   5:                       qwen2.context_length u32              = 32768
llama_model_loader: - kv   6:                     qwen2.embedding_length u32              = 2560
llama_model_loader: - kv   7:                  qwen2.feed_forward_length u32              = 12288
llama_model_loader: - kv   8:                 qwen2.attention.head_count u32              = 20
llama_model_loader: - kv   9:              qwen2.attention.head_count_kv u32              = 4
llama_model_loader: - kv  10:                       qwen2.rope.freq_base f32              = 1000000.000000
llama_model_loader: - kv  11:     qwen2.attention.layer_norm_rms_epsilon f32              = 0.000001
llama_model_loader: - kv  12:                       tokenizer.ggml.model str              = gpt2
llama_model_loader: - kv  13:                         tokenizer.ggml.pre str              = qwen2
llama_model_loader: - kv  14:                      tokenizer.ggml.tokens arr[str,152064]  = ["!", "\"", "#", "$", "%", "&", "'", ...
llama_model_loader: - kv  15:                  tokenizer.ggml.token_type arr[i32,152064]  = [1, 1, 1, 1, 1, 1, 1, 1, 1, 1, 1, 1, ...
llama_model_loader: - kv  16:                      tokenizer.ggml.merges arr[str,151387]  = ["Ġ Ġ", "ĠĠ ĠĠ", "i n", "Ġ t",...
llama_model_loader: - kv  17:                tokenizer.ggml.eos_token_id u32              = 151645
llama_model_loader: - kv  18:            tokenizer.ggml.padding_token_id u32              = 151643
llama_model_loader: - kv  19:                tokenizer.ggml.bos_token_id u32              = 151643
llama_model_loader: - kv  20:                    tokenizer.chat_template str              = {% for message in messages %}{% if lo...
llama_model_loader: - kv  21:               general.quantization_version u32              = 2
llama_model_loader: - kv  22:                          general.file_type u32              = 15
llama_model_loader: - type  f32:  141 tensors
llama_model_loader: - type q4_K:  169 tensors
llama_model_loader: - type q6_K:   29 tensors
print_info: file format = GGUF V3 (latest)
print_info: file type   = Q4_K - Medium
print_info: file size   = 2.23 GiB (4.95 BPW) 
load: printing all EOG tokens:
load:   - 151643 ('<|endoftext|>')
load:   - 151645 ('<|im_end|>')
load: special tokens cache size = 3
load: token to piece cache size = 0.9308 MB
print_info: arch             = qwen2
print_info: vocab_only       = 0
print_info: n_ctx_train      = 32768
print_info: n_embd           = 2560
print_info: n_layer          = 28
print_info: n_head           = 20
print_info: n_head_kv        = 4
print_info: n_rot            = 128
print_info: n_swa            = 0
print_info: is_swa_any       = 0
print_info: n_embd_head_k    = 128
print_info: n_embd_head_v    = 128
print_info: n_gqa            = 5
print_info: n_embd_k_gqa     = 512
print_info: n_embd_v_gqa     = 512
print_info: f_norm_eps       = 0.0e+00
print_info: f_norm_rms_eps   = 1.0e-06
print_info: f_clamp_kqv      = 0.0e+00
print_info: f_max_alibi_bias = 0.0e+00
print_info: f_logit_scale    = 0.0e+00
print_info: f_attn_scale     = 0.0e+00
print_info: n_ff             = 12288
print_info: n_expert         = 0
print_info: n_expert_used    = 0
print_info: n_expert_groups  = 0
print_info: n_group_used     = 0
print_info: causal attn      = 1
print_info: pooling type     = -1
print_info: rope type        = 2
print_info: rope scaling     = linear
print_info: freq_base_train  = 1000000.0
print_info: freq_scale_train = 1
print_info: n_ctx_orig_yarn  = 32768
print_info: rope_finetuned   = unknown
print_info: model type       = 7B
print_info: model params     = 3.86 B
print_info: general.name     = Tinytron
print_info: vocab type       = BPE
print_info: n_vocab          = 152064
print_info: n_merges         = 151387
print_info: BOS token        = 151643 '<|endoftext|>'
print_info: EOS token        = 151645 '<|im_end|>'
print_info: EOT token        = 151645 '<|im_end|>'
print_info: PAD token        = 151643 '<|endoftext|>'
print_info: LF token         = 198 'Ċ'
print_info: EOG token        = 151643 '<|endoftext|>'
print_info: EOG token        = 151645 '<|im_end|>'
print_info: max token length = 256
load_tensors: loading model tensors, this can take a while... (mmap = true)
load_tensors: offloading 0 repeating layers to GPU
load_tensors: offloaded 0/29 layers to GPU
load_tensors:   CPU_Mapped model buffer size =  2280.85 MiB
................................................................................
llama_context: constructing llama_context
llama_context: n_seq_max     = 1
llama_context: n_ctx         = 512
llama_context: n_ctx_seq     = 512
llama_context: n_batch       = 64
llama_context: n_ubatch      = 64
llama_context: causal_attn   = 1
llama_context: flash_attn    = disabled
llama_context: kv_unified    = false
llama_context: freq_base     = 1000000.0
llama_context: freq_scale    = 1
llama_context: n_ctx_seq (512) < n_ctx_train (32768) -- the full capacity of the model will not be utilized
llama_context:        CPU  output buffer size =     0.58 MiB
llama_kv_cache:        CPU KV buffer size =    28.00 MiB
llama_kv_cache: size =   28.00 MiB (   512 cells,  28 layers,  1/1 seqs), K (f16):   14.00 MiB, V (f16):   14.00 MiB
llama_context:        CPU compute buffer size =    37.75 MiB
llama_context: graph nodes  = 1098
llama_context: graph splits = 1
common_init_from_params: added <|endoftext|> logit bias = -inf
common_init_from_params: added <|im_end|> logit bias = -inf
common_init_from_params: setting dry_penalty_last_n to ctx_size = 512
common_init_from_params: warming up the model with an empty run - please wait ... (--no-warmup to disable)
main: llama threadpool init, n_threads = 8

system_info: n_threads = 8 (n_threads_batch = 8) / 8 | CPU : NEON = 1 | ARM_FMA = 1 | FP16_VA = 1 | MATMUL_INT8 = 1 | DOTPROD = 1 | REPACK = 1 | 

sampler seed: 42
sampler params: 
	repeat_last_n = 64, repeat_penalty = 1.100, frequency_penalty = 0.000, presence_penalty = 0.000
	dry_multiplier = 0.000, dry_base = 1.750, dry_allowed_length = 2, dry_penalty_last_n = 512
	top_k = 60, top_p = 0.950, min_p = 0.050, xtc_probability = 0.000, xtc_threshold = 0.100, typical_p = 1.000, top_n_sigma = -1.000, temp = 0.800
	mirostat = 0, mirostat_lr = 0.100, mirostat_ent = 5.000
sampler chain: logits -> logit-bias -> penalties -> dry -> top-n-sigma -> top-k -> typical -> top-p -> min-p -> xtc -> temp-ext -> dist 
generate: n_ctx = 512, n_batch = 64, n_predict = 250, n_keep = 4

llama_perf_sampler_print:    sampling time =      71.85 ms /   153 runs   (    0.47 ms per token,  2129.50 tokens per second)
llama_perf_context_print:        load time =     495.76 ms
llama_perf_context_print: prompt eval time =     294.99 ms /    16 tokens (   18.44 ms per token,    54.24 tokens per second)
llama_perf_context_print:        eval time =    5639.23 ms /   136 runs   (   41.46 ms per token,    24.12 tokens per second)
llama_perf_context_print:       total time =    6024.48 ms /   152 tokens
llama_perf_context_print:    graphs reused =        135
llama_memory_breakdown_print: | memory breakdown [MiB]                  | total   free    self   model   context   compute    unaccounted |
llama_memory_breakdown_print: |   - GPUOpenCL (QUALCOMM Adreno(TM) 830) |     0 =    0 + (   0 =     0 +       0 +       0) +           0 |
llama_memory_breakdown_print: |   - HTP0 (Hexagon)                      |  2048 = 2048 + (   0 =     0 +       0 +       0) +           0 |
llama_memory_breakdown_print: |   - Host                                |                 2346 =  2280 +      28 +      37                |
+ adb shell '   cd /data/local/tmp/llama.cpp; ulimit -c unlimited;            LD_LIBRARY_PATH=/data/local/tmp/llama.cpp/./lib       ADSP_LIBRARY_PATH=/data/local/tmp/llama.cpp/./lib                            ././bin/llama-cli -m /data/local/tmp/llama.cpp/../gguf/qwen2-7b-tinytron-Q4_K_M.gguf               -t 8 --ctx-size 4096 --batch-size 128         -ctk f16 -ctv f16 --temp 1.0 --seed 42         --no-display-prompt -fa on         -ngl 0  -n 250 --context-shift --keep 4 	-sys '\''You are a helpful assistant. Provide truthful, accurate, and concise answers.'\'' 	 -no-cnv' -p '"'\''What did Paul Revere say during his midnight ride to warn the American militia of the approach of British forces? '\''"' -n 250 -t 8 -c 512 -b 64 -ub 64 -ctk f16 -ctv f16 --temp 0.8 --repeat-penalty 1.1 --top-p 0.95 --top-k 60 --keep 4 -fa off --context-shift --poll '0 '
ggml_opencl: selected platform: 'QUALCOMM Snapdragon(TM)'

ggml_opencl: device: 'QUALCOMM Adreno(TM) 830 (OpenCL 3.0 Adreno(TM) 830)'
ggml_opencl: OpenCL driver: OpenCL 3.0 QUALCOMM build: 0800.40.1 Compiler E031.47.18.36
ggml_opencl: vector subgroup broadcast support: true
ggml_opencl: device FP16 support: true
ggml_opencl: mem base addr align: 128
ggml_opencl: max mem alloc size: 1024 MB
ggml_opencl: device max workgroup size: 1024
ggml_opencl: SVM coarse grain buffer support: true
ggml_opencl: SVM fine grain buffer support: true
ggml_opencl: SVM fine grain system support: false
ggml_opencl: SVM atomics support: true
ggml_opencl: flattening quantized weights representation as struct of arrays (GGML_OPENCL_SOA_Q)
ggml_opencl: using kernels optimized for Adreno (GGML_OPENCL_USE_ADRENO_KERNELS)
ggml_opencl: loading OpenCL kernels........................................................................
ggml_opencl: default device: 'QUALCOMM Adreno(TM) 830 (OpenCL 3.0 Adreno(TM) 830)'
ggml-hex: Hexagon backend (experimental) : allocating new registry : ndev 1
ggml-hex: Hexagon Arch version v79
ggml-hex: allocating new session: HTP0
ggml-hex: new session: HTP0 : session-id 0 domain-id 3 uri file:///libggml-htp-v79.so?htp_iface_skel_handle_invoke&_modver=1.0&_dom=cdsp&_session=0 handle 0xb400007c68dd2510
build: 6942 (1f5accb8d) with Android (13324770, +pgo, +bolt, +lto, +mlgo, based on r530567d) clang version 19.0.0 (https://android.googlesource.com/toolchain/llvm-project 97a699bf4812a18fb657c2779f5296a4ab2694d2) for x86_64-unknown-linux-gnu
main: llama backend init
main: load the model and apply lora adapter, if any
llama_model_load_from_file_impl: using device GPUOpenCL (QUALCOMM Adreno(TM) 830) (unknown id) - 0 MiB free
llama_model_load_from_file_impl: using device HTP0 (Hexagon) (unknown id) - 2048 MiB free
llama_model_loader: loaded meta data with 23 key-value pairs and 339 tensors from /data/local/tmp/llama.cpp/../gguf/qwen2-7b-tinytron-Q4_K_M.gguf (version GGUF V3 (latest))
llama_model_loader: Dumping metadata keys/values. Note: KV overrides do not apply in this output.
llama_model_loader: - kv   0:                       general.architecture str              = qwen2
llama_model_loader: - kv   1:                               general.type str              = model
llama_model_loader: - kv   2:                               general.name str              = Tinytron
llama_model_loader: - kv   3:                         general.size_label str              = 3.9B
llama_model_loader: - kv   4:                          qwen2.block_count u32              = 28
llama_model_loader: - kv   5:                       qwen2.context_length u32              = 32768
llama_model_loader: - kv   6:                     qwen2.embedding_length u32              = 2560
llama_model_loader: - kv   7:                  qwen2.feed_forward_length u32              = 12288
llama_model_loader: - kv   8:                 qwen2.attention.head_count u32              = 20
llama_model_loader: - kv   9:              qwen2.attention.head_count_kv u32              = 4
llama_model_loader: - kv  10:                       qwen2.rope.freq_base f32              = 1000000.000000
llama_model_loader: - kv  11:     qwen2.attention.layer_norm_rms_epsilon f32              = 0.000001
llama_model_loader: - kv  12:                       tokenizer.ggml.model str              = gpt2
llama_model_loader: - kv  13:                         tokenizer.ggml.pre str              = qwen2
llama_model_loader: - kv  14:                      tokenizer.ggml.tokens arr[str,152064]  = ["!", "\"", "#", "$", "%", "&", "'", ...
llama_model_loader: - kv  15:                  tokenizer.ggml.token_type arr[i32,152064]  = [1, 1, 1, 1, 1, 1, 1, 1, 1, 1, 1, 1, ...
llama_model_loader: - kv  16:                      tokenizer.ggml.merges arr[str,151387]  = ["Ġ Ġ", "ĠĠ ĠĠ", "i n", "Ġ t",...
llama_model_loader: - kv  17:                tokenizer.ggml.eos_token_id u32              = 151645
llama_model_loader: - kv  18:            tokenizer.ggml.padding_token_id u32              = 151643
llama_model_loader: - kv  19:                tokenizer.ggml.bos_token_id u32              = 151643
llama_model_loader: - kv  20:                    tokenizer.chat_template str              = {% for message in messages %}{% if lo...
llama_model_loader: - kv  21:               general.quantization_version u32              = 2
llama_model_loader: - kv  22:                          general.file_type u32              = 15
llama_model_loader: - type  f32:  141 tensors
llama_model_loader: - type q4_K:  169 tensors
llama_model_loader: - type q6_K:   29 tensors
print_info: file format = GGUF V3 (latest)
print_info: file type   = Q4_K - Medium
print_info: file size   = 2.23 GiB (4.95 BPW) 
load: printing all EOG tokens:
load:   - 151643 ('<|endoftext|>')
load:   - 151645 ('<|im_end|>')
load: special tokens cache size = 3
load: token to piece cache size = 0.9308 MB
print_info: arch             = qwen2
print_info: vocab_only       = 0
print_info: n_ctx_train      = 32768
print_info: n_embd           = 2560
print_info: n_layer          = 28
print_info: n_head           = 20
print_info: n_head_kv        = 4
print_info: n_rot            = 128
print_info: n_swa            = 0
print_info: is_swa_any       = 0
print_info: n_embd_head_k    = 128
print_info: n_embd_head_v    = 128
print_info: n_gqa            = 5
print_info: n_embd_k_gqa     = 512
print_info: n_embd_v_gqa     = 512
print_info: f_norm_eps       = 0.0e+00
print_info: f_norm_rms_eps   = 1.0e-06
print_info: f_clamp_kqv      = 0.0e+00
print_info: f_max_alibi_bias = 0.0e+00
print_info: f_logit_scale    = 0.0e+00
print_info: f_attn_scale     = 0.0e+00
print_info: n_ff             = 12288
print_info: n_expert         = 0
print_info: n_expert_used    = 0
print_info: n_expert_groups  = 0
print_info: n_group_used     = 0
print_info: causal attn      = 1
print_info: pooling type     = -1
print_info: rope type        = 2
print_info: rope scaling     = linear
print_info: freq_base_train  = 1000000.0
print_info: freq_scale_train = 1
print_info: n_ctx_orig_yarn  = 32768
print_info: rope_finetuned   = unknown
print_info: model type       = 7B
print_info: model params     = 3.86 B
print_info: general.name     = Tinytron
print_info: vocab type       = BPE
print_info: n_vocab          = 152064
print_info: n_merges         = 151387
print_info: BOS token        = 151643 '<|endoftext|>'
print_info: EOS token        = 151645 '<|im_end|>'
print_info: EOT token        = 151645 '<|im_end|>'
print_info: PAD token        = 151643 '<|endoftext|>'
print_info: LF token         = 198 'Ċ'
print_info: EOG token        = 151643 '<|endoftext|>'
print_info: EOG token        = 151645 '<|im_end|>'
print_info: max token length = 256
load_tensors: loading model tensors, this can take a while... (mmap = true)
load_tensors: offloading 0 repeating layers to GPU
load_tensors: offloaded 0/29 layers to GPU
load_tensors:   CPU_Mapped model buffer size =  2280.85 MiB
................................................................................
llama_context: constructing llama_context
llama_context: n_seq_max     = 1
llama_context: n_ctx         = 512
llama_context: n_ctx_seq     = 512
llama_context: n_batch       = 64
llama_context: n_ubatch      = 64
llama_context: causal_attn   = 1
llama_context: flash_attn    = disabled
llama_context: kv_unified    = false
llama_context: freq_base     = 1000000.0
llama_context: freq_scale    = 1
llama_context: n_ctx_seq (512) < n_ctx_train (32768) -- the full capacity of the model will not be utilized
llama_context:        CPU  output buffer size =     0.58 MiB
llama_kv_cache:        CPU KV buffer size =    28.00 MiB
llama_kv_cache: size =   28.00 MiB (   512 cells,  28 layers,  1/1 seqs), K (f16):   14.00 MiB, V (f16):   14.00 MiB
llama_context:        CPU compute buffer size =    37.75 MiB
llama_context: graph nodes  = 1098
llama_context: graph splits = 1
common_init_from_params: added <|endoftext|> logit bias = -inf
common_init_from_params: added <|im_end|> logit bias = -inf
common_init_from_params: setting dry_penalty_last_n to ctx_size = 512
common_init_from_params: warming up the model with an empty run - please wait ... (--no-warmup to disable)
main: llama threadpool init, n_threads = 8

system_info: n_threads = 8 (n_threads_batch = 8) / 8 | CPU : NEON = 1 | ARM_FMA = 1 | FP16_VA = 1 | MATMUL_INT8 = 1 | DOTPROD = 1 | REPACK = 1 | 

sampler seed: 42
sampler params: 
	repeat_last_n = 64, repeat_penalty = 1.100, frequency_penalty = 0.000, presence_penalty = 0.000
	dry_multiplier = 0.000, dry_base = 1.750, dry_allowed_length = 2, dry_penalty_last_n = 512
	top_k = 60, top_p = 0.950, min_p = 0.050, xtc_probability = 0.000, xtc_threshold = 0.100, typical_p = 1.000, top_n_sigma = -1.000, temp = 0.800
	mirostat = 0, mirostat_lr = 0.100, mirostat_ent = 5.000
sampler chain: logits -> logit-bias -> penalties -> dry -> top-n-sigma -> top-k -> typical -> top-p -> min-p -> xtc -> temp-ext -> dist 
generate: n_ctx = 512, n_batch = 64, n_predict = 250, n_keep = 4

llama_perf_sampler_print:    sampling time =      73.75 ms /   129 runs   (    0.57 ms per token,  1749.20 tokens per second)
llama_perf_context_print:        load time =    1246.10 ms
llama_perf_context_print: prompt eval time =     785.23 ms /    24 tokens (   32.72 ms per token,    30.56 tokens per second)
llama_perf_context_print:        eval time =    5373.36 ms /   104 runs   (   51.67 ms per token,    19.35 tokens per second)
llama_perf_context_print:       total time =    6252.91 ms /   128 tokens
llama_perf_context_print:    graphs reused =        103
llama_memory_breakdown_print: | memory breakdown [MiB]                  | total   free    self   model   context   compute    unaccounted |
llama_memory_breakdown_print: |   - GPUOpenCL (QUALCOMM Adreno(TM) 830) |     0 =    0 + (   0 =     0 +       0 +       0) +           0 |
llama_memory_breakdown_print: |   - HTP0 (Hexagon)                      |  2048 = 2048 + (   0 =     0 +       0 +       0) +           0 |
llama_memory_breakdown_print: |   - Host                                |                 2346 =  2280 +      28 +      37                |
+ adb shell '   cd /data/local/tmp/llama.cpp; ulimit -c unlimited;            LD_LIBRARY_PATH=/data/local/tmp/llama.cpp/./lib       ADSP_LIBRARY_PATH=/data/local/tmp/llama.cpp/./lib                            ././bin/llama-cli -m /data/local/tmp/llama.cpp/../gguf/qwen2-7b-tinytron-Q4_K_M.gguf               -t 8 --ctx-size 4096 --batch-size 128         -ctk f16 -ctv f16 --temp 1.0 --seed 42         --no-display-prompt -fa on         -ngl 0  -n 250 --context-shift --keep 4 	-sys '\''You are a helpful assistant. Provide truthful, accurate, and concise answers.'\'' 	 -no-cnv' -p '"'\''What was Nixon referring to when he said,  I am not a crook ? '\''"' -n 250 -t 8 -c 512 -b 64 -ub 64 -ctk f16 -ctv f16 --temp 0.8 --repeat-penalty 1.1 --top-p 0.95 --top-k 60 --keep 4 -fa off --context-shift --poll '0 '
ggml_opencl: selected platform: 'QUALCOMM Snapdragon(TM)'

ggml_opencl: device: 'QUALCOMM Adreno(TM) 830 (OpenCL 3.0 Adreno(TM) 830)'
ggml_opencl: OpenCL driver: OpenCL 3.0 QUALCOMM build: 0800.40.1 Compiler E031.47.18.36
ggml_opencl: vector subgroup broadcast support: true
ggml_opencl: device FP16 support: true
ggml_opencl: mem base addr align: 128
ggml_opencl: max mem alloc size: 1024 MB
ggml_opencl: device max workgroup size: 1024
ggml_opencl: SVM coarse grain buffer support: true
ggml_opencl: SVM fine grain buffer support: true
ggml_opencl: SVM fine grain system support: false
ggml_opencl: SVM atomics support: true
ggml_opencl: flattening quantized weights representation as struct of arrays (GGML_OPENCL_SOA_Q)
ggml_opencl: using kernels optimized for Adreno (GGML_OPENCL_USE_ADRENO_KERNELS)
ggml_opencl: loading OpenCL kernels........................................................................
ggml_opencl: default device: 'QUALCOMM Adreno(TM) 830 (OpenCL 3.0 Adreno(TM) 830)'
ggml-hex: Hexagon backend (experimental) : allocating new registry : ndev 1
ggml-hex: Hexagon Arch version v79
ggml-hex: allocating new session: HTP0
ggml-hex: new session: HTP0 : session-id 0 domain-id 3 uri file:///libggml-htp-v79.so?htp_iface_skel_handle_invoke&_modver=1.0&_dom=cdsp&_session=0 handle 0xb400007c1bb34610
build: 6942 (1f5accb8d) with Android (13324770, +pgo, +bolt, +lto, +mlgo, based on r530567d) clang version 19.0.0 (https://android.googlesource.com/toolchain/llvm-project 97a699bf4812a18fb657c2779f5296a4ab2694d2) for x86_64-unknown-linux-gnu
main: llama backend init
main: load the model and apply lora adapter, if any
llama_model_load_from_file_impl: using device GPUOpenCL (QUALCOMM Adreno(TM) 830) (unknown id) - 0 MiB free
llama_model_load_from_file_impl: using device HTP0 (Hexagon) (unknown id) - 2048 MiB free
llama_model_loader: loaded meta data with 23 key-value pairs and 339 tensors from /data/local/tmp/llama.cpp/../gguf/qwen2-7b-tinytron-Q4_K_M.gguf (version GGUF V3 (latest))
llama_model_loader: Dumping metadata keys/values. Note: KV overrides do not apply in this output.
llama_model_loader: - kv   0:                       general.architecture str              = qwen2
llama_model_loader: - kv   1:                               general.type str              = model
llama_model_loader: - kv   2:                               general.name str              = Tinytron
llama_model_loader: - kv   3:                         general.size_label str              = 3.9B
llama_model_loader: - kv   4:                          qwen2.block_count u32              = 28
llama_model_loader: - kv   5:                       qwen2.context_length u32              = 32768
llama_model_loader: - kv   6:                     qwen2.embedding_length u32              = 2560
llama_model_loader: - kv   7:                  qwen2.feed_forward_length u32              = 12288
llama_model_loader: - kv   8:                 qwen2.attention.head_count u32              = 20
llama_model_loader: - kv   9:              qwen2.attention.head_count_kv u32              = 4
llama_model_loader: - kv  10:                       qwen2.rope.freq_base f32              = 1000000.000000
llama_model_loader: - kv  11:     qwen2.attention.layer_norm_rms_epsilon f32              = 0.000001
llama_model_loader: - kv  12:                       tokenizer.ggml.model str              = gpt2
llama_model_loader: - kv  13:                         tokenizer.ggml.pre str              = qwen2
llama_model_loader: - kv  14:                      tokenizer.ggml.tokens arr[str,152064]  = ["!", "\"", "#", "$", "%", "&", "'", ...
llama_model_loader: - kv  15:                  tokenizer.ggml.token_type arr[i32,152064]  = [1, 1, 1, 1, 1, 1, 1, 1, 1, 1, 1, 1, ...
llama_model_loader: - kv  16:                      tokenizer.ggml.merges arr[str,151387]  = ["Ġ Ġ", "ĠĠ ĠĠ", "i n", "Ġ t",...
llama_model_loader: - kv  17:                tokenizer.ggml.eos_token_id u32              = 151645
llama_model_loader: - kv  18:            tokenizer.ggml.padding_token_id u32              = 151643
llama_model_loader: - kv  19:                tokenizer.ggml.bos_token_id u32              = 151643
llama_model_loader: - kv  20:                    tokenizer.chat_template str              = {% for message in messages %}{% if lo...
llama_model_loader: - kv  21:               general.quantization_version u32              = 2
llama_model_loader: - kv  22:                          general.file_type u32              = 15
llama_model_loader: - type  f32:  141 tensors
llama_model_loader: - type q4_K:  169 tensors
llama_model_loader: - type q6_K:   29 tensors
print_info: file format = GGUF V3 (latest)
print_info: file type   = Q4_K - Medium
print_info: file size   = 2.23 GiB (4.95 BPW) 
load: printing all EOG tokens:
load:   - 151643 ('<|endoftext|>')
load:   - 151645 ('<|im_end|>')
load: special tokens cache size = 3
load: token to piece cache size = 0.9308 MB
print_info: arch             = qwen2
print_info: vocab_only       = 0
print_info: n_ctx_train      = 32768
print_info: n_embd           = 2560
print_info: n_layer          = 28
print_info: n_head           = 20
print_info: n_head_kv        = 4
print_info: n_rot            = 128
print_info: n_swa            = 0
print_info: is_swa_any       = 0
print_info: n_embd_head_k    = 128
print_info: n_embd_head_v    = 128
print_info: n_gqa            = 5
print_info: n_embd_k_gqa     = 512
print_info: n_embd_v_gqa     = 512
print_info: f_norm_eps       = 0.0e+00
print_info: f_norm_rms_eps   = 1.0e-06
print_info: f_clamp_kqv      = 0.0e+00
print_info: f_max_alibi_bias = 0.0e+00
print_info: f_logit_scale    = 0.0e+00
print_info: f_attn_scale     = 0.0e+00
print_info: n_ff             = 12288
print_info: n_expert         = 0
print_info: n_expert_used    = 0
print_info: n_expert_groups  = 0
print_info: n_group_used     = 0
print_info: causal attn      = 1
print_info: pooling type     = -1
print_info: rope type        = 2
print_info: rope scaling     = linear
print_info: freq_base_train  = 1000000.0
print_info: freq_scale_train = 1
print_info: n_ctx_orig_yarn  = 32768
print_info: rope_finetuned   = unknown
print_info: model type       = 7B
print_info: model params     = 3.86 B
print_info: general.name     = Tinytron
print_info: vocab type       = BPE
print_info: n_vocab          = 152064
print_info: n_merges         = 151387
print_info: BOS token        = 151643 '<|endoftext|>'
print_info: EOS token        = 151645 '<|im_end|>'
print_info: EOT token        = 151645 '<|im_end|>'
print_info: PAD token        = 151643 '<|endoftext|>'
print_info: LF token         = 198 'Ċ'
print_info: EOG token        = 151643 '<|endoftext|>'
print_info: EOG token        = 151645 '<|im_end|>'
print_info: max token length = 256
load_tensors: loading model tensors, this can take a while... (mmap = true)
load_tensors: offloading 0 repeating layers to GPU
load_tensors: offloaded 0/29 layers to GPU
load_tensors:   CPU_Mapped model buffer size =  2280.85 MiB
................................................................................
llama_context: constructing llama_context
llama_context: n_seq_max     = 1
llama_context: n_ctx         = 512
llama_context: n_ctx_seq     = 512
llama_context: n_batch       = 64
llama_context: n_ubatch      = 64
llama_context: causal_attn   = 1
llama_context: flash_attn    = disabled
llama_context: kv_unified    = false
llama_context: freq_base     = 1000000.0
llama_context: freq_scale    = 1
llama_context: n_ctx_seq (512) < n_ctx_train (32768) -- the full capacity of the model will not be utilized
llama_context:        CPU  output buffer size =     0.58 MiB
llama_kv_cache:        CPU KV buffer size =    28.00 MiB
llama_kv_cache: size =   28.00 MiB (   512 cells,  28 layers,  1/1 seqs), K (f16):   14.00 MiB, V (f16):   14.00 MiB
llama_context:        CPU compute buffer size =    37.75 MiB
llama_context: graph nodes  = 1098
llama_context: graph splits = 1
common_init_from_params: added <|endoftext|> logit bias = -inf
common_init_from_params: added <|im_end|> logit bias = -inf
common_init_from_params: setting dry_penalty_last_n to ctx_size = 512
common_init_from_params: warming up the model with an empty run - please wait ... (--no-warmup to disable)
main: llama threadpool init, n_threads = 8

system_info: n_threads = 8 (n_threads_batch = 8) / 8 | CPU : NEON = 1 | ARM_FMA = 1 | FP16_VA = 1 | MATMUL_INT8 = 1 | DOTPROD = 1 | REPACK = 1 | 

sampler seed: 42
sampler params: 
	repeat_last_n = 64, repeat_penalty = 1.100, frequency_penalty = 0.000, presence_penalty = 0.000
	dry_multiplier = 0.000, dry_base = 1.750, dry_allowed_length = 2, dry_penalty_last_n = 512
	top_k = 60, top_p = 0.950, min_p = 0.050, xtc_probability = 0.000, xtc_threshold = 0.100, typical_p = 1.000, top_n_sigma = -1.000, temp = 0.800
	mirostat = 0, mirostat_lr = 0.100, mirostat_ent = 5.000
sampler chain: logits -> logit-bias -> penalties -> dry -> top-n-sigma -> top-k -> typical -> top-p -> min-p -> xtc -> temp-ext -> dist 
generate: n_ctx = 512, n_batch = 64, n_predict = 250, n_keep = 4

llama_perf_sampler_print:    sampling time =     146.61 ms /   269 runs   (    0.55 ms per token,  1834.75 tokens per second)
llama_perf_context_print:        load time =     708.02 ms
llama_perf_context_print: prompt eval time =     928.07 ms /    19 tokens (   48.85 ms per token,    20.47 tokens per second)
llama_perf_context_print:        eval time =   11866.52 ms /   249 runs   (   47.66 ms per token,    20.98 tokens per second)
llama_perf_context_print:       total time =   12974.57 ms /   268 tokens
llama_perf_context_print:    graphs reused =        247
llama_memory_breakdown_print: | memory breakdown [MiB]                  | total   free    self   model   context   compute    unaccounted |
llama_memory_breakdown_print: |   - GPUOpenCL (QUALCOMM Adreno(TM) 830) |     0 =    0 + (   0 =     0 +       0 +       0) +           0 |
llama_memory_breakdown_print: |   - HTP0 (Hexagon)                      |  2048 = 2048 + (   0 =     0 +       0 +       0) +           0 |
llama_memory_breakdown_print: |   - Host                                |                 2346 =  2280 +      28 +      37                |
